session,start,label,n_fix,fix_dur_mean,fix_dur_median,fix_dur_max,fix_time_frac,dispersion_mean,regr_rate,regr_left_rate,regr_up_rate,sacc_amp_mean,sacc_amp_median,gap_mean,reread_rate
s01,1752248544.181075,0,10,0.5124635934829712,0.401187539100647,1.1918578147888184,0.5124635934829712,1.994829438155854,0.0,0.0,0.0,108.46271317400426,47.01063709417264,0.5364422268337674,0.9
s01,1752248545.181075,0,9,0.4369753466712104,0.39739990234375,0.578606128692627,0.39327781200408934,0.8575022460141886,0.0,0.0,0.0,118.64323829922822,51.00986362603645,0.6034975051879883,0.8888888888888888
s01,1752248546.181075,0,8,0.4627152681350708,0.39545345306396484,0.8774271011352539,0.37017221450805665,2.450127547700326,0.0,0.0,0.0,256.4671546538492,55.00909015790027,0.7431631428854806,0.75
s01,1752248547.181075,0,7,0.475773743220738,0.39739990234375,0.8774271011352539,0.3330416202545166,2.800145768800373,0.0,0.0,0.0,293.54256331225906,110.0287839424501,0.8670236666997274,0.7142857142857143
s01,1752248548.181075,0,6,0.4921658436457316,0.401187539100647,0.8774271011352539,0.29529950618743894,3.2668367302671015,0.0,0.0,0.0,319.2413804293109,55.00909015790027,0.7910953998565674,0.6666666666666666
s01,1752248549.181075,0,6,0.5047256549199423,0.43059253692626953,0.8774271011352539,0.3028353929519653,3.2668367302671015,0.0,0.0,0.0,305.01901184268274,55.00909015790027,0.6123075962066651,0.6666666666666666
s01,1752248550.181075,0,7,0.4906577042170933,0.40625,0.8774271011352539,0.34346039295196534,2.800145768800373,0.0,0.0,0.0,280.26890479039344,105.76372984342362,0.6440375248591105,0.5714285714285714
s01,1752248551.181075,0,7,0.4906577042170933,0.40625,0.8774271011352539,0.34346039295196534,2.800145768800373,0.0,0.0,0.0,280.26890479039344,105.76372984342362,0.6440375248591105,0.5714285714285714
s01,1752248552.181075,0,8,0.4766078591346741,0.405612587928772,0.8774271011352539,0.3812862873077393,2.450127547700326,0.14285714285714285,0.0,0.14285714285714285,299.0029670663463,156.51836952894698,0.8515218666621617,0.625
s01,1752248553.181075,0,5,0.5023305892944336,0.40625,0.8774271011352539,0.2511652946472168,3.920204076320522,0.25,0.0,0.25,487.9204589274191,427.217778263892,1.4282417297363281,0.4
s01,1752248554.181075,0,5,0.6525338172912598,0.4562098979949951,1.1445231437683103,0.3262669086456299,10.133093903124148,0.25,0.0,0.25,499.4837955527679,427.217778263892,1.3809854984283447,0.6
s01,1752248555.181075,0,5,0.5561203956604004,0.40625,1.1445231437683103,0.2780601978302002,6.212889826803627,0.25,0.0,0.25,442.49766776036904,313.2455226790944,1.1131190061569214,0.6
s01,1752248556.181075,0,5,0.5561203956604004,0.40625,1.1445231437683103,0.2780601978302002,6.212889826803627,0.25,0.0,0.25,442.49766776036904,313.2455226790944,1.1131190061569214,0.6
s01,1752248557.181075,0,5,0.5561203956604004,0.40625,1.1445231437683103,0.2780601978302002,6.212889826803627,0.25,0.0,0.25,442.49766776036904,313.2455226790944,1.1131190061569214,0.6
s01,1752248558.181075,0,4,0.5810980200767516,0.4008049964904785,1.1445231437683103,0.23243920803070064,7.766112283504533,0.3333333333333333,0.0,0.3333333333333333,537.8241005041765,411.40734072206345,1.216596285502116,0.5
s01,1752248559.181075,0,5,0.535951805114746,0.3895618915557861,1.1445231437683103,0.267975902557373,6.212889826803627,0.0,0.0,0.0,462.8263084342977,404.5485862484569,1.178457498550415,0.6
s01,1752248560.181075,0,6,0.5265210072199503,0.3924609422683715,1.1445231437683103,0.31591260433197016,5.177408189003022,0.0,0.0,0.0,376.664170984871,215.08370463612533,0.9427659988403321,0.6666666666666666
s01,1752248561.181075,0,6,0.5265210072199503,0.3924609422683715,1.1445231437683103,0.31591260433197016,5.177408189003022,0.0,0.0,0.0,376.664170984871,215.08370463612533,0.9427659988403321,0.6666666666666666
s01,1752248562.181075,0,6,0.5444170236587524,0.43736350536346436,1.1445231437683103,0.3266502141952515,5.177408189003022,0.2,0.2,0.0,280.4696983944991,215.08370463612533,1.2065948009490968,0.8333333333333334
s01,1752248563.181075,0,7,0.43311899048941477,0.395359992980957,0.5346620082855225,0.3031832933425903,0.0,0.16666666666666666,0.16666666666666666,0.0,225.40994501737825,97.70084792372091,0.9037220080693563,0.8571428571428571
s01,1752248564.181075,0,8,0.44993749260902405,0.43736350536346436,0.5676670074462891,0.3599499940872192,1.4429245475768995,0.14285714285714285,0.14285714285714285,0.0,197.10776546174026,55.22680508593631,0.7746188640594482,0.875
s01,1752248565.181075,0,8,0.4856042265892029,0.4825010299682617,0.6806938648223877,0.3884833812713623,3.3253173805896523,0.2857142857142857,0.2857142857142857,0.0,121.40939550555983,55.22680508593631,0.38039687701634,0.875
s01,1752248566.181075,0,9,0.4745536380343967,0.4793670177459717,0.6806938648223877,0.42709827423095703,2.9558376716352464,0.25,0.25,0.0,116.22149544285135,59.67584162673096,0.4355277717113495,0.8888888888888888
s01,1752248567.181075,1,10,0.4683980941772461,0.44618260860443115,0.6806938648223877,0.4683980941772461,2.660253904471722,0.2222222222222222,0.2222222222222222,0.0,109.25114222489735,55.22680508593631,0.42586612701416016,0.9
s01,1752248568.181075,1,10,0.4677979230880737,0.44618260860443115,0.6806938648223877,0.4677979230880737,2.660253904471722,0.2222222222222222,0.2222222222222222,0.0,117.82352454279145,64.1248781675256,0.45568076769510907,0.9
s01,1752248569.181075,1,10,0.48084220886230467,0.4851235151290893,0.6806938648223877,0.48084220886230467,2.7309645825903766,0.1111111111111111,0.1111111111111111,0.0,70.63317645855744,64.1248781675256,0.3138316472371419,0.9
s01,1752248580.181075,0,7,0.5158794948032924,0.4829790592193603,0.746345043182373,0.3611156463623047,3.042734382810776,0.0,0.0,0.0,106.05147309953337,101.28637094866383,0.9218846162160238,0.42857142857142855
s01,1752248581.181075,0,8,0.467712938785553,0.4737780094146728,0.6145901679992676,0.37417035102844237,0.8442669020470104,0.0,0.0,0.0,104.05014187435054,101.55294185792944,0.7218199457441058,0.625
s01,1752248582.181075,0,7,0.4786619118281773,0.4829790592193603,0.6145901679992676,0.3350633382797241,0.9648764594822976,0.0,0.0,0.0,104.4663418770874,108.61540750392989,0.5252195994059244,0.7142857142857143
s01,1752248583.181075,0,8,0.484294056892395,0.4916210174560547,0.6145901679992676,0.387435245513916,1.101961003648114,0.0,0.0,0.0,131.1338847506861,116.21101496846155,0.7138189247676304,0.75
s01,1752248584.181075,0,8,0.484294056892395,0.4916210174560547,0.6145901679992676,0.387435245513916,1.101961003648114,0.0,0.0,0.0,131.1338847506861,116.21101496846155,0.7138189247676304,0.75
s01,1752248585.181075,0,8,0.5179851651191711,0.5038779973983765,0.7341058254241943,0.4143881320953369,1.698536881284631,0.0,0.0,0.0,243.9315796754028,116.21101496846155,0.5344868046896798,0.75
s01,1752248586.181075,0,9,0.5225511656867133,0.5074930191040039,0.7341058254241943,0.470296049118042,2.1600716672929843,0.0,0.0,0.0,215.97118930739202,108.61540750392989,0.5490464568138123,0.7777777777777778
s01,1752248587.181075,0,8,0.5274976789951324,0.5156060457229614,0.7341058254241943,0.42199814319610596,2.4300806257046075,0.0,0.0,0.0,228.67629804711638,101.01980003939822,0.5565366744995117,0.75
s01,1752248588.181075,0,8,0.522781640291214,0.5156060457229614,0.7341058254241943,0.4182253122329712,2.4300806257046075,0.0,0.0,0.0,243.8332299943897,116.21101496846155,0.6444442612784249,0.75
s01,1752248589.181075,0,6,0.5112333297729492,0.5156060457229614,0.7341058254241943,0.30673999786376954,2.458010433678268,0.0,0.0,0.0,312.3105422569538,207.1183236703117,0.8522501945495605,0.6666666666666666
s01,1752248590.181075,0,5,0.5396001815795899,0.523719072341919,0.7341058254241943,0.26980009078979494,2.949612520413922,0.0,0.0,0.0,383.2774464945283,249.128732831295,1.0653127431869507,0.6
s01,1752248591.181075,0,4,0.5476269721984863,0.5413991212844849,0.7341058254241943,0.21905078887939453,3.1716274473151946,0.0,0.0,0.0,413.990214661945,207.1183236703117,0.8052786986033121,0.5
s01,1752248592.181075,0,4,0.5476269721984863,0.5413991212844849,0.7341058254241943,0.21905078887939453,3.1716274473151946,0.0,0.0,0.0,413.990214661945,207.1183236703117,0.8052786986033121,0.5
s01,1752248593.181075,0,3,0.5555962721506754,0.5590791702270508,0.7341058254241943,0.16667888164520264,3.5416523254839825,0.0,0.0,0.0,113.68339020081415,113.68339020081415,0.9512850046157836,0.6666666666666666
s01,1752248594.181075,0,3,0.47433169682820636,0.4903120994567871,0.5590791702270508,0.14229950904846192,1.950783318453271,0.0,0.0,0.0,507.5703002954711,507.5703002954711,3.637266993522644,0.6666666666666666
s01,1752248595.181075,0,3,0.5683682759602865,0.4903120994567871,0.841188907623291,0.17051048278808595,2.834558558615825,0.0,0.0,0.0,418.5455803140639,418.5455803140639,3.01146399974823,0.6666666666666666
s01,1752248596.181075,0,4,0.6369186639785767,0.6657505035400391,0.8425698280334473,0.25476746559143065,8.378730786433973,0.0,0.0,0.0,631.2703618930756,808.0222769206305,2.1780563990275064,0.5
s01,1752248597.181075,0,3,0.7246902783711752,0.841188907623291,0.8425698280334473,0.21740708351135254,11.17164104857863,0.0,0.0,0.0,542.8944043792981,542.8944043792981,0.2556205987930298,0.3333333333333333
s01,1752248598.181075,0,4,0.6377012133598328,0.6657505035400391,0.8425698280334473,0.2550804853439331,8.378730786433973,0.0,0.0,0.0,412.26293625286536,151.0,0.739901065826416,0.5
s01,1752248599.181075,0,4,0.6377012133598328,0.6657505035400391,0.8425698280334473,0.2550804853439331,8.378730786433973,0.0,0.0,0.0,412.26293625286536,151.0,0.739901065826416,0.5
s01,1752248600.181075,0,6,0.6250583330790201,0.6087521314620972,0.8425698280334473,0.3750349998474121,7.1413760798448775,0.0,0.0,0.0,270.0873001040893,58.42088667591412,0.6400504112243652,0.6666666666666666
s01,1752248601.181075,0,7,0.5987857069287982,0.4903120994567871,0.8425698280334473,0.4191499948501587,6.121179497009895,0.0,0.0,0.0,242.0760177465502,80.22024631738446,0.5847201744715372,0.7142857142857143
s01,1752248602.181075,0,7,0.5987857069287982,0.4903120994567871,0.8425698280334473,0.4191499948501587,6.121179497009895,0.0,0.0,0.0,242.0760177465502,80.22024631738446,0.5847201744715372,0.7142857142857143
s01,1752248603.181075,0,7,0.5987857069287982,0.4903120994567871,0.8425698280334473,0.4191499948501587,6.121179497009895,0.0,0.0,0.0,242.0760177465502,80.22024631738446,0.5847201744715372,0.7142857142857143
s01,1752248604.181075,0,5,0.5719997882843018,0.4723529815673828,0.8425698280334473,0.2859998941421509,6.868916160644358,0.0,0.0,0.0,91.6668244301763,80.22024631738446,0.749269962310791,0.8
s01,1752248605.181075,0,6,0.5162165562311808,0.4822070598602295,0.7271921634674072,0.3097299337387085,2.0269600763465934,0.2,0.0,0.2,175.8008500787827,58.42088667591412,0.8463887691497802,0.6666666666666666
s01,1752248606.181075,0,7,0.5324875967843192,0.4920611381530761,0.7271921634674072,0.3727413177490234,3.111350355559319,0.16666666666666666,0.0,0.16666666666666666,316.5069991322666,80.22024631738446,0.7879978020985922,0.7142857142857143
s01,1752248607.181075,0,7,0.5324875967843192,0.4920611381530761,0.7271921634674072,0.3727413177490234,3.111350355559319,0.16666666666666666,0.0,0.16666666666666666,316.5069991322666,80.22024631738446,0.7879978020985922,0.7142857142857143
s01,1752248608.181075,0,6,0.5584465265274048,0.5399351119995117,0.7271921634674072,0.33506791591644286,3.629908748152539,0.2,0.0,0.2,368.12422162353715,102.0196059588548,0.822305965423584,0.6666666666666666
s01,1752248609.181075,0,5,0.5246973991394043,0.4920611381530761,0.6301138401031494,0.26234869956970214,2.489223831116372,0.25,0.0,0.25,446.3485757579374,365.67827931603154,0.9368594884872437,0.6
s01,1752248610.181075,0,4,0.5377835035324097,0.5399351119995117,0.6301138401031494,0.21511340141296387,3.1115297888954654,0.3333333333333333,0.0,0.3333333333333333,561.1248990242983,629.3369526732083,1.1464563210805256,0.5
s01,1752248611.181075,0,3,0.5699946880340576,0.5878090858459473,0.6301138401031494,0.1709984064102173,4.148706385193954,0.5,0.0,0.5,527.0188721998431,527.0188721998431,0.24802148342132566,0.3333333333333333
s01,1752248612.181075,0,4,0.5568607449531555,0.5526340007781982,0.6301138401031494,0.22274429798126222,4.179530257060157,0.3333333333333333,0.0,0.3333333333333333,735.5163052373795,1020.0377443996864,1.8942633469899495,0.25
s01,1752248613.181075,0,5,0.5471034049987793,0.5174589157104492,0.6301138401031494,0.27355170249938965,3.853526157007404,0.5,0.0,0.5,559.9476139973319,527.0188721998431,1.4206975102424622,0.4
s01,1752248614.181075,0,6,0.618405818939209,0.5526340007781982,0.972054958343506,0.3710434913635254,6.499574703357148,0.4,0.2,0.2,678.77553289432,1020.0377443996864,1.2122176170349122,0.3333333333333333
s01,1752248615.181075,0,6,0.5849062999089559,0.5127664804458618,0.972054958343506,0.3509437799453735,6.381723573159388,0.4,0.2,0.2,480.0291625895691,48.08326112068523,1.1130090236663819,0.5
s01,1752248616.181075,0,5,0.5758647918701172,0.5080740451812744,0.972054958343506,0.2879323959350586,5.734529881624132,0.5,0.25,0.25,311.90866040884833,40.662400698937276,0.09457451105117798,0.6
s01,1752248617.181075,0,5,0.5758647918701172,0.5080740451812744,0.972054958343506,0.2879323959350586,5.734529881624132,0.5,0.25,0.25,311.90866040884833,40.662400698937276,0.09457451105117798,0.6
s01,1752248618.181075,0,5,0.5758647918701172,0.5080740451812744,0.972054958343506,0.2879323959350586,5.734529881624132,0.5,0.25,0.25,311.90866040884833,40.662400698937276,0.09457451105117798,0.6
s01,1752248619.181075,0,5,0.5758647918701172,0.5080740451812744,0.972054958343506,0.2879323959350586,5.734529881624132,0.5,0.25,0.25,311.90866040884833,40.662400698937276,0.09457451105117798,0.6
s01,1752248620.181075,0,5,0.5758647918701172,0.5080740451812744,0.972054958343506,0.2879323959350586,5.734529881624132,0.5,0.25,0.25,311.90866040884833,40.662400698937276,0.09457451105117798,0.6
s01,1752248621.181075,0,6,0.6517424980799357,0.5127664804458618,1.0311310291290283,0.3910454988479614,8.558186312841213,0.4,0.2,0.2,268.1945473504035,48.08326112068523,1.1721434116363525,0.5
s01,1752248622.181075,0,4,0.7212305068969727,0.7334895133972168,1.0311310291290283,0.28849220275878906,11.13190156189803,0.0,0.0,0.0,55.90908303774711,48.08326112068523,1.8274730046590169,0.5
s01,1752248623.181075,0,3,0.6376223564147949,0.4949240684509277,1.0311310291290283,0.19128670692443847,7.558822822975537,0.0,0.0,0.0,59.82199399627804,59.82199399627804,2.7412095069885254,0.3333333333333333
s01,1752248628.181075,0,2,0.7547265291213989,0.7547265291213989,1.0311310291290283,0.15094530582427979,11.338234234463306,0.0,0.0,0.0,234.96808293893875,234.96808293893875,6.68416690826416,0.0
s01,1752248629.181075,0,3,0.6645414034525553,0.4841711521148681,1.0311310291290283,0.1993624210357666,7.558822822975537,0.0,0.0,0.0,170.49347459226365,170.49347459226365,3.597477436065674,0.3333333333333333
s01,1752248630.181075,0,2,0.4812465906143188,0.4812465906143188,0.4841711521148681,0.09624931812286376,0.0,0.0,0.0,0.0,106.01886624558855,106.01886624558855,0.5107879638671875,0.5
s01,1752248631.181075,0,2,0.4812465906143188,0.4812465906143188,0.4841711521148681,0.09624931812286376,0.0,0.0,0.0,0.0,106.01886624558855,106.01886624558855,0.5107879638671875,0.5
s01,1752248632.181075,0,2,0.4812465906143188,0.4812465906143188,0.4841711521148681,0.09624931812286376,0.0,0.0,0.0,0.0,106.01886624558855,106.01886624558855,0.5107879638671875,0.5
s01,1752248633.181075,0,3,0.6145133972167969,0.4841711521148681,0.8810470104217529,0.18435401916503907,5.410278284072944,0.5,0.5,0.0,126.05222879765876,126.05222879765876,1.6344679594039917,0.6666666666666666
s01,1752248634.181075,0,4,0.5844602584838867,0.48923599720001215,0.8810470104217529,0.23378410339355468,4.057708713054708,0.3333333333333333,0.3333333333333333,0.0,92.39477666776213,106.01886624558855,1.0896453062693279,0.75
s01,1752248635.181075,0,4,0.5844602584838867,0.48923599720001215,0.8810470104217529,0.23378410339355468,4.057708713054708,0.3333333333333333,0.3333333333333333,0.0,92.39477666776213,106.01886624558855,1.0896453062693279,0.75
s01,1752248636.181075,0,4,0.5844602584838867,0.48923599720001215,0.8810470104217529,0.23378410339355468,4.057708713054708,0.3333333333333333,0.3333333333333333,0.0,92.39477666776213,106.01886624558855,1.0896453062693279,0.75
s01,1752248637.181075,0,5,0.59894700050354,0.4943008422851562,0.8810470104217529,0.29947350025177,3.606722097990165,0.25,0.25,0.0,188.0779203380937,126.05222879765876,1.5185829997062683,0.8
s01,1752248638.181075,1,4,0.6291032433509827,0.5755974054336548,0.8810470104217529,0.2516412973403931,4.508402622487706,0.3333333333333333,0.3333333333333333,0.0,215.43093836892874,146.08559134972896,1.8545146783192952,0.75
s01,1752248639.181075,1,4,0.6956614255905151,0.7036489248275757,0.8810470104217529,0.27826457023620604,6.15963322419057,0.0,0.0,0.0,232.22619857248415,196.4713719603953,1.3347063859303792,0.5
s01,1752248640.181075,1,5,0.6372401714324951,0.6568939685821533,0.8810470104217529,0.31862008571624756,4.9277065793524555,0.25,0.0,0.25,205.35057258470084,160.59753329087312,1.1045517921447754,0.6
s01,1752248651.181075,0,10,0.46312637329101564,0.43011951446533203,0.7589728832244873,0.46312637329101564,1.0863574011458152,0.0,0.0,0.0,172.46107382309734,142.00352108310554,0.5673952367570665,0.8
s01,1752248652.181075,0,10,0.4720461845397949,0.46688759326934814,0.7589728832244873,0.4720461845397949,1.0863574011458152,0.0,0.0,0.0,109.73180226196291,127.03542812932147,0.45190056165059406,0.9
s01,1752248653.181075,0,10,0.4720461845397949,0.46688759326934814,0.7589728832244873,0.4720461845397949,1.0863574011458152,0.0,0.0,0.0,109.73180226196291,127.03542812932147,0.45190056165059406,0.9
s01,1752248654.181075,0,10,0.4843143939971924,0.46688759326934814,0.8816549777984619,0.4843143939971924,2.3001602498256397,0.0,0.0,0.0,195.6110124208202,127.03542812932147,0.39948156144883895,0.8
s01,1752248655.181075,0,10,0.4843143939971924,0.46688759326934814,0.8816549777984619,0.4843143939971924,2.3001602498256397,0.0,0.0,0.0,195.6110124208202,127.03542812932147,0.39948156144883895,0.8
s01,1752248656.181075,0,9,0.4938886695437961,0.471682071685791,0.8816549777984619,0.4444998025894165,2.555733610917377,0.0,0.0,0.0,195.39174599436762,86.51771406466074,0.3281266391277313,0.7777777777777778
s01,1752248657.181075,0,7,0.5155835492270333,0.4832689762115478,0.8816549777984619,0.3609084844589233,3.285943214036628,0.0,0.0,0.0,228.02232799249018,86.51771406466074,0.34960071245829266,0.7142857142857143
s01,1752248658.181075,0,6,0.5169191360473633,0.47747552394866943,0.8816549777984619,0.310151481628418,3.2502670830427327,0.0,0.0,0.0,267.61347503963907,127.03542812932147,0.41952085494995117,0.6666666666666666
s01,1752248659.181075,0,5,0.541682767868042,0.4832689762115478,0.8816549777984619,0.270841383934021,3.9003204996512792,0.0,0.0,0.0,299.01596352877243,86.51771406466074,0.35051602125167847,0.6
s01,1752248660.181075,0,3,0.5800569852193197,0.471682071685791,0.8816549777984619,0.1740170955657959,6.500534166085465,0.0,0.0,0.0,556.0319270575449,556.0319270575449,0.7010320425033569,0.3333333333333333
s01,1752248661.181075,0,3,0.6306192874908447,0.5385208129882812,0.8816549777984619,0.1891857862472534,7.667200832752132,0.0,0.0,0.0,517.5342049992777,517.5342049992777,3.312980055809021,0.0
s01,1752248662.181075,0,3,0.6507489681243896,0.5385208129882812,0.8816549777984619,0.19522469043731688,8.51703741835093,0.0,0.0,0.0,122.52512007666486,122.52512007666486,3.252542018890381,0.3333333333333333
s01,1752248663.181075,0,2,0.5352959632873535,0.5352959632873535,0.5385208129882812,0.1070591926574707,3.0247548783981957,0.0,0.0,0.0,195.0102561405425,195.0102561405425,0.6345109939575195,0.5
s01,1752248664.181075,0,2,0.5352959632873535,0.5352959632873535,0.5385208129882812,0.1070591926574707,3.0247548783981957,0.0,0.0,0.0,195.0102561405425,195.0102561405425,0.6345109939575195,0.5
s01,1752248665.181075,0,3,0.5646563371022543,0.5385208129882812,0.6233770847320557,0.16939690113067626,4.688373175912363,0.0,0.0,0.0,299.5669997828732,299.5669997828732,1.6838129758834837,0.6666666666666666
s01,1752248666.181075,0,5,0.5013674259185791,0.5320711135864258,0.6233770847320557,0.25068371295928954,2.813023905547418,0.0,0.0,0.0,195.34515471497576,170.0206436514212,0.9681462049484252,0.8
s01,1752248667.181075,0,6,0.5353095531463623,0.5352959632873535,0.7050201892852783,0.3211857318878174,5.135818704934209,0.0,0.0,0.0,314.59150521042454,195.0102561405425,0.828857135772705,0.6666666666666666
s01,1752248668.181075,0,6,0.5353095531463623,0.5352959632873535,0.7050201892852783,0.3211857318878174,5.135818704934209,0.0,0.0,0.0,314.59150521042454,195.0102561405425,0.828857135772705,0.6666666666666666
s01,1752248669.181075,0,7,0.5190177645002093,0.5320711135864258,0.7050201892852783,0.3633124351501465,4.402130318515036,0.0,0.0,0.0,306.6673897379635,231.02853425810036,0.9227010806401571,0.7142857142857143
s01,1752248670.181075,0,7,0.5031816618783134,0.4276680946350097,0.7050201892852783,0.35222716331481935,3.9021303185150367,0.0,0.0,0.0,316.6686214559132,261.0322294119495,0.9510355790456136,0.7142857142857143
s01,1752248671.181075,0,6,0.4983667532602946,0.4244675636291504,0.7050201892852783,0.29902005195617676,4.127567078801477,0.0,0.0,0.0,299.17759706205504,255.01764644824087,0.5946197032928466,0.6666666666666666
s01,1752248672.181075,0,6,0.4983667532602946,0.4244675636291504,0.7050201892852783,0.29902005195617676,4.127567078801477,0.0,0.0,0.0,299.17759706205504,255.01764644824087,0.5946197032928466,0.6666666666666666
s01,1752248673.181075,0,6,0.4983667532602946,0.4244675636291504,0.7050201892852783,0.29902005195617676,4.127567078801477,0.0,0.0,0.0,299.17759706205504,255.01764644824087,0.5946197032928466,0.6666666666666666
s01,1752248674.181075,0,5,0.47336468696594236,0.421267032623291,0.7050201892852783,0.23668234348297118,3.3499585403736334,0.0,0.0,0.0,337.71423853699383,261.0322294119495,0.617034912109375,0.6
s01,1752248675.181075,0,6,0.5644470850626627,0.4244675636291504,1.0198590755462646,0.3386682510375977,3.6268152491098564,0.0,0.0,0.0,408.5830955369644,267.0468123756582,1.1288111209869385,0.6666666666666666
s01,1752248676.181075,0,5,0.7226819038391114,0.7050201892852783,1.039595127105713,0.3613409519195557,8.401869645195143,0.0,0.0,0.0,606.9893506749656,479.5526679562524,1.4555391669273376,0.6
s01,1752248677.181075,0,4,0.7270973324775696,0.7237635850906372,1.039595127105713,0.2908389329910278,6.314888881026886,0.0,0.0,0.0,720.3035301080681,692.0585235368466,1.4767452875773113,0.5
s01,1752248678.181075,0,6,0.6453481912612915,0.4869309663772583,1.039595127105713,0.3872089147567749,4.964541348862709,0.0,0.0,0.0,490.19195963121456,255.01764644824087,1.1039901733398438,0.6666666666666666
s01,1752248679.181075,0,5,0.6901644229888916,0.5461938381195068,1.039595127105713,0.3450822114944458,5.95744961863525,0.0,0.0,0.0,548.9855379269579,473.0538656843576,1.17885822057724,0.6
s01,1752248680.181075,0,4,0.7557885050773621,0.7830264568328857,1.039595127105713,0.3023154020309448,7.446812023294063,0.0,0.0,0.0,501.29454272366183,254.04920783186867,0.5131723086039225,0.5
s01,1752248681.181075,0,4,0.7557885050773621,0.7830264568328857,1.039595127105713,0.3023154020309448,7.446812023294063,0.0,0.0,0.0,501.29454272366183,254.04920783186867,0.5131723086039225,0.5
s01,1752248682.181075,0,5,0.680950403213501,0.5461938381195068,1.039595127105713,0.3404752016067505,5.95744961863525,0.0,0.0,0.0,443.6327500563682,262.348289943178,1.280882477760315,0.4
s01,1752248683.181075,0,6,0.7060803572336832,0.6889619827270508,1.039595127105713,0.42364821434020994,7.172874682196042,0.2,0.2,0.0,360.1673786202809,254.04920783186867,1.024705982208252,0.5
s01,1752248684.181075,0,5,0.643324613571167,0.5461938381195068,1.039595127105713,0.3216623067855835,7.605229860077057,0.25,0.25,0.0,146.75061819057194,145.02460391593434,1.1684319972991943,0.6
s01,1752248685.181075,0,5,0.536316204071045,0.5045530796051025,0.8317301273345947,0.2681581020355225,4.055538513813742,0.25,0.25,0.0,146.50066680543756,144.52470114566563,1.239528477191925,0.6
s01,1752248686.181075,0,6,0.5737568537394205,0.5253734588623047,0.8317301273345947,0.3442541122436523,4.838543878179085,0.2,0.2,0.0,122.83258458048154,36.0,0.99162278175354,0.6666666666666666
s01,1752248687.181075,0,8,0.5637955367565155,0.5071815252304077,0.8317301273345947,0.4510364294052124,5.771600164691555,0.2857142857142857,0.2857142857142857,0.0,115.17980092683266,81.00617260431454,0.7570068155016217,0.75
s01,1752248688.181075,0,8,0.5683264136314392,0.5071815252304077,0.8317301273345947,0.45466113090515137,5.771600164691555,0.2857142857142857,0.2857142857142857,0.0,86.66779806444298,71.06335201775947,0.28949012075151714,0.875
s01,1752248689.181075,0,8,0.5683264136314392,0.5071815252304077,0.8317301273345947,0.45466113090515137,5.771600164691555,0.2857142857142857,0.2857142857142857,0.0,86.66779806444298,71.06335201775947,0.28949012075151714,0.875
s01,1752248690.181075,0,8,0.5683264136314392,0.5071815252304077,0.8317301273345947,0.45466113090515137,5.771600164691555,0.2857142857142857,0.2857142857142857,0.0,86.66779806444298,71.06335201775947,0.28949012075151714,0.875
s01,1752248691.181075,0,10,0.534049129486084,0.479153037071228,0.8317301273345947,0.534049129486084,4.617280131753244,0.2222222222222222,0.2222222222222222,0.0,131.31611941114386,71.06335201775947,0.4667993121676975,0.9
s01,1752248692.181075,0,8,0.5158953964710236,0.479153037071228,0.7609601020812988,0.41271631717681884,4.115350164691555,0.14285714285714285,0.14285714285714285,0.0,128.92711136186168,71.06335201775947,0.40387041228158127,0.875
s01,1752248693.181075,0,9,0.5274769200219048,0.5045530796051025,0.7609601020812988,0.47472922801971434,4.145235199650487,0.125,0.125,0.0,229.46562655909037,76.03476231103701,0.4910697340965271,0.7777777777777778
s01,1752248694.181075,0,9,0.5318314764234755,0.5098099708557129,0.7609601020812988,0.47864832878112795,3.9230129774282645,0.25,0.125,0.125,362.4937774869544,91.54228692285665,0.5317164659500122,0.7777777777777778
s01,1752248695.181075,0,9,0.5153414673275418,0.5098099708557129,0.652597188949585,0.4638073205947876,3.061505121872065,0.125,0.0,0.125,475.8651094919247,309.08175261800596,0.5357633531093597,0.7777777777777778
s01,1752248696.181075,0,9,0.49923064973619247,0.5075998306274414,0.6201291084289551,0.44930758476257326,0.6538128310357716,0.25,0.125,0.125,477.54307143591217,315.7936003939558,0.5935763716697693,0.7777777777777778
s01,1752248697.181075,0,7,0.5045222895486015,0.5075998306274414,0.6201291084289551,0.353165602684021,0.840616497045992,0.3333333333333333,0.16666666666666666,0.16666666666666666,617.3783516216384,735.1962827856944,0.7395358085632324,0.7142857142857143
s01,1752248698.181075,0,8,0.4786287546157837,0.4606579542160034,0.6201291084289551,0.382903003692627,0.735539434915243,0.2857142857142857,0.14285714285714285,0.14285714285714285,498.50738466594737,289.06227702694105,0.5934669971466064,0.75
s01,1752248699.181075,0,8,0.4786287546157837,0.4606579542160034,0.6201291084289551,0.382903003692627,0.735539434915243,0.2857142857142857,0.14285714285714285,0.14285714285714285,498.50738466594737,289.06227702694105,0.5934669971466064,0.75
s01,1752248700.181075,1,9,0.47009168730841744,0.4287850856781006,0.6201291084289551,0.4230825185775757,0.6538128310357716,0.25,0.125,0.125,462.24244945144136,241.11400448875622,0.6620178520679474,0.7777777777777778
s01,1752248701.181075,1,8,0.4813326597213745,0.468192458152771,0.6201291084289551,0.3850661277770996,0.735539434915243,0.2857142857142857,0.14285714285714285,0.14285714285714285,394.9577660959771,193.1657319505714,0.5992396899632045,0.75
s01,1752248702.181075,1,8,0.4553128778934479,0.4203779697418213,0.6125500202178955,0.3642503023147583,0.1875,0.14285714285714285,0.14285714285714285,0.0,278.78543621683485,193.1657319505714,0.7368404184068952,0.75
s02,1752251856.562234,0,4,0.4841213822364807,0.46362411975860596,0.6228241920471191,0.1936485528945923,3.787635164004671,0.0,0.0,0.0,668.4972634071188,945.9048577949052,2.060919205347697,0.5
s02,1752251857.562234,0,3,0.46643678347269696,0.3900730609893799,0.6228241920471191,0.1399310350418091,2.8771127502720115,0.0,0.0,0.0,504.7368590480782,504.7368590480782,0.4885789155960083,0.3333333333333333
s02,1752251858.562234,0,3,0.46643678347269696,0.3900730609893799,0.6228241920471191,0.1399310350418091,2.8771127502720115,0.0,0.0,0.0,504.7368590480782,504.7368590480782,0.4885789155960083,0.3333333333333333
s02,1752251859.562234,0,3,0.46643678347269696,0.3900730609893799,0.6228241920471191,0.1399310350418091,2.8771127502720115,0.0,0.0,0.0,504.7368590480782,504.7368590480782,0.4885789155960083,0.3333333333333333
s02,1752251860.562234,0,3,0.46643678347269696,0.3900730609893799,0.6228241920471191,0.1399310350418091,2.8771127502720115,0.0,0.0,0.0,504.7368590480782,504.7368590480782,0.4885789155960083,0.3333333333333333
s02,1752251861.562234,0,3,0.46643678347269696,0.3900730609893799,0.6228241920471191,0.1399310350418091,2.8771127502720115,0.0,0.0,0.0,504.7368590480782,504.7368590480782,0.4885789155960083,0.3333333333333333
s02,1752251862.562234,0,3,0.4739404519399007,0.4089241027832031,0.6228241920471191,0.1421821355819702,2.8771127502720115,0.0,0.0,0.0,489.9047746017316,489.9047746017316,3.406049370765686,0.6666666666666666
s02,1752251863.562234,0,3,0.38773441314697266,0.3900730609893799,0.4089241027832031,0.1163203239440918,0.0,0.0,0.0,0.0,942.4549395400795,942.4549395400795,3.6649043560028076,0.3333333333333333
s02,1752251864.562234,0,3,0.6856110890706381,0.4089241027832031,1.283703088760376,0.2056833267211914,7.706080751948785,0.5,0.5,0.0,498.3345950889736,498.3345950889736,0.3746154308319092,0.3333333333333333
s02,1752251865.562234,0,3,0.6856110890706381,0.4089241027832031,1.283703088760376,0.2056833267211914,7.706080751948785,0.5,0.5,0.0,498.3345950889736,498.3345950889736,0.3746154308319092,0.3333333333333333
s02,1752251866.562234,0,3,0.6856110890706381,0.4089241027832031,1.283703088760376,0.2056833267211914,7.706080751948785,0.5,0.5,0.0,498.3345950889736,498.3345950889736,0.3746154308319092,0.3333333333333333
s02,1752251867.562234,0,3,0.6856110890706381,0.4089241027832031,1.283703088760376,0.2056833267211914,7.706080751948785,0.5,0.5,0.0,498.3345950889736,498.3345950889736,0.3746154308319092,0.3333333333333333
s02,1752251868.562234,0,4,0.620334267616272,0.4167139530181885,1.283703088760376,0.24813370704650878,5.779560563961589,0.3333333333333333,0.3333333333333333,0.0,538.5566659772876,619.0008077539156,1.549009641011556,0.5
s02,1752251869.562234,0,4,0.620334267616272,0.4167139530181885,1.283703088760376,0.24813370704650878,5.779560563961589,0.3333333333333333,0.3333333333333333,0.0,538.5566659772876,619.0008077539156,1.549009641011556,0.5
s02,1752251870.562234,0,4,0.620334267616272,0.4167139530181885,1.283703088760376,0.24813370704650878,5.779560563961589,0.3333333333333333,0.3333333333333333,0.0,538.5566659772876,619.0008077539156,1.549009641011556,0.5
s02,1752251871.562234,0,4,0.7617022395133972,0.6994498968124389,1.283703088760376,0.3046808958053589,10.333679578655868,0.3333333333333333,0.3333333333333333,0.0,414.0350001039413,595.1041925579083,1.9375253518422444,0.5
s02,1752251872.562234,0,4,0.7667489647865295,0.6994498968124389,1.283703088760376,0.3066995859146118,10.333679578655868,0.0,0.0,0.0,428.2718928101596,595.1041925579083,2.0291417439778647,0.5
s02,1752251873.562234,1,3,0.594430923461914,0.4245038032531738,0.974395990371704,0.1783292770385742,6.07215868625904,0.0,0.0,0.0,332.9074353382815,332.9074353382815,1.094813585281372,0.3333333333333333
s02,1752251874.562234,1,4,0.5971282124519348,0.5148619413375854,0.974395990371704,0.23885128498077393,4.92911901469428,0.0,0.0,0.0,323.4293954734414,304.473315743761,1.229715347290039,0.25
s02,1752251875.562234,1,4,0.5971282124519348,0.5148619413375854,0.974395990371704,0.23885128498077393,4.92911901469428,0.0,0.0,0.0,323.4293954734414,304.473315743761,1.229715347290039,0.25
s02,1752251886.562234,0,3,0.7963513533274332,0.5027480125427246,1.4143939018249512,0.23890540599822999,8.489199107661486,0.0,0.0,0.0,844.7516894495778,844.7516894495778,2.537659525871277,0.3333333333333333
s02,1752251887.562234,0,4,0.7461892366409302,0.5492254495620728,1.4143939018249512,0.2984756946563721,8.428452143554946,0.3333333333333333,0.0,0.3333333333333333,608.1468004155399,620.6778552518206,1.8067390124003093,0.5
s02,1752251888.562234,0,5,0.7167201995849609,0.5957028865814209,1.4143939018249512,0.35836009979248046,10.62376960226471,0.5,0.25,0.25,470.2522359353859,377.8074387996423,1.38583904504776,0.6
s02,1752251889.562234,1,4,0.7779222130775452,0.5972734689712524,1.4143939018249512,0.31116888523101804,13.279712002830887,0.6666666666666666,0.3333333333333333,0.3333333333333333,270.72780669806946,134.937022347464,1.4303677082061768,0.5
s02,1752251890.562234,1,4,0.5167782306671143,0.5492254495620728,0.598844051361084,0.2067112922668457,7.192321169272247,0.6666666666666666,0.3333333333333333,0.3333333333333333,172.5064560770467,134.937022347464,0.6943403879801432,0.5
s02,1752251891.562234,1,5,0.5382658004760742,0.5957028865814209,0.6242160797119141,0.2691329002380371,7.257186573255088,0.75,0.5,0.25,244.13011438861656,230.47541286810812,0.7017097473144531,0.6
s02,1752251902.562234,0,5,0.4104761600494385,0.3802847862243652,0.4968588352203369,0.20523808002471924,0.0,0.0,0.0,0.0,80.01381283086533,43.5265434157188,0.3104122877120971,0.8
s02,1752251903.562234,0,6,0.46019963423411053,0.40735888481140137,0.7088170051574707,0.2761197805404663,0.5270462766947299,0.2,0.2,0.0,121.21139991397327,51.03920062069938,1.3381876468658447,0.8333333333333334
s02,1752251904.562234,0,6,0.4526960055033366,0.40735888481140137,0.7088170051574707,0.27161760330200196,0.5270462766947299,0.2,0.2,0.0,156.02048964943788,176.0454486773231,1.3407886028289795,0.8333333333333334
s02,1752251905.562234,0,5,0.5657394409179688,0.4518370628356933,0.8634040355682373,0.2828697204589844,5.532710627434323,0.25,0.25,0.0,147.2872381997183,133.56665917086505,1.4873642325401306,0.8
s02,1752251906.562234,0,4,0.5985660552978516,0.580327033996582,0.8634040355682373,0.23942642211914061,6.915888284292904,0.3333333333333333,0.3333333333333333,0.0,184.37835552937835,176.0454486773231,1.9831523100535076,0.75
s02,1752251907.562234,1,4,0.6112065315246582,0.580327033996582,0.8634040355682373,0.2444826126098633,6.915888284292904,0.0,0.0,0.0,248.42797407711382,176.0454486773231,0.7605969111124674,0.75
s02,1752251908.562234,1,4,0.6112065315246582,0.580327033996582,0.8634040355682373,0.2444826126098633,6.915888284292904,0.0,0.0,0.0,248.42797407711382,176.0454486773231,0.7605969111124674,0.75
s02,1752251909.562234,1,5,0.6134936332702636,0.6226420402526855,0.8634040355682373,0.3067468166351318,6.636240317917439,0.0,0.0,0.0,233.15179306413296,181.68434935125674,0.7992051839828491,0.8
s02,1752251922.562234,0,2,0.6311190128326416,0.6311190128326416,0.8810780048370361,0.12622380256652832,11.71067888723791,0.0,0.0,0.0,67.47592163134935,67.47592163134935,4.647442102432251,0.0
s02,1752251923.562234,0,2,0.6311190128326416,0.6311190128326416,0.8810780048370361,0.12622380256652832,11.71067888723791,0.0,0.0,0.0,67.47592163134935,67.47592163134935,4.647442102432251,0.0
s02,1752251924.562234,0,2,0.6311190128326416,0.6311190128326416,0.8810780048370361,0.12622380256652832,11.71067888723791,0.0,0.0,0.0,67.47592163134935,67.47592163134935,4.647442102432251,0.0
s02,1752251925.562234,0,4,0.6231915354728699,0.6152640581130981,0.8810780048370361,0.24927661418914795,10.638529409530825,0.0,0.0,0.0,239.69865302351639,322.59572222830235,2.316974957784017,0.25
s02,1752251926.562234,0,3,0.5372293790181478,0.4493892192840576,0.7811388969421387,0.16116881370544434,6.377586621215826,0.0,0.0,0.0,325.8100187195999,325.8100187195999,1.1517413854599,0.3333333333333333
s02,1752251927.562234,0,3,0.5372293790181478,0.4493892192840576,0.7811388969421387,0.16116881370544434,6.377586621215826,0.0,0.0,0.0,325.8100187195999,325.8100187195999,1.1517413854599,0.3333333333333333
s02,1752251928.562234,0,3,0.5372293790181478,0.4493892192840576,0.7811388969421387,0.16116881370544434,6.377586621215826,0.0,0.0,0.0,325.8100187195999,325.8100187195999,1.1517413854599,0.3333333333333333
s02,1752251929.562234,0,3,0.5372293790181478,0.4493892192840576,0.7811388969421387,0.16116881370544434,6.377586621215826,0.0,0.0,0.0,325.8100187195999,325.8100187195999,1.1517413854599,0.3333333333333333
s02,1752251930.562234,0,4,0.5291520357131958,0.47715461254119873,0.7811388969421387,0.21166081428527833,4.78318996591187,0.0,0.0,0.0,483.59340721086056,329.02431521089744,1.9679832458496094,0.5
s02,1752251931.562234,0,4,0.5291520357131958,0.47715461254119873,0.7811388969421387,0.21166081428527833,4.78318996591187,0.0,0.0,0.0,483.59340721086056,329.02431521089744,1.9679832458496094,0.5
s02,1752251932.562234,0,4,0.5503628253936768,0.48546159267425537,0.7811388969421387,0.2201451301574707,4.78318996591187,0.0,0.0,0.0,646.782052670932,799.1601841933818,1.957352638244629,0.25
s02,1752251933.562234,0,4,0.5503628253936768,0.48546159267425537,0.7811388969421387,0.2201451301574707,4.78318996591187,0.0,0.0,0.0,646.782052670932,799.1601841933818,1.957352638244629,0.25
s02,1752251934.562234,0,3,0.5840206940968832,0.5049200057983398,0.7811388969421387,0.17520620822906494,6.377586621215826,0.0,0.0,0.0,808.8752178922468,808.8752178922468,2.8634819984436035,0.3333333333333333
s02,1752251935.562234,0,2,0.48546159267425537,0.48546159267425537,0.5049200057983398,0.09709231853485108,0.0,0.0,0.0,0.0,818.590251591112,818.590251591112,2.1264970302581787,0.0
s02,1752251936.562234,0,2,0.48546159267425537,0.48546159267425537,0.5049200057983398,0.09709231853485108,0.0,0.0,0.0,0.0,818.590251591112,818.590251591112,2.1264970302581787,0.0
s02,1752251937.562234,0,2,0.48546159267425537,0.48546159267425537,0.5049200057983398,0.09709231853485108,0.0,0.0,0.0,0.0,818.590251591112,818.590251591112,2.1264970302581787,0.0
s02,1752251938.562234,0,3,0.4875303904215495,0.4916679859161377,0.5049200057983398,0.14625911712646483,0.0,0.0,0.0,0.0,448.6524631038648,448.6524631038648,3.9531054496765137,0.0
s02,1752251939.562234,0,3,0.4786360263824463,0.4782369136810303,0.4916679859161377,0.1435908079147339,0.0,0.0,0.0,0.0,113.78851357202244,113.78851357202244,3.1443729400634766,0.3333333333333333
s02,1752251940.562234,0,3,0.4786360263824463,0.4782369136810303,0.4916679859161377,0.1435908079147339,0.0,0.0,0.0,0.0,113.78851357202244,113.78851357202244,3.1443729400634766,0.3333333333333333
s02,1752251941.562234,0,3,0.4786360263824463,0.4782369136810303,0.4916679859161377,0.1435908079147339,0.0,0.0,0.0,0.0,113.78851357202244,113.78851357202244,3.1443729400634766,0.3333333333333333
s02,1752251942.562234,0,2,0.484952449798584,0.484952449798584,0.4916679859161377,0.09699048995971679,0.0,0.0,0.0,0.0,148.86235252742716,148.86235252742716,0.5090320110321045,0.5
s02,1752251943.562234,0,2,0.484952449798584,0.484952449798584,0.4916679859161377,0.09699048995971679,0.0,0.0,0.0,0.0,148.86235252742716,148.86235252742716,0.5090320110321045,0.5
s02,1752251944.562234,0,2,0.484952449798584,0.484952449798584,0.4916679859161377,0.09699048995971679,0.0,0.0,0.0,0.0,148.86235252742716,148.86235252742716,0.5090320110321045,0.5
s02,1752251945.562234,0,4,0.48590773344039917,0.484952449798584,0.4985389709472656,0.19436309337615967,0.0,0.0,0.0,0.0,104.7434686826111,137.63720427268203,1.7820043563842776,0.25
s02,1752251946.562234,0,4,0.48590773344039917,0.484952449798584,0.4985389709472656,0.19436309337615967,0.0,0.0,0.0,0.0,104.7434686826111,137.63720427268203,1.7820043563842776,0.25
s02,1752251947.562234,0,4,0.48590773344039917,0.484952449798584,0.4985389709472656,0.19436309337615967,0.0,0.0,0.0,0.0,104.7434686826111,137.63720427268203,1.7820043563842776,0.25
s02,1752251948.562234,0,4,0.4805387258529663,0.4767119884490967,0.4985389709472656,0.1922154903411865,0.0,0.0,0.0,0.0,66.63113550789008,34.52535300326414,2.5113100210825605,0.0
s02,1752251949.562234,0,3,0.481305996576945,0.4751870632171631,0.4985389709472656,0.1443917989730835,0.0,0.0,0.0,0.0,86.08127863797309,86.08127863797309,1.3484745025634766,0.0
s02,1752251950.562234,0,3,0.481305996576945,0.4751870632171631,0.4985389709472656,0.1443917989730835,0.0,0.0,0.0,0.0,86.08127863797309,86.08127863797309,1.3484745025634766,0.0
s02,1752251951.562234,0,4,0.5138247609138489,0.48686301708221436,0.6113810539245605,0.20552990436553956,1.1319231422671772,0.0,0.0,0.0,154.72142319989754,137.63720427268203,1.4459450244903564,0.25
s02,1752251952.562234,0,5,0.6304121971130371,0.4985389709472656,1.09676194190979,0.31520609855651854,5.658666139096082,0.0,0.0,0.0,167.043518321423,170.8235039793407,1.2358710169792175,0.4
s02,1752251953.562234,0,6,0.5911731719970703,0.48686301708221436,1.09676194190979,0.3547039031982422,4.715555115913403,0.2,0.2,0.0,173.03684506167465,197.0101520226813,1.0917424201965331,0.5
s02,1752251954.562234,0,5,0.6097000122070313,0.4751870632171631,1.09676194190979,0.30485000610351565,5.658666139096082,0.25,0.25,0.0,181.8867552589228,200.50997785434032,1.3646780252456665,0.6
s02,1752251955.562234,0,5,0.5980468273162842,0.4701919555664062,1.09676194190979,0.2990234136581421,5.658666139096082,0.25,0.25,0.0,333.5061970374096,248.00575800487292,1.0893282294273376,0.8
s02,1752251956.562234,0,5,0.5980468273162842,0.4701919555664062,1.09676194190979,0.2990234136581421,5.658666139096082,0.25,0.25,0.0,333.5061970374096,248.00575800487292,1.0893282294273376,0.8
s02,1752251957.562234,0,6,0.6008971929550171,0.5407865047454834,1.09676194190979,0.36053831577301027,7.451912972807787,0.2,0.2,0.0,449.9984072944832,292.00171232374646,1.007808780670166,0.6666666666666666
s02,1752251958.562234,0,6,0.6127060254414877,0.576213002204895,1.09676194190979,0.36762361526489257,7.715436111155153,0.2,0.2,0.0,495.0050278448036,517.0348150753487,0.9404115676879883,0.6666666666666666
s02,1752251959.562234,0,7,0.595212595803397,0.5410449504852295,1.09676194190979,0.41664881706237794,6.613230952418703,0.16666666666666666,0.16666666666666666,0.0,418.6798589752193,360.522309380674,0.7836763064066569,0.7142857142857143
s02,1752251960.562234,0,6,0.5925178527832031,0.5156484842300415,1.09676194190979,0.3555107116699219,6.960820682977036,0.2,0.2,0.0,461.6138700330633,517.0348150753487,0.8192817687988281,0.6666666666666666
s02,1752251961.562234,0,6,0.5007810195287069,0.5156484842300415,0.6151490211486816,0.3004686117172241,3.485793653145525,0.0,0.0,0.0,523.3560930490748,517.0348150753487,1.1203761577606202,0.6666666666666666
s02,1752251962.562234,0,7,0.5534298760550362,0.5410449504852295,0.8693230152130127,0.3874009132385254,5.135816974606174,0.0,0.0,0.0,441.304802439649,511.3780410890439,0.9336467981338501,0.7142857142857143
s02,1752251963.562234,0,6,0.5798385143280029,0.543692946434021,0.8693230152130127,0.34790310859680174,5.99178647037387,0.0,0.0,0.0,401.3651389041366,505.7212671027391,0.8012661933898926,0.6666666666666666
s02,1752251964.562234,0,7,0.5646185874938965,0.5410449504852295,0.8693230152130127,0.3952330112457275,5.135816974606174,0.0,0.0,0.0,515.7727999077556,511.3780410890439,0.8280498186747233,0.5714285714285714
s02,1752251965.562234,0,7,0.6273771354130336,0.5463409423828125,0.8693230152130127,0.43916399478912355,6.222024569302285,0.0,0.0,0.0,374.64174555824474,287.4510946642255,0.7591605186462402,0.42857142857142855
s02,1752251966.562234,0,7,0.5941958427429199,0.5410449504852295,0.8693230152130127,0.41593708992004397,3.876574977678526,0.0,0.0,0.0,308.1789750632267,93.71955716547627,0.6477788289388021,0.42857142857142855
s02,1752251967.562234,0,7,0.5941958427429199,0.5410449504852295,0.8693230152130127,0.41593708992004397,3.876574977678526,0.0,0.0,0.0,308.1789750632267,93.71955716547627,0.6477788289388021,0.42857142857142855
s02,1752251968.562234,0,5,0.6256147861480713,0.5463409423828125,0.8693230152130127,0.31280739307403566,5.110977202733098,0.0,0.0,0.0,326.5746421623308,93.71955716547627,0.46649324893951416,0.4
s02,1752251969.562234,0,5,0.6256147861480713,0.5463409423828125,0.8693230152130127,0.31280739307403566,5.110977202733098,0.0,0.0,0.0,326.5746421623308,93.71955716547627,0.46649324893951416,0.4
s02,1752251970.562234,0,5,0.6256147861480713,0.5463409423828125,0.8693230152130127,0.31280739307403566,5.110977202733098,0.0,0.0,0.0,326.5746421623308,93.71955716547627,0.46649324893951416,0.4
s02,1752251971.562234,0,4,0.5808020234107971,0.5420485734939575,0.8562309741973877,0.23232080936431884,3.7809489861646135,0.0,0.0,0.0,174.4816888863938,118.25819210524064,1.8350927035013835,0.5
s02,1752251972.562234,0,4,0.5808020234107971,0.5420485734939575,0.8562309741973877,0.23232080936431884,3.7809489861646135,0.0,0.0,0.0,174.4816888863938,118.25819210524064,1.8350927035013835,0.5
s02,1752251973.562234,0,4,0.557822048664093,0.4968390464782715,0.8562309741973877,0.2231288194656372,3.7809489861646135,0.0,0.0,0.0,317.4217161495072,336.00595232822883,2.1455655892690024,0.75
s02,1752251974.562234,0,4,0.5242180228233337,0.4968390464782715,0.7218148708343506,0.2096872091293335,2.781473514312417,0.3333333333333333,0.3333333333333333,0.0,395.7161903322221,353.1416146533852,2.023162285486857,0.75
s02,1752251975.562234,0,4,0.5242180228233337,0.4968390464782715,0.7218148708343506,0.2096872091293335,2.781473514312417,0.3333333333333333,0.3333333333333333,0.0,395.7161903322221,353.1416146533852,2.023162285486857,0.75
s02,1752251976.562234,0,3,0.571330706278483,0.6107981204986572,0.7218148708343506,0.17139921188354493,3.7086313524165564,0.5,0.5,0.0,425.57130933421865,425.57130933421865,0.7341068983078003,0.6666666666666666
s02,1752251977.562234,0,3,0.571330706278483,0.6107981204986572,0.7218148708343506,0.17139921188354493,3.7086313524165564,0.5,0.5,0.0,425.57130933421865,425.57130933421865,0.7341068983078003,0.6666666666666666
s02,1752251978.562234,0,4,0.6440152525901794,0.6663064956665039,0.8620688915252686,0.2576061010360718,6.032074420298878,0.3333333333333333,0.3333333333333333,0.0,311.314528282125,353.1416146533852,1.6822710037231445,0.5
s02,1752251979.562234,1,5,0.6167223930358887,0.6107981204986572,0.8620688915252686,0.30836119651794436,6.438111085898813,0.5,0.25,0.25,241.7623688902172,217.9712904156615,1.2617032527923584,0.6
s02,1752251980.562234,1,5,0.6167223930358887,0.6107981204986572,0.8620688915252686,0.30836119651794436,6.438111085898813,0.5,0.25,0.25,241.7623688902172,217.9712904156615,1.2617032527923584,0.6
s02,1752251981.562234,1,4,0.6182034611701965,0.6146829128265381,0.8620688915252686,0.24728138446807862,6.167553161927096,0.6666666666666666,0.3333333333333333,0.3333333333333333,156.34949051527224,82.80096617793781,1.2823330561319988,0.5
s03,1752252746.913786,1,9,0.555537674162123,0.4330511093139648,1.0122151374816897,0.49998390674591064,3.3561898811755184,0.0,0.0,0.0,130.06189853748245,38.00781059358212,0.48547250032424927,0.7777777777777778
s03,1752252757.913786,0,6,0.6641207933425903,0.4063115119934082,1.569713830947876,0.3984724760055542,7.689683116517688,0.2,0.2,0.0,280.41626459836226,82.21921916437786,0.626293420791626,0.6666666666666666
s03,1752252758.913786,0,5,0.7165275573730469,0.4105360507965088,1.569713830947876,0.3582637786865234,9.227619739821225,0.25,0.25,0.0,126.07963702241649,75.73979872403451,0.46230101585388184,0.8
s03,1752252759.913786,0,6,0.6657639741897583,0.4112410545349121,1.569713830947876,0.39945838451385496,7.689683116517688,0.2,0.2,0.0,248.6941530320013,82.21921916437786,1.032111406326294,0.8333333333333334
s03,1752252760.913786,0,7,0.5170395714896066,0.4119460582733154,0.8304150104522705,0.3619277000427246,4.649061128623492,0.3333333333333333,0.3333333333333333,0.0,372.06983687005294,197.63325659764533,0.802253007888794,0.7142857142857143
s03,1752252761.913786,0,7,0.5170395714896066,0.4119460582733154,0.8304150104522705,0.3619277000427246,4.649061128623492,0.3333333333333333,0.3333333333333333,0.0,372.06983687005294,197.63325659764533,0.802253007888794,0.7142857142857143
s03,1752252762.913786,0,5,0.47566518783569334,0.4119460582733154,0.6608328819274902,0.23783259391784667,2.3586855800728883,0.5,0.5,0.0,469.8950176446801,404.20629767701587,0.9610714912414551,0.6
s03,1752252763.913786,0,6,0.460832158724467,0.39930653572082514,0.6608328819274902,0.2764992952346802,1.965571316727407,0.4,0.4,0.0,451.91838249989377,380.01184192074857,1.17361421585083,0.6666666666666666
s03,1752252764.913786,0,5,0.47575998306274414,0.4119460582733154,0.6608328819274902,0.23787999153137207,2.3586855800728883,0.25,0.25,0.0,547.5828835539444,559.5820294955446,1.434785008430481,0.6
s03,1752252765.913786,0,5,0.5928545951843261,0.533574104309082,0.9712529182434082,0.2964272975921631,3.6393104275594768,0.25,0.25,0.0,471.31326090053255,407.0427841887208,1.0380370020866394,0.6
s03,1752252766.913786,0,5,0.5928545951843261,0.533574104309082,0.9712529182434082,0.2964272975921631,3.6393104275594768,0.25,0.25,0.0,471.31326090053255,407.0427841887208,1.0380370020866394,0.6
s03,1752252767.913786,0,5,0.5928545951843261,0.533574104309082,0.9712529182434082,0.2964272975921631,3.6393104275594768,0.25,0.25,0.0,471.31326090053255,407.0427841887208,1.0380370020866394,0.6
s03,1752252768.913786,0,4,0.6380817294120789,0.5972034931182861,0.9712529182434082,0.25523269176483154,4.549138034449346,0.0,0.0,0.0,279.715165516575,380.01184192074857,1.2493820190429688,0.5
s03,1752252769.913786,0,4,0.7739017009735107,0.8160429000854492,1.0768539905548096,0.3095606803894043,6.951518623325263,0.0,0.0,0.0,540.3591712714405,434.07372645669307,2.088237682978312,0.5
s03,1752252770.913786,0,4,0.7527729868888855,0.7737854719161987,1.0768539905548096,0.3011091947555542,6.966687139796573,0.0,0.0,0.0,447.4886230440133,434.07372645669307,1.5907816886901855,0.5
s03,1752252771.913786,0,5,0.6808318138122559,0.5763180255889893,1.0768539905548096,0.34041590690612794,5.573349711837258,0.0,0.0,0.0,372.39281837987653,290.5895654220797,1.3257284760475159,0.6
s03,1752252772.913786,0,4,0.7543730139732361,0.7737854719161987,1.0768539905548096,0.3017492055892944,6.966687139796573,0.0,0.0,0.0,351.83251568760437,147.10540438746634,1.1928509871164958,0.5
s03,1752252773.913786,0,5,0.6808857917785645,0.5763180255889893,1.0768539905548096,0.3404428958892822,5.573349711837258,0.25,0.0,0.25,354.6226649862844,255.0492586348954,1.1954917311668396,0.6
s03,1752252774.913786,0,4,0.6082940101623535,0.4846925735473633,1.0768539905548096,0.2433176040649414,5.3659060804383385,0.3333333333333333,0.0,0.3333333333333333,203.83290483608593,147.10540438746634,0.755133310953776,0.5
s03,1752252775.913786,1,5,0.5649395942687988,0.3930671215057373,1.0768539905548096,0.2824697971343994,4.292724864350671,0.25,0.0,0.25,281.7122701910175,255.0492586348954,1.1589415073394775,0.6
s03,1752252776.913786,1,5,0.5649395942687988,0.3930671215057373,1.0768539905548096,0.2824697971343994,4.292724864350671,0.25,0.0,0.25,281.7122701910175,255.0492586348954,1.1589415073394775,0.6
s03,1752252777.913786,1,6,0.5907114744186401,0.4846925735473633,1.0768539905548096,0.3544268846511841,5.802268986347865,0.4,0.2,0.2,447.6174258137506,362.9931128823245,1.0370750427246094,0.6666666666666666
s03,1752252788.913786,0,7,0.5124363899230957,0.4197840690612793,0.7896108627319336,0.358705472946167,4.874734729304058,0.0,0.0,0.0,241.04935139672907,189.01089293604497,0.5981812079747518,0.7142857142857143
s03,1752252789.913786,0,9,0.5004450745052762,0.4197840690612793,0.7896108627319336,0.4504005670547485,3.791460345014267,0.0,0.0,0.0,199.15157757525014,122.30375579506683,0.4652068018913269,0.7777777777777778
s03,1752252790.913786,0,10,0.4903916597366333,0.4125620126724243,0.7896108627319336,0.4903916597366333,3.4123143105128406,0.0,0.0,0.0,181.2691741056763,119.60351165413162,0.41351715723673504,0.8
s03,1752252791.913786,0,9,0.4699796305762397,0.4053399562835693,0.7896108627319336,0.4229816675186157,1.9706087074910315,0.0,0.0,0.0,198.46058893672858,122.30375579506683,0.4652068018913269,0.7777777777777778
s03,1752252792.913786,0,7,0.4885562147412981,0.4053399562835693,0.7896108627319336,0.3419893503189087,2.5336397667741832,0.0,0.0,0.0,237.9253959028877,186.31064879510976,0.556704560915629,0.7142857142857143
s03,1752252793.913786,0,7,0.4930535043988909,0.4323818683624267,0.7896108627319336,0.3451374530792236,2.5336397667741832,0.0,0.0,0.0,282.9302387512916,189.80560192401788,0.7552680571873983,0.7142857142857143
s03,1752252794.913786,0,7,0.4930535043988909,0.4323818683624267,0.7896108627319336,0.3451374530792236,2.5336397667741832,0.0,0.0,0.0,282.9302387512916,189.80560192401788,0.7552680571873983,0.7142857142857143
s03,1752252795.913786,0,8,0.4789642095565796,0.418860912322998,0.7896108627319336,0.38317136764526366,2.2169347959274104,0.14285714285714285,0.14285714285714285,0.0,299.75149140546927,119.60351165413162,0.7268993513924735,0.625
s03,1752252796.913786,0,7,0.47435767310006277,0.4053399562835693,0.7896108627319336,0.33205037117004393,0.6710105081448549,0.16666666666666666,0.16666666666666666,0.0,228.14333352027725,78.90672900160861,0.7779072125752767,0.7142857142857143
s03,1752252797.913786,0,6,0.4218154748280843,0.4044840335845947,0.5116109848022461,0.25308928489685056,0.0,0.2,0.2,0.0,268.3094001108336,119.60351165413162,0.9334886550903321,0.6666666666666666
s03,1752252798.913786,0,6,0.4212309916814168,0.4027305841445923,0.5116109848022461,0.2527385950088501,0.0,0.2,0.2,0.0,325.3889446932112,405.0012345660196,1.3633458137512207,0.6666666666666666
s03,1752252799.913786,0,4,0.4039660096168518,0.4027305841445923,0.4323818683624267,0.16158640384674072,0.0,0.3333333333333333,0.3333333333333333,0.0,355.2293113634864,405.0012345660196,1.3864579995473225,0.5
s03,1752252800.913786,0,4,0.4039660096168518,0.4027305841445923,0.4323818683624267,0.16158640384674072,0.0,0.3333333333333333,0.3333333333333333,0.0,355.2293113634864,405.0012345660196,1.3864579995473225,0.5
s03,1752252801.913786,0,4,0.4039660096168518,0.4027305841445923,0.4323818683624267,0.16158640384674072,0.0,0.3333333333333333,0.3333333333333333,0.0,355.2293113634864,405.0012345660196,1.3864579995473225,0.5
s03,1752252802.913786,0,4,0.4018147587776184,0.4027305841445923,0.4237768650054931,0.16072590351104737,0.0,0.3333333333333333,0.3333333333333333,0.0,270.3587953228286,375.9255245391034,1.773837645848592,0.5
s03,1752252803.913786,0,5,0.39905762672424316,0.4018330574035644,0.4237768650054931,0.19952881336212158,0.0,0.25,0.25,0.0,230.77356042200233,243.97169012931346,1.560932993888855,0.6
s03,1752252804.913786,0,6,0.4040028651555379,0.4027305841445923,0.4287290573120117,0.24240171909332275,0.0,0.2,0.2,0.0,217.9727086838946,166.76930173146374,1.4087103843688964,0.6666666666666666
s03,1752252805.913786,0,4,0.4105920195579529,0.41280496120452875,0.4287290573120117,0.16423680782318115,0.0,0.0,0.0,0.0,218.23756066336355,166.76930173146374,1.5872329870859783,0.5
s03,1752252806.913786,0,4,0.4105920195579529,0.41280496120452875,0.4287290573120117,0.16423680782318115,0.0,0.0,0.0,0.0,218.23756066336355,166.76930173146374,1.5872329870859783,0.5
s03,1752252807.913786,0,4,0.4105920195579529,0.41280496120452875,0.4287290573120117,0.16423680782318115,0.0,0.0,0.0,0.0,218.23756066336355,166.76930173146374,1.5872329870859783,0.5
s03,1752252808.913786,0,3,0.4135116736094157,0.4237768650054931,0.4287290573120117,0.1240535020828247,0.0,0.0,0.0,0.0,139.39357872549365,139.39357872549365,0.861019492149353,0.6666666666666666
s03,1752252809.913786,0,4,0.5809787511825562,0.42625296115875244,1.0833799839019775,0.23239150047302246,4.253470804988426,0.0,0.0,0.0,203.14601024324577,166.76930173146374,1.9414806365966797,0.5
s03,1752252810.913786,0,4,0.5809787511825562,0.42625296115875244,1.0833799839019775,0.23239150047302246,4.253470804988426,0.0,0.0,0.0,203.14601024324577,166.76930173146374,1.9414806365966797,0.5
s03,1752252811.913786,0,4,0.5714455246925354,0.40837907791137695,1.0833799839019775,0.22857820987701416,4.253470804988426,0.0,0.0,0.0,244.80742823515504,237.00210969525145,2.210346301396688,0.5
s03,1752252812.913786,0,3,0.6325843334197998,0.4287290573120117,1.0833799839019775,0.18977530002593995,5.671294406651235,0.0,0.0,0.0,283.82649148700074,283.82649148700074,2.9156094789505005,0.3333333333333333
s03,1752252813.913786,0,3,0.6325843334197998,0.4287290573120117,1.0833799839019775,0.18977530002593995,5.671294406651235,0.0,0.0,0.0,283.82649148700074,283.82649148700074,2.9156094789505005,0.3333333333333333
s03,1752252814.913786,0,2,0.7345119714736938,0.7345119714736938,1.0833799839019775,0.14690239429473878,8.506941609976852,0.0,0.0,0.0,237.00210969525145,237.00210969525145,1.728816032409668,0.5
s03,1752252815.913786,0,2,0.7345119714736938,0.7345119714736938,1.0833799839019775,0.14690239429473878,8.506941609976852,0.0,0.0,0.0,237.00210969525145,237.00210969525145,1.728816032409668,0.5
s03,1752252816.913786,0,3,0.6270813147226969,0.4122200012207031,1.0833799839019775,0.1881243944168091,5.671294406651235,0.0,0.0,0.0,235.47327377160786,235.47327377160786,2.989140033721924,0.3333333333333333
s03,1752252817.913786,0,3,0.6270813147226969,0.4122200012207031,1.0833799839019775,0.1881243944168091,5.671294406651235,0.0,0.0,0.0,235.47327377160786,235.47327377160786,2.989140033721924,0.3333333333333333
s03,1752252818.913786,0,2,0.39893198013305664,0.39893198013305664,0.4122200012207031,0.07978639602661133,0.0,0.0,0.0,0.0,233.94443784796425,233.94443784796425,4.24946403503418,0.0
s03,1752252819.913786,0,2,0.39893198013305664,0.39893198013305664,0.4122200012207031,0.07978639602661133,0.0,0.0,0.0,0.0,233.94443784796425,233.94443784796425,4.24946403503418,0.0
s03,1752252820.913786,0,3,0.4010213216145833,0.4052000045776367,0.4122200012207031,0.120306396484375,0.0,0.0,0.0,0.0,459.4755035797647,459.4755035797647,3.7739490270614624,0.3333333333333333
s03,1752252821.913786,0,2,0.4087100028991699,0.4087100028991699,0.4122200012207031,0.08174200057983398,0.0,0.0,0.0,0.0,685.006569311565,685.006569311565,3.298434019088745,0.5
s03,1752252822.913786,0,3,0.4287263552347819,0.4122200012207031,0.4687590599060058,0.12861790657043456,0.0,0.0,0.0,0.0,672.6506002589841,672.6506002589841,2.6528024673461914,0.3333333333333333
s03,1752252823.913786,0,4,0.5148647427558899,0.4404895305633545,0.7732799053192139,0.20594589710235595,3.841476857205365,0.3333333333333333,0.3333333333333333,0.0,458.3051287692967,660.2946312064032,1.7685349782307942,0.5
s03,1752252824.913786,0,4,0.5148647427558899,0.4404895305633545,0.7732799053192139,0.20594589710235595,3.841476857205365,0.3333333333333333,0.3333333333333333,0.0,458.3051287692967,660.2946312064032,1.7685349782307942,0.5
s03,1752252825.913786,0,4,0.5148647427558899,0.4404895305633545,0.7732799053192139,0.20594589710235595,3.841476857205365,0.3333333333333333,0.3333333333333333,0.0,458.3051287692967,660.2946312064032,1.7685349782307942,0.5
s03,1752252826.913786,0,3,0.5490796566009521,0.4687590599060058,0.7732799053192139,0.16472389698028564,5.121969142940487,0.5,0.5,0.0,344.9544084981625,344.9544084981625,1.0035854578018188,0.3333333333333333
s03,1752252827.913786,0,3,0.5490796566009521,0.4687590599060058,0.7732799053192139,0.16472389698028564,5.121969142940487,0.5,0.5,0.0,344.9544084981625,344.9544084981625,1.0035854578018188,0.3333333333333333
s03,1752252828.913786,0,3,0.5490796566009521,0.4687590599060058,0.7732799053192139,0.16472389698028564,5.121969142940487,0.5,0.5,0.0,344.9544084981625,344.9544084981625,1.0035854578018188,0.3333333333333333
s03,1752252829.913786,0,3,0.8115077018737793,0.7732799053192139,1.1924841403961182,0.2434523105621338,12.105753405815845,0.5,0.5,0.0,39.08156508283756,39.08156508283756,2.5486764907836914,0.3333333333333333
s03,1752252830.913786,0,3,0.8115077018737793,0.7732799053192139,1.1924841403961182,0.2434523105621338,12.105753405815845,0.5,0.5,0.0,39.08156508283756,39.08156508283756,2.5486764907836914,0.3333333333333333
s03,1752252831.913786,0,3,0.8115077018737793,0.7732799053192139,1.1924841403961182,0.2434523105621338,12.105753405815845,0.5,0.5,0.0,39.08156508283756,39.08156508283756,2.5486764907836914,0.3333333333333333
s03,1752252832.913786,0,2,1.2116506099700928,1.2116506099700928,1.2308170795440674,0.24233012199401854,11.941268146361825,0.0,0.0,0.0,5.0,5.0,1.8776209354400637,0.5
s03,1752252833.913786,1,2,1.2116506099700928,1.2116506099700928,1.2308170795440674,0.24233012199401854,11.941268146361825,0.0,0.0,0.0,5.0,5.0,1.8776209354400637,0.5
s03,1752252834.913786,1,3,0.9782554308573405,1.1924841403961182,1.2308170795440674,0.29347662925720214,8.62751209757455,0.0,0.0,0.0,119.00429176644094,119.00429176644094,1.5330469608306887,0.6666666666666666
s03,1752252835.913786,1,3,0.9782554308573405,1.1924841403961182,1.2308170795440674,0.29347662925720214,8.62751209757455,0.0,0.0,0.0,119.00429176644094,119.00429176644094,1.5330469608306887,0.6666666666666666
s03,1752252846.913786,0,4,0.43538039922714233,0.3998008966445923,0.5624678134918213,0.17415215969085693,1.375,0.0,0.0,0.0,361.66994590888856,125.01599897613104,0.8354417483011881,0.5
s03,1752252847.913786,0,4,0.43538039922714233,0.3998008966445923,0.5624678134918213,0.17415215969085693,1.375,0.0,0.0,0.0,361.66994590888856,125.01599897613104,0.8354417483011881,0.5
s03,1752252848.913786,0,4,0.43538039922714233,0.3998008966445923,0.5624678134918213,0.17415215969085693,1.375,0.0,0.0,0.0,361.66994590888856,125.01599897613104,0.8354417483011881,0.5
s03,1752252849.913786,0,4,0.43538039922714233,0.3998008966445923,0.5624678134918213,0.17415215969085693,1.375,0.0,0.0,0.0,361.66994590888856,125.01599897613104,0.8354417483011881,0.5
s03,1752252850.913786,0,6,0.46327078342437744,0.4514729976654053,0.5624678134918213,0.2779624700546265,2.5833333333333335,0.2,0.2,0.0,265.04357712859667,125.01599897613104,1.3998270511627198,0.5
s03,1752252851.913786,0,5,0.47589335441589353,0.5027880668640137,0.5624678134918213,0.23794667720794677,3.1,0.25,0.25,0.0,110.22855119327848,100.35307842839805,1.424694299697876,0.6
s03,1752252852.913786,0,5,0.446612024307251,0.4160611629486084,0.5353150367736816,0.2233060121536255,2.0,0.25,0.25,0.0,116.48205069939567,112.86007744063244,1.5192469954490662,0.6
s03,1752252853.913786,0,5,0.446612024307251,0.4160611629486084,0.5353150367736816,0.2233060121536255,2.0,0.25,0.25,0.0,116.48205069939567,112.86007744063244,1.5192469954490662,0.6
s03,1752252854.913786,0,4,0.46340203285217285,0.45942461490631104,0.5353150367736816,0.18536081314086914,2.5,0.3333333333333333,0.3333333333333333,0.0,130.0793483056392,150.02999700059985,1.809709628423055,0.5
s03,1752252855.913786,0,3,0.48472142219543457,0.5027880668640137,0.5353150367736816,0.14541642665863036,3.3333333333333335,0.5,0.5,0.0,90.31205704107828,90.31205704107828,0.4681594371795654,0.6666666666666666
s03,1752252856.913786,0,3,0.48472142219543457,0.5027880668640137,0.5353150367736816,0.14541642665863036,3.3333333333333335,0.5,0.5,0.0,90.31205704107828,90.31205704107828,0.4681594371795654,0.6666666666666666
s03,1752252857.913786,0,3,0.48472142219543457,0.5027880668640137,0.5353150367736816,0.14541642665863036,3.3333333333333335,0.5,0.5,0.0,90.31205704107828,90.31205704107828,0.4681594371795654,0.6666666666666666
s03,1752252858.913786,0,4,0.5938315987586975,0.5190515518188477,0.9211621284484864,0.237532639503479,5.415475947422657,0.3333333333333333,0.3333333333333333,0.0,101.95862019232197,125.2517464948094,2.0201659202575684,0.5
s03,1752252859.913786,0,4,0.5684003233909607,0.475688099861145,0.9211621284484864,0.22736012935638428,4.915475947422657,0.0,0.0,0.0,174.43329599764797,150.02999700059985,2.3691078821818032,0.5
s03,1752252860.913786,1,3,0.5794287522633871,0.4160611629486084,0.9211621284484864,0.1738286256790161,3.8873012632302095,0.0,0.0,0.0,186.63494549617207,186.63494549617207,3.0855023860931396,0.3333333333333333
s03,1752252861.913786,1,3,0.8767730394999186,0.9211621284484864,1.3080940246582031,0.2630319118499756,11.975894912451452,0.5,0.5,0.0,213.64862824945266,213.64862824945266,0.7162914276123047,0.6666666666666666
s03,1752252862.913786,1,4,0.7558889985084534,0.6611125469207764,1.3080940246582031,0.30235559940338136,8.981921184338589,0.3333333333333333,0.3333333333333333,0.0,165.80381635691256,179.27911200137063,0.5803003311157227,0.75
s03,1752252873.913786,0,2,0.5308253765106201,0.5308253765106201,0.6538488864898682,0.10616507530212402,7.546154281781178,0.0,0.0,0.0,723.3291090506451,723.3291090506451,1.731959104537964,0.0
s03,1752252874.913786,0,3,0.6926339467366537,0.6538488864898682,1.0162510871887207,0.20779018402099608,11.655172592361696,0.0,0.0,0.0,415.1668909229043,415.1668909229043,2.5041465759277344,0.0
s03,1752252875.913786,0,4,0.6203139424324036,0.5308253765106201,1.0162510871887207,0.24812557697296142,8.741379444271272,0.0,0.0,0.0,339.3993648608073,187.8643127366132,1.957662026087443,0.25
s03,1752252876.913786,0,5,0.5731969356536866,0.407801866531372,1.0162510871887207,0.2865984678268433,6.993103555417018,0.0,0.0,0.0,275.5554751832055,147.43449276588834,1.53419429063797,0.4
s03,1752252877.913786,0,5,0.6557047843933106,0.6538488864898682,1.0162510871887207,0.3278523921966553,11.19429386293702,0.25,0.25,0.0,158.0566409029054,147.43449276588834,1.204998791217804,0.6
s03,1752252878.913786,0,5,0.6557047843933106,0.6538488864898682,1.0162510871887207,0.3278523921966553,11.19429386293702,0.25,0.25,0.0,158.0566409029054,147.43449276588834,1.204998791217804,0.6
s03,1752252879.913786,0,4,0.6561687588691711,0.6118475198745728,1.0162510871887207,0.26246750354766846,10.219790187780685,0.3333333333333333,0.3333333333333333,0.0,175.07396360548603,187.8643127366132,0.5145537058512369,0.75
s03,1752252880.913786,0,4,0.6561687588691711,0.6118475198745728,1.0162510871887207,0.26246750354766846,10.219790187780685,0.3333333333333333,0.3333333333333333,0.0,175.07396360548603,187.8643127366132,0.5145537058512369,0.75
s03,1752252881.913786,0,6,0.5682863394419352,0.4003429412841797,1.0162510871887207,0.3409718036651611,6.813193458520456,0.4,0.4,0.0,120.2502226958347,84.02380615040002,1.093766212463379,0.6666666666666666
s03,1752252882.913786,0,6,0.5682863394419352,0.4003429412841797,1.0162510871887207,0.3409718036651611,6.813193458520456,0.4,0.4,0.0,120.2502226958347,84.02380615040002,1.093766212463379,0.6666666666666666
s03,1752252883.913786,0,5,0.47869338989257815,0.397331953048706,0.8203411102294922,0.23934669494628907,4.201190307520001,0.5,0.5,0.0,103.34670018564006,67.01690257529998,1.1510345339775085,0.6
s03,1752252884.913786,0,4,0.4975282549858093,0.3925215005874634,0.8203411102294922,0.19901130199432374,5.251487884400001,0.6666666666666666,0.6666666666666666,0.0,109.78766486405341,50.00999900019995,1.4467823505401611,0.5
s03,1752252885.913786,0,4,0.5284954905509949,0.4529649019241333,0.8203411102294922,0.21139819622039796,5.251487884400001,0.3333333333333333,0.3333333333333333,0.0,195.74032250332962,50.00999900019995,2.2415906588236494,0.5
s03,1752252886.913786,0,3,0.4312136173248291,0.397331953048706,0.5085978507995605,0.12936408519744874,0.0,0.5,0.5,0.0,268.60548425489446,268.60548425489446,1.399801015853882,0.6666666666666666
s03,1752252887.913786,1,3,0.4312136173248291,0.397331953048706,0.5085978507995605,0.12936408519744874,0.0,0.5,0.5,0.0,268.60548425489446,268.60548425489446,1.399801015853882,0.6666666666666666
s03,1752252888.913786,1,4,0.4698899984359741,0.4529649019241333,0.5859191417694092,0.18795599937438964,3.010398644698074,0.6666666666666666,0.6666666666666666,0.0,335.1401077976123,468.209354883048,1.769136667251587,0.75
s03,1752252889.913786,1,5,0.44954919815063477,0.397331953048706,0.5859191417694092,0.22477459907531738,2.4083189157584592,0.5,0.5,0.0,297.3611945723655,326.1169048898365,1.5085357427597046,0.8
s04,1752253327.961742,0,5,0.5539914131164551,0.4013941287994385,1.06467604637146,0.27699570655822753,4.548813622399079,0.0,0.0,0.0,267.0496890067535,131.09809596433223,1.350773274898529,0.8
s04,1752253328.961742,0,5,0.6117582321166992,0.4013941287994385,1.3535101413726809,0.3058791160583496,6.589021653657039,0.0,0.0,0.0,520.100864114862,502.5723706998581,1.5011752247810364,0.6
s04,1752253329.961742,0,4,0.6264553070068359,0.39290153980255127,1.3535101413726809,0.2505821228027344,6.220712629996663,0.0,0.0,0.0,618.4204263860271,780.0025640983496,1.5251999696095784,0.5
s04,1752253330.961742,0,4,0.6264553070068359,0.39290153980255127,1.3535101413726809,0.2505821228027344,6.220712629996663,0.0,0.0,0.0,618.4204263860271,780.0025640983496,1.5251999696095784,0.5
s04,1752253331.961742,0,3,0.7047026952107748,0.394089937210083,1.3535101413726809,0.2114108085632324,8.294283506662216,0.0,0.0,0.0,798.1095185829097,798.1095185829097,1.6424258947372437,0.3333333333333333
s04,1752253332.961742,0,5,0.6191190242767334,0.4177031517028808,1.3535101413726809,0.3095595121383667,4.9765701039973305,0.0,0.0,0.0,461.1134090432857,359.5211423091084,1.0235694646835327,0.6
s04,1752253333.961742,0,5,0.6191190242767334,0.4177031517028808,1.3535101413726809,0.3095595121383667,4.9765701039973305,0.0,0.0,0.0,461.1134090432857,359.5211423091084,1.0235694646835327,0.6
s04,1752253334.961742,0,6,0.5889410177866617,0.4278770685195923,1.3535101413726809,0.3533646106719971,4.147141753331108,0.0,0.0,0.0,400.3677029470441,161.02794788483146,0.9602217674255371,0.6666666666666666
s04,1752253335.961742,0,6,0.6802270412445068,0.5009174346923828,1.3535101413726809,0.4081362247467041,7.34991832652159,0.0,0.0,0.0,384.7668628397023,161.02794788483146,0.9453427791595459,0.6666666666666666
s04,1752253336.961742,0,6,0.5248556534449259,0.4296663999557495,0.9142241477966307,0.31491339206695557,3.202776573190482,0.0,0.0,0.0,306.7788731515858,161.02794788483146,0.5427835941314697,0.6666666666666666
s04,1752253337.961742,0,7,0.5060520172119141,0.4212818145751953,0.9142241477966307,0.35423641204833983,2.7452370627346987,0.0,0.0,0.0,259.8190596273871,159.20641322345466,0.4523196617762248,0.7142857142857143
s04,1752253338.961742,0,8,0.4936985373497009,0.4194924831390381,0.9142241477966307,0.3949588298797607,2.4020824298928614,0.0,0.0,0.0,251.57651550036945,161.02794788483146,0.5398498262677874,0.75
s04,1752253339.961742,1,8,0.4936985373497009,0.4194924831390381,0.9142241477966307,0.3949588298797607,2.4020824298928614,0.0,0.0,0.0,251.57651550036945,161.02794788483146,0.5398498262677874,0.75
s04,1752253340.961742,1,8,0.5442616641521454,0.4296663999557495,0.9142241477966307,0.43540933132171633,5.815349285121148,0.0,0.0,0.0,267.97591894463625,168.07438829280326,0.6480680874415806,0.75
s04,1752253341.961742,1,8,0.5528914332389832,0.4296663999557495,0.9142241477966307,0.44231314659118653,7.95500463119911,0.14285714285714285,0.14285714285714285,0.0,254.02731152779776,168.07438829280326,0.5870429447719029,0.75
s04,1752253352.961742,0,4,0.5987188816070557,0.5116753578186035,0.9797649383544922,0.23948755264282226,5.314208183266164,0.0,0.0,0.0,513.2615035360308,441.2221662609439,1.1824041207631428,0.5
s04,1752253353.961742,0,5,0.5588395118713378,0.5100858211517334,0.9797649383544922,0.2794197559356689,4.251366546612931,0.0,0.0,0.0,423.95894605828545,298.6367199429966,1.0520833730697632,0.6
s04,1752253354.961742,0,5,0.5588395118713378,0.5100858211517334,0.9797649383544922,0.2794197559356689,4.251366546612931,0.0,0.0,0.0,423.95894605828545,298.6367199429966,1.0520833730697632,0.6
s04,1752253355.961742,0,6,0.5339187383651733,0.459700345993042,0.9797649383544922,0.320351243019104,3.5428054555107757,0.0,0.0,0.0,384.2031424581368,225.17992805754247,1.017702293395996,0.6666666666666666
s04,1752253356.961742,0,7,0.5158773830958775,0.4115560054779053,0.9797649383544922,0.3611141681671143,2.8294774985515785,0.0,0.0,0.0,180.8838889929356,147.20655903823655,0.8269869089126587,0.8571428571428571
s04,1752253357.961742,0,7,0.5158773830958775,0.4115560054779053,0.9797649383544922,0.3611141681671143,2.8294774985515785,0.0,0.0,0.0,180.8838889929356,147.20655903823655,0.8269869089126587,0.8571428571428571
s04,1752253358.961742,0,7,0.49681782722473145,0.4115560054779053,0.8463480472564697,0.347772479057312,2.9488647518345013,0.0,0.0,0.0,287.1251197631135,147.20655903823655,0.5292053620020548,0.7142857142857143
s04,1752253359.961742,0,8,0.5133133232593536,0.4604470729827881,0.8463480472564697,0.4106506586074829,3.210787739122754,0.0,0.0,0.0,264.2703388376445,138.36184445142382,0.5455854620252337,0.75
s04,1752253360.961742,0,8,0.5133133232593536,0.4604470729827881,0.8463480472564697,0.4106506586074829,3.210787739122754,0.0,0.0,0.0,264.2703388376445,138.36184445142382,0.5455854620252337,0.75
s04,1752253361.961742,0,9,0.5599137677086724,0.4115560054779053,1.0364360809326172,0.5039223909378052,4.802859408626867,0.0,0.0,0.0,236.68718538195827,132.59980606410443,0.4893077611923218,0.6666666666666666
s04,1752253362.961742,0,9,0.6021928787231445,0.5093381404876709,1.0364360809326172,0.5419735908508301,6.016211056840287,0.0,0.0,0.0,220.85926092121767,113.27495121975784,0.4066676199436188,0.6666666666666666
s04,1752253363.961742,0,8,0.6275517344474792,0.5690599679946899,1.0364360809326172,0.5020413875579834,6.768237438945322,0.0,0.0,0.0,220.24202275888555,99.40824915468536,0.3390232835497175,0.625
s04,1752253364.961742,0,7,0.6587284292493548,0.628781795501709,1.0364360809326172,0.46110990047454836,7.735128501651798,0.0,0.0,0.0,240.38098502625226,85.5253250425153,0.30940016110738117,0.5714285714285714
s04,1752253365.961742,0,7,0.6726868493216378,0.628781795501709,1.0364360809326172,0.4708807945251465,8.029636046338773,0.0,0.0,0.0,351.3706878729669,132.59980606410443,0.8045845031738281,0.5714285714285714
s04,1752253366.961742,0,6,0.699911634127299,0.7005268335342407,1.0364360809326172,0.4199469804763794,8.94299042792917,0.0,0.0,0.0,205.91091527115796,127.1416532848303,0.8186320304870606,0.6666666666666666
s04,1752253367.961742,0,6,0.625095804532369,0.5690233707427979,1.0364360809326172,0.3750574827194214,6.177566510254983,0.0,0.0,0.0,248.68375762463216,138.05795884337854,0.9744178295135498,0.6666666666666666
s04,1752253368.961742,0,5,0.6243586063385009,0.5092649459838867,1.0364360809326172,0.31217930316925047,6.404230082277875,0.0,0.0,0.0,276.34020731994553,192.4574309262007,1.0984752774238586,0.8
s04,1752253369.961742,0,6,0.6138638257980347,0.4578160047531128,1.2146730422973633,0.3683182954788208,6.0933452679549305,0.0,0.0,0.0,450.12713833510617,341.0058650522011,1.0079346179962159,0.6666666666666666
s04,1752253370.961742,0,7,0.5845272541046143,0.4085078239440918,1.2146730422973633,0.40916907787323,5.222867372532797,0.0,0.0,0.0,399.9594080185634,245.0633107440254,0.9676860173543295,0.7142857142857143
s04,1752253371.961742,0,5,0.5826103687286377,0.4085078239440918,1.2146730422973633,0.29130518436431885,5.127981354761761,0.0,0.0,0.0,419.827620171,245.0633107440254,0.7087525129318237,0.6
s04,1752253372.961742,0,6,0.5661969979604086,0.44631898403167725,1.2146730422973633,0.3397181987762451,4.273317795634801,0.0,0.0,0.0,385.3110597255346,247.24481794367296,0.7717870235443115,0.6666666666666666
s04,1752253373.961742,0,6,0.5661969979604086,0.44631898403167725,1.2146730422973633,0.3397181987762451,4.273317795634801,0.0,0.0,0.0,385.3110597255346,247.24481794367296,0.7717870235443115,0.6666666666666666
s04,1752253374.961742,0,8,0.5231095254421234,0.406192421913147,1.2146730422973633,0.41848762035369874,3.204988346726101,0.0,0.0,0.0,345.15599620665523,247.24481794367296,0.8025806971958706,0.75
s04,1752253375.961742,0,8,0.5092247724533081,0.40103197097778315,1.2146730422973633,0.4073798179626465,2.947294245124997,0.0,0.0,0.0,305.01706178194274,192.50974001333023,0.5993242604391915,0.75
s04,1752253376.961742,0,9,0.5674685637156168,0.4038770198822021,1.2146730422973633,0.5107217073440552,5.716122263596572,0.0,0.0,0.0,394.19099936106346,219.87727897850158,0.5856426060199738,0.6666666666666666
s04,1752253377.961742,0,7,0.49929870877947125,0.4038770198822021,1.033418893814087,0.34950909614562986,3.9809637730527387,0.0,0.0,0.0,327.3906892820931,219.87727897850158,0.6732281446456909,0.5714285714285714
s04,1752253378.961742,0,7,0.49929870877947125,0.4038770198822021,1.033418893814087,0.34950909614562986,3.9809637730527387,0.0,0.0,0.0,327.3906892820931,219.87727897850158,0.6732281446456909,0.5714285714285714
s04,1752253379.961742,0,6,0.518656333287557,0.406192421913147,1.033418893814087,0.31119379997253416,4.644457735228195,0.0,0.0,0.0,363.0446758513418,247.24481794367296,0.6545851707458497,0.5
s04,1752253380.961742,0,5,0.54068603515625,0.4038770198822021,1.033418893814087,0.270343017578125,5.573349282273834,0.0,0.0,0.0,391.99464032825904,244.7683374094566,0.5622501969337463,0.4
s04,1752253381.961742,0,4,0.5548250079154968,0.40103197097778315,1.033418893814087,0.22193000316619874,6.966686602842293,0.0,0.0,0.0,423.65054216915104,192.50974001333023,0.33371631304423016,0.25
s04,1752253382.961742,0,5,0.5206184387207031,0.3981869220733642,1.033418893814087,0.26030921936035156,5.573349282273834,0.0,0.0,0.0,583.2383774362386,605.4591512141193,1.6605992317199707,0.4
s04,1752253383.961742,0,5,0.5698646068572998,0.3981869220733642,1.033418893814087,0.2849323034286499,6.64831698204699,0.0,0.0,0.0,542.3996323014627,539.2209432470614,1.5327797532081604,0.6
s04,1752253384.961742,0,4,0.6769594550132751,0.6453133821487427,1.033418893814087,0.27078378200531006,10.143729560892066,0.0,0.0,0.0,730.4620547402543,1062.0018832375015,1.9652706782023113,0.5
s04,1752253385.961742,0,3,0.5581396420796713,0.6405189037322998,0.6501078605651855,0.16744189262390136,4.236057277399696,0.0,0.0,0.0,564.6921404916307,564.6921404916307,0.1272820234298706,0.3333333333333333
s04,1752253386.961742,0,3,0.5581396420796713,0.6405189037322998,0.6501078605651855,0.16744189262390136,4.236057277399696,0.0,0.0,0.0,564.6921404916307,564.6921404916307,0.1272820234298706,0.3333333333333333
s04,1752253387.961742,0,3,0.5581396420796713,0.6405189037322998,0.6501078605651855,0.16744189262390136,4.236057277399696,0.0,0.0,0.0,564.6921404916307,564.6921404916307,0.1272820234298706,0.3333333333333333
s04,1752253388.961742,0,3,0.5581396420796713,0.6405189037322998,0.6501078605651855,0.16744189262390136,4.236057277399696,0.0,0.0,0.0,564.6921404916307,564.6921404916307,0.1272820234298706,0.3333333333333333
s04,1752253389.961742,0,3,0.5581396420796713,0.6405189037322998,0.6501078605651855,0.16744189262390136,4.236057277399696,0.0,0.0,0.0,564.6921404916307,564.6921404916307,0.1272820234298706,0.3333333333333333
s04,1752253390.961742,0,3,0.5581396420796713,0.6405189037322998,0.6501078605651855,0.16744189262390136,4.236057277399696,0.0,0.0,0.0,564.6921404916307,564.6921404916307,0.1272820234298706,0.3333333333333333
s04,1752253391.961742,0,4,0.7068047523498535,0.6453133821487427,1.1528000831604004,0.28272190093994143,9.177042958049771,0.0,0.0,0.0,390.3538709838702,41.67733196834941,2.055527687072754,0.25
s04,1752253392.961742,0,2,0.8966594934463501,0.8966594934463501,1.1528000831604004,0.17933189868927002,15.666666666666657,0.0,0.0,0.0,41.67733196834941,41.67733196834941,5.9120190143585205,0.0
s04,1752253399.961742,0,2,0.8349130153656006,0.8349130153656006,1.1528000831604004,0.16698260307312013,12.0,0.0,0.0,0.0,502.1434058115271,502.1434058115271,7.290707111358643,0.5
s04,1752253401.961742,0,2,0.502995491027832,0.502995491027832,0.5170259475708008,0.10059909820556641,0.0,0.0,0.0,0.0,531.1591098719855,531.1591098719855,2.1100008487701416,0.5
s04,1752253402.961742,0,2,0.502995491027832,0.502995491027832,0.5170259475708008,0.10059909820556641,0.0,0.0,0.0,0.0,531.1591098719855,531.1591098719855,2.1100008487701416,0.5
s04,1752253403.961742,0,3,0.6211249828338623,0.5170259475708008,0.8573839664459229,0.18633749485015869,3.2904650877690833,0.0,0.0,0.0,778.6024589081253,778.6024589081253,1.3168950080871582,0.3333333333333333
s04,1752253404.961742,0,3,0.6211249828338623,0.5170259475708008,0.8573839664459229,0.18633749485015869,3.2904650877690833,0.0,0.0,0.0,778.6024589081253,778.6024589081253,1.3168950080871582,0.3333333333333333
s04,1752253405.961742,0,5,0.5239875793457032,0.4889650344848633,0.8573839664459229,0.2619937896728516,1.97427905266145,0.0,0.0,0.0,418.8005089544887,306.3778392136434,1.1251877546310425,0.4
s04,1752253406.961742,0,6,0.5044386386871338,0.4478294849395752,0.8573839664459229,0.30266318321228025,1.6452325438845417,0.0,0.0,0.0,349.04183566214067,81.59656855530139,0.900150203704834,0.5
s04,1752253407.961742,0,6,0.5044386386871338,0.4478294849395752,0.8573839664459229,0.30266318321228025,1.6452325438845417,0.0,0.0,0.0,349.04183566214067,81.59656855530139,0.900150203704834,0.5
s04,1752253408.961742,0,5,0.5019211769104004,0.4066939353942871,0.8573839664459229,0.2509605884552002,1.97427905266145,0.0,0.0,0.0,303.51251710967944,75.80185552402497,0.5976875424385071,0.4
s04,1752253409.961742,0,5,0.5019211769104004,0.4066939353942871,0.8573839664459229,0.2509605884552002,1.97427905266145,0.0,0.0,0.0,303.51251710967944,75.80185552402497,0.5976875424385071,0.4
s04,1752253410.961742,0,5,0.5019211769104004,0.4066939353942871,0.8573839664459229,0.2509605884552002,1.97427905266145,0.0,0.0,0.0,303.51251710967944,75.80185552402497,0.5976875424385071,0.4
s04,1752253411.961742,0,6,0.4905933141708374,0.3969944715499878,0.8573839664459229,0.29435598850250244,2.3952325438845414,0.2,0.2,0.0,70.7068510511312,70.00714249274856,1.3129322052001953,0.5
s04,1752253412.961742,0,5,0.4172351837158203,0.3872950077056885,0.5396029949188232,0.20861759185791015,0.9,0.25,0.25,0.0,67.98442167508864,53.203845969575575,1.1744250059127808,0.6
s04,1752253413.961742,0,6,0.4143446683883667,0.39359354972839355,0.5396029949188232,0.24860680103302002,0.75,0.2,0.2,0.0,83.44334570948304,70.00714249274856,1.0889617919921875,0.6666666666666666
s04,1752253414.961742,0,6,0.4143446683883667,0.39359354972839355,0.5396029949188232,0.24860680103302002,0.75,0.2,0.2,0.0,83.44334570948304,70.00714249274856,1.0889617919921875,0.6666666666666666
s04,1752253415.961742,0,3,0.4409370422363281,0.3998920917510986,0.5396029949188232,0.13228111267089843,1.5,0.5,0.5,0.0,86.28686498748651,86.28686498748651,0.3735544681549072,0.6666666666666666
s04,1752253416.961742,0,3,0.4409370422363281,0.3998920917510986,0.5396029949188232,0.13228111267089843,1.5,0.5,0.5,0.0,86.28686498748651,86.28686498748651,0.3735544681549072,0.6666666666666666
s04,1752253417.961742,0,3,0.4409370422363281,0.3998920917510986,0.5396029949188232,0.13228111267089843,1.5,0.5,0.5,0.0,86.28686498748651,86.28686498748651,0.3735544681549072,0.6666666666666666
s04,1752253418.961742,0,4,0.566669762134552,0.46974754333496094,0.9438679218292236,0.2266679048538208,3.565703023720829,0.3333333333333333,0.3333333333333333,0.0,104.629660130163,141.315250415516,1.6755359967549641,0.5
s04,1752253419.961742,0,5,0.5345662117004395,0.4061520099639892,0.9438679218292236,0.26728310585021975,2.852562418976663,0.25,0.25,0.0,125.08568200158805,143.29714613128834,1.3640484809875488,0.6
s04,1752253420.961742,0,5,0.5345662117004395,0.4061520099639892,0.9438679218292236,0.26728310585021975,2.852562418976663,0.25,0.25,0.0,125.08568200158805,143.29714613128834,1.3640484809875488,0.6
s04,1752253421.961742,0,3,0.5833040078481039,0.4061520099639892,0.9438679218292236,0.17499120235443116,3.2542706982944387,0.0,0.0,0.0,163.88449901568958,163.88449901568958,2.3545424938201904,0.3333333333333333
s04,1752253422.961742,0,2,0.6750099658966064,0.6750099658966064,0.9438679218292236,0.1350019931793213,4.881406047441658,0.0,0.0,0.0,186.4537476158632,186.4537476158632,0.4295859336853027,0.5
s04,1752253423.961742,0,3,0.6243223349253336,0.5229470729827881,0.9438679218292236,0.1872967004776001,3.2542706982944387,0.0,0.0,0.0,191.41674090225047,191.41674090225047,1.9200170040130615,0.3333333333333333
s04,1752253424.961742,0,3,0.6243223349253336,0.5229470729827881,0.9438679218292236,0.1872967004776001,3.2542706982944387,0.0,0.0,0.0,191.41674090225047,191.41674090225047,1.9200170040130615,0.3333333333333333
s04,1752253425.961742,0,3,0.6243223349253336,0.5229470729827881,0.9438679218292236,0.1872967004776001,3.2542706982944387,0.0,0.0,0.0,191.41674090225047,191.41674090225047,1.9200170040130615,0.3333333333333333
s04,1752253426.961742,0,3,0.6243223349253336,0.5229470729827881,0.9438679218292236,0.1872967004776001,3.2542706982944387,0.0,0.0,0.0,191.41674090225047,191.41674090225047,1.9200170040130615,0.3333333333333333
s04,1752253427.961742,0,2,0.46454954147338867,0.46454954147338867,0.5229470729827881,0.09290990829467774,0.0,0.0,0.0,0.0,196.3797341886377,196.3797341886377,3.4104480743408203,0.0
s04,1752253428.961742,0,2,0.5201860666275024,0.5201860666275024,0.5229470729827881,0.10403721332550049,6.75,0.0,0.0,0.0,49.36598018878993,49.36598018878993,4.747362852096558,0.0
s04,1752253429.961742,0,3,0.5393117268880209,0.5229470729827881,0.5775630474090576,0.16179351806640624,5.833333333333333,0.0,0.0,0.0,102.7854868534615,102.7854868534615,2.581886410713196,0.3333333333333333
s04,1752253430.961742,0,4,0.5054102540016174,0.5201860666275024,0.5775630474090576,0.20216410160064696,4.375,0.0,0.0,0.0,152.57721225903907,156.20499351813308,2.0264009634653726,0.5
s04,1752253431.961742,0,4,0.5054102540016174,0.5201860666275024,0.5775630474090576,0.20216410160064696,4.375,0.0,0.0,0.0,152.57721225903907,156.20499351813308,2.0264009634653726,0.5
s04,1752253432.961742,0,3,0.49956464767456055,0.5174250602722168,0.5775630474090576,0.14986939430236818,5.833333333333333,0.0,0.0,0.0,204.18282829416364,204.18282829416364,0.6659200191497803,0.6666666666666666
s04,1752253433.961742,0,3,0.49956464767456055,0.5174250602722168,0.5775630474090576,0.14986939430236818,5.833333333333333,0.0,0.0,0.0,204.18282829416364,204.18282829416364,0.6659200191497803,0.6666666666666666
s04,1752253434.961742,0,4,0.5326594710350037,0.5474940538406372,0.631943941116333,0.21306378841400148,4.875,0.0,0.0,0.0,277.6390615580472,252.1606630701942,1.503135363260905,0.5
s04,1752253435.961742,0,4,0.5326594710350037,0.5474940538406372,0.631943941116333,0.21306378841400148,4.875,0.0,0.0,0.0,277.6390615580472,252.1606630701942,1.503135363260905,0.5
s04,1752253436.961742,0,5,0.5040613651275635,0.5174250602722168,0.631943941116333,0.25203068256378175,3.9,0.0,0.0,0.0,265.98416609307077,241.59007138416786,1.4900135397911072,0.6
s04,1752253437.961742,0,5,0.5562229633331299,0.5775630474090576,0.7782330513000488,0.27811148166656496,2.6326548781894403,0.0,0.0,0.0,235.4659417964755,241.59007138416786,1.3859110474586487,0.6
s04,1752253438.961742,0,4,0.550887942314148,0.5178248882293701,0.7782330513000488,0.22035517692565917,2.2908185977368003,0.0,0.0,0.0,229.90103470523593,231.01947969814148,1.5427380402882893,0.5
s04,1752253439.961742,0,4,0.550887942314148,0.5178248882293701,0.7782330513000488,0.22035517692565917,2.2908185977368003,0.0,0.0,0.0,229.90103470523593,231.01947969814148,1.5427380402882893,0.5
s04,1752253440.961742,0,3,0.5999486446380615,0.631943941116333,0.7782330513000488,0.17998459339141845,3.0544247969824005,0.0,0.0,0.0,132.57578801494674,132.57578801494674,0.725324034690857,0.6666666666666666
s04,1752253441.961742,0,4,0.5474739670753479,0.51099693775177,0.7782330513000488,0.21898958683013917,2.2908185977368003,0.0,0.0,0.0,294.0572783388606,231.01947969814148,1.7747596899668376,0.75
s04,1752253442.961742,0,5,0.564290189743042,0.6315550804138184,0.7782330513000488,0.282145094871521,3.982590277735725,0.0,0.0,0.0,439.9434202395307,424.01986934241495,1.5674025416374207,0.6
s04,1752253443.961742,0,5,0.5409304141998291,0.5151450634002686,0.7782330513000488,0.27046520709991456,4.190866530765547,0.0,0.0,0.0,395.4597597549823,335.0525483733182,1.268775761127472,0.6
s04,1752253444.961742,0,6,0.5887033144632975,0.5733500719070435,0.8275678157806396,0.3532219886779785,3.8876734831590034,0.0,0.0,0.0,321.98207534303316,53.08483775994799,1.0150206089019775,0.6666666666666666
s04,1752253445.961742,0,6,0.6104453007380167,0.5758379697799683,0.8275678157806396,0.36626718044281004,4.673838577497054,0.0,0.0,0.0,375.84008571065067,303.42214816983943,1.1679564476013184,0.6666666666666666
s04,1752253446.961742,0,5,0.5768877506256104,0.5201208591461182,0.8275678157806396,0.2884438753128052,4.175951414807024,0.0,0.0,0.0,315.5450423916412,178.25349296489372,0.49153780937194824,0.6
s04,1752253447.961742,0,5,0.5768877506256104,0.5201208591461182,0.8275678157806396,0.2884438753128052,4.175951414807024,0.0,0.0,0.0,315.5450423916412,178.25349296489372,0.49153780937194824,0.6
s04,1752253448.961742,0,6,0.544105609258016,0.5176329612731934,0.8275678157806396,0.3264633655548096,3.4799595123391867,0.2,0.0,0.2,354.69257404645066,303.42214816983943,0.7830848693847656,0.5
s05,1752254198.948162,0,5,0.5452041625976562,0.6260359287261963,0.6733360290527344,0.2726020812988281,2.872900250835248,0.0,0.0,0.0,533.3930716215805,521.8396917833824,1.544881522655487,0.8
s05,1752254199.948162,0,3,0.563765287399292,0.6260359287261963,0.6733360290527344,0.1691295862197876,2.2912554120316098,0.0,0.0,0.0,1020.3105082273569,1020.3105082273569,2.955483555793762,0.6666666666666666
s05,1752254200.948162,0,2,0.6496859788894653,0.6496859788894653,0.6733360290527344,0.12993719577789306,3.436883118047415,0.0,0.0,0.0,1057.612878136419,1057.612878136419,0.508897066116333,0.5
s05,1752254201.948162,0,2,0.6496859788894653,0.6496859788894653,0.6733360290527344,0.12993719577789306,3.436883118047415,0.0,0.0,0.0,1057.612878136419,1057.612878136419,0.508897066116333,0.5
s05,1752254202.948162,0,2,0.6496859788894653,0.6496859788894653,0.6733360290527344,0.12993719577789306,3.436883118047415,0.0,0.0,0.0,1057.612878136419,1057.612878136419,0.508897066116333,0.5
s05,1752254203.948162,0,2,0.6496859788894653,0.6496859788894653,0.6733360290527344,0.12993719577789306,3.436883118047415,0.0,0.0,0.0,1057.612878136419,1057.612878136419,0.508897066116333,0.5
s05,1752254204.948162,0,2,0.6496859788894653,0.6496859788894653,0.6733360290527344,0.12993719577789306,3.436883118047415,0.0,0.0,0.0,1057.612878136419,1057.612878136419,0.508897066116333,0.5
s05,1752254205.948162,0,2,0.6496859788894653,0.6496859788894653,0.6733360290527344,0.12993719577789306,3.436883118047415,0.0,0.0,0.0,1057.612878136419,1057.612878136419,0.508897066116333,0.5
s05,1752254215.948162,0,2,0.7844095230102539,0.7844095230102539,0.78678297996521,0.1568819046020508,13.919727921909907,0.0,0.0,0.0,286.6810073932349,286.6810073932349,7.163676023483276,0.0
s05,1752254216.948162,0,2,0.5978554487228394,0.5978554487228394,0.78678297996521,0.11957108974456787,7.668478046884913,1.0,0.0,1.0,292.0154105522515,292.0154105522515,0.8526179790496826,0.0
s05,1752254217.948162,0,3,0.7216043472290039,0.78678297996521,0.969102144241333,0.21648130416870118,8.650679900514097,1.0,0.0,1.0,160.40388532501373,160.40388532501373,0.4263089895248413,0.3333333333333333
s05,1752254218.948162,0,3,0.7216043472290039,0.78678297996521,0.969102144241333,0.21648130416870118,8.650679900514097,1.0,0.0,1.0,160.40388532501373,160.40388532501373,0.4263089895248413,0.3333333333333333
s05,1752254219.948162,0,3,0.7216043472290039,0.78678297996521,0.969102144241333,0.21648130416870118,8.650679900514097,1.0,0.0,1.0,160.40388532501373,160.40388532501373,0.4263089895248413,0.3333333333333333
s05,1752254220.948162,0,3,0.7216043472290039,0.78678297996521,0.969102144241333,0.21648130416870118,8.650679900514097,1.0,0.0,1.0,160.40388532501373,160.40388532501373,0.4263089895248413,0.3333333333333333
s05,1752254221.948162,0,3,0.7216043472290039,0.78678297996521,0.969102144241333,0.21648130416870118,8.650679900514097,1.0,0.0,1.0,160.40388532501373,160.40388532501373,0.4263089895248413,0.3333333333333333
s05,1752254222.948162,0,4,0.6925302743911743,0.6960455179214478,0.969102144241333,0.2770121097564697,8.008700557960129,0.6666666666666666,0.0,0.6666666666666666,113.68540912711468,28.792360097775937,1.8112846215565999,0.5
s05,1752254223.948162,0,4,0.6925302743911743,0.6960455179214478,0.969102144241333,0.2770121097564697,8.008700557960129,0.6666666666666666,0.0,0.6666666666666666,113.68540912711468,28.792360097775937,1.8112846215565999,0.5
s05,1752254224.948162,0,3,0.6611127058664957,0.6053080558776855,0.969102144241333,0.19833381175994874,5.565948712690229,0.5,0.0,0.5,24.52040841454626,24.52040841454626,2.2906179428100586,0.6666666666666666
s05,1752254225.948162,0,2,0.7872051000595093,0.7872051000595093,0.969102144241333,0.15744102001190186,8.348923069035344,0.0,0.0,0.0,20.248456731316587,20.248456731316587,4.581235885620117,0.5
s05,1752254227.948162,0,2,0.7943395376205444,0.7943395376205444,0.9833710193634032,0.1588679075241089,8.458047931815777,0.0,0.0,0.0,771.1660002878758,771.1660002878758,3.853350877761841,0.5
s05,1752254228.948162,0,2,0.7943395376205444,0.7943395376205444,0.9833710193634032,0.1588679075241089,8.458047931815777,0.0,0.0,0.0,771.1660002878758,771.1660002878758,3.853350877761841,0.5
s05,1752254229.948162,1,3,0.7879520257314047,0.775177001953125,0.9833710193634032,0.23638560771942138,11.972031954543851,0.0,0.0,0.0,775.6999697825323,775.6999697825323,2.5701215267181396,0.3333333333333333
s05,1752254230.948162,1,3,0.7879520257314047,0.775177001953125,0.9833710193634032,0.23638560771942138,11.972031954543851,0.0,0.0,0.0,775.6999697825323,775.6999697825323,2.5701215267181396,0.3333333333333333
s05,1752254231.948162,1,3,0.7585260073343912,0.775177001953125,0.9833710193634032,0.22755780220031738,11.28815406916087,0.0,0.0,0.0,661.128500758582,661.128500758582,1.5498055219650269,0.3333333333333333
s05,1752254242.948162,0,6,0.5611921946207682,0.5653970241546631,0.7607510089874268,0.3367153167724609,3.542995670213042,0.0,0.0,0.0,208.43091902397413,201.6829194552677,1.049793004989624,0.6666666666666666
s05,1752254243.948162,0,7,0.5493136133466449,0.5057640075683594,0.7607510089874268,0.3845195293426514,3.0368534316111786,0.0,0.0,0.0,343.56362555229407,292.3473343111567,0.9817833105723063,0.5714285714285714
s05,1752254244.948162,0,5,0.5390698432922363,0.5057640075683594,0.7170670032501221,0.26953492164611814,1.8423533376432921,0.0,0.0,0.0,412.6417816494507,302.8637357270889,0.893473207950592,0.6
s05,1752254245.948162,0,5,0.5390698432922363,0.5057640075683594,0.7170670032501221,0.26953492164611814,1.8423533376432921,0.0,0.0,0.0,412.6417816494507,302.8637357270889,0.893473207950592,0.6
s05,1752254246.948162,0,5,0.5390698432922363,0.5057640075683594,0.7170670032501221,0.26953492164611814,1.8423533376432921,0.0,0.0,0.0,412.6417816494507,302.8637357270889,0.893473207950592,0.6
s05,1752254247.948162,0,4,0.5473963022232056,0.5515360832214355,0.7170670032501221,0.21895852088928222,1.5425963557668378,0.0,0.0,0.0,415.5075248662976,201.6829194552677,0.5288116137186686,0.5
s05,1752254248.948162,0,4,0.5473963022232056,0.5515360832214355,0.7170670032501221,0.21895852088928222,1.5425963557668378,0.0,0.0,0.0,415.5075248662976,201.6829194552677,0.5288116137186686,0.5
s05,1752254249.948162,0,5,0.5169686317443848,0.4780421257019043,0.7170670032501221,0.2584843158721924,1.2340770846134703,0.0,0.0,0.0,560.4018738995252,598.3839202272378,1.7562502026557922,0.6
s05,1752254250.948162,0,4,0.46694403886795044,0.43665003776550293,0.6250300407409668,0.18677761554718017,0.375,0.0,0.0,0.0,679.9748587142777,995.084920999208,2.0267669359842935,0.5
s05,1752254251.948162,0,4,0.7108010053634644,0.5515360832214355,1.3448739051818848,0.28432040214538573,1.257224638343319,0.0,0.0,0.0,1003.1457323182275,995.1251177615808,2.27594264348348,0.25
s05,1752254252.948162,0,4,0.646888256072998,0.43665003776550293,1.3448739051818848,0.2587553024291992,0.882224638343319,0.0,0.0,0.0,673.1215994116718,995.084920999208,2.0620310306549072,0.5
s05,1752254253.948162,0,3,0.7031702995300293,0.3952579498291015,1.3448739051818848,0.2109510898590088,1.176299517791092,0.0,0.0,0.0,512.1399386179037,512.1399386179037,0.3737635612487793,0.3333333333333333
s05,1752254254.948162,0,3,0.7031702995300293,0.3952579498291015,1.3448739051818848,0.2109510898590088,1.176299517791092,0.0,0.0,0.0,512.1399386179037,512.1399386179037,0.3737635612487793,0.3333333333333333
s05,1752254255.948162,0,4,0.6478750109672546,0.43862354755401606,1.3448739051818848,0.25915000438690183,0.882224638343319,0.0,0.0,0.0,570.775462430544,688.0465100558247,1.249305009841919,0.5
s05,1752254256.948162,0,6,0.5992660125096639,0.4457095861434936,1.3448739051818848,0.35955960750579835,2.1714830922288795,0.0,0.0,0.0,370.8054210818798,115.0173899895142,0.8241065979003906,0.6666666666666666
s05,1752254257.948162,0,7,0.5831375803266253,0.4819891452789306,1.3448739051818848,0.4081963062286377,2.075556936196182,0.0,0.0,0.0,314.17118423489984,73.0086949947571,0.6867554982503256,0.7142857142857143
s05,1752254258.948162,0,7,0.5831375803266253,0.4819891452789306,1.3448739051818848,0.4081963062286377,2.075556936196182,0.0,0.0,0.0,314.17118423489984,73.0086949947571,0.6867554982503256,0.7142857142857143
s05,1752254259.948162,0,7,0.6009567124502999,0.4863669872283935,1.3448739051818848,0.42066969871521,2.075556936196182,0.0,0.0,0.0,298.24596260272006,73.0086949947571,0.8334391514460245,0.7142857142857143
s05,1752254260.948162,0,6,0.47697051366170246,0.48417806625366205,0.5946660041809082,0.2861823081970215,1.8333333333333333,0.0,0.0,0.0,352.06420322841876,115.0173899895142,1.0001269817352294,0.6666666666666666
s05,1752254261.948162,0,5,0.4984888076782227,0.4863669872283935,0.5946660041809082,0.24924440383911134,2.2,0.0,0.0,0.0,268.0686265215673,73.0086949947571,0.5000617504119873,0.6
s05,1752254262.948162,0,5,0.4984888076782227,0.4863669872283935,0.5946660041809082,0.24924440383911134,2.2,0.0,0.0,0.0,268.0686265215673,73.0086949947571,0.5000617504119873,0.6
s05,1752254263.948162,0,6,0.48236318429311115,0.48417806625366205,0.5946660041809082,0.2894179105758667,1.8333333333333333,0.0,0.0,0.0,344.67701915426176,115.0173899895142,1.1054028034210206,0.6666666666666666
s05,1752254264.948162,0,7,0.46817146028791157,0.4819891452789306,0.5946660041809082,0.32772002220153806,1.5714285714285714,0.0,0.0,0.0,299.40778560029,94.03950390997275,0.9609354734420776,0.7142857142857143
s05,1752254265.948162,0,6,0.4291781584421794,0.4055825471878052,0.5199918746948242,0.2575068950653076,0.25,0.0,0.0,0.0,388.9712638652946,290.1103238424996,1.336771583557129,0.6666666666666666
s05,1752254266.948162,0,4,0.4198179841041565,0.3923780918121338,0.5199918746948242,0.1679271936416626,0.0,0.0,0.0,0.0,338.09417711932355,290.1103238424996,1.6854096253712971,0.75
s05,1752254267.948162,0,5,0.5032758235931396,0.4017350673675537,0.8371071815490723,0.2516379117965698,3.1693847983480956,0.0,0.0,0.0,498.23596548799026,470.6104567637696,1.4241454601287842,0.6
s05,1752254268.948162,0,6,0.5333821773529053,0.46086347103118896,0.8371071815490723,0.32002930641174315,4.9196091824467265,0.0,0.0,0.0,438.4389919631875,290.1103238424996,1.3257977485656738,0.6666666666666666
s05,1752254269.948162,0,5,0.5360602378845215,0.4017350673675537,0.8371071815490723,0.26803011894226075,5.903531018936072,0.0,0.0,0.0,385.27109253272454,244.6807108532381,0.775555431842804,0.6
s05,1752254270.948162,1,7,0.5298738820212228,0.4017350673675537,0.8371071815490723,0.37091171741485596,4.442684846394935,0.0,0.0,0.0,261.9818006474614,136.156357847204,0.69156813621521,0.7142857142857143
s05,1752254271.948162,1,7,0.5298738820212228,0.4017350673675537,0.8371071815490723,0.37091171741485596,4.442684846394935,0.0,0.0,0.0,261.9818006474614,136.156357847204,0.69156813621521,0.7142857142857143
s05,1752254272.948162,1,8,0.52631014585495,0.4515495300292969,0.8371071815490723,0.42104811668395997,3.8873492405955687,0.14285714285714285,0.14285714285714285,0.0,256.1301664196817,199.25109786397664,0.6777016775948661,0.75
s05,1752254283.948162,0,5,0.44353418350219725,0.3806519508361816,0.6132268905639648,0.22176709175109863,1.1642832797715266,0.0,0.0,0.0,87.07340046794793,54.13870994681048,0.24289202690124512,0.8
s05,1752254284.948162,0,6,0.43250330289204914,0.3790004253387451,0.6132268905639648,0.2595019817352295,0.970236066476272,0.0,0.0,0.0,179.476933800001,54.147945482723536,0.6644630432128906,0.8333333333333334
s05,1752254285.948162,0,6,0.43250330289204914,0.3790004253387451,0.6132268905639648,0.2595019817352295,0.970236066476272,0.0,0.0,0.0,179.476933800001,54.147945482723536,0.6644630432128906,0.8333333333333334
s05,1752254286.948162,0,7,0.5073534079960415,0.3806519508361816,0.9564540386199952,0.355147385597229,3.2914301426974752,0.0,0.0,0.0,317.82317102165365,132.27497083548633,0.663399855295817,0.7142857142857143
s05,1752254287.948162,0,7,0.5073534079960415,0.3806519508361816,0.9564540386199952,0.355147385597229,3.2914301426974752,0.0,0.0,0.0,317.82317102165365,132.27497083548633,0.663399855295817,0.7142857142857143
s05,1752254288.948162,0,7,0.5377092361450195,0.4796440601348877,0.9564540386199952,0.37639646530151366,3.743184094150101,0.0,0.0,0.0,379.9752840341949,318.7220743371971,0.9714943567911783,0.7142857142857143
s05,1752254289.948162,0,6,0.5649024645487467,0.5308665037155151,0.9564540386199952,0.33894147872924807,4.367048109841784,0.0,0.0,0.0,413.88994160338405,427.0421524861451,0.9978320121765136,0.6666666666666666
s05,1752254290.948162,0,5,0.5545665740966796,0.4796440601348877,0.9564540386199952,0.2772832870483398,4.0761744520386145,0.0,0.0,0.0,554.1805515458102,488.06660980717913,1.656298279762268,0.6
s05,1752254291.948162,0,4,0.5732972025871277,0.4797189235687256,0.9564540386199952,0.22931888103485107,5.095218065048268,0.0,0.0,0.0,555.8770463516759,427.0421524861451,1.4248153368632,0.5
s05,1752254292.948162,0,4,0.5732972025871277,0.4797189235687256,0.9564540386199952,0.22931888103485107,5.095218065048268,0.0,0.0,0.0,555.8770463516759,427.0421524861451,1.4248153368632,0.5
s05,1752254293.948162,0,5,0.5740701675415039,0.5771620273590088,0.9564540386199952,0.28703508377075193,6.178554056201479,0.0,0.0,0.0,578.1238664677853,535.9532396511296,1.736753523349762,0.4
s05,1752254294.948162,0,4,0.6232504844665527,0.5796254873275757,0.9564540386199952,0.2493001937866211,7.7231925702518485,0.0,0.0,0.0,434.3137029137415,427.0421524861451,2.0963100592295327,0.5
s05,1752254295.948162,0,4,0.5124667286872864,0.5452405214309692,0.5820889472961426,0.20498669147491455,4.44932032665009,0.0,0.0,0.0,354.6338719369119,231.03462943896528,1.8060476779937744,0.5
s05,1752254296.948162,0,4,0.5124667286872864,0.5452405214309692,0.5820889472961426,0.20498669147491455,4.44932032665009,0.0,0.0,0.0,354.6338719369119,231.03462943896528,1.8060476779937744,0.5
s05,1752254297.948162,0,4,0.5124667286872864,0.5452405214309692,0.5820889472961426,0.20498669147491455,4.44932032665009,0.0,0.0,0.0,354.6338719369119,231.03462943896528,1.8060476779937744,0.5
s05,1752254298.948162,0,3,0.4892593224843343,0.5133190155029297,0.5771620273590088,0.14677779674530028,4.87833454881066,0.0,0.0,0.0,416.43349318588514,416.43349318588514,1.8910549879074094,0.3333333333333333
s05,1752254299.948162,0,4,0.48432624340057373,0.49142301082611084,0.5771620273590088,0.1937304973602295,3.658750911607995,0.3333333333333333,0.3333333333333333,0.0,342.2898545580794,194.0025773024678,2.4042373498280845,0.5
s05,1752254300.948162,1,5,0.5122230052947998,0.5133190155029297,0.6223018169403076,0.2561115026473999,3.4270007292863958,0.25,0.25,0.0,128.01445800975125,140.00132977782815,1.192937970161438,0.8
s05,1752254301.948162,1,6,0.48978984355926514,0.49142301082611084,0.6223018169403076,0.2938739061355591,2.8558339410719964,0.2,0.2,0.0,108.01513669824976,92.0,0.9543503761291504,0.8333333333333334
s05,1752254302.948162,1,7,0.4928962843758719,0.5115349292755127,0.6223018169403076,0.34502739906311036,3.3168237395328855,0.16666666666666666,0.16666666666666666,0.0,124.67968122058538,140.00132977782815,0.979922334353129,0.8571428571428571
s05,1752254313.948162,0,5,0.5755819797515869,0.506903886795044,1.029289960861206,0.28779098987579343,4.041255870732519,0.0,0.0,0.0,445.8944052585414,440.77109062564887,1.4995397925376892,0.6
s05,1752254314.948162,0,4,0.6265727281570435,0.5470374822616577,1.029289960861206,0.2506290912628174,5.051569838415649,0.0,0.0,0.0,338.6784799276226,114.0,1.4746753374735515,0.75
s05,1752254315.948162,0,6,0.6298977931340536,0.5470374822616577,1.029289960861206,0.3779386758804321,4.983262667750785,0.0,0.0,0.0,416.69402401113484,114.0,1.0325260162353516,0.6666666666666666
s05,1752254316.948162,0,5,0.550019359588623,0.506903886795044,0.857731819152832,0.2750096797943115,2.1622661283184024,0.0,0.0,0.0,303.8623457440491,89.89376840679705,0.2750800251960754,0.6
s05,1752254317.948162,0,5,0.550019359588623,0.506903886795044,0.857731819152832,0.2750096797943115,2.1622661283184024,0.0,0.0,0.0,303.8623457440491,89.89376840679705,0.2750800251960754,0.6
s05,1752254318.948162,0,5,0.550019359588623,0.506903886795044,0.857731819152832,0.2750096797943115,2.1622661283184024,0.0,0.0,0.0,303.8623457440491,89.89376840679705,0.2750800251960754,0.6
s05,1752254319.948162,0,5,0.550019359588623,0.506903886795044,0.857731819152832,0.2750096797943115,2.1622661283184024,0.0,0.0,0.0,303.8623457440491,89.89376840679705,0.2750800251960754,0.6
s05,1752254320.948162,0,5,0.550019359588623,0.506903886795044,0.857731819152832,0.2750096797943115,2.1622661283184024,0.0,0.0,0.0,303.8623457440491,89.89376840679705,0.2750800251960754,0.6
s05,1752254321.948162,0,5,0.550019359588623,0.506903886795044,0.857731819152832,0.2750096797943115,2.1622661283184024,0.0,0.0,0.0,303.8623457440491,89.89376840679705,0.2750800251960754,0.6
s05,1752254322.948162,0,4,0.6915310025215149,0.7224514484405518,0.9058570861816406,0.27661240100860596,3.7540224624794467,0.0,0.0,0.0,683.1464209156132,982.0045824740332,2.0719380378723145,0.5
s05,1752254323.948162,0,4,0.7490964531898499,0.8375823497772217,0.9058570861816406,0.29963858127593995,9.303455764623992,0.0,0.0,0.0,694.2569543435684,982.0045824740332,2.032594680786133,0.5
s05,1752254324.948162,0,3,0.7128846645355225,0.8174328804016113,0.9058570861816406,0.21386539936065674,9.173508801884617,0.0,0.0,0.0,1008.4916631085556,1008.4916631085556,2.925230026245117,0.3333333333333333
s05,1752254325.948162,0,3,0.7087079683939616,0.8174328804016113,0.9058570861816406,0.21261239051818848,9.173508801884617,0.0,0.0,0.0,637.5404026876049,637.5404026876049,0.7772560119628906,0.3333333333333333
s05,1752254326.948162,0,3,0.7087079683939616,0.8174328804016113,0.9058570861816406,0.21261239051818848,9.173508801884617,0.0,0.0,0.0,637.5404026876049,637.5404026876049,0.7772560119628906,0.3333333333333333
s05,1752254327.948162,0,3,0.7087079683939616,0.8174328804016113,0.9058570861816406,0.21261239051818848,9.173508801884617,0.0,0.0,0.0,637.5404026876049,637.5404026876049,0.7772560119628906,0.3333333333333333
s05,1752254328.948162,0,4,0.6362149715423584,0.6180844306945801,0.9058570861816406,0.2544859886169434,6.8801316014134635,0.0,0.0,0.0,656.0329475528373,693.0180372833019,1.4861427148183186,0.5
s05,1752254329.948162,0,5,0.6158833980560303,0.5345571041107178,0.9058570861816406,0.30794169902801516,5.916415843692537,0.0,0.0,0.0,506.53332879317486,466.5600494577168,1.1821817755699158,0.6
s05,1752254330.948162,0,6,0.6556071837743124,0.6759949922561646,0.9058570861816406,0.3933643102645874,7.974580612678419,0.0,0.0,0.0,606.6103763779977,693.0180372833019,1.0805955886840821,0.5
s05,1752254331.948162,0,5,0.6055572032928467,0.5345571041107178,0.8542261123657227,0.30277860164642334,8.728544893548948,0.0,0.0,0.0,499.5182845367276,466.5600494577168,1.257431983947754,0.6
s05,1752254332.948162,0,5,0.5676671981811523,0.5345571041107178,0.8542261123657227,0.28383359909057615,4.697846986117008,0.0,0.0,0.0,525.9927691286947,519.509018641651,1.3251954913139343,0.6
s05,1752254333.948162,0,5,0.5676671981811523,0.5345571041107178,0.8542261123657227,0.28383359909057615,4.697846986117008,0.0,0.0,0.0,525.9927691286947,519.509018641651,1.3251954913139343,0.6
s05,1752254334.948162,0,4,0.6088755130767822,0.5812699794769287,0.8542261123657227,0.24355020523071289,5.8723087326462595,0.0,0.0,0.0,470.31767974382564,346.0,0.7989552815755209,0.5
s05,1752254335.948162,0,4,0.6088755130767822,0.5812699794769287,0.8542261123657227,0.24355020523071289,5.8723087326462595,0.0,0.0,0.0,470.31767974382564,346.0,0.7989552815755209,0.5
s05,1752254336.948162,0,4,0.6088755130767822,0.5812699794769287,0.8542261123657227,0.24355020523071289,5.8723087326462595,0.0,0.0,0.0,470.31767974382564,346.0,0.7989552815755209,0.5
s05,1752254337.948162,0,5,0.6002304077148437,0.5345571041107178,0.8542261123657227,0.30011520385742185,4.697846986117008,0.0,0.0,0.0,511.53521707610145,501.5003805172834,1.5115900039672852,0.6
s05,1752254338.948162,0,4,0.6166487336158752,0.5667668581008911,0.8542261123657227,0.2466594934463501,5.356920529444052,0.0,0.0,0.0,346.4074338623722,346.0,1.7907030582427979,0.75
s05,1752254339.948162,0,5,0.6091529846191406,0.5055508613586426,1.0469629764556885,0.3045764923095703,4.738007328754257,0.0,0.0,0.0,438.05517379977834,347.66414841402025,1.1155875325202942,0.6
s05,1752254340.948162,0,5,0.6091529846191406,0.5055508613586426,1.0469629764556885,0.3045764923095703,4.738007328754257,0.0,0.0,0.0,438.05517379977834,347.66414841402025,1.1155875325202942,0.6
s05,1752254341.948162,0,6,0.5910078287124634,0.5029164552688599,1.0469629764556885,0.354604697227478,4.962133195678251,0.0,0.0,0.0,421.66688821450697,356.1137458734217,1.1233637809753418,0.6666666666666666
s05,1752254342.948162,0,6,0.5515923500061035,0.4895585775375366,1.0469629764556885,0.33095541000366213,4.435086918983521,0.0,0.0,0.0,323.8816136661543,168.07438829280326,0.5246335506439209,0.6666666666666666
s05,1752254343.948162,0,6,0.5515923500061035,0.4895585775375366,1.0469629764556885,0.33095541000366213,4.435086918983521,0.0,0.0,0.0,323.8816136661543,168.07438829280326,0.5246335506439209,0.6666666666666666
s05,1752254344.948162,0,6,0.5515923500061035,0.4895585775375366,1.0469629764556885,0.33095541000366213,4.435086918983521,0.0,0.0,0.0,323.8816136661543,168.07438829280326,0.5246335506439209,0.6666666666666666
s05,1752254345.948162,0,7,0.529160737991333,0.4788351058959961,1.0469629764556885,0.3704125165939331,3.801503073414447,0.0,0.0,0.0,349.96399380223585,262.09406708311246,0.8611776431401571,0.7142857142857143
s05,1752254346.948162,0,7,0.5130238873617989,0.3945710659027099,1.0469629764556885,0.35911672115325927,3.801503073414447,0.0,0.0,0.0,516.9692938689723,418.2448201780327,0.8988548119862875,0.5714285714285714
s05,1752254347.948162,0,6,0.5187220176060995,0.39358198642730713,1.0469629764556885,0.31123321056365966,4.435086918983521,0.0,0.0,0.0,416.228981079062,356.1137458734217,0.9701143741607666,0.6666666666666666
s05,1752254348.948162,0,5,0.41307382583618163,0.3925929069519043,0.5002820491790771,0.20653691291809081,1.2165525060596438,0.0,0.0,0.0,510.70434240045915,418.2448201780327,1.2126429677009583,0.6
s05,1752254349.948162,0,4,0.41973400115966797,0.39358198642730713,0.5002820491790771,0.1678936004638672,1.5206906325745548,0.0,0.0,0.0,562.234541242805,480.3758944826437,1.2320343653361003,0.5
s05,1752254350.948162,0,3,0.3928846518198649,0.3925929069519043,0.3945710659027099,0.11786539554595947,0.0,0.0,0.0,0.0,759.3146177178058,759.3146177178058,1.38498055934906,0.3333333333333333
s06,1752254931.637358,0,4,0.5604742765426636,0.45824205875396723,0.8945901393890381,0.22418971061706544,5.411536031684735,0.0,0.0,0.0,51.65090275510982,31.78049716414141,2.1914989948272705,0.5
s06,1752254932.637358,0,2,0.6747145652770996,0.6747145652770996,0.8945901393890381,0.13494291305541992,10.82307206336947,0.0,0.0,0.0,93.74433316206373,93.74433316206373,0.1514220237731933,0.5
s06,1752254933.637358,0,3,0.6791033744812012,0.6878809928894043,0.8945901393890381,0.20373101234436036,10.565339915953276,0.0,0.0,0.0,258.4879741191267,258.4879741191267,1.1289739608764648,0.6666666666666666
s06,1752254934.637358,0,4,0.6160222887992859,0.5713599920272827,0.8945901393890381,0.24640891551971436,7.924004936964957,0.0,0.0,0.0,193.01616214986913,93.74433316206373,1.0061039924621582,0.75
s06,1752254935.637358,0,4,0.6160222887992859,0.5713599920272827,0.8945901393890381,0.24640891551971436,7.924004936964957,0.0,0.0,0.0,193.01616214986913,93.74433316206373,1.0061039924621582,0.75
s06,1752254936.637358,0,4,0.6160222887992859,0.5713599920272827,0.8945901393890381,0.24640891551971436,7.924004936964957,0.0,0.0,0.0,193.01616214986913,93.74433316206373,1.0061039924621582,0.75
s06,1752254937.637358,0,4,0.6160222887992859,0.5713599920272827,0.8945901393890381,0.24640891551971436,7.924004936964957,0.0,0.0,0.0,193.01616214986913,93.74433316206373,1.0061039924621582,0.75
s06,1752254938.637358,0,5,0.6747702121734619,0.6878809928894043,0.909761905670166,0.33738510608673095,10.173587863579534,0.0,0.0,0.0,287.87964325108874,258.4879741191267,1.4430904984474182,0.6
s06,1752254939.637358,0,4,0.6198152303695679,0.5713599920272827,0.909761905670166,0.24792609214782715,7.305448797789683,0.0,0.0,0.0,352.5914132807637,423.2316150761897,1.87364665667216,0.5
s06,1752254940.637358,0,3,0.6748073101043701,0.6878809928894043,0.909761905670166,0.20244219303131103,9.740598397052912,0.0,0.0,0.0,317.2713123830507,317.2713123830507,1.7572070360183716,0.3333333333333333
s06,1752254941.637358,0,4,0.700107216835022,0.7319439649581909,0.909761905670166,0.2800428867340088,11.146925654995055,0.0,0.0,0.0,216.51420825536715,62.07253821135398,1.9791707197825115,0.5
s06,1752254942.637358,0,3,0.7041826248168945,0.7760069370269775,0.909761905670166,0.21125478744506837,11.512608999619777,0.0,0.0,0.0,293.73504327737373,293.73504327737373,2.5885740518569946,0.3333333333333333
s06,1752254943.637358,0,3,0.7041826248168945,0.7760069370269775,0.909761905670166,0.21125478744506837,11.512608999619777,0.0,0.0,0.0,293.73504327737373,293.73504327737373,2.5885740518569946,0.3333333333333333
s06,1752254944.637358,0,3,0.7081436316172282,0.7760069370269775,0.909761905670166,0.21244308948516846,11.512608999619777,0.0,0.0,0.0,190.54371062672436,190.54371062672436,2.461668014526367,0.6666666666666666
s06,1752254945.637358,0,3,0.7081436316172282,0.7760069370269775,0.909761905670166,0.21244308948516846,11.512608999619777,0.0,0.0,0.0,190.54371062672436,190.54371062672436,2.461668014526367,0.6666666666666666
s06,1752254946.637358,0,3,0.7081436316172282,0.7760069370269775,0.909761905670166,0.21244308948516846,11.512608999619777,0.0,0.0,0.0,190.54371062672436,190.54371062672436,2.461668014526367,0.6666666666666666
s06,1752254947.637358,0,3,0.563555637995402,0.4759979248046875,0.7760069370269775,0.1690666913986206,5.121969142940494,0.0,0.0,0.0,474.06475797553725,474.06475797553725,2.6492714881896973,0.6666666666666666
s06,1752254948.637358,0,3,0.563555637995402,0.4759979248046875,0.7760069370269775,0.1690666913986206,5.121969142940494,0.0,0.0,0.0,474.06475797553725,474.06475797553725,2.6492714881896973,0.6666666666666666
s06,1752254949.637358,0,4,0.6356267333030701,0.6260024309158325,0.8518400192260742,0.254250693321228,8.473228685617597,0.0,0.0,0.0,634.5335346496772,582.0420946976258,2.0559237003326416,0.5
s06,1752254950.637358,0,3,0.5888333320617676,0.4759979248046875,0.8518400192260742,0.17664999961853028,6.175669104549635,0.0,0.0,0.0,768.7565913477915,768.7565913477915,1.8337665796279907,0.3333333333333333
s06,1752254951.637358,0,3,0.5888333320617676,0.4759979248046875,0.8518400192260742,0.17664999961853028,6.175669104549635,0.0,0.0,0.0,768.7565913477915,768.7565913477915,1.8337665796279907,0.3333333333333333
s06,1752254952.637358,0,4,0.6029422879219055,0.5606335401535034,0.8518400192260742,0.24117691516876222,5.338858609598774,0.0,0.0,0.0,654.1773352693866,582.0420946976258,2.0549583435058594,0.5
s06,1752254953.637358,0,4,0.6029422879219055,0.5606335401535034,0.8518400192260742,0.24117691516876222,5.338858609598774,0.0,0.0,0.0,654.1773352693866,582.0420946976258,2.0549583435058594,0.5
s06,1752254954.637358,0,3,0.657702366511027,0.6452691555023193,0.8518400192260742,0.1973107099533081,7.118478146131699,0.0,0.0,0.0,690.2449555552671,690.2449555552671,1.6832849979400635,0.3333333333333333
s06,1752254955.637358,0,4,0.6082587242126465,0.5606335401535034,0.8518400192260742,0.2433034896850586,5.338858609598774,0.0,0.0,0.0,627.175279322028,501.03592685555,1.9049203395843506,0.5
s06,1752254956.637358,0,4,0.6082587242126465,0.5606335401535034,0.8518400192260742,0.2433034896850586,5.338858609598774,0.0,0.0,0.0,627.175279322028,501.03592685555,1.9049203395843506,0.5
s06,1752254957.637358,0,5,0.5790353775024414,0.4875991344451904,0.8518400192260742,0.2895176887512207,4.27108688767902,0.0,0.0,0.0,493.1234391669688,463.0273749840635,1.5541540384292603,0.6
s06,1752254958.637358,0,4,0.5108342170715332,0.47376346588134766,0.6452691555023193,0.20433368682861328,0.7071067811865476,0.0,0.0,0.0,515.8249778517661,501.03592685555,1.2397580941518147,0.5
s06,1752254959.637358,0,4,0.5108342170715332,0.47376346588134766,0.6452691555023193,0.20433368682861328,0.7071067811865476,0.0,0.0,0.0,515.8249778517661,501.03592685555,1.2397580941518147,0.5
s06,1752254960.637358,0,4,0.5108342170715332,0.47376346588134766,0.6452691555023193,0.20433368682861328,0.7071067811865476,0.0,0.0,0.0,515.8249778517661,501.03592685555,1.2397580941518147,0.5
s06,1752254961.637358,0,4,0.5108342170715332,0.47376346588134766,0.6452691555023193,0.20433368682861328,0.7071067811865476,0.0,0.0,0.0,515.8249778517661,501.03592685555,1.2397580941518147,0.5
s06,1752254962.637358,0,5,0.46109795570373535,0.4586021900177002,0.4875991344451904,0.23054897785186768,0.0,0.0,0.0,0.0,492.3789540801397,500.00242712727237,1.3741535544395447,0.6
s06,1752254963.637358,0,5,0.46109795570373535,0.4586021900177002,0.4875991344451904,0.23054897785186768,0.0,0.0,0.0,0.0,492.3789540801397,500.00242712727237,1.3741535544395447,0.6
s06,1752254964.637358,0,6,0.46645593643188477,0.45926499366760254,0.4932458400726318,0.27987356185913087,0.0,0.0,0.0,0.0,599.6746870471659,897.0,1.2563520431518556,0.5
s06,1752254965.637358,0,5,0.46776156425476073,0.4586021900177002,0.4932458400726318,0.23388078212738037,0.0,0.0,0.0,0.0,513.7348206976565,500.00242712727237,1.27046400308609,0.6
s06,1752254966.637358,0,4,0.4720667600631714,0.4731006622314453,0.4932458400726318,0.18882670402526855,0.0,0.0,0.0,0.0,650.6448095120271,897.0,1.636892318725586,0.5
s06,1752254967.637358,0,3,0.4668893019358317,0.4586021900177002,0.4932458400726318,0.1400667905807495,0.0,0.0,0.0,0.0,527.4672142680405,527.4672142680405,0.3925729990005493,0.3333333333333333
s06,1752254968.637358,0,4,0.4906797409057617,0.475924015045166,0.5620510578155518,0.1962718963623047,2.304886114323222,0.0,0.0,0.0,622.6909310485654,813.1383646096155,1.520481030146281,0.5
s06,1752254969.637358,1,4,0.4906797409057617,0.475924015045166,0.5620510578155518,0.1962718963623047,2.304886114323222,0.0,0.0,0.0,622.6909310485654,813.1383646096155,1.520481030146281,0.5
s06,1752254970.637358,1,5,0.547640609741211,0.4932458400726318,0.7754840850830078,0.2738203048706055,5.459308054913578,0.25,0.25,0.0,635.7748648214088,744.0825153747769,1.5512357354164124,0.6
s06,1752254971.637358,1,4,0.5723457932472229,0.5276484489440918,0.7754840850830078,0.22893831729888917,6.824135068641972,0.3333333333333333,0.3333333333333333,0.0,839.0075498882749,813.1383646096155,2.06831431388855,0.5
s06,1752254983.637358,0,2,0.622200608253479,0.622200608253479,0.8000380992889404,0.1244401216506958,1.863389981249864,0.0,0.0,0.0,352.0127838587684,352.0127838587684,1.598956823348999,0.5
s06,1752254984.637358,0,2,0.622200608253479,0.622200608253479,0.8000380992889404,0.1244401216506958,1.863389981249864,0.0,0.0,0.0,352.0127838587684,352.0127838587684,1.598956823348999,0.5
s06,1752254985.637358,0,3,1.2351264158884685,0.8000380992889404,2.4609780311584477,0.37053792476654057,6.0089837395961,0.0,0.0,0.0,189.5894696365903,189.5894696365903,0.7994784116744995,0.6666666666666666
s06,1752254986.637358,1,3,1.2351264158884685,0.8000380992889404,2.4609780311584477,0.37053792476654057,6.0089837395961,0.0,0.0,0.0,189.5894696365903,189.5894696365903,0.7994784116744995,0.6666666666666666
s06,1752254987.637358,1,3,1.2351264158884685,0.8000380992889404,2.4609780311584477,0.37053792476654057,6.0089837395961,0.0,0.0,0.0,189.5894696365903,189.5894696365903,0.7994784116744995,0.6666666666666666
s06,1752254988.637358,1,4,1.0818413496017456,0.7110121250152588,2.4609780311584477,0.43273653984069826,7.019206709977297,0.3333333333333333,0.3333333333333333,0.0,161.418367375536,105.07616285342742,1.3218638896942139,0.75
s06,1752254999.637358,0,5,0.5807323932647706,0.4734630584716797,0.9745359420776368,0.2903661966323853,4.963446949538966,0.0,0.0,0.0,204.75211083944893,101.82095110917801,0.8685665130615234,0.8
s06,1752255000.637358,0,6,0.6112610101699829,0.5282890796661377,0.9745359420776368,0.36675660610198973,7.671739697215209,0.2,0.2,0.0,311.00386256855023,139.51702405083043,0.8882795810699463,0.8333333333333334
s06,1752255001.637358,0,6,0.6112610101699829,0.5282890796661377,0.9745359420776368,0.36675660610198973,7.671739697215209,0.2,0.2,0.0,311.00386256855023,139.51702405083043,0.8882795810699463,0.8333333333333334
s06,1752255002.637358,0,5,0.5386060237884521,0.4734630584716797,0.7639040946960449,0.26930301189422606,6.352142998092184,0.25,0.25,0.0,353.8755721979802,322.56286937604307,0.941552996635437,0.8
s06,1752255003.637358,0,5,0.5879851818084717,0.5831151008605957,0.7639040946960449,0.29399259090423585,8.899472754697905,0.25,0.25,0.0,519.5971036669157,654.0059323139141,1.6113852858543396,0.8
s06,1752255004.637358,0,5,0.5824281692504882,0.5831151008605957,0.7639040946960449,0.2912140846252441,8.899472754697905,0.25,0.25,0.0,417.4347348350206,449.68119465012387,1.0171727538108826,0.8
s06,1752255005.637358,0,5,0.5824281692504882,0.5831151008605957,0.7639040946960449,0.2912140846252441,8.899472754697905,0.25,0.25,0.0,417.4347348350206,449.68119465012387,1.0171727538108826,0.8
s06,1752255006.637358,0,6,0.6027726332346598,0.6438050270080566,0.7639040946960449,0.3616635799407959,10.143546786389045,0.2,0.2,0.0,527.5959223800742,727.0110040432676,1.0598932266235352,0.6666666666666666
s06,1752255007.637358,0,4,0.6526174545288086,0.7124269008636475,0.7639040946960449,0.2610469818115234,12.578442290867446,0.0,0.0,0.0,622.5343539535121,727.0110040432676,1.444111426671346,0.5
s06,1752255008.637358,0,5,0.6156665325164795,0.7044949531555176,0.7639040946960449,0.30783326625823976,10.062753832693957,0.0,0.0,0.0,553.4184659662453,536.5409030238565,1.4947925806045532,0.6
s06,1752255009.637358,0,4,0.5786071419715881,0.5861788988113403,0.7203588485717773,0.23144285678863524,7.275141431968339,0.0,0.0,0.0,495.554286607238,346.07080200444534,1.0526580810546875,0.5
s06,1752255010.637358,0,4,0.5786071419715881,0.5861788988113403,0.7203588485717773,0.23144285678863524,7.275141431968339,0.0,0.0,0.0,495.554286607238,346.07080200444534,1.0526580810546875,0.5
s06,1752255011.637358,0,4,0.5786071419715881,0.5861788988113403,0.7203588485717773,0.23144285678863524,7.275141431968339,0.0,0.0,0.0,495.554286607238,346.07080200444534,1.0526580810546875,0.5
s06,1752255012.637358,0,5,0.5800021171569825,0.5855820178985596,0.7203588485717773,0.29000105857849123,7.223680030336491,0.0,0.0,0.0,457.5297062439774,344.7633835793205,1.6462228298187256,0.4
s06,1752255013.637358,0,4,0.5449129343032837,0.5267224311828613,0.7044949531555176,0.21796517372131347,5.845437842163463,0.0,0.0,0.0,552.5891465729765,346.07080200444534,2.10150941212972,0.25
s06,1752255014.637358,0,3,0.5859799385070801,0.5855820178985596,0.7044949531555176,0.17579398155212403,7.793917122884618,0.0,0.0,0.0,344.7633835793205,344.7633835793205,2.5368765592575073,0.3333333333333333
s06,1752255015.637358,0,2,0.5267224311828613,0.5267224311828613,0.5855820178985596,0.10534448623657226,3.50891721190455,0.0,0.0,0.0,343.45596515419555,343.45596515419555,3.42691707611084,0.0
s06,1752255016.637358,0,2,0.5267224311828613,0.5267224311828613,0.5855820178985596,0.10534448623657226,3.50891721190455,0.0,0.0,0.0,343.45596515419555,343.45596515419555,3.42691707611084,0.0
s06,1752255017.637358,0,2,0.5267224311828613,0.5267224311828613,0.5855820178985596,0.10534448623657226,3.50891721190455,0.0,0.0,0.0,343.45596515419555,343.45596515419555,3.42691707611084,0.0
s06,1752255018.637358,0,2,0.7020144462585449,0.7020144462585449,0.8184468746185303,0.140402889251709,12.18999497397482,0.0,0.0,0.0,62.62587324740471,62.62587324740471,5.19828200340271,0.0
s06,1752255019.637358,0,2,0.7020144462585449,0.7020144462585449,0.8184468746185303,0.140402889251709,12.18999497397482,0.0,0.0,0.0,62.62587324740471,62.62587324740471,5.19828200340271,0.0
s06,1752255020.637358,0,2,0.7020144462585449,0.7020144462585449,0.8184468746185303,0.140402889251709,12.18999497397482,0.0,0.0,0.0,62.62587324740471,62.62587324740471,5.19828200340271,0.0
s06,1752255021.637358,0,3,0.617926279703776,0.5855820178985596,0.8184468746185303,0.1853778839111328,8.126663315983214,0.0,0.0,0.0,344.8145315159772,344.8145315159772,3.9468215703964233,0.3333333333333333
s06,1752255022.637358,0,3,0.6115769545237223,0.5665340423583984,0.8184468746185303,0.1834730863571167,6.801178929763215,0.0,0.0,0.0,365.0622387982619,365.0622387982619,1.6270365715026855,0.6666666666666666
s06,1752255023.637358,0,4,0.5603742003440857,0.5081419944763184,0.8184468746185303,0.22414968013763428,5.1008841973224115,0.0,0.0,0.0,258.4671344290703,103.12128781197411,1.084691047668457,0.75
s06,1752255024.637358,0,4,0.5603742003440857,0.5081419944763184,0.8184468746185303,0.22414968013763428,5.1008841973224115,0.0,0.0,0.0,258.4671344290703,103.12128781197411,1.084691047668457,0.75
s06,1752255025.637358,0,5,0.5669775485992432,0.5665340423583984,0.8184468746185303,0.2834887742996216,7.080707357857929,0.0,0.0,0.0,386.43539697025113,365.0622387982619,1.2730120420455933,0.6
s06,1752255026.637358,0,6,0.5467397769292196,0.5081419944763184,0.8184468746185303,0.3280438661575317,5.900589464881608,0.0,0.0,0.0,348.7503377266932,198.01010075246165,1.1568446636199952,0.6666666666666666
s06,1752255027.637358,0,5,0.4923983573913574,0.4497499465942383,0.593390941619873,0.2461991786956787,3.608276253029822,0.0,0.0,0.0,279.1871247122291,150.5656942822179,0.7722155451774597,0.6
s06,1752255028.637358,0,5,0.4923983573913574,0.4497499465942383,0.593390941619873,0.2461991786956787,3.608276253029822,0.0,0.0,0.0,279.1871247122291,150.5656942822179,0.7722155451774597,0.6
s06,1752255029.637358,0,6,0.5564759969711304,0.5081419944763184,0.8768641948699951,0.3338855981826782,6.118255994623929,0.0,0.0,0.0,265.8937945421486,198.01010075246165,0.8753270149230957,0.5
s06,1752255030.637358,0,6,0.5564759969711304,0.5081419944763184,0.8768641948699951,0.3338855981826782,6.118255994623929,0.0,0.0,0.0,265.8937945421486,198.01010075246165,0.8753270149230957,0.5
s06,1752255031.637358,0,5,0.5778212070465087,0.5665340423583984,0.8768641948699951,0.2889106035232544,7.341907193548716,0.0,0.0,0.0,306.5869212246922,205.36528730714406,0.954480767250061,0.4
s06,1752255032.637358,0,4,0.6015052795410156,0.5418030023574829,0.8768641948699951,0.24060211181640626,8.417038675648618,0.0,0.0,0.0,412.59318178434086,212.7204738618265,1.6996203263600667,0.5
s06,1752255033.637358,0,5,0.6310538291931153,0.593390941619873,0.8768641948699951,0.31552691459655763,8.236960578356186,0.0,0.0,0.0,316.1995143813088,205.36528730714406,1.27471524477005,0.6
s06,1752255034.637358,0,5,0.6310538291931153,0.593390941619873,0.8768641948699951,0.31552691459655763,8.236960578356186,0.0,0.0,0.0,316.1995143813088,205.36528730714406,1.27471524477005,0.6
s06,1752255035.637358,0,4,0.6404695510864258,0.6197315454483032,0.8768641948699951,0.25618782043457033,6.5462007229452315,0.0,0.0,0.0,355.59598559092456,212.7204738618265,1.4688952763875325,0.5
s06,1752255036.637358,0,4,0.717969536781311,0.7523994445800781,0.8768641948699951,0.2871878147125244,7.314496094386303,0.0,0.0,0.0,351.68999015258106,201.0024875467963,1.8162012894948323,0.75
s06,1752255037.637358,0,5,0.6642696380615234,0.7492480278015137,0.8768641948699951,0.3321348190307617,5.851596875509043,0.0,0.0,0.0,527.7528141760711,514.0257291427654,1.4443727135658264,0.6
s06,1752255038.637358,0,4,0.6111209988594055,0.6197315454483032,0.7555508613586426,0.2444483995437622,2.6474574187376856,0.0,0.0,0.0,427.98742865518335,201.0024875467963,0.8861926396687826,0.5
s06,1752255039.637358,0,4,0.6111209988594055,0.6197315454483032,0.7555508613586426,0.2444483995437622,2.6474574187376856,0.0,0.0,0.0,427.98742865518335,201.0024875467963,0.8861926396687826,0.5
s06,1752255040.637358,0,4,0.6111209988594055,0.6197315454483032,0.7555508613586426,0.2444483995437622,2.6474574187376856,0.0,0.0,0.0,427.98742865518335,201.0024875467963,0.8861926396687826,0.5
s06,1752255041.637358,0,5,0.6354397773742676,0.7327148914337158,0.7555508613586426,0.3177198886871338,3.0607749765722256,0.0,0.0,0.0,503.0736569221875,464.66741463499807,1.5847675204277039,0.6
s06,1752255042.637358,0,3,0.6459119319915771,0.7327148914337158,0.7555508613586426,0.19377357959747316,2.5957422312248912,0.0,0.0,0.0,892.1368139848705,892.1368139848705,2.004689574241638,0.3333333333333333
s06,1752255043.637358,0,3,0.6459119319915771,0.7327148914337158,0.7555508613586426,0.19377357959747316,2.5957422312248912,0.0,0.0,0.0,892.1368139848705,892.1368139848705,2.004689574241638,0.3333333333333333
s06,1752255044.637358,0,3,0.6459119319915771,0.7327148914337158,0.7555508613586426,0.19377357959747316,2.5957422312248912,0.0,0.0,0.0,892.1368139848705,892.1368139848705,2.004689574241638,0.3333333333333333
s06,1752255045.637358,0,2,0.5910924673080444,0.5910924673080444,0.7327148914337158,0.11821849346160888,2.357022603955193,0.0,0.0,0.0,728.3323417231999,728.3323417231999,3.680492162704468,0.5
s06,1752255046.637358,0,2,0.6056180000305176,0.6056180000305176,0.7327148914337158,0.12112360000610352,2.357022603955193,0.0,0.0,0.0,308.70698080866265,308.70698080866265,3.9848599433898926,0.0
s06,1752255047.637358,0,3,0.8597450256347656,0.7327148914337158,1.3679990768432615,0.2579235076904297,9.70654390709097,0.0,0.0,0.0,171.38287677025772,171.38287677025772,1.9924299716949463,0.3333333333333333
s06,1752255048.637358,0,3,0.8597450256347656,0.7327148914337158,1.3679990768432615,0.2579235076904297,9.70654390709097,0.0,0.0,0.0,171.38287677025772,171.38287677025772,1.9924299716949463,0.3333333333333333
s06,1752255049.637358,0,3,0.8597450256347656,0.7327148914337158,1.3679990768432615,0.2579235076904297,9.70654390709097,0.0,0.0,0.0,171.38287677025772,171.38287677025772,1.9924299716949463,0.3333333333333333
s06,1752255050.637358,1,2,0.9232600927352904,0.9232600927352904,1.3679990768432615,0.1846520185470581,12.202793256681263,0.0,0.0,0.0,34.058772731852805,34.058772731852805,0.0,0.5
s06,1752255051.637358,1,3,1.2649486859639485,1.3679990768432615,1.9483258724212649,0.3794846057891846,12.923457859630828,0.0,0.0,0.0,19.265454343426192,19.265454343426192,0.9564064741134644,0.6666666666666666
s06,1752255052.637358,1,4,1.229178011417389,1.2449325323104858,1.9483258724212649,0.49167120456695557,15.343478281181175,0.0,0.0,0.0,23.696183293017267,32.55764119219941,0.6376043160756429,0.75
s06,1752255063.637358,0,4,0.5880639553070068,0.5096625089645386,0.8553018569946289,0.23522558212280273,0.37267799624995646,0.0,0.0,0.0,512.7361740348503,483.001035195578,0.8734343846638998,0.5
s06,1752255064.637358,0,3,0.6123059590657552,0.5039870738983154,0.8553018569946289,0.18369178771972655,0.4969039949999419,0.0,0.0,0.0,527.6037434544862,527.6037434544862,0.22946298122406006,0.3333333333333333
s06,1752255065.637358,0,3,0.6123059590657552,0.5039870738983154,0.8553018569946289,0.18369178771972655,0.4969039949999419,0.0,0.0,0.0,527.6037434544862,527.6037434544862,0.22946298122406006,0.3333333333333333
s06,1752255066.637358,0,3,0.9215479691823324,0.8553018569946289,1.4053549766540527,0.2764643907546997,3.7770925853417565,0.0,0.0,0.0,54.28285630373373,54.28285630373373,3.0473880767822266,0.6666666666666666
s06,1752255067.637358,0,2,1.1303284168243408,1.1303284168243408,1.4053549766540527,0.22606568336486815,5.6656388780126345,0.0,0.0,0.0,57.87054518492115,57.87054518492115,6.094776153564453,0.5
s06,1752255069.637358,0,2,0.956786036491394,0.956786036491394,1.4053549766540527,0.19135720729827882,4.920282885512721,0.0,0.0,0.0,547.1316112234789,547.1316112234789,2.53249192237854,0.5
s06,1752255070.637358,0,2,0.956786036491394,0.956786036491394,1.4053549766540527,0.19135720729827882,4.920282885512721,0.0,0.0,0.0,547.1316112234789,547.1316112234789,2.53249192237854,0.5
s06,1752255071.637358,0,2,0.956786036491394,0.956786036491394,1.4053549766540527,0.19135720729827882,4.920282885512721,0.0,0.0,0.0,547.1316112234789,547.1316112234789,2.53249192237854,0.5
s06,1752255072.637358,0,3,0.8362566630045573,0.5951979160308838,1.4053549766540527,0.25087699890136717,6.950641181266021,0.5,0.5,0.0,533.6138780906563,533.6138780906563,2.2504384517669678,0.6666666666666666
s06,1752255073.637358,0,5,0.7186195850372314,0.5951979160308838,1.4053549766540527,0.3593097925186157,7.69316769952132,0.5,0.5,0.0,313.18158770882076,323.1452197995367,1.290500521659851,0.8
s06,1752255074.637358,0,5,0.7186195850372314,0.5951979160308838,1.4053549766540527,0.3593097925186157,7.69316769952132,0.5,0.5,0.0,313.18158770882076,323.1452197995367,1.290500521659851,0.8
s06,1752255075.637358,0,4,0.5469357371330261,0.5517075061798096,0.608741044998169,0.21877429485321045,7.156318181645289,0.6666666666666666,0.6666666666666666,0.0,235.1982465372681,126.19429464123962,0.8765033880869547,0.75
s06,1752255076.637358,1,4,0.5469357371330261,0.5517075061798096,0.608741044998169,0.21877429485321045,7.156318181645289,0.6666666666666666,0.6666666666666666,0.0,235.1982465372681,126.19429464123962,0.8765033880869547,0.75
s06,1752255077.637358,1,5,0.5849736213684082,0.5951979160308838,0.7371251583099365,0.2924868106842041,7.325054545316232,0.5,0.5,0.0,311.29355137310256,323.1452197995367,1.262914001941681,0.8
s06,1752255078.637358,1,5,0.5849736213684082,0.5951979160308838,0.7371251583099365,0.2924868106842041,7.325054545316232,0.5,0.5,0.0,311.29355137310256,323.1452197995367,1.262914001941681,0.8
s07,1752255558.324057,0,5,0.5374971389770508,0.587648868560791,0.6141889095306396,0.2687485694885254,2.7313406267653426,0.25,0.25,0.0,44.53714535411287,34.096589668739,1.349884033203125,0.6
s07,1752255559.324057,0,3,0.49934228261311847,0.4623229503631592,0.6141889095306396,0.14980268478393555,2.5055493963954847,0.5,0.5,0.0,54.977701039486746,54.977701039486746,2.69976806640625,0.3333333333333333
s07,1752255560.324057,0,2,0.5382559299468994,0.5382559299468994,0.6141889095306396,0.10765118598937988,3.758324094593227,1.0,1.0,0.0,28.0713376952364,28.0713376952364,0.0,0.5
s07,1752255561.324057,0,2,0.5382559299468994,0.5382559299468994,0.6141889095306396,0.10765118598937988,3.758324094593227,1.0,1.0,0.0,28.0713376952364,28.0713376952364,0.0,0.5
s07,1752255562.324057,0,3,0.5620222886403402,0.6095550060272217,0.6141889095306396,0.16860668659210204,3.032595673090215,0.5,0.5,0.0,41.31661457902568,41.31661457902568,2.4426385164260864,0.3333333333333333
s07,1752255563.324057,0,4,0.5748214721679688,0.6113870143890381,0.6141889095306396,0.2299285888671875,4.524446754817661,0.3333333333333333,0.3333333333333333,0.0,35.904367188673426,28.0713376952364,1.6284256776173909,0.5
s07,1752255564.324057,0,4,0.5748214721679688,0.6113870143890381,0.6141889095306396,0.2299285888671875,4.524446754817661,0.3333333333333333,0.3333333333333333,0.0,35.904367188673426,28.0713376952364,1.6284256776173909,0.5
s07,1752255565.324057,0,4,0.5748214721679688,0.6113870143890381,0.6141889095306396,0.2299285888671875,4.524446754817661,0.3333333333333333,0.3333333333333333,0.0,35.904367188673426,28.0713376952364,1.6284256776173909,0.5
s07,1752255566.324057,0,2,0.6113870143890381,0.6113870143890381,0.6132190227508545,0.12227740287780761,5.2905694150420945,0.0,0.0,0.0,25.079872407968907,25.079872407968907,0.0,0.5
s07,1752255567.324057,0,2,0.6113870143890381,0.6113870143890381,0.6132190227508545,0.12227740287780761,5.2905694150420945,0.0,0.0,0.0,25.079872407968907,25.079872407968907,0.0,0.5
s07,1752255568.324057,0,3,0.5570913155873617,0.6095550060272217,0.6132190227508545,0.1671273946762085,3.5270462766947297,0.0,0.0,0.0,34.3401655605761,34.3401655605761,2.623728036880493,0.3333333333333333
s07,1752255569.324057,0,4,0.6676517128944397,0.6113870143890381,0.9993329048156738,0.26706068515777587,6.209977015420847,0.0,0.0,0.0,31.233441042515267,25.079872407968907,1.7491520245869954,0.5
s07,1752255570.324057,0,4,0.6676517128944397,0.6113870143890381,0.9993329048156738,0.26706068515777587,6.209977015420847,0.0,0.0,0.0,31.233441042515267,25.079872407968907,1.7491520245869954,0.5
s07,1752255571.324057,0,4,0.6239074468612671,0.5308594703674316,0.9993329048156738,0.24956297874450684,5.8146923078998,0.0,0.0,0.0,153.27883451998267,43.60045871318328,2.3054317633310952,0.5
s07,1752255572.324057,0,3,0.6274702548980713,0.4484999179840088,0.9993329048156738,0.1882410764694214,4.752923077199733,0.0,0.0,0.0,208.11802242338234,208.11802242338234,0.8344196081161499,0.6666666666666666
s07,1752255573.324057,0,3,0.6274702548980713,0.4484999179840088,0.9993329048156738,0.1882410764694214,4.752923077199733,0.0,0.0,0.0,208.11802242338234,208.11802242338234,0.8344196081161499,0.6666666666666666
s07,1752255574.324057,0,3,0.6274702548980713,0.4484999179840088,0.9993329048156738,0.1882410764694214,4.752923077199733,0.0,0.0,0.0,208.11802242338234,208.11802242338234,0.8344196081161499,0.6666666666666666
s07,1752255575.324057,0,3,0.6274702548980713,0.4484999179840088,0.9993329048156738,0.1882410764694214,4.752923077199733,0.0,0.0,0.0,208.11802242338234,208.11802242338234,0.8344196081161499,0.6666666666666666
s07,1752255576.324057,0,4,0.7043106555938721,0.6916658878326416,0.9993329048156738,0.2817242622375488,6.1896923078998,0.0,0.0,0.0,265.38043206413755,379.905251345648,1.5849100748697917,0.5
s07,1752255577.324057,0,4,0.7043106555938721,0.6916658878326416,0.9993329048156738,0.2817242622375488,6.1896923078998,0.0,0.0,0.0,265.38043206413755,379.905251345648,1.5849100748697917,0.5
s07,1752255578.324057,0,3,0.6501959164937338,0.5811779499053955,0.9348318576812744,0.19505877494812013,3.735702260395516,0.0,0.0,0.0,354.4898555024282,354.4898555024282,2.3765790462493896,0.3333333333333333
s07,1752255579.324057,0,5,0.5826329231262207,0.4958760738372803,0.9348318576812744,0.29131646156311036,2.2414213562373098,0.0,0.0,0.0,218.79703717044467,232.56663523638403,1.3016523122787476,0.6
s07,1752255580.324057,0,5,0.5826329231262207,0.4958760738372803,0.9348318576812744,0.29131646156311036,2.2414213562373098,0.0,0.0,0.0,218.79703717044467,232.56663523638403,1.3016523122787476,0.6
s07,1752255581.324057,0,4,0.6196466684341431,0.5385270118713379,0.9348318576812744,0.24785866737365722,2.801776695296637,0.0,0.0,0.0,165.0942991120436,136.0588108135596,0.7069060802459717,0.75
s07,1752255582.324057,0,4,0.6196466684341431,0.5385270118713379,0.9348318576812744,0.24785866737365722,2.801776695296637,0.0,0.0,0.0,165.0942991120436,136.0588108135596,0.7069060802459717,0.75
s07,1752255583.324057,0,5,0.6992433547973633,0.5811779499053955,1.017630100250244,0.34962167739868166,7.3521942919095595,0.0,0.0,0.0,245.75769575779734,232.56663523638403,1.3434025645256042,0.6
s07,1752255584.324057,0,6,0.6608761548995972,0.5385270118713379,1.017630100250244,0.3965256929397583,6.1268285765913,0.0,0.0,0.0,227.96982986049812,156.81836627130127,1.165829610824585,0.6666666666666666
s07,1752255585.324057,0,5,0.6060850143432617,0.4958760738372803,1.017630100250244,0.30304250717163084,5.252194291909559,0.0,0.0,0.0,202.6936724108205,146.43858854243044,1.0404702425003052,0.6
s07,1752255586.324057,0,5,0.6060850143432617,0.4958760738372803,1.017630100250244,0.30304250717163084,5.252194291909559,0.0,0.0,0.0,202.6936724108205,146.43858854243044,1.0404702425003052,0.6
s07,1752255587.324057,0,4,0.6123117804527283,0.48245811462402344,1.017630100250244,0.2449247121810913,6.388466169590313,0.0,0.0,0.0,224.90529294324082,156.81836627130127,1.2361432711283367,0.5
s07,1752255588.324057,0,3,0.6608487764994303,0.4958760738372803,1.017630100250244,0.1982546329498291,8.517954892787083,0.0,0.0,0.0,322.28312598317996,322.28312598317996,1.8542149066925049,0.3333333333333333
s07,1752255589.324057,0,2,0.7433351278305053,0.7433351278305053,1.017630100250244,0.14866702556610106,12.776932339180625,0.0,0.0,0.0,156.81836627130127,156.81836627130127,0.4555377960205078,0.5
s07,1752255590.324057,0,3,0.7097084522247314,0.6424551010131836,1.017630100250244,0.21291253566741944,11.855452291870549,0.0,0.0,0.0,166.97130822307162,166.97130822307162,2.860002875328064,0.3333333333333333
s07,1752255591.324057,0,3,0.7097084522247314,0.6424551010131836,1.017630100250244,0.21291253566741944,11.855452291870549,0.0,0.0,0.0,166.97130822307162,166.97130822307162,2.860002875328064,0.3333333333333333
s07,1752255592.324057,0,2,0.5557476282119751,0.5557476282119751,0.6424551010131836,0.11114952564239503,5.006246098625197,0.0,0.0,0.0,177.12425017484196,177.12425017484196,5.26446795463562,0.0
s07,1752255593.324057,0,2,0.5557476282119751,0.5557476282119751,0.6424551010131836,0.11114952564239503,5.006246098625197,0.0,0.0,0.0,177.12425017484196,177.12425017484196,5.26446795463562,0.0
s07,1752255597.324057,0,2,0.8055305480957031,0.8055305480957031,0.9686059951782228,0.16110610961914062,10.403004384855922,0.0,0.0,0.0,40.52159917870962,40.52159917870962,6.009809970855713,0.0
s07,1752255598.324057,0,2,0.8055305480957031,0.8055305480957031,0.9686059951782228,0.16110610961914062,10.403004384855922,0.0,0.0,0.0,40.52159917870962,40.52159917870962,6.009809970855713,0.0
s07,1752255599.324057,0,4,0.8185900449752808,0.8055305480957031,1.1840579509735107,0.3274360179901123,8.90210274429037,0.0,0.0,0.0,50.90109646513213,40.52159917870962,2.0640326340993247,0.5
s07,1752255600.324057,0,3,0.8773016929626465,0.9686059951782228,1.1840579509735107,0.26319050788879395,8.531972926637032,0.0,0.0,0.0,56.09084510834337,56.09084510834337,0.09114396572113034,0.6666666666666666
s07,1752255601.324057,0,3,0.8773016929626465,0.9686059951782228,1.1840579509735107,0.26319050788879395,8.531972926637032,0.0,0.0,0.0,56.09084510834337,56.09084510834337,0.09114396572113034,0.6666666666666666
s07,1752255602.324057,0,3,0.8773016929626465,0.9686059951782228,1.1840579509735107,0.26319050788879395,8.531972926637032,0.0,0.0,0.0,56.09084510834337,56.09084510834337,0.09114396572113034,0.6666666666666666
s07,1752255603.324057,0,3,0.8773016929626465,0.9686059951782228,1.1840579509735107,0.26319050788879395,8.531972926637032,0.0,0.0,0.0,56.09084510834337,56.09084510834337,0.09114396572113034,0.6666666666666666
s07,1752255604.324057,0,3,0.8773016929626465,0.9686059951782228,1.1840579509735107,0.26319050788879395,8.531972926637032,0.0,0.0,0.0,56.09084510834337,56.09084510834337,0.09114396572113034,0.6666666666666666
s07,1752255605.324057,0,4,0.7697067856788635,0.7239235639572144,1.1840579509735107,0.3078827142715454,6.398979694977774,0.0,0.0,0.0,298.397302421231,78.44743462982075,1.8541202545166016,0.75
s07,1752255606.324057,0,3,0.7034070491790771,0.479241132736206,1.1840579509735107,0.21102211475372315,4.93413406914988,0.0,0.0,0.0,408.37223631693615,408.37223631693615,2.690036416053772,0.6666666666666666
s07,1752255607.324057,0,4,0.6126005053520203,0.4630815982818603,1.0849158763885498,0.2450402021408081,7.68667678519138,0.0,0.0,0.0,575.5238782451516,783.0102170470063,2.0481526851654053,0.5
s07,1752255608.324057,0,5,0.5749783992767334,0.4469220638275146,1.0849158763885498,0.2874891996383667,6.149341428153104,0.0,0.0,0.0,463.44110045635296,455.10149206848155,1.651216745376587,0.6
s07,1752255609.324057,0,5,0.5652842044830322,0.4393229484558105,1.0849158763885498,0.2826421022415161,6.149341428153104,0.0,0.0,0.0,278.1915219634014,112.30469905680863,0.3061985373497009,0.6
s07,1752255610.324057,0,5,0.5652842044830322,0.4393229484558105,1.0849158763885498,0.2826421022415161,6.149341428153104,0.0,0.0,0.0,278.1915219634014,112.30469905680863,0.3061985373497009,0.6
s07,1752255611.324057,0,5,0.5652842044830322,0.4393229484558105,1.0849158763885498,0.2826421022415161,6.149341428153104,0.0,0.0,0.0,278.1915219634014,112.30469905680863,0.3061985373497009,0.6
s07,1752255612.324057,0,6,0.5483845074971517,0.44312250614166254,1.0849158763885498,0.329030704498291,5.124451190127586,0.0,0.0,0.0,344.16127651419737,127.1927670899568,0.8678096294403076,0.6666666666666666
s07,1752255613.324057,0,6,0.5483845074971517,0.44312250614166254,1.0849158763885498,0.329030704498291,5.124451190127586,0.0,0.0,0.0,344.16127651419737,127.1927670899568,0.8678096294403076,0.6666666666666666
s07,1752255614.324057,0,6,0.6743131478627523,0.4516044855117798,1.2024939060211182,0.4045878887176514,10.264541139861734,0.0,0.0,0.0,358.0056378270763,127.1927670899568,0.8461741924285888,0.6666666666666666
s07,1752255615.324057,0,6,0.6743131478627523,0.4516044855117798,1.2024939060211182,0.4045878887176514,10.264541139861734,0.0,0.0,0.0,358.0056378270763,127.1927670899568,0.8461741924285888,0.6666666666666666
s07,1752255616.324057,0,5,0.5921926021575927,0.4393229484558105,1.2024939060211182,0.29609630107879636,6.1681079396809775,0.0,0.0,0.0,423.15288952793026,367.61653090366906,1.0182889699935913,0.6
s07,1752255617.324057,0,4,0.6304100155830383,0.4473280906677246,1.2024939060211182,0.25216400623321533,7.710134924601222,0.0,0.0,0.0,521.8062636739214,608.0402947173814,1.2042489846547444,0.5
s07,1752255618.324057,0,2,0.8331899642944336,0.8331899642944336,1.2024939060211182,0.16663799285888672,15.420269849202445,0.0,0.0,0.0,915.3665932291829,915.3665932291829,0.498492956161499,0.0
s07,1752255619.324057,0,2,0.8331899642944336,0.8331899642944336,1.2024939060211182,0.16663799285888672,15.420269849202445,0.0,0.0,0.0,915.3665932291829,915.3665932291829,0.498492956161499,0.0
s07,1752255620.324057,0,3,0.7025649547576904,0.463886022567749,1.2024939060211182,0.21076948642730714,10.280179899468296,0.0,0.0,0.0,481.6832966145914,481.6832966145914,3.123178005218506,0.0
s07,1752255621.324057,0,4,0.8310472369194031,0.8331899642944336,1.216494083404541,0.3324188947677612,11.465917503209539,0.3333333333333333,0.3333333333333333,0.0,329.79527229723277,48.0,2.0821186701456704,0.25
s07,1752255622.324057,0,4,0.8428357243537903,0.856766939163208,1.216494083404541,0.3371342897415161,11.465917503209539,0.3333333333333333,0.3333333333333333,0.0,35.996599721813816,33.97057550292606,1.915954351425171,0.25
s07,1752255623.324057,0,4,0.6464285254478455,0.476177453994751,1.216494083404541,0.2585714101791382,3.755782578608316,0.3333333333333333,0.3333333333333333,0.0,123.15236112713285,33.97057550292606,0.4342133204142253,0.5
s07,1752255624.324057,0,4,0.6464285254478455,0.476177453994751,1.216494083404541,0.2585714101791382,3.755782578608316,0.3333333333333333,0.3333333333333333,0.0,123.15236112713285,33.97057550292606,0.4342133204142253,0.5
s07,1752255625.324057,0,4,0.6464285254478455,0.476177453994751,1.216494083404541,0.2585714101791382,3.755782578608316,0.3333333333333333,0.3333333333333333,0.0,123.15236112713285,33.97057550292606,0.4342133204142253,0.5
s07,1752255626.324057,0,6,0.653502345085144,0.5475369691848755,1.216494083404541,0.3921014070510864,4.481385095635094,0.2,0.2,0.0,151.28502641328376,33.97057550292606,0.5704619884490967,0.6666666666666666
s07,1752255627.324057,0,6,0.653502345085144,0.5475369691848755,1.216494083404541,0.3921014070510864,4.481385095635094,0.2,0.2,0.0,151.28502641328376,33.97057550292606,0.5704619884490967,0.6666666666666666
s07,1752255628.324057,0,8,0.6046251356601715,0.48556649684906006,1.216494083404541,0.4837001085281372,3.3610388217263205,0.14285714285714285,0.14285714285714285,0.0,139.76490027652397,45.0111097397076,0.5149265698024205,0.75
s07,1752255629.324057,0,9,0.5868443648020426,0.4600930213928222,1.216494083404541,0.5281599283218383,2.987590063756729,0.125,0.125,0.0,236.5978856730822,110.96458493462445,0.489385724067688,0.6666666666666666
s07,1752255630.324057,0,9,0.5043089124891493,0.4600930213928222,0.7512660026550293,0.45387802124023435,1.3183533621530337,0.125,0.0,0.125,237.9426642974517,110.96458493462445,0.5664675831794739,0.6666666666666666
s07,1752255631.324057,0,8,0.5034675300121307,0.45799350738525385,0.7512660026550293,0.4027740240097046,1.4831475324221628,0.14285714285714285,0.0,0.14285714285714285,227.72486145195094,45.0111097397076,0.46130010059901644,0.625
s07,1752255632.324057,0,8,0.5034675300121307,0.45799350738525385,0.7512660026550293,0.4027740240097046,1.4831475324221628,0.14285714285714285,0.0,0.14285714285714285,227.72486145195094,45.0111097397076,0.46130010059901644,0.625
s07,1752255633.324057,0,8,0.5080472528934479,0.45799350738525385,0.7512660026550293,0.4064378023147583,1.4831475324221628,0.14285714285714285,0.0,0.14285714285714285,238.44043516389465,45.0111097397076,0.6055154119219098,0.625
s07,1752255634.324057,0,9,0.5240756670633951,0.4600930213928222,0.7512660026550293,0.47166810035705564,2.0961311399308116,0.125,0.0,0.125,214.01183406030947,44.01136803746037,0.5298259854316711,0.6666666666666666
s07,1752255635.324057,0,9,0.5105575720469157,0.4600930213928222,0.7512660026550293,0.45950181484222413,1.8670697162853855,0.125,0.0,0.125,221.51878047929347,67.5166646095614,0.588220864534378,0.6666666666666666
s07,1752255636.324057,0,9,0.47518491744995117,0.4558939933776855,0.6523029804229736,0.42766642570495605,0.7777777777777778,0.25,0.125,0.125,260.1541515637877,67.5166646095614,0.5478588342666626,0.6666666666666666
s07,1752255637.324057,1,8,0.4770714044570923,0.45469844341278076,0.6523029804229736,0.38165712356567383,0.875,0.2857142857142857,0.14285714285714285,0.14285714285714285,290.8888718243706,90.0222194794152,0.6261243820190429,0.625
s07,1752255638.324057,1,6,0.48601317405700684,0.4578644037246704,0.6523029804229736,0.2916079044342041,1.1666666666666667,0.4,0.2,0.2,216.04001012708665,90.0222194794152,0.6911231994628906,0.6666666666666666
s07,1752255639.324057,1,6,0.6373423337936401,0.46229851245880127,1.36073899269104,0.3824054002761841,4.118471525975238,0.2,0.2,0.0,271.2103696935534,305.00655730656024,0.9996538162231445,0.8333333333333334
s07,1752255650.324057,0,8,0.5529308617115021,0.5286980867385864,0.868445873260498,0.4423446893692017,4.504135032645542,0.2857142857142857,0.2857142857142857,0.0,178.2330090097067,101.07917688624102,0.268709591456822,0.625
s07,1752255651.324057,0,7,0.5078572886330741,0.4680700302124023,0.6434998512268066,0.35550010204315186,3.601521407172523,0.3333333333333333,0.3333333333333333,0.0,76.59396784247626,68.38615674069526,0.21723083655039468,0.7142857142857143
s07,1752255652.324057,0,7,0.5078572886330741,0.4680700302124023,0.6434998512268066,0.35550010204315186,3.601521407172523,0.3333333333333333,0.3333333333333333,0.0,76.59396784247626,68.38615674069526,0.21723083655039468,0.7142857142857143
s07,1752255653.324057,0,7,0.48414744649614605,0.4680700302124023,0.6131088733673096,0.33890321254730227,2.0862925903442067,0.3333333333333333,0.3333333333333333,0.0,177.4236655462182,80.546249317497,0.9136306444803873,0.7142857142857143
s07,1752255654.324057,0,6,0.558489720026652,0.4728004932403564,0.9951121807098388,0.3350938320159912,5.07660394791271,0.4,0.4,0.0,365.05802327534536,139.29106216839614,1.217770767211914,0.6666666666666666
s07,1752255655.324057,0,6,0.5617887179056803,0.4728004932403564,0.9951121807098388,0.3370732307434082,5.07660394791271,0.2,0.2,0.0,351.634491302279,125.39936203984452,1.1843273639678955,0.6666666666666666
s07,1752255656.324057,0,5,0.565595245361328,0.4680700302124023,0.9951121807098388,0.282797622680664,4.289149099763257,0.0,0.0,0.0,430.8334176732736,416.15553796269273,1.414211928844452,0.6
s07,1752255657.324057,0,6,0.5668741861979166,0.472305417060852,0.9951121807098388,0.34012451171875,4.411780551562789,0.0,0.0,0.0,229.37172159070442,90.0222194794152,0.2736241817474365,0.6666666666666666
s07,1752255658.324057,0,8,0.5716805160045624,0.472305417060852,0.9951121807098388,0.4573444128036499,5.2417376644626295,0.0,0.0,0.0,171.00262182420855,72.17340230306452,0.1954458441053118,0.75
s07,1752255659.324057,0,8,0.5716805160045624,0.472305417060852,0.9951121807098388,0.4573444128036499,5.2417376644626295,0.0,0.0,0.0,171.00262182420855,72.17340230306452,0.1954458441053118,0.75
s07,1752255660.324057,0,8,0.5716805160045624,0.472305417060852,0.9951121807098388,0.4573444128036499,5.2417376644626295,0.0,0.0,0.0,171.00262182420855,72.17340230306452,0.1954458441053118,0.75
s07,1752255661.324057,0,8,0.5716805160045624,0.472305417060852,0.9951121807098388,0.4573444128036499,5.2417376644626295,0.0,0.0,0.0,171.00262182420855,72.17340230306452,0.1954458441053118,0.75
s07,1752255662.324057,0,8,0.5658245384693146,0.4662829637527466,0.9951121807098388,0.4526596307754517,5.2417376644626295,0.0,0.0,0.0,138.46736004383874,72.17340230306452,0.6419864041464669,0.875
s07,1752255663.324057,0,7,0.504497732434954,0.4654860496520996,0.736515998840332,0.3531484127044678,2.9268794024121076,0.0,0.0,0.0,149.51635300063447,64.79115018456008,0.7263211409250895,0.8571428571428571
s07,1752255664.324057,0,8,0.5509123802185059,0.4662829637527466,0.8758149147033691,0.4407299041748047,5.024996050772684,0.0,0.0,0.0,252.20368873150724,90.0222194794152,0.6663672583443778,0.75
s07,1752255665.324057,0,6,0.5866726636886597,0.5206694602966309,0.8758149147033691,0.3520035982131958,6.699994734363578,0.0,0.0,0.0,309.82997776488844,39.56008088970496,0.8078995704650879,0.6666666666666666
s07,1752255666.324057,0,5,0.6105912208557129,0.5742590427398682,0.8758149147033691,0.30529561042785647,8.039993681236293,0.0,0.0,0.0,377.39745198368433,308.0911162050123,1.0098744630813599,0.6
s07,1752255667.324057,0,5,0.57399001121521,0.4306831359863281,0.8758149147033691,0.286995005607605,7.035006119124205,0.0,0.0,0.0,489.2081205193538,508.72071347145607,1.6865800023078918,0.6
s07,1752255668.324057,0,4,0.5333585143089294,0.4272434711456299,0.8758149147033691,0.21334340572357177,4.927953147324179,0.0,0.0,0.0,455.24337402511986,426.3390669408564,1.0044887065887453,0.5
s07,1752255669.324057,0,4,0.5333585143089294,0.4272434711456299,0.8758149147033691,0.21334340572357177,4.927953147324179,0.0,0.0,0.0,455.24337402511986,426.3390669408564,1.0044887065887453,0.5
s07,1752255670.324057,0,5,0.5122352123260498,0.4277420043945312,0.8758149147033691,0.2561176061630249,3.942362517859343,0.0,0.0,0.0,444.5792706515266,419.4630137358016,1.3005962371826172,0.6
s07,1752255671.324057,0,6,0.5689273277918497,0.4292125701904297,0.8758149147033691,0.34135639667510986,6.714395353809434,0.0,0.0,0.0,537.5905447896573,426.3390669408564,1.0965886116027832,0.5
s07,1752255672.324057,0,6,0.5740913152694702,0.444704532623291,0.8758149147033691,0.34445478916168215,6.714395353809434,0.0,0.0,0.0,385.5398139040787,412.5869605307468,1.146934413909912,0.6666666666666666
s07,1752255673.324057,0,5,0.5137465953826904,0.4277420043945312,0.8523879051208496,0.2568732976913452,4.114911906711977,0.0,0.0,0.0,375.34000064488424,260.3305046097986,0.825198233127594,0.6
s07,1752255674.324057,0,8,0.48093512654304504,0.4257729053497314,0.8523879051208496,0.38474810123443604,2.5718199416949856,0.0,0.0,0.0,247.8436129823974,108.07404868885035,0.638110705784389,0.75
s07,1752255675.324057,0,9,0.48394788636101616,0.4277420043945312,0.8523879051208496,0.4355530977249146,2.286062170395543,0.0,0.0,0.0,225.27167638901878,89.5687003533049,0.5941592454910278,0.6666666666666666
s07,1752255676.324057,0,9,0.4883526961008708,0.4505190849304199,0.8523879051208496,0.4395174264907837,2.286062170395543,0.125,0.0,0.125,221.19760340221669,87.67108446210946,0.5600413680076599,0.5555555555555556
s07,1752255677.324057,0,8,0.4990052580833435,0.45609307289123535,0.8523879051208496,0.3992042064666748,2.5718199416949856,0.14285714285714285,0.0,0.14285714285714285,193.85626666956952,67.26812023536856,0.32734458787100656,0.5
s07,1752255678.324057,0,8,0.4990052580833435,0.45609307289123535,0.8523879051208496,0.3992042064666748,2.5718199416949856,0.14285714285714285,0.0,0.14285714285714285,193.85626666956952,67.26812023536856,0.32734458787100656,0.5
s07,1752255679.324057,0,7,0.5091857228960309,0.4616670608520508,0.8523879051208496,0.3564300060272217,2.939222790508555,0.16666666666666666,0.0,0.16666666666666666,74.55970422413438,52.869444179355625,0.3351423343022664,0.5714285714285714
s07,1752255680.324057,0,6,0.45198535919189453,0.45609307289123535,0.5080499649047852,0.2711912155151367,0.0,0.2,0.0,0.2,67.85683533119119,38.47076812334269,0.29049620628356937,0.5
s07,1752255681.324057,0,5,0.45004901885986326,0.4505190849304199,0.5080499649047852,0.22502450942993163,0.0,0.25,0.0,0.25,40.321044163988994,33.76982591541998,0.071624755859375,0.4
s07,1752255682.324057,0,5,0.45004901885986326,0.4505190849304199,0.5080499649047852,0.22502450942993163,0.0,0.25,0.0,0.25,40.321044163988994,33.76982591541998,0.071624755859375,0.4
s08,1752256385.80866,0,3,0.5653390089670817,0.4648220539093017,0.7668919563293457,0.1696017026901245,2.157387537660847,0.0,0.0,0.0,806.5388317246801,806.5388317246801,3.6666074991226196,0.6666666666666666
s08,1752256386.80866,0,3,0.6818800767262777,0.4648220539093017,1.1165151596069336,0.2045640230178833,6.222470233152514,0.0,0.0,0.0,932.2365772981738,932.2365772981738,0.9233803749084473,0.3333333333333333
s08,1752256387.80866,0,3,0.6818800767262777,0.4648220539093017,1.1165151596069336,0.2045640230178833,6.222470233152514,0.0,0.0,0.0,932.2365772981738,932.2365772981738,0.9233803749084473,0.3333333333333333
s08,1752256388.80866,0,5,0.6060060501098633,0.4648220539093017,1.1165151596069336,0.30300302505493165,4.753286042610066,0.0,0.0,0.0,538.1422530000683,280.0643562663266,0.8043584227561951,0.6
s08,1752256389.80866,0,6,0.5774235328038534,0.46456253528594965,1.1165151596069336,0.346454119682312,3.9610717021750546,0.0,0.0,0.0,446.87106378452853,243.0514348857048,0.7306287288665771,0.6666666666666666
s08,1752256390.80866,0,6,0.5774235328038534,0.46456253528594965,1.1165151596069336,0.346454119682312,3.9610717021750546,0.0,0.0,0.0,446.87106378452853,243.0514348857048,0.7306287288665771,0.6666666666666666
s08,1752256391.80866,0,6,0.5774235328038534,0.46456253528594965,1.1165151596069336,0.346454119682312,3.9610717021750546,0.0,0.0,0.0,446.87106378452853,243.0514348857048,0.7306287288665771,0.6666666666666666
s08,1752256392.80866,0,5,0.6000476360321045,0.4648220539093017,1.1165151596069336,0.30002381801605227,4.753286042610066,0.0,0.0,0.0,479.3195103189235,162.41887090403708,0.5207689404487609,0.6
s08,1752256393.80866,0,5,0.6000476360321045,0.4648220539093017,1.1165151596069336,0.30002381801605227,4.753286042610066,0.0,0.0,0.0,479.3195103189235,162.41887090403708,0.5207689404487609,0.6
s08,1752256394.80866,0,4,0.6338540315628052,0.4972844123840332,1.1165151596069336,0.2535416126251221,5.941607553262582,0.0,0.0,0.0,123.29405477543166,81.78630692236935,0.6021276315053303,0.75
s08,1752256395.80866,0,3,0.472966988881429,0.4345109462738037,0.5600578784942627,0.1418900966644287,1.6996731711975948,0.0,0.0,0.0,63.41536472029509,63.41536472029509,0.2178549766540527,0.6666666666666666
s08,1752256396.80866,0,4,0.5104774832725525,0.4972844123840332,0.6230089664459229,0.204190993309021,4.409738929394309,0.0,0.0,0.0,167.78963603858043,81.78630692236935,2.2255136966705322,0.5
s08,1752256397.80866,0,3,0.49395068486531574,0.4345109462738037,0.6230089664459229,0.14818520545959474,4.179978734661484,0.0,0.0,0.0,229.16224279876022,229.16224279876022,3.3382705450057983,0.3333333333333333
s08,1752256398.80866,0,2,0.5287599563598633,0.5287599563598633,0.6230089664459229,0.10575199127197266,6.269968101992226,0.0,0.0,0.0,376.5381786751511,376.5381786751511,6.240831136703491,0.0
s08,1752256399.80866,0,2,0.6417784690856934,0.6417784690856934,0.6605479717254639,0.12835569381713868,6.269968101992226,0.0,0.0,0.0,451.1108511219831,451.1108511219831,2.7880070209503174,0.5
s08,1752256400.80866,0,2,0.6417784690856934,0.6417784690856934,0.6605479717254639,0.12835569381713868,6.269968101992226,0.0,0.0,0.0,451.1108511219831,451.1108511219831,2.7880070209503174,0.5
s08,1752256401.80866,0,2,0.6417784690856934,0.6417784690856934,0.6605479717254639,0.12835569381713868,6.269968101992226,0.0,0.0,0.0,451.1108511219831,451.1108511219831,2.7880070209503174,0.5
s08,1752256402.80866,0,2,0.6417784690856934,0.6417784690856934,0.6605479717254639,0.12835569381713868,6.269968101992226,0.0,0.0,0.0,451.1108511219831,451.1108511219831,2.7880070209503174,0.5
s08,1752256403.80866,0,3,0.6350536346435547,0.6230089664459229,0.6605479717254639,0.1905160903930664,4.179978734661484,0.0,0.0,0.0,580.5906350825262,580.5906350825262,3.082350492477417,0.6666666666666666
s08,1752256404.80866,0,3,0.6350536346435547,0.6230089664459229,0.6605479717254639,0.1905160903930664,4.179978734661484,0.0,0.0,0.0,580.5906350825262,580.5906350825262,3.082350492477417,0.6666666666666666
s08,1752256405.80866,0,2,0.6410759687423706,0.6410759687423706,0.6605479717254639,0.12821519374847412,0.0,0.0,0.0,0.0,710.0704190430693,710.0704190430693,3.3766939640045166,0.5
s08,1752256406.80866,0,2,0.6410759687423706,0.6410759687423706,0.6605479717254639,0.12821519374847412,0.0,0.0,0.0,0.0,710.0704190430693,710.0704190430693,3.3766939640045166,0.5
s08,1752256407.80866,0,2,0.6410759687423706,0.6410759687423706,0.6605479717254639,0.12821519374847412,0.0,0.0,0.0,0.0,710.0704190430693,710.0704190430693,3.3766939640045166,0.5
s08,1752256408.80866,0,3,0.7193360328674316,0.6605479717254639,0.8758561611175537,0.21580080986022948,5.447844743169451,0.0,0.0,0.0,926.7591376546852,926.7591376546852,3.3876354694366455,0.3333333333333333
s08,1752256409.80866,0,2,0.7487300634384155,0.7487300634384155,0.8758561611175537,0.14974601268768312,8.171767114754177,0.0,0.0,0.0,1143.4478562663012,1143.4478562663012,3.3985769748687744,0.0
s08,1752256410.80866,0,2,0.7487300634384155,0.7487300634384155,0.8758561611175537,0.14974601268768312,8.171767114754177,0.0,0.0,0.0,1143.4478562663012,1143.4478562663012,3.3985769748687744,0.0
s08,1752256411.80866,0,2,0.7487300634384155,0.7487300634384155,0.8758561611175537,0.14974601268768312,8.171767114754177,0.0,0.0,0.0,1143.4478562663012,1143.4478562663012,3.3985769748687744,0.0
s08,1752256412.80866,0,2,0.7487300634384155,0.7487300634384155,0.8758561611175537,0.14974601268768312,8.171767114754177,0.0,0.0,0.0,1143.4478562663012,1143.4478562663012,3.3985769748687744,0.0
s08,1752256426.80866,1,2,0.5959420204162598,0.5959420204162598,0.6515600681304932,0.11918840408325196,7.25,0.0,0.0,0.0,1519.005266613648,1519.005266613648,7.902338027954102,0.5
s08,1752256428.80866,1,2,0.6236026287078857,0.6236026287078857,0.6515600681304932,0.12472052574157715,11.008324094593227,1.0,1.0,0.0,128.14054783713078,128.14054783713078,2.2789199352264404,0.5
s08,1752256439.80866,0,3,0.4720296859741211,0.4387049674987793,0.5869569778442383,0.14160890579223634,3.5039660069381067,0.0,0.0,0.0,243.04708588308418,243.04708588308418,1.3291585445404053,0.6666666666666666
s08,1752256440.80866,0,2,0.4145660400390625,0.4145660400390625,0.4387049674987793,0.0829132080078125,0.0,0.0,0.0,0.0,132.00378782444085,132.00378782444085,0.3996350765228271,0.5
s08,1752256441.80866,0,3,0.5177033742268881,0.4387049674987793,0.7239780426025391,0.1553110122680664,0.5555555555555581,0.0,0.0,0.0,308.9514771594448,308.9514771594448,3.255610466003418,0.3333333333333333
s08,1752256442.80866,0,3,0.5177033742268881,0.4387049674987793,0.7239780426025391,0.1553110122680664,0.5555555555555581,0.0,0.0,0.0,308.9514771594448,308.9514771594448,3.255610466003418,0.3333333333333333
s08,1752256443.80866,0,2,0.5572025775909424,0.5572025775909424,0.7239780426025391,0.11144051551818848,0.8333333333333371,0.0,0.0,0.0,485.8991664944487,485.8991664944487,6.111585855484009,0.0
s08,1752256445.80866,0,2,0.5616085529327393,0.5616085529327393,0.7239780426025391,0.11232171058654786,0.8333333333333371,0.0,0.0,0.0,919.0005440694798,919.0005440694798,3.562221050262451,0.5
s08,1752256446.80866,0,2,0.5616085529327393,0.5616085529327393,0.7239780426025391,0.11232171058654786,0.8333333333333371,0.0,0.0,0.0,919.0005440694798,919.0005440694798,3.562221050262451,0.5
s08,1752256447.80866,0,2,0.5616085529327393,0.5616085529327393,0.7239780426025391,0.11232171058654786,0.8333333333333371,0.0,0.0,0.0,919.0005440694798,919.0005440694798,3.562221050262451,0.5
s08,1752256448.80866,0,3,0.5141793886820475,0.419321060180664,0.7239780426025391,0.15425381660461426,0.5555555555555581,0.0,0.0,0.0,773.6928881160221,773.6928881160221,2.8871824741363525,0.3333333333333333
s08,1752256449.80866,0,4,0.5195288062095642,0.47744905948638916,0.7239780426025391,0.20781152248382567,2.328798984263963,0.0,0.0,0.0,1030.868176990656,919.0005440694798,2.0613552729288735,0.25
s08,1752256450.80866,0,3,0.45137906074523926,0.419321060180664,0.5355770587921143,0.1354137182235718,2.5495097567963927,0.0,0.0,0.0,1086.801993451244,1086.801993451244,1.310922384262085,0.0
s08,1752256451.80866,0,5,0.4349669933319092,0.4125349521636963,0.5355770587921143,0.2174834966659546,1.5297058540778354,0.25,0.25,0.0,586.3113311298948,386.08489661264383,1.1019567251205444,0.2
s08,1752256452.80866,0,5,0.4349669933319092,0.4125349521636963,0.5355770587921143,0.2174834966659546,1.5297058540778354,0.25,0.25,0.0,586.3113311298948,386.08489661264383,1.1019567251205444,0.2
s08,1752256453.80866,0,5,0.4349669933319092,0.4125349521636963,0.5355770587921143,0.2174834966659546,1.5297058540778354,0.25,0.25,0.0,586.3113311298948,386.08489661264383,1.1019567251205444,0.2
s08,1752256454.80866,0,6,0.4299529790878296,0.41034889221191406,0.5355770587921143,0.2579717874526978,1.2747548783981963,0.2,0.2,0.0,548.4513318740723,397.0113348507823,1.3976786136627197,0.3333333333333333
s08,1752256455.80866,0,5,0.4360957622528076,0.4125349521636963,0.5355770587921143,0.2180478811264038,1.5297058540778354,0.25,0.25,0.0,528.4678568019493,270.3979479567528,1.1940622925758362,0.4
s08,1752256456.80866,0,5,0.4360957622528076,0.4125349521636963,0.5355770587921143,0.2180478811264038,1.5297058540778354,0.25,0.25,0.0,528.4678568019493,270.3979479567528,1.1940622925758362,0.4
s08,1752256457.80866,0,6,0.4780081510543823,0.4576575756072998,0.6041109561920166,0.2868048906326294,2.9414215450648626,0.4,0.4,0.0,222.95978065090557,143.78456106272327,1.26154465675354,0.6666666666666666
s08,1752256458.80866,0,6,0.4683636426925659,0.44512248039245605,0.6041109561920166,0.28101818561553954,1.6666666666666667,0.4,0.4,0.0,202.40530710012487,86.09297300012354,0.9384305953979493,0.8333333333333334
s08,1752256459.80866,0,6,0.4683636426925659,0.44512248039245605,0.6041109561920166,0.28101818561553954,1.6666666666666667,0.4,0.4,0.0,202.40530710012487,86.09297300012354,0.9384305953979493,0.8333333333333334
s08,1752256460.80866,0,6,0.4678698380788167,0.44512248039245605,0.6041109561920166,0.28072190284729004,1.6666666666666667,0.2,0.2,0.0,240.4339517892512,218.0,1.3560932159423829,0.8333333333333334
s08,1752256461.80866,0,5,0.47893681526184084,0.4777100086212158,0.6041109561920166,0.23946840763092042,2.0,0.25,0.25,0.0,201.2896060238685,152.04648650006177,1.0499749779701233,0.8
s08,1752256462.80866,0,5,0.47893681526184084,0.4777100086212158,0.6041109561920166,0.23946840763092042,2.0,0.25,0.25,0.0,201.2896060238685,152.04648650006177,1.0499749779701233,0.8
s08,1752256463.80866,0,5,0.47893681526184084,0.4777100086212158,0.6041109561920166,0.23946840763092042,2.0,0.25,0.25,0.0,201.2896060238685,152.04648650006177,1.0499749779701233,0.8
s08,1752256464.80866,0,4,0.4974502921104431,0.49024510383605957,0.6041109561920166,0.19898011684417724,2.5,0.3333333333333333,0.3333333333333333,0.0,115.03505543631444,86.09297300012354,0.8073736031850179,0.75
s08,1752256465.80866,0,5,0.4885836124420166,0.4777100086212158,0.6041109561920166,0.2442918062210083,2.0,0.25,0.25,0.0,207.27861593507617,152.04648650006177,1.7263972163200378,0.8
s08,1752256466.80866,0,5,0.4877970218658447,0.4777100086212158,0.6001780033111572,0.24389851093292236,0.41231056256176607,0.0,0.0,0.0,193.5214849685498,129.50609665440987,1.6855482459068298,0.8
s08,1752256467.80866,0,4,0.4657217264175415,0.42915844917297363,0.6001780033111572,0.1862886905670166,0.5153882032022076,0.0,0.0,0.0,673.2200228164129,484.00929743136135,1.6296123663584392,0.5
s08,1752256468.80866,0,5,0.45664358139038086,0.4203310012817383,0.6001780033111572,0.22832179069519043,0.41231056256176607,0.0,0.0,0.0,517.9534219227149,268.08145833649127,1.3622312545776367,0.6
s08,1752256469.80866,0,6,0.4589683214823405,0.4367239475250244,0.6001780033111572,0.2753809928894043,0.3435921354681384,0.0,0.0,0.0,463.1774894068438,244.07375934335917,1.2749127864837646,0.6666666666666666
s08,1752256470.80866,0,6,0.46114150683085126,0.4367239475250244,0.6001780033111572,0.27668490409851076,0.3435921354681384,0.0,0.0,0.0,405.1761453810651,194.0025773024678,0.4989443778991699,0.6666666666666666
s08,1752256471.80866,0,6,0.46114150683085126,0.4367239475250244,0.6001780033111572,0.27668490409851076,0.3435921354681384,0.0,0.0,0.0,405.1761453810651,194.0025773024678,0.4989443778991699,0.6666666666666666
s08,1752256472.80866,0,6,0.46114150683085126,0.4367239475250244,0.6001780033111572,0.27668490409851076,0.3435921354681384,0.0,0.0,0.0,405.1761453810651,194.0025773024678,0.4989443778991699,0.6666666666666666
s08,1752256473.80866,0,6,0.46114150683085126,0.4367239475250244,0.6001780033111572,0.27668490409851076,0.3435921354681384,0.0,0.0,0.0,405.1761453810651,194.0025773024678,0.4989443778991699,0.6666666666666666
s08,1752256474.80866,0,6,0.46114150683085126,0.4367239475250244,0.6001780033111572,0.27668490409851076,0.3435921354681384,0.0,0.0,0.0,405.1761453810651,194.0025773024678,0.4989443778991699,0.6666666666666666
s08,1752256475.80866,0,6,0.4365578492482503,0.42842841148376465,0.4705920219421386,0.2619347095489502,0.0,0.0,0.0,0.0,585.1983860925011,244.07375934335917,1.2768145561218263,0.6666666666666666
s08,1752256476.80866,0,5,0.4429910182952881,0.436525821685791,0.4705920219421386,0.22149550914764404,0.0,0.0,0.0,0.0,718.4595778052211,607.5873404890904,1.4559962153434753,0.6
s08,1752256477.80866,0,4,0.44865602254867554,0.45289647579193115,0.4705920219421386,0.17946240901947022,0.0,0.0,0.0,0.0,876.5881839591751,971.1009216348216,1.632781982421875,0.5
s08,1752256478.80866,0,4,0.44865602254867554,0.45289647579193115,0.4705920219421386,0.17946240901947022,0.0,0.0,0.0,0.0,876.5881839591751,971.1009216348216,1.632781982421875,0.5
s08,1752256479.80866,0,3,0.4413440227508545,0.436525821685791,0.4692671298980713,0.13240320682525636,0.0,0.0,0.0,0.0,1217.8809872875286,1217.8809872875286,2.1473599672317505,0.3333333333333333
s08,1752256480.80866,0,2,0.45289647579193115,0.45289647579193115,0.4692671298980713,0.09057929515838622,0.0,0.0,0.0,0.0,1464.6610529402358,1464.6610529402358,0.2838690280914306,0.0
s08,1752256481.80866,0,3,0.4534640312194824,0.4545991420745849,0.4692671298980713,0.13603920936584474,0.0,0.0,0.0,0.0,1188.8579079052297,1188.8579079052297,2.7932485342025757,0.3333333333333333
s08,1752256482.80866,0,3,0.4534640312194824,0.4545991420745849,0.4692671298980713,0.13603920936584474,0.0,0.0,0.0,0.0,1188.8579079052297,1188.8579079052297,2.7932485342025757,0.3333333333333333
s08,1752256483.80866,0,4,0.43839478492736816,0.445562481880188,0.4692671298980713,0.17535791397094727,0.0,0.0,0.0,0.0,946.9182303560834,913.0547628702236,2.4493199984232583,0.5
s08,1752256484.80866,0,4,0.44043976068496704,0.445562481880188,0.4774470329284668,0.17617590427398683,0.0,0.0,0.0,0.0,486.01087994350013,463.0388752577908,2.4872756004333496,0.5
s08,1752256485.80866,0,5,0.48596844673156736,0.4774470329284668,0.6118969917297363,0.24298422336578368,1.2165525060596438,0.0,0.0,0.0,150.08526841460125,55.04962869157171,0.539799690246582,0.6
s08,1752256486.80866,0,6,0.5051408608754476,0.4850795269012451,0.6118969917297363,0.3030845165252686,2.688773025236518,0.0,0.0,0.0,419.02239182241846,81.93900170248598,0.5437617778778077,0.6666666666666666
s08,1752256487.80866,0,6,0.5051408608754476,0.4850795269012451,0.6118969917297363,0.3030845165252686,2.688773025236518,0.0,0.0,0.0,419.02239182241846,81.93900170248598,0.5437617778778077,0.6666666666666666
s08,1752256488.80866,0,6,0.5051408608754476,0.4850795269012451,0.6118969917297363,0.3030845165252686,2.688773025236518,0.0,0.0,0.0,419.02239182241846,81.93900170248598,0.5437617778778077,0.6666666666666666
s08,1752256489.80866,0,7,0.5025631359645298,0.4870967864990234,0.6118969917297363,0.3517941951751709,2.3046625930598728,0.0,0.0,0.0,423.2040929078741,263.0258000188189,0.8476263284683228,0.7142857142857143
s08,1752256490.80866,0,7,0.5025631359645298,0.4870967864990234,0.6118969917297363,0.3517941951751709,2.3046625930598728,0.0,0.0,0.0,423.2040929078741,263.0258000188189,0.8476263284683228,0.7142857142857143
s08,1752256491.80866,0,6,0.5105571349461874,0.4899044036865234,0.6118969917297363,0.3063342809677124,2.688773025236518,0.0,0.0,0.0,415.2371364378907,81.93900170248598,0.6648590087890625,0.6666666666666666
s08,1752256492.80866,0,7,0.5384149891989571,0.4927120208740234,0.7055621147155762,0.37689049243927003,2.9399799294468303,0.0,0.0,0.0,440.69761369824226,263.0258000188189,0.9748766819636027,0.7142857142857143
s08,1752256493.80866,0,6,0.5626196463902792,0.546857476234436,0.7055621147155762,0.33757178783416747,3.4299765843546353,0.0,0.0,0.0,512.4493360973935,444.1125983351519,1.0903048515319824,0.6666666666666666
s08,1752256494.80866,0,5,0.5523813724517822,0.4927120208740234,0.7055621147155762,0.2761906862258911,2.8994193951659186,0.0,0.0,0.0,709.9892623091184,506.05629916757596,1.7508960366249084,0.6
s08,1752256495.80866,0,4,0.5672987103462219,0.544049859046936,0.7055621147155762,0.22691948413848878,3.6242742439573985,0.0,0.0,0.0,448.39538792759566,444.1125983351519,2.147991339365641,0.75
s08,1752256496.80866,0,3,0.5560639699300131,0.4870967864990234,0.7055621147155762,0.1668191909790039,1.4824071182362346,0.0,0.0,0.0,450.5367827238175,450.5367827238175,2.0385124683380127,0.6666666666666666
s08,1752256497.80866,0,3,0.5560639699300131,0.4870967864990234,0.7055621147155762,0.1668191909790039,1.4824071182362346,0.0,0.0,0.0,450.5367827238175,450.5367827238175,2.0385124683380127,0.6666666666666666
s08,1752256498.80866,0,3,0.5560639699300131,0.4870967864990234,0.7055621147155762,0.1668191909790039,1.4824071182362346,0.0,0.0,0.0,450.5367827238175,450.5367827238175,2.0385124683380127,0.6666666666666666
s08,1752256499.80866,0,2,0.5905475616455078,0.5905475616455078,0.7055621147155762,0.11810951232910157,2.223610677354352,0.0,0.0,0.0,333.073565447635,333.073565447635,1.5520598888397217,0.5
s08,1752256500.80866,0,2,0.5905475616455078,0.5905475616455078,0.7055621147155762,0.11810951232910157,2.223610677354352,0.0,0.0,0.0,333.073565447635,333.073565447635,1.5520598888397217,0.5
s08,1752256501.80866,0,2,0.5905475616455078,0.5905475616455078,0.7055621147155762,0.11810951232910157,2.223610677354352,0.0,0.0,0.0,333.073565447635,333.073565447635,1.5520598888397217,0.5
s08,1752256505.80866,0,2,0.5548564195632935,0.5548564195632935,0.6715600490570068,0.11097128391265869,7.766112283504534,0.0,0.0,0.0,280.0,280.0,1.010908126831055,0.5
s08,1752256506.80866,0,2,0.5548564195632935,0.5548564195632935,0.6715600490570068,0.11097128391265869,7.766112283504534,0.0,0.0,0.0,280.0,280.0,1.010908126831055,0.5
s08,1752256507.80866,0,3,0.5119702816009521,0.4381527900695801,0.6715600490570068,0.15359108448028563,5.177408189003023,0.0,0.0,0.0,314.0028735394907,314.0028735394907,1.1271260976791382,0.6666666666666666
s08,1752256508.80866,0,4,0.48581767082214355,0.4321753978729248,0.6715600490570068,0.19432706832885743,3.883056141752267,0.0,0.0,0.0,318.0100953442411,326.024538953742,1.0487531026204426,0.75
s08,1752256509.80866,0,4,0.48581767082214355,0.4321753978729248,0.6715600490570068,0.19432706832885743,3.883056141752267,0.0,0.0,0.0,318.0100953442411,326.024538953742,1.0487531026204426,0.75
s08,1752256510.80866,0,4,0.48581767082214355,0.4321753978729248,0.6715600490570068,0.19432706832885743,3.883056141752267,0.0,0.0,0.0,318.0100953442411,326.024538953742,1.0487531026204426,0.75
s08,1752256511.80866,0,4,0.48581767082214355,0.4321753978729248,0.6715600490570068,0.19432706832885743,3.883056141752267,0.0,0.0,0.0,318.0100953442411,326.024538953742,1.0487531026204426,0.75
s08,1752256512.80866,0,5,0.4937913417816162,0.4381527900695801,0.6715600490570068,0.2468956708908081,3.422672679418652,0.25,0.25,0.0,411.00920193525826,337.0151430163617,1.6550023555755615,0.8
s08,1752256513.80866,0,6,0.4653309186299642,0.4595973491668701,0.5256860256195068,0.27919855117797854,2.9301898050140314,0.2,0.2,0.0,288.2192007451994,326.024538953742,1.1218202590942383,0.8333333333333334
s08,1752256514.80866,0,6,0.4653309186299642,0.4595973491668701,0.5256860256195068,0.27919855117797854,2.9301898050140314,0.2,0.2,0.0,288.2192007451994,326.024538953742,1.1218202590942383,0.8333333333333334
s08,1752256515.80866,0,7,0.5366240910121373,0.5135469436645508,0.7233550548553467,0.3756368637084961,4.315250424900239,0.3333333333333333,0.3333333333333333,0.0,244.03428177356315,185.5577169971817,0.8238952159881592,0.5714285714285714
s08,1752256516.80866,0,7,0.5366240910121373,0.5135469436645508,0.7233550548553467,0.3756368637084961,4.315250424900239,0.3333333333333333,0.3333333333333333,0.0,244.03428177356315,185.5577169971817,0.8238952159881592,0.5714285714285714
s08,1752256517.80866,0,6,0.5550284385681152,0.5196164846420288,0.7233550548553467,0.33301706314086915,5.034458829050279,0.4,0.4,0.0,227.63623033752734,92.76313923105448,0.8102728366851807,0.5
s08,1752256518.80866,0,6,0.649637778600057,0.602433443069458,0.9750158786773682,0.3897826671600342,6.292322979991155,0.4,0.2,0.2,107.16775235101989,87.66413177577246,0.4783032417297363,0.5
s08,1752256519.80866,0,7,0.6249733992985317,0.5256860256195068,0.9750158786773682,0.43748137950897215,5.393419697135276,0.5,0.16666666666666666,0.3333333333333333,114.65952278559179,90.21363550341347,0.48758137226104736,0.5714285714285714
s08,1752256520.80866,0,8,0.6151805818080902,0.5361584424972534,0.9750158786773682,0.49214446544647217,4.7192422349933665,0.42857142857142855,0.14285714285714285,0.2857142857142857,102.63380543168672,87.66413177577246,0.4179268905094692,0.625
s08,1752256521.80866,0,9,0.5956727398766412,0.5256860256195068,0.9750158786773682,0.536105465888977,4.1948819866607705,0.375,0.125,0.25,102.18526026714027,90.21363550341347,0.5166420340538025,0.6666666666666666
s08,1752256522.80866,0,8,0.5934854745864868,0.5138363838195801,0.9750158786773682,0.47478837966918946,2.5215998812328433,0.42857142857142855,0.14285714285714285,0.2857142857142857,111.07775836267139,92.76313923105448,0.5904480389186314,0.625
s08,1752256523.80866,1,8,0.6670724749565125,0.6129058599472046,1.0697379112243652,0.5336579799652099,5.744375815458214,0.42857142857142855,0.14285714285714285,0.2857142857142857,76.55816189668033,87.66413177577246,0.5305831772940499,0.625
s08,1752256524.80866,1,8,0.629106730222702,0.5118089914321899,1.0697379112243652,0.5032853841781616,5.41894874562877,0.5714285714285714,0.14285714285714285,0.42857142857142855,70.01448879617193,46.95742752749558,0.6606830188206264,0.625
s08,1752256525.80866,1,7,0.6219532830374581,0.4769871234893799,1.0697379112243652,0.4353672981262207,4.761341768492604,0.5,0.16666666666666666,0.3333333333333333,67.0728816329052,42.039424957018376,0.46847983201344806,0.7142857142857143
s08,1752256536.80866,0,8,0.6704235970973969,0.5484815835952759,1.2224328517913818,0.5363388776779174,6.6676459812691355,0.2857142857142857,0.2857142857142857,0.0,51.20850513279321,35.35533905932738,0.285794871194022,0.75
s08,1752256537.80866,0,9,0.643972290886773,0.5473179817199707,1.2224328517913818,0.5795750617980957,5.9267964277947875,0.375,0.25,0.125,65.42297011928237,38.03694260116602,0.4901944100856781,0.7777777777777778
s08,1752256538.80866,0,9,0.6449273162417941,0.5473179817199707,1.2224328517913818,0.5804345846176148,5.9267964277947875,0.25,0.125,0.125,66.20650354123053,38.03694260116602,0.41300714015960693,0.7777777777777778
s08,1752256539.80866,0,8,0.5727391242980957,0.49142956733703613,1.1754639148712158,0.4581912994384766,3.4159103336153738,0.2857142857142857,0.14285714285714285,0.14285714285714285,69.84764031240566,35.35533905932738,0.47200816018240793,0.75
s08,1752256540.80866,0,10,0.5806785106658936,0.5484815835952759,1.1754639148712158,0.5806785106658936,3.943109169502184,0.3333333333333333,0.1111111111111111,0.2222222222222222,74.60988389432441,66.70832032063167,0.44799865616692436,0.7
s08,1752256541.80866,0,7,0.6314670017787388,0.5979080200195312,1.1754639148712158,0.4420269012451172,5.338505554601859,0.5,0.16666666666666666,0.3333333333333333,95.98992662355755,91.27773643104007,0.6482458114624023,0.5714285714285714
s08,1752256542.80866,0,6,0.6359261671702067,0.572613000869751,1.1754639148712158,0.38155570030212405,5.256431164561286,0.4,0.0,0.4,108.11684413640357,106.73331251301067,0.7778949737548828,0.5
s08,1752256543.80866,0,7,0.5330040114266532,0.5473179817199707,0.6269640922546387,0.37310280799865725,3.0327267312153507,0.3333333333333333,0.0,0.3333333333333333,112.30450859935854,91.27773643104007,0.8628371556599935,0.5714285714285714
s08,1752256544.80866,0,7,0.5137271881103516,0.4836869239807129,0.6269640922546387,0.3596090316772461,2.2869905520074547,0.16666666666666666,0.0,0.16666666666666666,108.22713087975734,91.27773643104007,0.5902934471766154,0.42857142857142855
s08,1752256545.80866,0,7,0.5137271881103516,0.4836869239807129,0.6269640922546387,0.3596090316772461,2.2869905520074547,0.16666666666666666,0.0,0.16666666666666666,108.22713087975734,91.27773643104007,0.5902934471766154,0.42857142857142855
s08,1752256546.80866,0,9,0.500476598739624,0.4756519794464111,0.6269640922546387,0.4504289388656616,1.7787704293391313,0.25,0.0,0.25,140.96695324474484,91.27773643104007,0.5804648101329803,0.5555555555555556
s08,1752256547.80866,0,8,0.5089909434318542,0.479669451713562,0.6269640922546387,0.4071927547454834,2.0011167330065227,0.2857142857142857,0.0,0.2857142857142857,151.57532937676098,106.73331251301067,0.5692993572780064,0.5
s08,1752256548.80866,0,8,0.5233104228973389,0.5168919563293457,0.6269640922546387,0.41864833831787107,2.531446818896433,0.42857142857142855,0.0,0.42857142857142855,147.34254560416016,77.10382610480494,0.6599335329873222,0.5
s08,1752256549.80866,0,8,0.511417031288147,0.5077519416809082,0.607248067855835,0.4091336250305176,1.4186659554736294,0.2857142857142857,0.0,0.2857142857142857,174.7138107509786,140.45995870709916,0.7959835529327393,0.5
s08,1752256550.80866,0,8,0.4942549169063568,0.479669451713562,0.607248067855835,0.39540393352508546,1.0184706906340764,0.2857142857142857,0.0,0.2857142857142857,160.50429644816418,135.09256086106296,0.6036834035600934,0.625
s08,1752256551.80866,0,8,0.4942549169063568,0.479669451713562,0.607248067855835,0.39540393352508546,1.0184706906340764,0.2857142857142857,0.0,0.2857142857142857,160.50429644816418,135.09256086106296,0.6036834035600934,0.625
s08,1752256552.80866,0,7,0.4957646301814488,0.4756519794464111,0.607248067855835,0.34703524112701417,1.1639665035818016,0.3333333333333333,0.0,0.3333333333333333,183.07503378819672,137.77625978408105,0.7042973041534424,0.5714285714285714
s08,1752256553.80866,0,6,0.4771840572357178,0.4681315422058105,0.5500969886779785,0.28631043434143066,0.7071067811865475,0.4,0.0,0.4,191.59804880441624,135.09256086106296,0.7880109786987305,0.5
s08,1752256554.80866,0,5,0.49014482498168943,0.4756519794464111,0.5500969886779785,0.24507241249084472,0.8485281374238569,0.25,0.0,0.25,134.68821027763914,106.09819348293395,0.7095242738723755,0.6
s08,1752256555.80866,0,4,0.5045442581176758,0.5037344694137573,0.5500969886779785,0.20181770324707032,1.0606601717798212,0.3333333333333333,0.0,0.3333333333333333,159.87246778088883,135.09256086106296,0.9460323651631674,0.5
s08,1752256556.80866,0,4,0.5275124907493591,0.540956974029541,0.5675249099731445,0.21100499629974365,1.0606601717798212,0.0,0.0,0.0,261.3460501654187,267.4210163767986,2.3206872940063477,0.5
s08,1752256557.80866,0,4,0.6026562452316284,0.549670934677124,0.8506720066070557,0.24106249809265137,0.8333333333333428,0.3333333333333333,0.3333333333333333,0.0,181.56282393823128,135.09256086106296,1.9487826029459636,0.5
s08,1752256558.80866,0,5,0.5675057888031005,0.5318169593811035,0.8506720066070557,0.28375289440155027,0.6666666666666743,0.25,0.25,0.0,338.3406738668025,258.3085670597287,1.5771949887275696,0.4
s08,1752256559.80866,0,5,0.5473443984985351,0.4606111049652099,0.8506720066070557,0.27367219924926756,0.6666666666666743,0.25,0.25,0.0,338.6263063833896,258.87983209290286,1.5495587587356567,0.4
s08,1752256560.80866,0,5,0.5473991394042969,0.4608848094940185,0.8506720066070557,0.2736995697021484,0.6666666666666743,0.25,0.25,0.0,269.26438673130633,120.15599278873637,0.33817631006240845,0.2
s08,1752256561.80866,0,6,0.5241061051686605,0.4459474086761474,0.8506720066070557,0.3144636631011963,0.5555555555555619,0.2,0.2,0.0,230.08665844732036,104.0768946500615,0.35590386390686035,0.16666666666666666
s08,1752256562.80866,0,7,0.512460538319179,0.44258713722229,0.8506720066070557,0.3587223768234253,0.4761904761904816,0.3333333333333333,0.16666666666666666,0.16666666666666666,223.4362355917765,120.15599278873637,0.5248775482177734,0.2857142857142857
s08,1752256563.80866,0,8,0.5054999589920044,0.44968152046203613,0.8506720066070557,0.4043999671936035,0.4166666666666714,0.2857142857142857,0.14285714285714285,0.14285714285714285,202.27193349279054,104.0768946500615,0.4707953248705183,0.375
s08,1752256564.80866,0,8,0.5054999589920044,0.44968152046203613,0.8506720066070557,0.4043999671936035,0.4166666666666714,0.2857142857142857,0.14285714285714285,0.14285714285714285,202.27193349279054,104.0768946500615,0.4707953248705183,0.375
s08,1752256565.80866,0,8,0.5054999589920044,0.44968152046203613,0.8506720066070557,0.4043999671936035,0.4166666666666714,0.2857142857142857,0.14285714285714285,0.14285714285714285,202.27193349279054,104.0768946500615,0.4707953248705183,0.375
s08,1752256566.80866,0,6,0.43763379255930573,0.43679857254028315,0.4608848094940185,0.26258027553558344,0.0,0.2,0.0,0.2,115.83159462035626,104.0768946500615,0.566627025604248,0.5
s08,1752256567.80866,0,8,0.42843061685562134,0.42895698547363276,0.4608848094940185,0.3427444934844971,0.0,0.2857142857142857,0.0,0.2857142857142857,104.9158670097793,104.0768946500615,0.889585154397147,0.625
s08,1752256568.80866,0,8,0.4418995976448059,0.42541611194610596,0.5613958835601807,0.3535196781158447,0.318688719599549,0.2857142857142857,0.0,0.2857142857142857,80.19679730652256,73.37574531137656,0.7624032838003976,0.625
s08,1752256569.80866,0,7,0.4391874245234898,0.4082450866699219,0.5613958835601807,0.30743119716644285,0.3642156795423417,0.3333333333333333,0.0,0.3333333333333333,81.33363930571355,57.699231569569,0.8183348178863525,0.7142857142857143
s08,1752256570.80866,0,7,0.44358556611197336,0.4384279251098633,0.5613958835601807,0.3105098962783813,0.3642156795423417,0.16666666666666666,0.0,0.16666666666666666,82.97628508683731,57.699231569569,0.8184601863225301,0.5714285714285714
s08,1752256571.80866,0,8,0.4903491139411926,0.44050753116607666,0.8176939487457275,0.3922792911529541,0.5981972167870226,0.14285714285714285,0.0,0.14285714285714285,74.96642265931018,40.11234224026316,0.7015373025621686,0.625
s08,1752256572.80866,0,7,0.4971722534724644,0.4384279251098633,0.8176939487457275,0.3480205774307251,0.6836539620423115,0.16666666666666666,0.0,0.16666666666666666,74.91313961938275,36.18068661672868,0.7940765221913656,0.5714285714285714
s08,1752256573.80866,0,7,0.5049651350293841,0.4384279251098633,0.8176939487457275,0.35347559452056887,0.6836539620423115,0.0,0.0,0.0,62.0154586091075,36.18068661672868,0.44128135840098065,0.7142857142857143
s08,1752256574.80866,0,8,0.54136723279953,0.4748769998550415,0.8176939487457275,0.433093786239624,3.5984865546861404,0.0,0.0,0.0,55.53372409024832,32.2490309931942,0.4835458823612758,0.75
s08,1752256575.80866,0,9,0.5273796452416314,0.4384279251098633,0.8176939487457275,0.47464168071746826,3.1986547152765694,0.0,0.0,0.0,61.54022274154584,36.18068661672868,0.45786479115486145,0.7777777777777778
s08,1752256576.80866,0,8,0.5441274642944336,0.4748769998550415,0.8176939487457275,0.4353019714355469,3.5984865546861404,0.0,0.0,0.0,65.72467870559608,40.11234224026316,0.5232740470341274,0.75
s08,1752256577.80866,0,6,0.5638964573542277,0.4748769998550415,0.8176939487457275,0.3383378744125366,4.373063780115455,0.0,0.0,0.0,78.55885065689942,45.617978911828175,0.7325836658477783,0.6666666666666666
s08,1752256578.80866,0,5,0.595821762084961,0.5113260746002197,0.8176939487457275,0.2979108810424805,5.247676536138546,0.0,0.0,0.0,48.18856432092433,36.2626135029878,0.5731050372123718,0.6
s08,1752256579.80866,0,5,0.595821762084961,0.5113260746002197,0.8176939487457275,0.2979108810424805,5.247676536138546,0.0,0.0,0.0,48.18856432092433,36.2626135029878,0.5731050372123718,0.6
s08,1752256580.80866,0,4,0.539838969707489,0.47384750843048096,0.7961819171905518,0.2159355878829956,6.000578675798235,0.0,0.0,0.0,356.84843114127966,103.58571330062848,1.8799240589141846,0.5
s08,1752256581.80866,0,4,0.539838969707489,0.47384750843048096,0.7961819171905518,0.2159355878829956,6.000578675798235,0.0,0.0,0.0,356.84843114127966,103.58571330062848,1.8799240589141846,0.5
s08,1752256582.80866,0,4,0.686618447303772,0.616275429725647,1.0984439849853516,0.2746473789215088,8.359441984917932,0.3333333333333333,0.3333333333333333,0.0,776.6372575491287,950.3162631461172,1.8167710304260254,0.5
s08,1752256583.80866,0,3,0.6500972906748453,0.4363689422607422,1.0984439849853516,0.1950291872024536,3.1451510788262618,0.5,0.5,0.0,1113.1630296733788,1113.1630296733788,2.5861079692840576,0.3333333333333333
s08,1752256584.80866,0,3,0.8775129318237305,1.0977258682250977,1.0984439849853516,0.26325387954711915,9.540799676713283,0.5,0.5,0.0,787.572608519381,787.572608519381,0.8175290822982789,0.6666666666666666
s08,1752256585.80866,0,3,0.8775129318237305,1.0977258682250977,1.0984439849853516,0.26325387954711915,9.540799676713283,0.5,0.5,0.0,787.572608519381,787.572608519381,0.8175290822982789,0.6666666666666666
s08,1752256586.80866,0,3,0.8775129318237305,1.0977258682250977,1.0984439849853516,0.26325387954711915,9.540799676713283,0.5,0.5,0.0,787.572608519381,787.572608519381,0.8175290822982789,0.6666666666666666
s08,1752256587.80866,0,3,0.8775129318237305,1.0977258682250977,1.0984439849853516,0.26325387954711915,9.540799676713283,0.5,0.5,0.0,787.572608519381,787.572608519381,0.8175290822982789,0.6666666666666666
s08,1752256588.80866,0,3,0.8775129318237305,1.0977258682250977,1.0984439849853516,0.26325387954711915,9.540799676713283,0.5,0.5,0.0,787.572608519381,787.572608519381,0.8175290822982789,0.6666666666666666
s08,1752256589.80866,0,4,0.8280182480812073,0.8886300325393677,1.0984439849853516,0.33120729923248293,10.283098758334162,0.3333333333333333,0.3333333333333333,0.0,621.349438326641,299.13542083812143,2.060166358947754,0.5
s08,1752256590.80866,0,4,0.6955707669258118,0.621383547782898,1.0977258682250977,0.27822830677032473,8.049235449214466,0.0,0.0,0.0,167.22685954577915,176.555940143627,1.559773604075114,0.5
s08,1752256591.80866,0,4,0.6955707669258118,0.621383547782898,1.0977258682250977,0.27822830677032473,8.049235449214466,0.0,0.0,0.0,167.22685954577915,176.555940143627,1.559773604075114,0.5
s08,1752256592.80866,0,5,0.6516802310943604,0.5632328987121582,1.0977258682250977,0.3258401155471802,6.439388359371573,0.0,0.0,0.0,244.75999550556259,232.72951904239392,1.408364713191986,0.4
s08,1752256593.80866,0,4,0.540168821811676,0.5196754932403564,0.6795341968536377,0.21606752872467042,3.252499000799201,0.0,0.0,0.0,230.0456280270299,176.555940143627,0.3626726468404134,0.5
s08,1752256594.80866,0,4,0.540168821811676,0.5196754932403564,0.6795341968536377,0.21606752872467042,3.252499000799201,0.0,0.0,0.0,230.0456280270299,176.555940143627,0.3626726468404134,0.5
s08,1752256595.80866,1,5,0.5626050472259522,0.5632328987121582,0.6795341968536377,0.2813025236129761,4.390853582639193,0.0,0.0,0.0,351.4212314486431,326.95767176426995,0.9637157320976257,0.6
s08,1752256596.80866,1,6,0.5938913822174072,0.6077914237976074,0.7503230571746826,0.35633482933044436,5.113072688677373,0.2,0.0,0.2,306.0696945985241,176.555940143627,0.7709725856781006,0.5
s08,1752256597.80866,1,6,0.5938913822174072,0.6077914237976074,0.7503230571746826,0.35633482933044436,5.113072688677373,0.2,0.0,0.2,306.0696945985241,176.555940143627,0.7709725856781006,0.5
s09,1752259240.378442,0,4,0.5469814538955688,0.4814620018005371,0.8077828884124756,0.21879258155822753,2.4448068332563486,0.3333333333333333,0.0,0.3333333333333333,475.66267653072174,447.0715826352644,2.2037950356801352,0.75
s09,1752259241.378442,0,5,0.45760579109191896,0.4194440841674804,0.5434799194335938,0.22880289554595948,0.5123105625617661,0.0,0.0,0.0,660.1551918245659,509.546717682343,1.3269052505493164,0.4
s09,1752259242.378442,0,5,0.45760579109191896,0.4194440841674804,0.5434799194335938,0.22880289554595948,0.5123105625617661,0.0,0.0,0.0,660.1551918245659,509.546717682343,1.3269052505493164,0.4
s09,1752259243.378442,0,4,0.46714621782302856,0.47110092639923096,0.5434799194335938,0.18685848712921144,0.6403882032022076,0.0,0.0,0.0,689.5329715229473,447.0715826352644,0.8413823445638021,0.25
s09,1752259244.378442,0,6,0.46640634536743164,0.47110092639923096,0.5434799194335938,0.279843807220459,0.8435921354681385,0.2,0.0,0.2,468.14222485525033,246.61711213944585,1.0224525928497314,0.5
s09,1752259245.378442,0,6,0.46640634536743164,0.47110092639923096,0.5434799194335938,0.279843807220459,0.8435921354681385,0.2,0.0,0.2,468.14222485525033,246.61711213944585,1.0224525928497314,0.5
s09,1752259246.378442,0,5,0.4509916305541992,0.4172189235687256,0.5308501720428467,0.2254958152770996,0.6,0.25,0.0,0.25,473.40988541024683,208.55085777492093,0.8161352276802063,0.4
s09,1752259247.378442,0,5,0.4509916305541992,0.4172189235687256,0.5308501720428467,0.2254958152770996,0.6,0.25,0.0,0.25,473.40988541024683,208.55085777492093,0.8161352276802063,0.4
s09,1752259248.378442,0,5,0.4509916305541992,0.4172189235687256,0.5308501720428467,0.2254958152770996,0.6,0.25,0.0,0.25,473.40988541024683,208.55085777492093,0.8161352276802063,0.4
s09,1752259249.378442,0,4,0.4594348073005676,0.4619929790496826,0.5308501720428467,0.18377392292022704,0.75,0.3333333333333333,0.0,0.3333333333333333,147.53227103926858,170.48460341039598,0.8627053101857504,0.5
s09,1752259250.378442,0,3,0.43758543332417804,0.3990030288696289,0.5308501720428467,0.13127562999725342,0.8333333333333334,0.5,0.0,0.5,136.05610485370488,136.05610485370488,1.2940579652786255,0.3333333333333333
s09,1752259251.378442,0,2,0.4649266004562378,0.4649266004562378,0.5308501720428467,0.09298532009124756,1.25,0.0,0.0,0.0,25.495097567963924,25.495097567963924,0.0,0.5
s09,1752259252.378442,0,2,0.4649266004562378,0.4649266004562378,0.5308501720428467,0.09298532009124756,1.25,0.0,0.0,0.0,25.495097567963924,25.495097567963924,0.0,0.5
s09,1752259253.378442,0,2,0.48512256145477295,0.48512256145477295,0.5308501720428467,0.09702451229095459,1.25,0.0,0.0,0.0,105.68348972285122,105.68348972285122,8.270567893981934,0.5
s09,1752259256.378442,0,2,0.5655440092086792,0.5655440092086792,0.6916930675506592,0.11310880184173584,8.834905520465709,0.0,0.0,0.0,207.32824216685964,207.32824216685964,2.125349998474121,0.0
s09,1752259257.378442,0,2,0.5655440092086792,0.5655440092086792,0.6916930675506592,0.11310880184173584,8.834905520465709,0.0,0.0,0.0,207.32824216685964,207.32824216685964,2.125349998474121,0.0
s09,1752259258.378442,0,3,0.5981940428415934,0.6634941101074219,0.6916930675506592,0.17945821285247804,11.355880958643288,0.5,0.0,0.5,209.05031562521978,209.05031562521978,1.9837509393692017,0.0
s09,1752259259.378442,0,3,0.5981940428415934,0.6634941101074219,0.6916930675506592,0.17945821285247804,11.355880958643288,0.5,0.0,0.5,209.05031562521978,209.05031562521978,1.9837509393692017,0.0
s09,1752259260.378442,0,4,0.5539578199386597,0.5514445304870605,0.6916930675506592,0.22158312797546387,8.516910718982466,0.3333333333333333,0.0,0.3333333333333333,210.07755520213462,210.77238908357992,1.820468266805013,0.25
s09,1752259261.378442,0,4,0.5539578199386597,0.5514445304870605,0.6916930675506592,0.22158312797546387,8.516910718982466,0.3333333333333333,0.0,0.3333333333333333,210.07755520213462,210.77238908357992,1.820468266805013,0.25
s09,1752259262.378442,0,6,0.5136206944783529,0.45261549949645996,0.6916930675506592,0.30817241668701173,5.677940479321644,0.2,0.0,0.2,191.25541762492495,210.77238908357992,1.328751564025879,0.5
s09,1752259263.378442,0,5,0.5284658432006836,0.4658360481262207,0.6916930675506592,0.2642329216003418,6.813528575185972,0.25,0.0,0.25,187.23721148944125,211.4522117197721,1.1296019554138184,0.6
s09,1752259264.378442,0,5,0.5284658432006836,0.4658360481262207,0.6916930675506592,0.2642329216003418,6.813528575185972,0.25,0.0,0.25,187.23721148944125,211.4522117197721,1.1296019554138184,0.6
s09,1752259265.378442,0,4,0.4876590371131897,0.44354259967803955,0.6634941101074219,0.19506361484527587,4.0994579587496105,0.0,0.0,0.0,179.39215229139504,212.1320343559643,0.8920853137969971,0.5
s09,1752259266.378442,0,6,0.45835920174916583,0.4106529951095581,0.6634941101074219,0.2750155210494995,2.7329719724997403,0.0,0.0,0.0,239.43936296857527,212.1320343559643,1.0915207862854004,0.6666666666666666
s09,1752259267.378442,0,6,0.45835920174916583,0.4106529951095581,0.6634941101074219,0.2750155210494995,2.7329719724997403,0.0,0.0,0.0,239.43936296857527,212.1320343559643,1.0915207862854004,0.6666666666666666
s09,1752259268.378442,0,7,0.4668691498892648,0.4000568389892578,0.7879679203033447,0.32680840492248536,1.605157503874588,0.16666666666666666,0.16666666666666666,0.0,371.5630033937567,163.0222112591104,0.8651270071665446,0.8571428571428571
s09,1752259269.378442,0,8,0.45944899320602417,0.40378236770629883,0.7879679203033447,0.36755919456481934,1.4045128158902644,0.14285714285714285,0.14285714285714285,0.0,328.8167854040239,72.3394774656273,0.7757260118212018,0.875
s09,1752259270.378442,0,8,0.4614303410053253,0.40378236770629883,0.7879679203033447,0.36914427280426027,1.4045128158902644,0.14285714285714285,0.14285714285714285,0.0,306.26625033411574,72.3394774656273,0.7246555941445487,0.875
s09,1752259271.378442,0,9,0.45510419209798175,0.4044950008392334,0.7879679203033447,0.4095937728881836,1.2484558363469018,0.125,0.125,0.0,284.4905430615704,97.74286598813504,0.7314184010028839,0.8888888888888888
s09,1752259272.378442,0,7,0.4614349773951939,0.4044950008392334,0.7879679203033447,0.32300448417663574,1.605157503874588,0.16666666666666666,0.16666666666666666,0.0,269.47659400094193,97.74286598813504,0.5116665363311768,0.8571428571428571
s09,1752259273.378442,0,7,0.4614349773951939,0.4044950008392334,0.7879679203033447,0.32300448417663574,1.605157503874588,0.16666666666666666,0.16666666666666666,0.0,269.47659400094193,97.74286598813504,0.5116665363311768,0.8571428571428571
s09,1752259274.378442,0,7,0.4614349773951939,0.4044950008392334,0.7879679203033447,0.32300448417663574,1.605157503874588,0.16666666666666666,0.16666666666666666,0.0,269.47659400094193,97.74286598813504,0.5116665363311768,0.8571428571428571
s09,1752259275.378442,1,6,0.471720814704895,0.4060014486312866,0.7879679203033447,0.283032488822937,1.8726837545203525,0.2,0.2,0.0,314.3719128011303,123.14625451064276,0.6139998435974121,0.8333333333333334
s09,1752259276.378442,1,5,0.48610515594482423,0.4075078964233398,0.7879679203033447,0.24305257797241211,2.247220505424423,0.0,0.0,0.0,88.40578343770852,97.74286598813504,0.4607345461845398,0.8
s09,1752259277.378442,1,5,0.5224151611328125,0.4075078964233398,0.969517946243286,0.26120758056640625,1.6243152403397556,0.0,0.0,0.0,99.91433740982582,97.74286598813504,1.6237378120422363,0.8
s09,1752259288.378442,0,4,0.5870499610900879,0.58894944190979,0.7879970073699951,0.23481998443603516,5.432257343285992,0.3333333333333333,0.3333333333333333,0.0,226.8246955590706,298.8795744108319,1.8933480580647786,0.5
s09,1752259289.378442,0,3,0.6106793085734049,0.6617369651794434,0.7879970073699951,0.1832037925720215,5.568030520861175,0.5,0.5,0.0,165.6339219461176,165.6339219461176,1.9960570335388184,0.3333333333333333
s09,1752259290.378442,0,3,0.6106793085734049,0.6617369651794434,0.7879970073699951,0.1832037925720215,5.568030520861175,0.5,0.5,0.0,165.6339219461176,165.6339219461176,1.9960570335388184,0.3333333333333333
s09,1752259291.378442,0,2,0.7248669862747192,0.7248669862747192,0.7879970073699951,0.14497339725494385,8.352045781291762,1.0,1.0,0.0,32.38826948140329,32.38826948140329,0.0,0.5
s09,1752259292.378442,0,4,0.5910012722015381,0.5762134790420532,0.7879970073699951,0.23640050888061523,4.176022890645881,0.3333333333333333,0.3333333333333333,0.0,344.79988692504065,46.01086828130936,1.4923029740651448,0.75
s09,1752259293.378442,0,5,0.5662576198577881,0.4906899929046631,0.7879970073699951,0.28312880992889405,3.340818312516705,0.25,0.25,0.0,280.10572836138704,66.01706047586782,1.1578001976013184,0.8
s09,1752259294.378442,0,6,0.5558700164159139,0.497310996055603,0.7879970073699951,0.33352200984954833,2.7840152604305874,0.2,0.2,0.0,443.04576646376864,86.02325267042627,1.033416748046875,0.6666666666666666
s09,1752259295.378442,0,7,0.5924596105303083,0.503931999206543,0.8119971752166748,0.4147217273712158,4.395348614628978,0.3333333333333333,0.3333333333333333,0.0,373.8981813332501,66.01706047586782,0.8611806233723959,0.7142857142857143
s09,1752259296.378442,0,6,0.526875376701355,0.4789865016937256,0.8119971752166748,0.316125226020813,2.3438914566365536,0.2,0.2,0.0,279.05785659131845,86.02325267042627,0.30045275688171386,0.6666666666666666
s09,1752259297.378442,0,6,0.526875376701355,0.4789865016937256,0.8119971752166748,0.316125226020813,2.3438914566365536,0.2,0.2,0.0,279.05785659131845,86.02325267042627,0.30045275688171386,0.6666666666666666
s09,1752259298.378442,0,6,0.526875376701355,0.4789865016937256,0.8119971752166748,0.316125226020813,2.3438914566365536,0.2,0.2,0.0,279.05785659131845,86.02325267042627,0.30045275688171386,0.6666666666666666
s09,1752259299.378442,0,6,0.526875376701355,0.4789865016937256,0.8119971752166748,0.316125226020813,2.3438914566365536,0.2,0.2,0.0,279.05785659131845,86.02325267042627,0.30045275688171386,0.6666666666666666
s09,1752259300.378442,0,6,0.526875376701355,0.4789865016937256,0.8119971752166748,0.316125226020813,2.3438914566365536,0.2,0.2,0.0,279.05785659131845,86.02325267042627,0.30045275688171386,0.6666666666666666
s09,1752259301.378442,0,6,0.526875376701355,0.4789865016937256,0.8119971752166748,0.316125226020813,2.3438914566365536,0.2,0.2,0.0,279.05785659131845,86.02325267042627,0.30045275688171386,0.6666666666666666
s09,1752259302.378442,0,4,0.561745285987854,0.4856075048446655,0.8119971752166748,0.2246981143951416,3.5158371849548304,0.3333333333333333,0.3333333333333333,0.0,421.08505400161897,140.28898745090436,0.44932397206624347,0.5
s09,1752259303.378442,0,4,0.6107560396194458,0.5836290121078491,0.8119971752166748,0.24430241584777831,4.042883461649566,0.3333333333333333,0.3333333333333333,0.0,499.49561219507353,140.28898745090436,2.1731276512145996,0.75
s09,1752259304.378442,0,2,0.5635474920272827,0.5635474920272827,0.6633260250091553,0.11270949840545655,1.054092553389472,0.0,0.0,0.0,1330.0375934536587,1330.0375934536587,5.70729398727417,0.5
s09,1752259305.378442,0,3,0.8565173149108887,0.6633260250091553,1.4424569606781006,0.2569551944732666,5.796978940785622,0.0,0.0,0.0,1412.0626374751484,1412.0626374751484,3.102110981941223,0.3333333333333333
s09,1752259306.378442,0,2,1.052891492843628,1.052891492843628,1.4424569606781006,0.2105782985687256,8.695468411178433,0.0,0.0,0.0,1494.0876814966382,1494.0876814966382,0.4969279766082763,0.0
s09,1752259307.378442,0,2,1.052891492843628,1.052891492843628,1.4424569606781006,0.2105782985687256,8.695468411178433,0.0,0.0,0.0,1494.0876814966382,1494.0876814966382,0.4969279766082763,0.0
s09,1752259308.378442,0,2,1.052891492843628,1.052891492843628,1.4424569606781006,0.2105782985687256,8.695468411178433,0.0,0.0,0.0,1494.0876814966382,1494.0876814966382,0.4969279766082763,0.0
s09,1752259309.378442,0,2,1.052891492843628,1.052891492843628,1.4424569606781006,0.2105782985687256,8.695468411178433,0.0,0.0,0.0,1494.0876814966382,1494.0876814966382,0.4969279766082763,0.0
s09,1752259310.378442,0,2,1.052891492843628,1.052891492843628,1.4424569606781006,0.2105782985687256,8.695468411178433,0.0,0.0,0.0,1494.0876814966382,1494.0876814966382,0.4969279766082763,0.0
s09,1752259311.378442,0,2,1.052891492843628,1.052891492843628,1.4424569606781006,0.2105782985687256,8.695468411178433,0.0,0.0,0.0,1494.0876814966382,1494.0876814966382,0.4969279766082763,0.0
s09,1752259312.378442,0,2,0.9582974910736084,0.9582974910736084,1.4424569606781006,0.19165949821472167,7.641375857788962,0.0,0.0,0.0,1436.0003481893727,1436.0003481893727,6.931020021438599,0.5
s09,1752259313.378442,0,3,0.4642210006713867,0.4741380214691162,0.5044288635253906,0.139266300201416,2.5055493963954847,0.0,0.0,0.0,728.3160575939294,728.3160575939294,0.13926899433135986,0.3333333333333333
s09,1752259314.378442,0,3,0.4642210006713867,0.4741380214691162,0.5044288635253906,0.139266300201416,2.5055493963954847,0.0,0.0,0.0,728.3160575939294,728.3160575939294,0.13926899433135986,0.3333333333333333
s09,1752259315.378442,0,3,0.4642210006713867,0.4741380214691162,0.5044288635253906,0.139266300201416,2.5055493963954847,0.0,0.0,0.0,728.3160575939294,728.3160575939294,0.13926899433135986,0.3333333333333333
s09,1752259316.378442,0,3,0.4642210006713867,0.4741380214691162,0.5044288635253906,0.139266300201416,2.5055493963954847,0.0,0.0,0.0,728.3160575939294,728.3160575939294,0.13926899433135986,0.3333333333333333
s09,1752259317.378442,0,3,0.4642210006713867,0.4741380214691162,0.5044288635253906,0.139266300201416,2.5055493963954847,0.0,0.0,0.0,728.3160575939294,728.3160575939294,0.13926899433135986,0.3333333333333333
s09,1752259318.378442,0,3,0.4642210006713867,0.4741380214691162,0.5044288635253906,0.139266300201416,2.5055493963954847,0.0,0.0,0.0,728.3160575939294,728.3160575939294,0.13926899433135986,0.3333333333333333
s09,1752259319.378442,0,3,0.4642210006713867,0.4741380214691162,0.5044288635253906,0.139266300201416,2.5055493963954847,0.0,0.0,0.0,728.3160575939294,728.3160575939294,0.13926899433135986,0.3333333333333333
s09,1752259320.378442,0,4,0.4496777653694153,0.44411706924438477,0.5044288635253906,0.1798711061477661,1.8791620472966135,0.0,0.0,0.0,519.2354484452684,101.07423014794622,2.1219056447347007,0.25
s09,1752259321.378442,0,4,0.5649527907371521,0.459262490272522,0.9352381229400636,0.22598111629486084,4.353025422667214,0.3333333333333333,0.3333333333333333,0.0,51.10918650444544,27.073972741361768,2.029059648513794,0.5
s09,1752259322.378442,0,4,0.5591737627983093,0.4552384614944458,0.9352381229400636,0.22366950511932374,4.353025422667214,0.3333333333333333,0.3333333333333333,0.0,108.7371080470316,101.07423014794622,2.2972686290740967,0.5
s09,1752259323.378442,0,3,0.5774220625559489,0.406048059463501,0.9352381229400636,0.17322661876678466,3.298484500494134,0.5,0.5,0.0,112.56854699657428,112.56854699657428,0.4023134708404541,0.6666666666666666
s09,1752259324.378442,0,3,0.5774220625559489,0.406048059463501,0.9352381229400636,0.17322661876678466,3.298484500494134,0.5,0.5,0.0,112.56854699657428,112.56854699657428,0.4023134708404541,0.6666666666666666
s09,1752259325.378442,0,4,0.5309205055236816,0.39873194694519043,0.9352381229400636,0.21236820220947267,2.4738633753706005,0.3333333333333333,0.3333333333333333,0.0,285.3792954618927,198.0631212517868,1.0758519967397053,0.75
s09,1752259326.378442,0,6,0.486089825630188,0.3964284658432007,0.9352381229400636,0.2916538953781128,1.649242250247067,0.2,0.2,0.0,252.64439640233454,198.0631212517868,0.8692902088165283,0.8333333333333334
s09,1752259327.378442,0,6,0.486089825630188,0.3964284658432007,0.9352381229400636,0.2916538953781128,1.649242250247067,0.2,0.2,0.0,252.64439640233454,198.0631212517868,0.8692902088165283,0.8333333333333334
s09,1752259328.378442,0,6,0.486089825630188,0.3964284658432007,0.9352381229400636,0.2916538953781128,1.649242250247067,0.2,0.2,0.0,252.64439640233454,198.0631212517868,0.8692902088165283,0.8333333333333334
s09,1752259329.378442,0,6,0.5903491576512655,0.3964284658432007,1.0316040515899658,0.3542094945907593,5.082575583580399,0.0,0.0,0.0,499.4873272065279,214.0840956259946,1.2254616260528564,0.6666666666666666
s09,1752259330.378442,0,6,0.5002894798914591,0.39332807064056396,1.0316040515899658,0.3001736879348755,3.4333333333333322,0.0,0.0,0.0,477.6758265162157,214.0840956259946,1.1464148044586182,0.6666666666666666
s09,1752259331.378442,0,6,0.5018246571222941,0.3975355625152588,1.0316040515899658,0.3010947942733765,3.4333333333333322,0.0,0.0,0.0,356.9088991205923,193.0,0.6618289947509766,0.6666666666666666
s09,1752259332.378442,0,6,0.5018246571222941,0.3975355625152588,1.0316040515899658,0.3010947942733765,3.4333333333333322,0.0,0.0,0.0,356.9088991205923,193.0,0.6618289947509766,0.6666666666666666
s09,1752259333.378442,0,6,0.5018246571222941,0.3975355625152588,1.0316040515899658,0.3010947942733765,3.4333333333333322,0.0,0.0,0.0,356.9088991205923,193.0,0.6618289947509766,0.6666666666666666
s09,1752259334.378442,0,5,0.5239064216613769,0.400191068649292,1.0316040515899658,0.26195321083068845,4.119999999999999,0.0,0.0,0.0,392.61509999424175,141.00280890011325,0.663993239402771,0.6
s09,1752259335.378442,0,5,0.6010007858276367,0.401080846786499,1.0316040515899658,0.30050039291381836,7.658989183996548,0.0,0.0,0.0,576.1217072355456,508.0160233827211,1.5156434774398804,0.6
s09,1752259336.378442,0,5,0.6274064064025879,0.5331089496612549,1.0316040515899658,0.31370320320129397,9.358989183996547,0.25,0.25,0.0,282.3227937949945,87.54929540017503,1.1034837365150452,0.8
s09,1752259337.378442,1,6,0.6256926854451498,0.5751165151596069,1.0316040515899658,0.37541561126708983,8.224075946129854,0.2,0.2,0.0,246.466971047697,89.00561780022652,0.9375277996063233,0.8333333333333334
s09,1752259338.378442,1,6,0.5910071531931559,0.5751165151596069,0.8234908580780029,0.35460429191589354,5.165742612796522,0.2,0.2,0.0,233.7017188124574,86.09297300012354,0.8556492328643799,0.8333333333333334
s09,1752259339.378442,1,7,0.6693952764783587,0.617124080657959,1.1397240161895752,0.4685766935348511,6.887578610971984,0.3333333333333333,0.3333333333333333,0.0,199.25451770574992,56.62956420726789,0.7130410273869833,0.8571428571428571
s09,1752259350.378442,0,5,0.544573450088501,0.5112490653991699,0.7616691589355469,0.2722867250442505,3.9410951442832896,0.0,0.0,0.0,639.7459922781517,522.1270689108399,1.246822714805603,0.6
s09,1752259351.378442,0,6,0.5192441940307617,0.46531403064727783,0.7616691589355469,0.31154651641845704,3.284245953569408,0.0,0.0,0.0,551.6093546545001,290.2481696755382,1.163242769241333,0.6666666666666666
s09,1752259352.378442,1,5,0.52084321975708,0.4193789958953857,0.7616691589355469,0.26042160987854,3.116474019159758,0.0,0.0,0.0,683.2417252161329,522.1270689108399,1.4540534615516663,0.6
s09,1752259353.378442,1,6,0.5793421665827433,0.4210934638977051,1.075510025024414,0.347605299949646,2.447834610326505,0.4,0.4,0.0,281.5246741208441,199.0628041598932,1.1148959636688232,0.8333333333333334
s09,1752259354.378442,1,6,0.5968743562698364,0.4736900329589844,1.075510025024414,0.35812461376190186,4.205753202803921,0.6,0.6,0.0,166.13760196878926,177.0706073858674,0.5875073909759522,0.8333333333333334
s09,1752259365.378442,0,7,0.6152772903442383,0.6086118221282959,0.9352099895477296,0.4306941032409668,7.6791571369660385,0.16666666666666666,0.16666666666666666,0.0,256.01834474740104,75.89595582381756,0.7865955034891764,0.5714285714285714
s09,1752259366.378442,0,7,0.5388970034463065,0.4974400997161865,0.7905580997467041,0.37722790241241455,7.249100187723457,0.16666666666666666,0.16666666666666666,0.0,298.8515947036721,110.31563884907432,1.0037003358205159,0.5714285714285714
s09,1752259367.378442,0,8,0.5486768782138824,0.5151234865188599,0.7905580997467041,0.438941502571106,8.538571916076137,0.14285714285714285,0.14285714285714285,0.0,249.10044994306767,70.76722405181653,0.7117462839399066,0.625
s09,1752259368.378442,0,7,0.5318701267242432,0.5009050369262695,0.7905580997467041,0.3723090887069702,7.081093085635461,0.16666666666666666,0.16666666666666666,0.0,98.83461795092899,66.88361202590826,0.4571340084075928,0.7142857142857143
s09,1752259369.378442,0,7,0.5318701267242432,0.5009050369262695,0.7905580997467041,0.3723090887069702,7.081093085635461,0.16666666666666666,0.16666666666666666,0.0,98.83461795092899,66.88361202590826,0.4571340084075928,0.7142857142857143
s09,1752259370.378442,0,7,0.5318701267242432,0.5009050369262695,0.7905580997467041,0.3723090887069702,7.081093085635461,0.16666666666666666,0.16666666666666666,0.0,98.83461795092899,66.88361202590826,0.4571340084075928,0.7142857142857143
s09,1752259371.378442,0,7,0.5475894383021763,0.5057210922241211,0.7905580997467041,0.38331260681152346,7.081093085635461,0.16666666666666666,0.16666666666666666,0.0,195.706875087412,72.0123437979093,0.6943936347961426,0.8571428571428571
s09,1752259372.378442,0,7,0.5475894383021763,0.5057210922241211,0.7905580997467041,0.38331260681152346,7.081093085635461,0.16666666666666666,0.16666666666666666,0.0,195.706875087412,72.0123437979093,0.6943936347961426,0.8571428571428571
s09,1752259373.378442,0,6,0.5648323694864908,0.5175315141677856,0.7905580997467041,0.3388994216918945,9.768322844816177,0.0,0.0,0.0,278.07108500720716,288.01562457616774,1.1404187679290771,0.8333333333333334
s09,1752259374.378442,0,6,0.549780527750651,0.5175315141677856,0.700247049331665,0.3298683166503906,8.656748802887833,0.2,0.2,0.0,276.3113124268756,279.21676167450977,0.9592843532562256,0.8333333333333334
s09,1752259375.378442,0,6,0.549780527750651,0.5175315141677856,0.700247049331665,0.3298683166503906,8.656748802887833,0.2,0.2,0.0,276.3113124268756,279.21676167450977,0.9592843532562256,0.8333333333333334
s09,1752259376.378442,0,6,0.5314988692601522,0.5175315141677856,0.700247049331665,0.3188993215560913,6.566759435557091,0.4,0.4,0.0,494.44217631851086,360.1388621073821,1.2817777633666991,0.6666666666666666
s09,1752259377.378442,0,5,0.5319302558898926,0.5057210922241211,0.700247049331665,0.2659651279449463,6.87512376055642,0.5,0.5,0.0,455.05252868045994,319.6778118909459,0.9262347221374512,0.6
s09,1752259378.378442,0,6,0.5280343691507975,0.5071380138397217,0.700247049331665,0.3168206214904785,5.729269800463683,0.4,0.4,0.0,410.6849216536034,279.21676167450977,0.940593957901001,0.6666666666666666
s09,1752259379.378442,0,6,0.5280343691507975,0.5071380138397217,0.700247049331665,0.3168206214904785,5.729269800463683,0.4,0.4,0.0,410.6849216536034,279.21676167450977,0.940593957901001,0.6666666666666666
s09,1752259380.378442,0,5,0.5324970245361328,0.5085549354553223,0.700247049331665,0.2662485122680664,6.87512376055642,0.5,0.5,0.0,423.32143654015874,256.2156276103435,0.7518637180328369,0.6
s09,1752259381.378442,0,5,0.5324970245361328,0.5085549354553223,0.700247049331665,0.2662485122680664,6.87512376055642,0.5,0.5,0.0,423.32143654015874,256.2156276103435,0.7518637180328369,0.6
s09,1752259382.378442,0,6,0.47624218463897705,0.42844402790069575,0.700247049331665,0.2857453107833862,2.2222222222222094,0.2,0.2,0.0,389.6586803909862,233.21449354617732,1.2271024227142333,0.6666666666666666
s09,1752259383.378442,0,5,0.4314412117004395,0.4243991374969482,0.5085549354553223,0.21572060585021974,0.0,0.25,0.25,0.0,198.89979167391007,162.15118160529218,1.1307612657546997,0.8
s09,1752259384.378442,0,5,0.4314412117004395,0.4243991374969482,0.5085549354553223,0.21572060585021974,0.0,0.25,0.25,0.0,198.89979167391007,162.15118160529218,1.1307612657546997,0.8
s09,1752259385.378442,0,5,0.4314412117004395,0.4243991374969482,0.5085549354553223,0.21572060585021974,0.0,0.25,0.25,0.0,198.89979167391007,162.15118160529218,1.1307612657546997,0.8
s09,1752259386.378442,0,3,0.455147663752238,0.4324889183044433,0.5085549354553223,0.1365442991256714,0.0,0.0,0.0,0.0,267.11220873440277,267.11220873440277,1.7625070810317993,0.6666666666666666
s09,1752259387.378442,0,4,0.41029626131057734,0.4116655588150024,0.4324889183044433,0.16411850452423093,0.0,0.3333333333333333,0.3333333333333333,0.0,285.4227734442515,91.08786966440702,1.3138496081034343,0.5
s09,1752259388.378442,0,4,0.41029626131057734,0.4116655588150024,0.4324889183044433,0.16411850452423093,0.0,0.3333333333333333,0.3333333333333333,0.0,285.4227734442515,91.08786966440702,1.3138496081034343,0.5
s09,1752259389.378442,0,6,0.41400380929311115,0.4133130311965942,0.4406108856201172,0.2484022855758667,0.0,0.2,0.2,0.0,229.14585783164853,91.08786966440702,1.0286561965942382,0.6666666666666666
s09,1752259390.378442,0,6,0.41400380929311115,0.4133130311965942,0.4406108856201172,0.2484022855758667,0.0,0.2,0.2,0.0,229.14585783164853,91.08786966440702,1.0286561965942382,0.6666666666666666
s09,1752259391.378442,0,6,0.4348078568776448,0.4133130311965942,0.5573132038116455,0.26088471412658687,0.3333333333333333,0.2,0.2,0.0,267.7508146414224,262.0019083899963,1.3770205974578857,0.6666666666666666
s09,1752259392.378442,0,5,0.4368896007537842,0.4022269248962402,0.5573132038116455,0.2184448003768921,0.4,0.25,0.25,0.0,150.06423766675428,144.73048441274412,0.7713767886161804,0.8
s09,1752259393.378442,0,6,0.4339781602223714,0.4108239412307739,0.5573132038116455,0.26038689613342286,0.3333333333333333,0.2,0.2,0.0,166.25139013340342,231.0,0.8683278083801269,0.8333333333333334
s09,1752259394.378442,0,6,0.4339781602223714,0.4108239412307739,0.5573132038116455,0.26038689613342286,0.3333333333333333,0.2,0.2,0.0,166.25139013340342,231.0,0.8683278083801269,0.8333333333333334
s09,1752259395.378442,0,6,0.4339781602223714,0.4108239412307739,0.5573132038116455,0.26038689613342286,0.3333333333333333,0.2,0.2,0.0,166.25139013340342,231.0,0.8683278083801269,0.8333333333333334
s09,1752259396.378442,0,5,0.44098739624023436,0.4194209575653076,0.5573132038116455,0.22049369812011718,0.4,0.0,0.0,0.0,201.1434056346911,246.50095419499814,1.0854097604751587,0.8
s09,1752259397.378442,0,5,0.4969019889831543,0.4406108856201172,0.6649379730224609,0.24845099449157715,2.4024984394500786,0.0,0.0,0.0,330.2219613233584,257.55632685663807,1.4922184944152832,0.6
s09,1752259398.378442,0,4,0.5109747648239136,0.48836708068847656,0.6649379730224609,0.20438990592956544,3.0031230493125984,0.0,0.0,0.0,431.14292828598053,284.1126537132762,1.9896246592203777,0.5
s09,1752259399.378442,0,5,0.5740656375885009,0.5573132038116455,0.7988710403442383,0.28703281879425047,6.207757957538168,0.25,0.25,0.0,340.34531098782077,265.51333274079343,1.3027717471122742,0.6
s09,1752259400.378442,0,6,0.6049700180689493,0.6111255884170532,0.7988710403442383,0.3629820108413696,8.205874756605402,0.4,0.4,0.0,280.4762487902566,231.0,1.0422173976898192,0.6666666666666666
s09,1752259401.378442,0,6,0.6162114938100179,0.6448500156402588,0.7988710403442383,0.36972689628601074,8.710031058365475,0.4,0.4,0.0,306.29874527572986,300.0266654815868,0.9864772319793701,0.6666666666666666
s09,1752259402.378442,0,6,0.6162114938100179,0.6448500156402588,0.7988710403442383,0.36972689628601074,8.710031058365475,0.4,0.4,0.0,306.29874527572986,300.0266654815868,0.9864772319793701,0.6666666666666666
s09,1752259403.378442,0,6,0.6430735190709432,0.6448500156402588,0.7988710403442383,0.3858441114425659,9.08270905461544,0.6,0.6,0.0,220.83665863868654,300.0266654815868,0.5803403854370117,0.8333333333333334
s09,1752259404.378442,1,6,0.6430735190709432,0.6448500156402588,0.7988710403442383,0.3858441114425659,9.08270905461544,0.6,0.6,0.0,220.83665863868654,300.0266654815868,0.5803403854370117,0.8333333333333334
s09,1752259405.378442,1,7,0.6275805745806012,0.6247620582580566,0.7988710403442383,0.4393064022064209,8.079686734357352,0.5,0.5,0.0,286.1977593045818,325.5161817205179,0.7591553131739298,0.8571428571428571
s09,1752259406.378442,1,7,0.6714910098484584,0.6247620582580566,0.9723110198974608,0.4700437068939209,10.3069199646485,0.6666666666666666,0.6666666666666666,0.0,332.19562984455797,355.55909019340754,0.6315058072408041,0.8571428571428571
s09,1752259417.378442,0,6,0.6460265318552653,0.5496355295181274,1.0563089847564695,0.3876159191131592,1.9456874581141446,0.4,0.4,0.0,183.56977707951364,236.10379073619296,0.7039431571960449,0.6666666666666666
s09,1752259418.378442,0,7,0.6511387484414237,0.5828850269317627,1.0563089847564695,0.45579712390899657,2.0523867360360173,0.3333333333333333,0.3333333333333333,0.0,160.69563744752836,141.21436501189743,0.5866192976633707,0.7142857142857143
s09,1752259419.378442,0,8,0.718413770198822,0.6323485374450684,1.1893389225006104,0.5747310161590576,3.124606620623346,0.42857142857142855,0.2857142857142857,0.14285714285714285,141.74930891148662,46.32493928760188,0.5028165408543178,0.75
s09,1752259420.378442,0,8,0.718932032585144,0.6323485374450684,1.1893389225006104,0.5751456260681153,3.504779278766985,0.2857142857142857,0.14285714285714285,0.14285714285714285,113.84087053365542,42.1070065428546,0.3463552679334368,0.75
s09,1752259421.378442,0,9,0.7150120205349393,0.681812047958374,1.1893389225006104,0.6435108184814453,4.63432948145287,0.25,0.125,0.125,103.11967892885306,35.14250607503267,0.3030608594417572,0.7777777777777778
s09,1752259422.378442,0,8,0.7315278947353363,0.6827319860458374,1.1893389225006104,0.585222315788269,4.5855034403144215,0.2857142857142857,0.14285714285714285,0.14285714285714285,84.12194867066164,28.178005607210743,0.17981641633169992,0.75
s09,1752259423.378442,0,8,0.7315278947353363,0.6827319860458374,1.1893389225006104,0.585222315788269,4.5855034403144215,0.2857142857142857,0.14285714285714285,0.14285714285714285,84.12194867066164,28.178005607210743,0.17981641633169992,0.75
s09,1752259424.378442,0,7,0.7622624465397426,0.6836519241333008,1.1893389225006104,0.5335837125778198,5.240575360359339,0.16666666666666666,0.0,0.16666666666666666,32.1420630117303,28.124671651223572,0.08085433642069499,0.7142857142857143
s09,1752259425.378442,1,8,1.090376228094101,0.6827319860458374,3.690862894058228,0.8723009824752808,5.791393679799864,0.2857142857142857,0.14285714285714285,0.14285714285714285,40.63810983467777,41.10960958218893,0.0,0.75
s09,1752259426.378442,1,7,1.095242977142334,0.681812047958374,3.690862894058228,0.7666700839996338,5.74028035718207,0.3333333333333333,0.16666666666666666,0.16666666666666666,39.69030492585708,34.64380759469984,0.0,0.7142857142857143
s09,1752259427.378442,1,8,1.0968046188354492,0.6138490438461304,3.690862894058228,0.8774436950683594,6.993440664715012,0.2857142857142857,0.14285714285714285,0.14285714285714285,43.817049075059614,41.10960958218893,0.040829862867082865,0.75
s10,1752260003.190656,0,7,0.5889447416578021,0.3995928764343261,1.1129190921783447,0.41226131916046144,4.866212437854587,0.16666666666666666,0.16666666666666666,0.0,120.90815004039104,140.78747279860025,0.8026573260625204,0.7142857142857143
s10,1752260004.190656,0,6,0.5177551905314127,0.3993065357208252,1.1129190921783447,0.3106531143188477,3.709451558410958,0.2,0.2,0.0,125.96322296929688,117.03845521878696,1.0198197841644288,0.6666666666666666
s10,1752260005.190656,0,6,0.5317506392796835,0.3993065357208252,1.1129190921783447,0.31905038356781007,3.959451558410958,0.4,0.4,0.0,110.0534966028309,117.03845521878696,0.9939713954925538,0.8333333333333334
s10,1752260006.190656,0,6,0.6157253185907999,0.46074342727661133,1.1129190921783447,0.36943519115448,7.509930790539738,0.4,0.4,0.0,108.24056675126621,117.03845521878696,0.686597204208374,0.8333333333333334
s10,1752260007.190656,0,6,0.6157253185907999,0.46074342727661133,1.1129190921783447,0.36943519115448,7.509930790539738,0.4,0.4,0.0,108.24056675126621,117.03845521878696,0.686597204208374,0.8333333333333334
s10,1752260008.190656,0,5,0.516286563873291,0.3993480205535888,0.8826940059661865,0.2581432819366455,4.560575078554537,0.5,0.5,0.0,92.54412999786508,74.01922760939348,0.6062085032463074,0.8
s10,1752260009.190656,0,5,0.516286563873291,0.3993480205535888,0.8826940059661865,0.2581432819366455,4.560575078554537,0.5,0.5,0.0,92.54412999786508,74.01922760939348,0.6062085032463074,0.8
s10,1752260010.190656,0,5,0.516286563873291,0.3993480205535888,0.8826940059661865,0.2581432819366455,4.560575078554537,0.5,0.5,0.0,92.54412999786508,74.01922760939348,0.6062085032463074,0.8
s10,1752260011.190656,0,5,0.8250875473022461,0.5221388339996338,1.9433529376983645,0.41254377365112305,9.770601824956598,0.5,0.5,0.0,227.62264049593176,74.01922760939348,1.2042198181152344,0.6
s10,1752260012.190656,1,4,0.9315431714057922,0.7024164199829102,1.9433529376983645,0.3726172685623169,12.213252281195748,0.6666666666666666,0.6666666666666666,0.0,264.48403558831336,31.0,1.3370970884958904,0.5
s10,1752260013.190656,1,4,0.9606282114982605,0.7024164199829102,1.9433529376983645,0.3842512845993042,12.213252281195748,0.3333333333333333,0.3333333333333333,0.0,392.8177695620936,416.0012019213406,1.8196783860524495,0.5
s10,1752260014.190656,1,3,1.106791337331136,0.8826940059661865,1.9433529376983645,0.33203740119934083,15.784336374927664,0.0,0.0,0.0,575.6896679724595,575.6896679724595,2.7295175790786743,0.3333333333333333
s10,1752260026.190656,0,2,0.4393296241760254,0.4393296241760254,0.4769611358642578,0.08786592483520508,0.0,0.0,0.0,0.0,823.009720477225,823.009720477225,3.6388418674468994,0.5
s10,1752260027.190656,0,2,0.4393296241760254,0.4393296241760254,0.4769611358642578,0.08786592483520508,0.0,0.0,0.0,0.0,823.009720477225,823.009720477225,3.6388418674468994,0.5
s10,1752260028.190656,0,3,0.416840394337972,0.4016981124877929,0.4769611358642578,0.1250521183013916,0.0,0.0,0.0,0.0,974.8253729132355,974.8253729132355,2.8294434547424316,0.3333333333333333
s10,1752260029.190656,0,3,0.416840394337972,0.4016981124877929,0.4769611358642578,0.1250521183013916,0.0,0.0,0.0,0.0,974.8253729132355,974.8253729132355,2.8294434547424316,0.3333333333333333
s10,1752260030.190656,0,5,0.4109016418457031,0.4016981124877929,0.4769611358642578,0.20545082092285155,0.0,0.0,0.0,0.0,602.9719613675546,589.039363927332,1.796571433544159,0.6
s10,1752260031.190656,0,5,0.3979974269866943,0.4016981124877929,0.418856143951416,0.19899871349334716,0.0,0.0,0.0,0.0,407.76704280311293,231.11854982187384,0.8868609666824341,0.6
s10,1752260032.190656,0,5,0.3979974269866943,0.4016981124877929,0.418856143951416,0.19899871349334716,0.0,0.0,0.0,0.0,407.76704280311293,231.11854982187384,0.8868609666824341,0.6
s10,1752260033.190656,0,5,0.3979974269866943,0.4016981124877929,0.418856143951416,0.19899871349334716,0.0,0.0,0.0,0.0,407.76704280311293,231.11854982187384,0.8868609666824341,0.6
s10,1752260034.190656,0,5,0.3979974269866943,0.4016981124877929,0.418856143951416,0.19899871349334716,0.0,0.0,0.0,0.0,407.76704280311293,231.11854982187384,0.8868609666824341,0.6
s10,1752260035.190656,0,5,0.5677659988403321,0.4124400615692138,1.2505409717559814,0.28388299942016604,5.800484893523988,0.0,0.0,0.0,328.56820254303824,231.11854982187384,1.247008740901947,0.6
s10,1752260036.190656,0,6,0.6561685005823771,0.41564810276031494,1.2505409717559814,0.3937011003494263,6.457155881149114,0.0,0.0,0.0,270.8570616439276,107.16809226630843,0.9976069927215576,0.6666666666666666
s10,1752260037.190656,0,6,0.6561685005823771,0.41564810276031494,1.2505409717559814,0.3937011003494263,6.457155881149114,0.0,0.0,0.0,270.8570616439276,107.16809226630843,0.9976069927215576,0.6666666666666666
s10,1752260038.190656,0,6,0.6793343623479208,0.4648566246032715,1.2505409717559814,0.4076006174087524,7.0464115321379035,0.0,0.0,0.0,240.25563451096014,107.16809226630843,0.9489923954010011,0.6666666666666666
s10,1752260039.190656,0,5,0.7314300060272216,0.510857105255127,1.2505409717559814,0.3657150030136108,8.455693838565484,0.0,0.0,0.0,273.5275200721231,122.12595896602997,1.095902502536774,0.6
s10,1752260040.190656,0,5,0.8848770141601563,1.070004940032959,1.2505409717559814,0.44243850708007815,9.315217996627208,0.0,0.0,0.0,124.31759526947428,121.03718488004354,0.44442522525787354,0.8
s10,1752260041.190656,0,5,0.8848770141601563,1.070004940032959,1.2505409717559814,0.44243850708007815,9.315217996627208,0.0,0.0,0.0,124.31759526947428,121.03718488004354,0.44442522525787354,0.8
s10,1752260042.190656,0,5,0.8848770141601563,1.070004940032959,1.2505409717559814,0.44243850708007815,9.315217996627208,0.0,0.0,0.0,124.31759526947428,121.03718488004354,0.44442522525787354,0.8
s10,1752260043.190656,0,6,0.843900998433431,0.8545129299163818,1.2505409717559814,0.5063405990600586,8.361033309093179,0.0,0.0,0.0,103.53329182645366,40.01249804748511,0.7294643878936767,0.8333333333333334
s10,1752260044.190656,0,6,0.7732359965642294,0.7327859401702881,1.0981810092926023,0.4639415979385376,4.602263597596325,0.0,0.0,0.0,100.5943877774255,26.019223662515376,0.7294643878936767,0.8333333333333334
s10,1752260045.190656,0,7,0.6495235647474017,0.510857105255127,1.070004940032959,0.45466649532318115,2.553295823757601,0.16666666666666666,0.16666666666666666,0.0,85.64298222382861,49.13439556763457,0.5355693499247233,0.8571428571428571
s10,1752260046.190656,0,8,0.6390983760356903,0.538489580154419,1.070004940032959,0.5112787008285522,2.5528225653874497,0.14285714285714285,0.14285714285714285,0.0,79.985907296551,46.04345773288535,0.45905944279261995,0.875
s10,1752260047.190656,0,8,0.624549001455307,0.5359015464782715,1.070004940032959,0.4996392011642456,2.110880827145858,0.14285714285714285,0.14285714285714285,0.0,67.39732708548094,46.04345773288535,0.4449808597564697,0.875
s10,1752260048.190656,0,8,0.624549001455307,0.5359015464782715,1.070004940032959,0.4996392011642456,2.110880827145858,0.14285714285714285,0.14285714285714285,0.0,67.39732708548094,46.04345773288535,0.4449808597564697,0.875
s10,1752260049.190656,1,8,0.5708951354026794,0.5359015464782715,0.8265509605407715,0.45671610832214354,2.4619034112259492,0.14285714285714285,0.14285714285714285,0.0,89.4009292706688,72.24956747275377,0.590561968939645,0.875
s10,1752260050.190656,1,8,0.6037268936634064,0.6025714874267578,0.8265509605407715,0.4829815149307251,4.016709309624845,0.2857142857142857,0.2857142857142857,0.0,128.63006097718718,140.69825869569246,0.42567096437726704,0.875
s10,1752260051.190656,1,9,0.5782059033711752,0.5661220550537109,0.8265509605407715,0.5203853130340577,3.5704082752220847,0.25,0.25,0.0,146.9447075192096,140.87749243674827,0.4814017117023468,0.8888888888888888
s10,1752260062.190656,0,3,0.9218749205271403,0.3938398361206054,1.9827029705047607,0.2765624761581421,4.0388392171789,0.5,0.0,0.5,606.2889445650395,606.2889445650395,2.7890440225601196,0.3333333333333333
s10,1752260063.190656,0,4,0.8103576898574829,0.43482291698455805,1.9827029705047607,0.3241430759429932,4.154129412884175,0.3333333333333333,0.0,0.3333333333333333,863.9187559103012,953.0629569970706,2.2444777488708496,0.5
s10,1752260064.190656,0,3,0.949196974436442,0.4758059978485107,1.9827029705047607,0.2847590923309326,5.5388392171789,0.5,0.0,0.5,1166.1206677989476,1166.1206677989476,2.4660075902938843,0.3333333333333333
s10,1752260065.190656,0,4,0.806918740272522,0.4324439764022827,1.9827029705047607,0.3227674961090088,4.154129412884175,0.3333333333333333,0.0,0.3333333333333333,871.7494675491552,953.0629569970706,2.1630656719207764,0.5
s10,1752260066.190656,0,3,0.4149906635284424,0.3890819549560547,0.4758059978485107,0.12449719905853271,1.5,0.0,0.0,0.0,831.0927228251976,831.0927228251976,1.356263518333435,0.3333333333333333
s10,1752260067.190656,0,3,0.4149906635284424,0.3890819549560547,0.4758059978485107,0.12449719905853271,1.5,0.0,0.0,0.0,831.0927228251976,831.0927228251976,1.356263518333435,0.3333333333333333
s10,1752260068.190656,0,3,0.4149906635284424,0.3890819549560547,0.4758059978485107,0.12449719905853271,1.5,0.0,0.0,0.0,831.0927228251976,831.0927228251976,1.356263518333435,0.3333333333333333
s10,1752260069.190656,0,3,0.4149906635284424,0.3890819549560547,0.4758059978485107,0.12449719905853271,1.5,0.0,0.0,0.0,831.0927228251976,831.0927228251976,1.356263518333435,0.3333333333333333
s10,1752260070.190656,0,3,0.4149906635284424,0.3890819549560547,0.4758059978485107,0.12449719905853271,1.5,0.0,0.0,0.0,831.0927228251976,831.0927228251976,1.356263518333435,0.3333333333333333
s10,1752260071.190656,0,2,0.42794501781463623,0.42794501781463623,0.4758059978485107,0.08558900356292724,2.25,0.0,0.0,0.0,283.0070670495703,283.0070670495703,1.5571818351745603,0.5
s10,1752260072.190656,0,3,0.4433603286743164,0.4741909503936767,0.4758059978485107,0.13300809860229493,1.5,0.0,0.0,0.0,703.009098946892,703.009098946892,3.6048734188079834,0.6666666666666666
s10,1752260073.190656,0,3,0.4548099835713704,0.4741909503936767,0.5101549625396729,0.13644299507141114,0.0,0.0,0.0,0.0,1259.2780928262746,1259.2780928262746,3.1579320430755615,0.3333333333333333
s10,1752260074.190656,0,3,0.4548099835713704,0.4741909503936767,0.5101549625396729,0.13644299507141114,0.0,0.0,0.0,0.0,1259.2780928262746,1259.2780928262746,3.1579320430755615,0.3333333333333333
s10,1752260075.190656,0,2,0.4921729564666748,0.4921729564666748,0.5101549625396729,0.09843459129333496,0.0,0.0,0.0,0.0,1395.5450548083354,1395.5450548083354,0.6632990837097168,0.0
s10,1752260076.190656,0,2,0.4921729564666748,0.4921729564666748,0.5101549625396729,0.09843459129333496,0.0,0.0,0.0,0.0,1395.5450548083354,1395.5450548083354,0.6632990837097168,0.0
s10,1752260077.190656,0,2,0.4921729564666748,0.4921729564666748,0.5101549625396729,0.09843459129333496,0.0,0.0,0.0,0.0,1395.5450548083354,1395.5450548083354,0.6632990837097168,0.0
s10,1752260078.190656,0,2,0.4921729564666748,0.4921729564666748,0.5101549625396729,0.09843459129333496,0.0,0.0,0.0,0.0,1395.5450548083354,1395.5450548083354,0.6632990837097168,0.0
s10,1752260079.190656,0,2,0.4921729564666748,0.4921729564666748,0.5101549625396729,0.09843459129333496,0.0,0.0,0.0,0.0,1395.5450548083354,1395.5450548083354,0.6632990837097168,0.0
s10,1752260080.190656,0,2,0.4921729564666748,0.4921729564666748,0.5101549625396729,0.09843459129333496,0.0,0.0,0.0,0.0,1395.5450548083354,1395.5450548083354,0.6632990837097168,0.0
s10,1752260086.190656,0,2,0.5579919815063477,0.5579919815063477,0.622689962387085,0.11159839630126953,6.851601597031498,0.0,0.0,0.0,652.196289471199,652.196289471199,3.7843098640441895,0.5
s10,1752260087.190656,0,3,0.5751942793528239,0.6095988750457764,0.622689962387085,0.17255828380584717,9.237376306728299,0.5,0.5,0.0,495.6873542980006,495.6873542980006,1.9560225009918213,0.6666666666666666
s10,1752260088.190656,0,3,0.5751942793528239,0.6095988750457764,0.622689962387085,0.17255828380584717,9.237376306728299,0.5,0.5,0.0,495.6873542980006,495.6873542980006,1.9560225009918213,0.6666666666666666
s10,1752260089.190656,0,3,0.5751942793528239,0.6095988750457764,0.622689962387085,0.17255828380584717,9.237376306728299,0.5,0.5,0.0,495.6873542980006,495.6873542980006,1.9560225009918213,0.6666666666666666
s10,1752260090.190656,0,4,0.5295264720916748,0.5514464378356934,0.622689962387085,0.21181058883666992,6.928032230046224,0.3333333333333333,0.3333333333333333,0.0,518.1438480310313,563.0568354970926,2.057054360707601,0.75
s10,1752260091.190656,0,3,0.4984719753265381,0.4932940006256103,0.6095988750457764,0.14954159259796143,4.6696419087073,0.5,0.5,0.0,451.11762731094746,451.11762731094746,1.1934266090393066,0.6666666666666666
s10,1752260092.190656,0,3,0.4984719753265381,0.4932940006256103,0.6095988750457764,0.14954159259796143,4.6696419087073,0.5,0.5,0.0,451.11762731094746,451.11762731094746,1.1934266090393066,0.6666666666666666
s10,1752260093.190656,0,3,0.4984719753265381,0.4932940006256103,0.6095988750457764,0.14954159259796143,4.6696419087073,0.5,0.5,0.0,451.11762731094746,451.11762731094746,1.1934266090393066,0.6666666666666666
s10,1752260094.190656,0,3,0.4984719753265381,0.4932940006256103,0.6095988750457764,0.14954159259796143,4.6696419087073,0.5,0.5,0.0,451.11762731094746,451.11762731094746,1.1934266090393066,0.6666666666666666
s10,1752260095.190656,0,4,0.47172850370407104,0.4429085254669189,0.6095988750457764,0.1886914014816284,3.502231431530475,0.3333333333333333,0.3333333333333333,0.0,474.0508519127132,519.9173011162449,2.5422780513763428,0.5
s10,1752260096.190656,0,2,0.39201056957244873,0.39201056957244873,0.3925230503082275,0.07840211391448974,0.0,0.0,0.0,0.0,519.9173011162449,519.9173011162449,5.239980936050415,0.0
s10,1752260097.190656,0,3,0.3881877263387044,0.3914980888366699,0.3925230503082275,0.11645631790161133,0.0,0.0,0.0,0.0,432.45865055812243,432.45865055812243,3.31399142742157,0.3333333333333333
s10,1752260098.190656,0,4,0.3945850133895874,0.39201056957244873,0.4137768745422363,0.15783400535583497,0.0,0.0,0.0,0.0,370.3877044211252,345.0,2.516479969024658,0.5
s10,1752260099.190656,0,4,0.45070701837539673,0.4026374816894531,0.6170110702514648,0.1802828073501587,0.9753916592266565,0.0,0.0,0.0,206.08810810644778,246.24581214713075,0.7698196570078532,0.75
s10,1752260100.190656,0,5,0.4614192008972168,0.4137768745422363,0.6170110702514648,0.2307096004486084,0.7803133273813252,0.0,0.0,0.0,384.21322889578414,295.6229060735654,0.6650177240371704,0.6
s10,1752260101.190656,0,5,0.4614192008972168,0.4137768745422363,0.6170110702514648,0.2307096004486084,0.7803133273813252,0.0,0.0,0.0,384.21322889578414,295.6229060735654,0.6650177240371704,0.6
s10,1752260102.190656,0,5,0.4614192008972168,0.4137768745422363,0.6170110702514648,0.2307096004486084,0.7803133273813252,0.0,0.0,0.0,384.21322889578414,295.6229060735654,0.6650177240371704,0.6
s10,1752260103.190656,0,5,0.4614192008972168,0.4137768745422363,0.6170110702514648,0.2307096004486084,0.7803133273813252,0.0,0.0,0.0,384.21322889578414,295.6229060735654,0.6650177240371704,0.6
s10,1752260104.190656,0,6,0.4521385033925374,0.4097559452056885,0.6170110702514648,0.27128310203552247,0.6502611061511043,0.0,0.0,0.0,445.5718855706925,345.0,1.2140143871307374,0.6666666666666666
s10,1752260105.190656,0,5,0.4642665863037109,0.4137768745422363,0.6170110702514648,0.23213329315185546,0.7803133273813252,0.0,0.0,0.0,470.7148569633656,468.6261622087283,1.1705175042152405,0.6
s10,1752260106.190656,0,5,0.4642665863037109,0.4137768745422363,0.6170110702514648,0.23213329315185546,0.7803133273813252,0.0,0.0,0.0,470.7148569633656,468.6261622087283,1.1705175042152405,0.6
s10,1752260107.190656,0,5,0.5078183650970459,0.5042679309844971,0.6170110702514648,0.25390918254852296,2.882692931544189,0.0,0.0,0.0,591.6379923169453,710.4724329158878,1.6757190227508545,0.4
s10,1752260108.190656,0,3,0.5027679602305094,0.5042679309844971,0.5983009338378906,0.15083038806915283,3.5039660069381067,0.0,0.0,0.0,710.4724329158878,710.4724329158878,3.176132082939148,0.3333333333333333
s10,1752260109.190656,0,2,0.5020179748535156,0.5020179748535156,0.5983009338378906,0.10040359497070313,5.25594901040716,0.0,0.0,0.0,729.9383535614497,729.9383535614497,2.942263126373291,0.0
s10,1752260110.190656,0,2,0.5020179748535156,0.5020179748535156,0.5983009338378906,0.10040359497070313,5.25594901040716,0.0,0.0,0.0,729.9383535614497,729.9383535614497,2.942263126373291,0.0
s10,1752260111.190656,0,2,0.5020179748535156,0.5020179748535156,0.5983009338378906,0.10040359497070313,5.25594901040716,0.0,0.0,0.0,729.9383535614497,729.9383535614497,2.942263126373291,0.0
s10,1752260112.190656,0,2,0.5020179748535156,0.5020179748535156,0.5983009338378906,0.10040359497070313,5.25594901040716,0.0,0.0,0.0,729.9383535614497,729.9383535614497,2.942263126373291,0.0
s10,1752260113.190656,0,2,0.6976408958435059,0.6976408958435059,0.7969808578491211,0.13952817916870117,8.123390766088077,0.0,0.0,0.0,1283.0389705694836,1283.0389705694836,4.7704620361328125,0.5
s10,1752260114.190656,0,2,0.6976408958435059,0.6976408958435059,0.7969808578491211,0.13952817916870117,8.123390766088077,0.0,0.0,0.0,1283.0389705694836,1283.0389705694836,4.7704620361328125,0.5
s10,1752260115.190656,0,3,0.5938149293263754,0.5983009338378906,0.7969808578491211,0.1781444787979126,5.415593844058718,0.0,0.0,0.0,1291.644473267822,1291.644473267822,3.083499550819397,0.3333333333333333
s10,1752260116.190656,0,3,0.5938149293263754,0.5983009338378906,0.7969808578491211,0.1781444787979126,5.415593844058718,0.0,0.0,0.0,1291.644473267822,1291.644473267822,3.083499550819397,0.3333333333333333
s10,1752260117.190656,0,4,0.5657382011413574,0.5399044752120972,0.7969808578491211,0.22629528045654296,4.375871451825414,0.0,0.0,0.0,518.6280539711014,230.13908837917995,0.9946070512135824,0.5
s10,1752260118.190656,0,5,0.5279535293579102,0.4413149356842041,0.7969808578491211,0.2639767646789551,3.500697161460331,0.0,0.0,0.0,412.2546183820761,161.63669999709018,0.8786335587501526,0.6
s10,1752260119.190656,0,5,0.5279535293579102,0.4413149356842041,0.7969808578491211,0.2639767646789551,3.500697161460331,0.0,0.0,0.0,412.2546183820761,161.63669999709018,0.8786335587501526,0.6
s10,1752260120.190656,0,5,0.5279535293579102,0.4413149356842041,0.7969808578491211,0.2639767646789551,3.500697161460331,0.0,0.0,0.0,412.2546183820761,161.63669999709018,0.8786335587501526,0.6
s10,1752260121.190656,0,6,0.505477786064148,0.4172070026397705,0.7969808578491211,0.30328667163848877,2.9172476345502756,0.0,0.0,0.0,440.40658797703964,230.13908837917995,1.1059298515319824,0.6666666666666666
s10,1752260122.190656,0,6,0.5032239754994711,0.4172070026397705,0.7834579944610596,0.30193438529968264,2.0447670493233034,0.0,0.0,0.0,208.37444423605137,140.089257261219,0.9467826366424561,0.8333333333333334
s10,1752260123.190656,0,6,0.5032239754994711,0.4172070026397705,0.7834579944610596,0.30193438529968264,2.0447670493233034,0.0,0.0,0.0,208.37444423605137,140.089257261219,0.9467826366424561,0.8333333333333334
s10,1752260124.190656,0,6,0.5621354977289835,0.5399044752120972,0.7834579944610596,0.33728129863739015,5.215816647730044,0.0,0.0,0.0,367.3271134364057,140.089257261219,0.9659163951873779,0.6666666666666666
s10,1752260125.190656,0,6,0.5621354977289835,0.5399044752120972,0.7834579944610596,0.33728129863739015,5.215816647730044,0.0,0.0,0.0,367.3271134364057,140.089257261219,0.9659163951873779,0.6666666666666666
s10,1752260126.190656,0,5,0.5468637943267822,0.4413149356842041,0.7834579944610596,0.2734318971633911,3.9052595180880894,0.0,0.0,0.0,452.7851174035161,346.5518618090564,1.2073954939842224,0.6
s10,1752260127.190656,0,4,0.5732510089874268,0.5663655996322632,0.7834579944610596,0.2293004035949707,4.881574397610112,0.0,0.0,0.0,572.6687193330214,553.0144663568938,1.432956298192342,0.5
s10,1752260128.190656,0,3,0.6387297312418619,0.7396321296691895,0.7834579944610596,0.1916189193725586,6.508765863480149,0.0,0.0,0.0,582.4958458210851,582.4958458210851,1.1418769359588623,0.3333333333333333
s10,1752260129.190656,0,3,0.6387297312418619,0.7396321296691895,0.7834579944610596,0.1916189193725586,6.508765863480149,0.0,0.0,0.0,582.4958458210851,582.4958458210851,1.1418769359588623,0.3333333333333333
s10,1752260130.190656,0,3,0.6328697204589844,0.7396321296691895,0.7834579944610596,0.18986091613769532,6.508765863480149,0.0,0.0,0.0,531.4906499551354,531.4906499551354,3.7088218927383423,0.0
s10,1752260131.190656,0,3,0.6616326967875162,0.7396321296691895,0.8697469234466553,0.19848980903625488,10.005923852976917,0.0,0.0,0.0,31.579368968644225,31.579368968644225,2.867345452308655,0.3333333333333333
s10,1752260132.190656,0,4,0.6190475225448608,0.615462064743042,0.8697469234466553,0.24761900901794434,7.504442889732688,0.0,0.0,0.0,76.81929040950939,38.07886552931954,2.0318939685821533,0.5
s10,1752260133.190656,0,5,0.5752572536468505,0.4912919998168945,0.8697469234466553,0.28762862682342527,6.00355431178615,0.25,0.25,0.0,88.86546779113256,81.5414327326608,1.523920476436615,0.6
s10,1752260134.190656,0,4,0.5341635346412659,0.445694088935852,0.8697469234466553,0.21366541385650634,2.747868492122576,0.3333333333333333,0.3333333333333333,0.0,105.7943352117369,125.00399993600205,0.1203303337097168,0.75
s10,1752260135.190656,1,5,0.8319600105285645,0.4912919998168945,2.023145914077759,0.41598000526428225,6.654047009727458,0.5,0.5,0.0,86.36358583261178,76.53766881561923,0.0902477502822876,0.8
s10,1752260136.190656,1,6,0.7792745033899943,0.503569483757019,2.023145914077759,0.4675647020339966,5.5450391747728816,0.4,0.4,0.0,142.69331427763146,125.00399993600205,0.2944253921508789,0.8333333333333334
s10,1752260137.190656,1,7,0.7224834305899483,0.4912919998168945,2.023145914077759,0.5057384014129639,4.752890721233898,0.5,0.5,0.0,176.41495983578804,146.1515666136209,0.3892236550649007,0.8571428571428571
s10,1752260148.190656,0,4,0.4191874861717224,0.40685451030731196,0.4840579032897949,0.16767499446868897,0.0,0.0,0.0,0.0,523.3690115465806,123.9758040909596,0.6347979704538981,0.25
s10,1752260149.190656,0,4,0.4191874861717224,0.40685451030731196,0.4840579032897949,0.16767499446868897,0.0,0.0,0.0,0.0,523.3690115465806,123.9758040909596,0.6347979704538981,0.25
s10,1752260150.190656,0,5,0.6604455947875977,0.413262128829956,1.6254780292510986,0.33022279739379884,2.307372302457655,0.0,0.0,0.0,398.5319647346676,76.13003766921075,0.5980179905891418,0.4
s10,1752260151.190656,0,5,0.6604455947875977,0.413262128829956,1.6254780292510986,0.33022279739379884,2.307372302457655,0.0,0.0,0.0,398.5319647346676,76.13003766921075,0.5980179905891418,0.4
s10,1752260152.190656,0,7,0.650921140398298,0.413262128829956,1.6254780292510986,0.4556447982788086,4.577565452385451,0.16666666666666666,0.0,0.16666666666666666,287.572896529044,65.65476011779671,0.4670396645863851,0.5714285714285714
s10,1752260153.190656,0,7,0.650921140398298,0.413262128829956,1.6254780292510986,0.4556447982788086,4.577565452385451,0.16666666666666666,0.0,0.16666666666666666,287.572896529044,65.65476011779671,0.4670396645863851,0.5714285714285714
s10,1752260154.190656,0,7,0.650921140398298,0.413262128829956,1.6254780292510986,0.4556447982788086,4.577565452385451,0.16666666666666666,0.0,0.16666666666666666,287.572896529044,65.65476011779671,0.4670396645863851,0.5714285714285714
s10,1752260155.190656,0,5,0.7343886375427247,0.413262128829956,1.6254780292510986,0.3671943187713623,6.408591633339631,0.25,0.0,0.25,69.8265371563704,65.65476011779671,0.5082937479019165,0.6
s10,1752260156.190656,0,4,0.8146702647209167,0.6271100044250488,1.6254780292510986,0.3258681058883667,8.010739541674539,0.3333333333333333,0.0,0.3333333333333333,51.77678151150735,52.0,0.299281358718872,0.5
s10,1752260157.190656,0,5,0.7517014026641846,0.4998259544372558,1.6254780292510986,0.3758507013320923,6.708591633339632,0.25,0.0,0.25,90.31680701731486,65.65476011779671,1.4523510336875916,0.6
s10,1752260158.190656,0,5,0.7652753829956055,0.4998259544372558,1.6254780292510986,0.38263769149780275,6.708591633339632,0.25,0.0,0.25,90.58156904457493,65.65476011779671,1.3304315209388733,0.6
s10,1752260159.190656,0,5,0.6582719802856445,0.4998259544372558,1.090461015701294,0.32913599014282224,6.867210229306201,0.0,0.0,0.0,84.02539842566355,52.542418879973994,1.311762273311615,0.6
s10,1752260160.190656,0,6,0.6777239640553793,0.6374049186706543,1.090461015701294,0.40663437843322753,7.934543431086333,0.0,0.0,0.0,73.48450264587717,52.0,1.049409818649292,0.6666666666666666
s10,1752260161.190656,0,5,0.6384011745452881,0.4998259544372558,1.090461015701294,0.31920058727264405,5.420232786421625,0.0,0.0,0.0,78.85562830734649,42.202878643339815,1.311762273311615,0.6
s10,1752260162.190656,0,4,0.7030309438705444,0.6374049186706543,1.090461015701294,0.28121237754821776,6.775290983027031,0.0,0.0,0.0,36.49520989821618,31.32091952673165,0.11182967821756996,0.75
s10,1752260163.190656,0,5,0.7130455493927002,0.7531039714813232,1.090461015701294,0.3565227746963501,9.570533980311051,0.0,0.0,0.0,197.62214163646956,42.202878643339815,0.6879257559776306,0.8
s10,1752260164.190656,0,5,0.7130455493927002,0.7531039714813232,1.090461015701294,0.3565227746963501,9.570533980311051,0.0,0.0,0.0,197.62214163646956,42.202878643339815,0.6879257559776306,0.8
s10,1752260165.190656,0,5,0.7130455493927002,0.7531039714813232,1.090461015701294,0.3565227746963501,9.570533980311051,0.0,0.0,0.0,197.62214163646956,42.202878643339815,0.6879257559776306,0.8
s10,1752260166.190656,0,5,0.7130455493927002,0.7531039714813232,1.090461015701294,0.3565227746963501,9.570533980311051,0.0,0.0,0.0,197.62214163646956,42.202878643339815,0.6879257559776306,0.8
s10,1752260167.190656,0,3,0.8728496233622233,0.7749838829040527,1.090461015701294,0.261854887008667,15.450889967185086,0.0,0.0,0.0,356.1619281889807,356.1619281889807,1.2081069946289062,0.6666666666666666
s10,1752260168.190656,0,3,0.7556993166605631,0.7531039714813232,0.7749838829040527,0.22670979499816896,15.897815504124688,0.0,0.0,0.0,736.6015189179116,736.6015189179116,3.1955519914627075,0.3333333333333333
s10,1752260169.190656,0,2,0.7460570335388184,0.7460570335388184,0.7531039714813232,0.14921140670776367,17.211118536193535,0.0,0.0,0.0,792.2001009845934,792.2001009845934,3.9748899936676025,0.0
s10,1752260170.190656,0,4,0.598881721496582,0.5997589826583862,0.7531039714813232,0.23955268859863282,8.605559268096767,0.3333333333333333,0.0,0.3333333333333333,333.54521708358,112.25862995778988,1.7891116937001545,0.25
s10,1752260171.190656,0,5,0.5677483558654786,0.460507869720459,0.7531039714813232,0.2838741779327393,6.884447414477414,0.25,0.0,0.25,271.7372584397251,104.2177751330733,1.3991603255271912,0.4
s10,1752260172.190656,0,5,0.5686559677124023,0.460507869720459,0.7576420307159424,0.28432798385620117,6.384146220587988,0.25,0.0,0.25,85.18995026390407,91.24515140825852,0.40543782711029047,0.6
s10,1752260173.190656,0,6,0.5390858252843221,0.4518613815307617,0.7576420307159424,0.32345149517059324,5.32012185048999,0.4,0.0,0.4,99.72980054259621,96.17692030835671,0.49084925651550293,0.6666666666666666
s10,1752260174.190656,0,7,0.5208052907671247,0.4432148933410644,0.7576420307159424,0.3645637035369873,4.560104443277134,0.3333333333333333,0.0,0.3333333333333333,128.80523728992782,104.2177751330733,0.5588371753692627,0.7142857142857143
s10,1752260175.190656,0,8,0.5054548680782318,0.44305992126464844,0.7576420307159424,0.40436389446258547,3.9900913878674924,0.2857142857142857,0.0,0.2857142857142857,128.07378681757783,112.25862995778988,0.5623157364981515,0.75
s10,1752260176.190656,0,8,0.5054548680782318,0.44305992126464844,0.7576420307159424,0.40436389446258547,3.9900913878674924,0.2857142857142857,0.0,0.2857142857142857,128.07378681757783,112.25862995778988,0.5623157364981515,0.75
s10,1752260177.190656,0,7,0.4720898355756487,0.4429049491882324,0.7576420307159424,0.3304628849029541,2.607142857142857,0.3333333333333333,0.0,0.3333333333333333,133.38993123578138,117.97185697063392,0.4239608446756999,0.7142857142857143
s10,1752260178.190656,0,7,0.4720898355756487,0.4429049491882324,0.7576420307159424,0.3304628849029541,2.607142857142857,0.3333333333333333,0.0,0.3333333333333333,133.38993123578138,117.97185697063392,0.4239608446756999,0.7142857142857143
s10,1752260179.190656,0,7,0.46169611385890413,0.4111220836639404,0.7576420307159424,0.3231872797012329,2.607142857142857,0.16666666666666666,0.0,0.16666666666666666,221.25629303116966,140.78714282042137,0.9647345145543417,0.5714285714285714
s10,1752260180.190656,0,5,0.46563000679016114,0.3980019092559814,0.7576420307159424,0.23281500339508057,3.65,0.25,0.0,0.25,298.80337684938706,216.03581134197532,1.3897752165794373,0.4
s10,1752260181.190656,0,4,0.3926270008087158,0.39461851119995117,0.4111220836639404,0.15705080032348634,0.0,0.0,0.0,0.0,345.77476858006116,274.18242102658587,1.5755352973937988,0.5
s10,1752260182.190656,1,3,0.39309096336364746,0.3980019092559814,0.4111220836639404,0.11792728900909424,0.0,0.0,0.0,0.0,381.5709423567988,381.5709423567988,1.9139145612716675,0.3333333333333333
s10,1752260183.190656,1,3,0.39309096336364746,0.3980019092559814,0.4111220836639404,0.11792728900909424,0.0,0.0,0.0,0.0,381.5709423567988,381.5709423567988,1.9139145612716675,0.3333333333333333
s10,1752260184.190656,1,2,0.384075403213501,0.384075403213501,0.3980019092559814,0.07681508064270019,0.0,0.0,0.0,0.0,639.4568007301197,639.4568007301197,3.2446420192718506,0.0
s10,1752260195.190656,0,5,0.4305438041687012,0.4083449840545654,0.4929211139678955,0.2152719020843506,0.0,0.5,0.5,0.0,136.00241130140478,102.71798413784305,1.2456024885177612,0.6
s10,1752260196.190656,0,6,0.5780026912689209,0.44991493225097656,1.3152971267700195,0.3468016147613525,2.7845836762431833,0.4,0.4,0.0,113.90094855471662,71.06335201775947,0.996481990814209,0.6666666666666666
s10,1752260197.190656,0,5,0.6166582107543945,0.4914848804473877,1.3152971267700195,0.30832910537719727,3.3415004114918196,0.25,0.25,0.0,124.6103476889559,79.93385691294526,1.0381405353546143,0.6
s10,1752260198.190656,0,4,0.6687365174293518,0.4922029972076416,1.3152971267700195,0.2674946069717407,4.176875514364775,0.0,0.0,0.0,121.35625816596566,25.495097567963924,1.2511316935221355,0.5
s10,1752260199.190656,0,5,0.6748662471771241,0.4929211139678955,1.3152971267700195,0.33743312358856203,6.2432855567162,0.25,0.25,0.0,178.7005576289598,98.76062918458149,0.7042601704597473,0.8
s10,1752260200.190656,0,5,0.6748662471771241,0.4929211139678955,1.3152971267700195,0.33743312358856203,6.2432855567162,0.25,0.25,0.0,178.7005576289598,98.76062918458149,0.7042601704597473,0.8
s10,1752260201.190656,0,5,0.6748662471771241,0.4929211139678955,1.3152971267700195,0.33743312358856203,6.2432855567162,0.25,0.25,0.0,178.7005576289598,98.76062918458149,0.7042601704597473,0.8
s10,1752260202.190656,0,5,0.6748662471771241,0.4929211139678955,1.3152971267700195,0.33743312358856203,6.2432855567162,0.25,0.25,0.0,178.7005576289598,98.76062918458149,0.7042601704597473,0.8
s10,1752260203.190656,0,4,0.7203525304794312,0.5422015190124512,1.3152971267700195,0.28814101219177246,7.804106945895249,0.3333333333333333,0.3333333333333333,0.0,229.87429129727033,172.02616080119907,0.9390135606129965,0.75
s10,1752260204.190656,0,3,0.7694817384084066,0.5929181575775146,1.2338171005249023,0.23084452152252197,7.246133514208263,1.0,1.0,0.0,99.84239708653887,99.84239708653887,1.9966039657592773,0.6666666666666666
s10,1752260205.190656,0,4,0.6961390376091003,0.5373140573501587,1.2338171005249023,0.27845561504364014,5.434600135656197,1.0,1.0,0.0,102.15966292394931,106.7941945987702,1.4079743226369221,0.75
s10,1752260206.190656,0,5,0.6341586589813233,0.4817099571228027,1.2338171005249023,0.31707932949066164,4.3476801085249575,0.75,0.75,0.0,189.69964151551608,139.41017769998464,1.3434292078018188,0.8
s10,1752260207.190656,0,5,0.6341586589813233,0.4817099571228027,1.2338171005249023,0.31707932949066164,4.3476801085249575,0.75,0.75,0.0,189.69964151551608,139.41017769998464,1.3434292078018188,0.8
s10,1752260208.190656,0,4,0.6444687843322754,0.47891044616699213,1.2338171005249023,0.25778751373291015,5.309600135656197,0.6666666666666666,0.6666666666666666,0.0,195.59080175362172,106.7941945987702,1.636902650197347,0.75
s10,1752260209.190656,0,3,0.698721726735433,0.4761109352111816,1.2338171005249023,0.2096165180206299,2.4098249388342965,0.5,0.5,0.0,279.5568859444933,279.5568859444933,0.6902544498443604,0.6666666666666666
s10,1752260210.190656,0,4,0.6438065767288208,0.477586030960083,1.2338171005249023,0.2575226306915283,1.8073687041257223,0.6666666666666666,0.6666666666666666,0.0,400.18763750244034,452.31957729021633,1.4163779417673747,0.75
s10,1752260211.190656,0,5,0.5998592376708984,0.4761109352111816,1.2338171005249023,0.2999296188354492,1.4458949633005778,0.5,0.5,0.0,356.8995380156924,339.6774084228325,1.191733956336975,0.8
s10,1752260212.190656,0,6,0.7259705464045206,0.477586030960083,1.3565270900726318,0.4355823278427124,2.216348810578678,0.4,0.4,0.0,290.9528614954364,227.03523955544875,0.9533871650695801,0.8333333333333334
s10,1752260213.190656,1,5,0.6244012355804444,0.4761109352111816,1.3565270900726318,0.3122006177902222,1.2137236093938355,0.25,0.25,0.0,336.992528219603,339.6774084228325,1.1340551972389221,0.8
s10,1752260214.190656,1,5,0.9971638202667237,0.4790611267089844,2.339923858642578,0.49858191013336184,3.9651153027010606,0.25,0.25,0.0,230.5834659291121,127.1006974849305,0.846606731414795,0.6
s10,1752260215.190656,1,6,0.8987433513005575,0.4515655040740967,2.339923858642578,0.5392460107803345,3.304262752250884,0.2,0.2,0.0,223.27347319566002,194.03350226185168,0.7577176094055177,0.6666666666666666
s11,1752344710.845998,0,7,0.5252080985477993,0.4661958217620849,0.8009610176086426,0.36764566898345946,3.687101370290802,0.0,0.0,0.0,338.93133044557834,262.67931175036983,0.8878846963246664,0.7142857142857143
s11,1752344711.845998,0,6,0.4976416031519572,0.43300831317901606,0.8009610176086426,0.29858496189117434,2.4682849320059366,0.0,0.0,0.0,433.03807888817494,337.0370899470858,1.2607312679290772,0.6666666666666666
s11,1752344712.845998,0,5,0.5187129020690918,0.4661958217620849,0.8009610176086426,0.2593564510345459,2.9619419184071236,0.0,0.0,0.0,494.2172152218052,377.6357369975369,1.3699225783348083,0.6
s11,1752344713.845998,0,5,0.5068587303161621,0.4069249629974365,0.8009610176086426,0.25342936515808107,2.9619419184071236,0.0,0.0,0.0,504.9908317787748,399.18297011147615,1.3383823037147522,0.6
s11,1752344714.845998,0,6,0.4898826281229655,0.4059635400772095,0.8009610176086426,0.2939295768737793,2.4682849320059366,0.0,0.0,0.0,514.2848228957976,418.2343840479881,1.153947639465332,0.5
s11,1752344715.845998,0,5,0.5080527782440185,0.4069249629974365,0.8009610176086426,0.25402638912200926,2.9619419184071236,0.0,0.0,0.0,538.2974326077499,465.79617176942645,0.9342945218086243,0.4
s11,1752344716.845998,0,5,0.5080527782440185,0.4069249629974365,0.8009610176086426,0.25402638912200926,2.9619419184071236,0.0,0.0,0.0,538.2974326077499,465.79617176942645,0.9342945218086243,0.4
s11,1752344717.845998,0,5,0.5080527782440185,0.4069249629974365,0.8009610176086426,0.25402638912200926,2.9619419184071236,0.0,0.0,0.0,538.2974326077499,465.79617176942645,0.9342945218086243,0.4
s11,1752344718.845998,0,4,0.5031772255897522,0.4059635400772095,0.8009610176086426,0.2012708902359009,3.065049958809807,0.0,0.0,0.0,375.86411451295095,380.13155617496426,1.020969072977702,0.5
s11,1752344719.845998,0,4,0.43620920181274414,0.4059635400772095,0.5330889225006104,0.17448368072509765,0.5590169943749475,0.0,0.0,0.0,598.9845132677215,551.4607873638886,2.2433153788248696,0.25
s11,1752344720.845998,0,5,0.5201568126678466,0.4069249629974365,0.8491230010986328,0.2600784063339233,2.169131131272214,0.0,0.0,0.0,377.9495418379577,302.2303936819443,1.3292434811592102,0.4
s11,1752344721.845998,0,6,0.5064148505528768,0.42231500148773193,0.8491230010986328,0.30384891033172606,1.8076092760601785,0.2,0.2,0.0,325.97742337543565,118.0889495253472,1.118241786956787,0.5
s11,1752344722.845998,0,7,0.5094914436340332,0.4377050399780273,0.8491230010986328,0.3566440105438232,1.9838624173585973,0.3333333333333333,0.3333333333333333,0.0,289.76015679539256,113.38138671026223,0.999934991200765,0.5714285714285714
s11,1752344723.845998,0,5,0.5509026050567627,0.5279510021209717,0.8491230010986328,0.27545130252838135,2.777407384302036,0.5,0.5,0.0,80.43473928603879,80.83691194758863,0.23500347137451172,0.6
s11,1752344724.845998,0,6,0.6812214851379395,0.530519962310791,1.3328158855438232,0.40873289108276367,5.194333019522943,0.4,0.4,0.0,211.30424756465382,108.67382389517726,0.26871299743652344,0.5
s11,1752344725.845998,0,6,0.6812214851379395,0.530519962310791,1.3328158855438232,0.40873289108276367,5.194333019522943,0.4,0.4,0.0,211.30424756465382,108.67382389517726,0.26871299743652344,0.5
s11,1752344726.845998,0,8,0.6108942329883575,0.4828280210494995,1.3328158855438232,0.488715386390686,3.895749764642207,0.2857142857142857,0.2857142857142857,0.0,194.66263661367552,108.67382389517726,0.4529494217463902,0.625
s11,1752344727.845998,0,8,0.6108942329883575,0.4828280210494995,1.3328158855438232,0.488715386390686,3.895749764642207,0.2857142857142857,0.2857142857142857,0.0,194.66263661367552,108.67382389517726,0.4529494217463902,0.625
s11,1752344728.845998,0,7,0.62200927734375,0.4377050399780273,1.3328158855438232,0.435406494140625,4.132847162805409,0.3333333333333333,0.3333333333333333,0.0,218.27307604928808,113.38138671026223,0.48554468154907227,0.7142857142857143
s11,1752344729.845998,0,7,0.6196549960545131,0.4377050399780273,1.3328158855438232,0.4337584972381592,4.132847162805409,0.3333333333333333,0.3333333333333333,0.0,278.787126980338,182.5353651149583,0.9063200155893961,0.7142857142857143
s11,1752344730.845998,0,7,0.5555899824414935,0.4117369651794433,1.3328158855438232,0.3889129877090454,2.9029060658252264,0.16666666666666666,0.16666666666666666,0.0,270.0930018753465,177.82780229987333,0.9049390157063802,0.7142857142857143
s11,1752344731.845998,0,7,0.5818968159811837,0.4117369651794433,1.3328158855438232,0.4073277711868286,4.545763208682369,0.0,0.0,0.0,376.6157206147183,326.02113500724977,0.9589560429255167,0.5714285714285714
s11,1752344732.845998,0,7,0.5686963626316616,0.4117369651794433,1.3328158855438232,0.3980874538421631,4.111280170803925,0.0,0.0,0.0,271.3194828772901,174.99331747955705,0.9157017072041831,0.7142857142857143
s11,1752344733.845998,0,7,0.4354138033730643,0.4006679058074951,0.6218528747558594,0.304789662361145,1.6428571428571428,0.0,0.0,0.0,256.3272960606133,130.0167570295265,0.768113374710083,0.7142857142857143
s11,1752344734.845998,0,8,0.43180209398269653,0.4035940170288086,0.6218528747558594,0.3454416751861572,1.4375,0.0,0.0,0.0,227.54023666547755,103.00485425454472,0.6964573178972516,0.75
s11,1752344735.845998,0,7,0.43466854095458984,0.4006679058074951,0.6218528747558594,0.30426797866821287,1.6428571428571428,0.0,0.0,0.0,255.60770314840877,130.0167570295265,0.7661855618158976,0.7142857142857143
s11,1752344736.845998,0,6,0.4424319664637248,0.4035940170288086,0.6218528747558594,0.26545917987823486,1.9166666666666667,0.0,0.0,0.0,225.71714591610453,103.00485425454472,0.4144922733306885,0.6666666666666666
s11,1752344737.845998,0,8,0.4330739974975586,0.4035940170288086,0.6218528747558594,0.34645919799804686,1.4375,0.0,0.0,0.0,236.11300748287846,103.00485425454472,0.6995728697095599,0.75
s11,1752344738.845998,0,9,0.4286738766564263,0.4006679058074951,0.6218528747558594,0.3858064889907837,1.2777777777777777,0.0,0.0,0.0,219.10450528246287,101.5249220670492,0.6801945269107819,0.7777777777777778
s11,1752344739.845998,0,9,0.4416334099239773,0.406520128250122,0.6218528747558594,0.3974700689315796,1.2777777777777777,0.0,0.0,0.0,216.00268161831173,101.5249220670492,0.646950900554657,0.7777777777777778
s11,1752344740.845998,0,8,0.4467540979385376,0.4081521034240722,0.6218528747558594,0.3574032783508301,1.4375,0.0,0.0,0.0,140.03018808786928,100.04498987955368,0.6347291469573975,0.875
s11,1752344741.845998,0,9,0.5101458761427138,0.406520128250122,1.24208402633667,0.45913128852844237,2.4689556497644745,0.125,0.125,0.0,245.92744544900359,80.05997153152802,0.6423357427120209,0.7777777777777778
s11,1752344742.845998,0,9,0.5096875561608208,0.406520128250122,1.24208402633667,0.4587188005447388,2.4689556497644745,0.125,0.125,0.0,241.42592894804335,80.05997153152802,0.6440432369709015,0.7777777777777778
s11,1752344743.845998,0,7,0.5401185580662319,0.4097840785980224,1.24208402633667,0.3780829906463623,3.1743715496971814,0.16666666666666666,0.16666666666666666,0.0,235.40986361225987,80.05997153152802,0.39083266258239746,0.7142857142857143
s11,1752344744.845998,0,7,0.5401185580662319,0.4097840785980224,1.24208402633667,0.3780829906463623,3.1743715496971814,0.16666666666666666,0.16666666666666666,0.0,235.40986361225987,80.05997153152802,0.39083266258239746,0.7142857142857143
s11,1752344745.845998,0,7,0.5401185580662319,0.4097840785980224,1.24208402633667,0.3780829906463623,3.1743715496971814,0.16666666666666666,0.16666666666666666,0.0,235.40986361225987,80.05997153152802,0.39083266258239746,0.7142857142857143
s11,1752344746.845998,0,7,0.5852842671530587,0.4314229488372803,1.24208402633667,0.40969898700714114,5.4645457699659525,0.16666666666666666,0.16666666666666666,0.0,256.30269278348726,110.53075883818991,0.7719455560048422,0.5714285714285714
s11,1752344747.845998,0,6,0.6161289612452189,0.46911191940307617,1.24208402633667,0.36967737674713136,6.375303398293611,0.2,0.2,0.0,287.55423336427395,121.01652779682615,0.8174254417419433,0.5
s11,1752344748.845998,0,4,0.6991249918937683,0.5786834955215454,1.24208402633667,0.27964999675750735,9.562955097440417,0.0,0.0,0.0,120.12786741611335,121.01652779682615,1.1278204123179119,0.5
s11,1752344749.845998,0,5,0.636715030670166,0.4314229488372803,1.24208402633667,0.318357515335083,7.650364077952334,0.0,0.0,0.0,209.1024655070493,153.2242280038464,1.5546590089797974,0.6
s11,1752344750.845998,0,5,0.5207603931427002,0.4314229488372803,0.7259440422058105,0.2603801965713501,4.474663747738984,0.0,0.0,0.0,202.77758947852567,153.2242280038464,1.5206737518310547,0.6
s11,1752344751.845998,0,4,0.5516882538795471,0.5468668937683105,0.7259440422058105,0.22067530155181886,5.59332968467373,0.0,0.0,0.0,230.03127670575884,185.43192821086663,1.801857312520345,0.5
s11,1752344752.845998,0,5,0.5163112163543702,0.4042539596557617,0.7259440422058105,0.2581556081771851,4.474663747738984,0.0,0.0,0.0,202.4449466301928,152.55894230718067,1.1250576972961426,0.8
s11,1752344753.845998,0,7,0.484645026070731,0.4042539596557617,0.7259440422058105,0.3392515182495117,3.1961883912421314,0.0,0.0,0.0,164.80907257299674,95.52664000548724,0.8377327919006348,0.8571428571428571
s11,1752344754.845998,0,8,0.4901767671108246,0.40770041942596436,0.7259440422058105,0.3921414136886597,2.984164842336865,0.0,0.0,0.0,280.37088394993145,151.0033112219729,0.7572482654026577,0.75
s11,1752344755.845998,0,8,0.4661913812160492,0.40770041942596436,0.6623108386993408,0.37295310497283934,1.4956506028038974,0.14285714285714285,0.14285714285714285,0.0,216.58807161072167,40.049968789001575,0.35222329412187847,0.75
s11,1752344756.845998,0,9,0.4603976673550076,0.411146879196167,0.6623108386993408,0.41435790061950684,1.3294672024923533,0.125,0.125,0.0,206.9057421765965,89.58970246336095,0.41250351071357727,0.7777777777777778
s11,1752344757.845998,0,10,0.4610116004943848,0.4125974178314209,0.6623108386993408,0.4610116004943848,1.196520482243118,0.1111111111111111,0.1111111111111111,0.0,192.6946962525763,79.00632886041473,0.3970283402336968,0.8
s11,1752344758.845998,0,10,0.4610116004943848,0.4125974178314209,0.6623108386993408,0.4610116004943848,1.196520482243118,0.1111111111111111,0.1111111111111111,0.0,192.6946962525763,79.00632886041473,0.3970283402336968,0.8
s11,1752344759.845998,0,9,0.44233210881551105,0.4140479564666748,0.5340609550476074,0.39809889793395997,0.6247895139575178,0.125,0.125,0.0,223.825016639354,109.06788249906752,0.4502887725830078,0.7777777777777778
s11,1752344760.845998,0,10,0.43700270652770995,0.4125974178314209,0.5340609550476074,0.43700270652770995,0.562310562561766,0.1111111111111111,0.1111111111111111,0.0,222.62458431419475,139.12943613772032,0.52292890018887,0.8
s11,1752344761.845998,0,9,0.44089500109354657,0.4140479564666748,0.5340609550476074,0.3968055009841919,0.6247895139575178,0.125,0.125,0.0,245.44641125484395,145.0663736798466,0.5882950127124786,0.7777777777777778
s11,1752344762.845998,1,8,0.44547513127326965,0.4171534776687622,0.5340609550476074,0.3563801050186157,0.7028882032022076,0.14285714285714285,0.14285714285714285,0.0,258.9382826881112,139.12943613772032,0.5971705913543701,0.75
s11,1752344763.845998,1,7,0.5957389899662563,0.4665369987487793,1.417330980300903,0.4170172929763794,2.934893218848319,0.16666666666666666,0.16666666666666666,0.0,262.72381637008215,176.07528092532056,0.9123479922612509,0.7142857142857143
s11,1752344764.845998,1,6,0.6486533482869467,0.44339799880981445,1.417330980300903,0.389192008972168,5.861857817720096,0.0,0.0,0.0,292.884148634407,213.0211257129208,0.9855603694915771,0.6666666666666666
s11,1752344775.845998,0,5,0.6147878170013428,0.3988401889801025,1.4774188995361328,0.3073939085006714,4.489383911099005,0.0,0.0,0.0,526.2357098338645,473.2106497262129,1.5258837342262268,0.6
s11,1752344776.845998,0,4,0.6700390577316284,0.4035636186599731,1.4774188995361328,0.26801562309265137,5.611729888873756,0.0,0.0,0.0,530.5537467369222,433.1397003277349,1.245814323425293,0.5
s11,1752344777.845998,0,6,0.5778605143229166,0.39797806739807123,1.4774188995361328,0.34671630859375,3.7411532592491707,0.2,0.2,0.0,408.5497676343612,275.04545078950133,1.0084991931915284,0.6666666666666666
s11,1752344778.845998,0,8,0.5502902567386627,0.39826965332031244,1.4774188995361328,0.44023220539093016,3.433982170756934,0.42857142857142855,0.42857142857142855,0.0,301.4348391740981,229.0785891348207,0.7203565665653774,0.75
s11,1752344779.845998,0,7,0.5719259807041713,0.3976991176605224,1.4774188995361328,0.4003481864929199,3.9245510522936384,0.5,0.5,0.0,305.83307057153087,225.54379898051963,0.6623055140177408,0.7142857142857143
s11,1752344780.845998,0,6,0.6013119618097941,0.40299308300018305,1.4774188995361328,0.3607871770858765,4.578642894342578,0.6,0.6,0.0,190.3044668671309,222.00900882621855,0.660734224319458,0.8333333333333334
s11,1752344781.845998,0,5,0.42609057426452634,0.3976991176605224,0.5374598503112793,0.21304528713226317,1.004987562112089,0.75,0.75,0.0,129.59565850197993,128.12174718173296,0.3262632489204407,0.8
s11,1752344782.845998,0,6,0.47329048315684,0.40299308300018305,0.7092900276184082,0.283974289894104,4.560126427926941,0.6,0.6,0.0,222.09020844352935,222.00900882621855,0.7533018112182617,0.8333333333333334
s11,1752344783.845998,0,8,0.5045941174030304,0.40313196182250977,0.7990331649780273,0.4036752939224243,4.671656345601505,0.7142857142857143,0.7142857142857143,0.0,246.227422521249,222.00900882621855,0.629556587764195,0.875
s11,1752344784.845998,1,9,0.4950606558057997,0.4082870483398437,0.7990331649780273,0.4455545902252197,4.1525834183124495,0.625,0.625,0.0,232.07446462426356,177.5063840857922,0.6222456395626068,0.8888888888888888
s11,1752344785.845998,1,9,0.5212810834248861,0.4187929630279541,0.7990331649780273,0.46915297508239745,5.976821989575379,0.625,0.625,0.0,208.20035412580395,83.61912244130662,0.5084771513938904,0.8888888888888888
s11,1752344786.845998,1,10,0.5229099988937378,0.47322750091552734,0.7990331649780273,0.5229099988937378,5.679139790617841,0.5555555555555556,0.5555555555555556,0.0,176.25850387857378,61.66036003787198,0.4662177827623155,0.9
s11,1752344797.845998,0,5,0.7234154224395752,0.402642011642456,1.517564058303833,0.3617077112197876,9.564328909177874,0.0,0.0,0.0,448.9406178114898,354.0295798213879,0.9573594927787781,0.6
s11,1752344798.845998,0,6,0.688406507174174,0.458001971244812,1.517564058303833,0.4130439043045044,7.970274090981562,0.0,0.0,0.0,527.5522567193332,526.0152089055981,0.949206018447876,0.5
s11,1752344799.845998,0,7,0.6663962432316372,0.513361930847168,1.517564058303833,0.466477370262146,7.760234935127053,0.0,0.0,0.0,319.41500875638394,161.08623159100227,0.7939640283584595,0.7142857142857143
s11,1752344800.845998,0,8,0.5844599902629852,0.458001971244812,1.517564058303833,0.4675679922103882,5.348221175256602,0.0,0.0,0.0,264.90010929210297,123.25988804148736,0.5878147397722516,0.625
s11,1752344801.845998,0,9,0.578658766216702,0.513361930847168,1.517564058303833,0.5207928895950318,5.201877586244676,0.125,0.0,0.125,239.80418000300205,113.15178404999729,0.5647242665290833,0.5555555555555556
s11,1752344802.845998,0,9,0.45980098512437606,0.4478440284729004,0.5322489738464355,0.4138208866119385,2.1762793346985214,0.25,0.0,0.25,226.2112046540175,97.44024592492903,0.46739163994789124,0.5555555555555556
s11,1752344803.845998,0,9,0.45980098512437606,0.4478440284729004,0.5322489738464355,0.4138208866119385,2.1762793346985214,0.25,0.0,0.25,226.2112046540175,97.44024592492903,0.46739163994789124,0.5555555555555556
s11,1752344804.845998,0,8,0.4669458568096161,0.4806029796600342,0.5322489738464355,0.3735566854476929,2.4483142515358365,0.2857142857142857,0.0,0.2857142857142857,183.38206118950598,91.83681179135084,0.26701286860874723,0.5
s11,1752344805.845998,0,10,0.4515542984008789,0.4244115352630615,0.5322489738464355,0.4515542984008789,1.958651401228669,0.2222222222222222,0.0,0.2222222222222222,201.0193559997001,95.42536350467836,0.5133958922492133,0.6
s11,1752344806.845998,0,11,0.45694444396279077,0.4478440284729004,0.5322489738464355,0.5026388883590698,1.8715012738442447,0.2,0.0,0.2,104.0712137812416,77.98474338532336,0.3703970909118653,0.7272727272727273
s11,1752344807.845998,0,12,0.4416035811106364,0.40067851543426514,0.5322489738464355,0.5299242973327637,1.7155428343572243,0.2727272727272727,0.09090909090909091,0.18181818181818182,171.17404516292459,64.13267497929586,0.3358499136838046,0.75
s11,1752344808.845998,0,11,0.44543355161493475,0.4009790420532226,0.5322489738464355,0.48997690677642824,1.8715012738442447,0.3,0.1,0.2,177.98708167336633,56.08716178857655,0.34283080101013186,0.7272727272727273
s11,1752344809.845998,0,9,0.4277983241611057,0.4003779888153076,0.5322489738464355,0.38501849174499514,0.5590143193499194,0.375,0.125,0.25,207.50201918625856,56.08716178857655,0.42853850126266485,0.6666666666666666
s11,1752344810.845998,0,8,0.4313742518424988,0.40067851543426514,0.5322489738464355,0.34509940147399903,0.6288911092686593,0.2857142857142857,0.14285714285714285,0.14285714285714285,227.98335407296753,48.04164859785725,0.4321738651820592,0.75
s11,1752344811.845998,0,6,0.4118168354034424,0.3976624011993408,0.5097620487213135,0.24709010124206543,0.16666666666666666,0.2,0.2,0.0,226.8848713383483,48.04164859785725,0.08141779899597168,0.6666666666666666
s11,1752344812.845998,0,6,0.4118168354034424,0.3976624011993408,0.5097620487213135,0.24709010124206543,0.16666666666666666,0.2,0.2,0.0,226.8848713383483,48.04164859785725,0.08141779899597168,0.6666666666666666
s11,1752344813.845998,0,6,0.4118168354034424,0.3976624011993408,0.5097620487213135,0.24709010124206543,0.16666666666666666,0.2,0.2,0.0,226.8848713383483,48.04164859785725,0.08141779899597168,0.6666666666666666
s11,1752344814.845998,0,7,0.44709685870579313,0.4009790420532226,0.6359128952026367,0.3129678010940552,0.6479334151332482,0.16666666666666666,0.16666666666666666,0.0,194.59299677976762,55.205756557953976,1.0774705012639363,0.5714285714285714
s11,1752344815.845998,0,6,0.4361361662546794,0.3991290330886841,0.6359128952026367,0.26168169975280764,0.5892556509887896,0.2,0.2,0.0,238.8082465026369,66.18912297349165,1.3478405952453614,0.5
s11,1752344816.845998,0,4,0.45900803804397583,0.401119589805603,0.6359128952026367,0.18360321521759032,0.8838834764831844,0.0,0.0,0.0,76.19299516398075,66.18912297349165,2.155152956644694,0.5
s11,1752344817.845998,0,4,0.4729735255241394,0.4290505647659302,0.6359128952026367,0.18918941020965577,0.8838834764831844,0.0,0.0,0.0,143.0703407025682,100.0199980003999,0.5692216555277506,0.75
s11,1752344818.845998,0,4,0.4729735255241394,0.4290505647659302,0.6359128952026367,0.18918941020965577,0.8838834764831844,0.0,0.0,0.0,143.0703407025682,100.0199980003999,0.5692216555277506,0.75
s11,1752344819.845998,0,4,0.4729735255241394,0.4290505647659302,0.6359128952026367,0.18918941020965577,0.8838834764831844,0.0,0.0,0.0,143.0703407025682,100.0199980003999,0.5692216555277506,0.75
s11,1752344820.845998,0,5,0.5390486240386962,0.4562399387359619,0.8033490180969238,0.2695243120193481,4.607427280837827,0.0,0.0,0.0,222.0135331374018,181.51094956710648,1.1170434951782227,0.6
s11,1752344821.845998,0,6,0.5159252087275187,0.4290505647659302,0.8033490180969238,0.30955512523651124,3.8395227340315223,0.0,0.0,0.0,210.23290492316787,163.11039206623224,1.0301623821258545,0.6666666666666666
s11,1752344822.845998,0,8,0.486803263425827,0.4038950204849243,0.8033490180969238,0.3894426107406616,2.8796420505236417,0.0,0.0,0.0,159.9114446782423,100.0199980003999,0.735830272947039,0.75
s11,1752344823.845998,0,7,0.49893784523010254,0.4059288501739502,0.8033490180969238,0.34925649166107176,3.2910194863127336,0.0,0.0,0.0,175.5318316290341,131.56519503331606,0.8363889853159586,0.7142857142857143
s11,1752344824.845998,0,6,0.4761086702346802,0.4031184911727905,0.8033490180969238,0.2856652021408081,3.2502670830427327,0.0,0.0,0.0,190.63419835476094,163.11039206623224,0.9487907886505127,0.6666666666666666
s11,1752344825.845998,0,5,0.4917543888092041,0.4059288501739502,0.8033490180969238,0.24587719440460204,3.9003204996512792,0.0,0.0,0.0,172.54227265999788,100.16299009904452,0.8607867360115051,0.6
s11,1752344826.845998,0,5,0.511519193649292,0.4059288501739502,0.8033490180969238,0.255759596824646,6.418256162054114,0.0,0.0,0.0,110.73766198684629,100.16299009904452,1.075298011302948,0.6
s11,1752344827.845998,0,5,0.511519193649292,0.4059288501739502,0.8033490180969238,0.255759596824646,6.418256162054114,0.0,0.0,0.0,110.73766198684629,100.16299009904452,1.075298011302948,0.6
s11,1752344828.845998,0,6,0.5589031378428141,0.4804964065551758,0.8033490180969238,0.3353418827056885,6.44286433524466,0.0,0.0,0.0,96.13731449512231,37.73592452822641,1.0987686157226562,0.5
s11,1752344829.845998,0,7,0.5775962557111468,0.5550639629364014,0.8033490180969238,0.40431737899780273,6.290289215761956,0.16666666666666666,0.0,0.16666666666666666,98.06497810305028,72.71961033545824,0.9608087142308553,0.5714285714285714
s11,1752344830.845998,0,8,0.5037590861320496,0.4031184911727905,0.7958228588104248,0.40300726890563965,3.0663027515096615,0.14285714285714285,0.0,0.14285714285714285,81.37875607847562,56.00892785976178,0.7637697628566197,0.625
s11,1752344831.845998,0,8,0.5034903287887573,0.4024078845977783,0.7958228588104248,0.40279226303100585,3.0663027515096615,0.42857142857142855,0.2857142857142857,0.14285714285714285,101.75307524447977,88.36288813749809,0.7827701909201485,0.625
s11,1752344832.845998,0,7,0.519282375063215,0.4048597812652588,0.7958228588104248,0.3634976625442505,3.5043460017253274,0.5,0.3333333333333333,0.16666666666666666,83.44114316034371,72.18590799862994,0.310139536857605,0.7142857142857143
s11,1752344833.845998,0,7,0.519282375063215,0.4048597812652588,0.7958228588104248,0.3634976625442505,3.5043460017253274,0.5,0.3333333333333333,0.16666666666666666,83.44114316034371,72.18590799862994,0.310139536857605,0.7142857142857143
s11,1752344834.845998,0,8,0.504490077495575,0.40290188789367676,0.7958228588104248,0.40359206199645997,3.0663027515096615,0.5714285714285714,0.2857142857142857,0.2857142857142857,126.74778493765949,88.36288813749809,0.60365891456604,0.75
s11,1752344835.845998,0,8,0.504490077495575,0.40290188789367676,0.7958228588104248,0.40359206199645997,3.0663027515096615,0.5714285714285714,0.2857142857142857,0.2857142857142857,126.74778493765949,88.36288813749809,0.60365891456604,0.75
s11,1752344836.845998,0,7,0.497265236718314,0.4009439945220947,0.7958228588104248,0.34808566570281985,1.7058205285804457,0.6666666666666666,0.3333333333333333,0.3333333333333333,141.58309500589834,98.03309214009408,0.5054935614267985,0.7142857142857143
s11,1752344837.845998,0,7,0.497265236718314,0.4009439945220947,0.7958228588104248,0.34808566570281985,1.7058205285804457,0.6666666666666666,0.3333333333333333,0.3333333333333333,141.58309500589834,98.03309214009408,0.5054935614267985,0.7142857142857143
s11,1752344838.845998,0,7,0.44304496901375906,0.4009439945220947,0.6897549629211426,0.31013147830963134,0.7678340712665331,0.5,0.3333333333333333,0.16666666666666666,186.05071430004844,130.29909615007324,1.0323176781336467,0.7142857142857143
s11,1752344839.845998,0,7,0.49400884764535086,0.4009439945220947,1.0465021133422852,0.3458061933517456,3.40509488881207,0.6666666666666666,0.5,0.16666666666666666,176.3263432837333,114.12211601120507,0.988288680712382,0.7142857142857143
s11,1752344840.845998,0,5,0.5335628032684326,0.4048597812652588,1.0465021133422852,0.2667814016342163,4.767132844336897,0.75,0.5,0.25,207.42845691999744,206.55476501941416,1.4491822719573975,0.6
s11,1752344841.845998,0,5,0.5655908107757568,0.4218490123748779,1.0465021133422852,0.2827954053878784,4.867132844336898,0.25,0.25,0.0,180.90162398082487,161.0117556371735,1.1234049797058105,0.6
s11,1752344842.845998,0,6,0.5365504821141561,0.41906499862670893,1.0465021133422852,0.32193028926849365,4.055944036947415,0.2,0.2,0.0,158.92270756552128,71.00704190430693,0.9512107849121094,0.6666666666666666
s11,1752344843.845998,0,8,0.5341477394104004,0.41906499862670893,1.0465021133422852,0.4273181915283203,3.9258415041937456,0.14285714285714285,0.14285714285714285,0.0,136.11003635759005,71.00704190430693,0.7364678723471505,0.75
s11,1752344844.845998,0,7,0.5531768458230155,0.4218490123748779,1.0465021133422852,0.38722379207611085,4.4866760047928524,0.16666666666666666,0.16666666666666666,0.0,96.37687376592328,54.529818542593915,0.28722019990285236,0.8571428571428571
s11,1752344845.845998,0,7,0.5531768458230155,0.4218490123748779,1.0465021133422852,0.38722379207611085,4.4866760047928524,0.16666666666666666,0.16666666666666666,0.0,96.37687376592328,54.529818542593915,0.28722019990285236,0.8571428571428571
s11,1752344846.845998,0,9,0.5540256765153673,0.4218490123748779,1.0465021133422852,0.49862310886383054,4.188450309806041,0.25,0.25,0.0,143.06287426327185,54.529818542593915,0.47289675474166876,0.7777777777777778
s11,1752344847.845998,0,9,0.5540256765153673,0.4218490123748779,1.0465021133422852,0.49862310886383054,4.188450309806041,0.25,0.25,0.0,143.06287426327185,54.529818542593915,0.47289675474166876,0.7777777777777778
s11,1752344848.845998,0,8,0.49311360716819763,0.42165493965148926,0.7157649993896484,0.3944908857345581,1.7325485708212356,0.14285714285714285,0.14285714285714285,0.0,126.51971621862575,63.15853069855251,0.5981099946158273,0.75
s11,1752344849.845998,0,9,0.5001000033484565,0.4218490123748779,0.7157649993896484,0.45009000301361085,1.9444937234677937,0.25,0.25,0.0,118.02979435328933,60.879435997243476,0.5750409960746765,0.6666666666666666
s11,1752344850.845998,0,10,0.49199230670928956,0.42165493965148926,0.7157649993896484,0.49199230670928956,2.161021573985659,0.3333333333333333,0.3333333333333333,0.0,119.64180639892531,63.15853069855251,0.5111475520663791,0.7
s11,1752344851.845998,0,9,0.49872803688049316,0.4214608669281006,0.7157649993896484,0.44885523319244386,2.4011350822062876,0.5,0.375,0.125,120.88470299244602,60.879435997243476,0.5410172045230865,0.6666666666666666
s11,1752344852.845998,0,9,0.49688360426161027,0.4214608669281006,0.7157649993896484,0.44719524383544923,2.1339793994064156,0.625,0.375,0.25,120.1670022001868,60.879435997243476,0.5410172045230865,0.6666666666666666
s11,1752344853.845998,0,9,0.564550691180759,0.5559911727905273,1.00603985786438,0.5080956220626831,2.8649520306685727,0.625,0.25,0.375,56.12513182027733,45.45566506937074,0.28353559970855713,0.7777777777777778
s11,1752344854.845998,0,10,0.574124526977539,0.5591310262680054,1.00603985786438,0.574124526977539,4.34543793169486,0.5555555555555556,0.2222222222222222,0.3333333333333333,57.93823729636867,58.60034129593445,0.28087931209140354,0.8
s11,1752344855.845998,0,11,0.6590880914167925,0.6402430534362793,1.0380899906158447,0.7249969005584717,5.452995483196305,0.7,0.4,0.3,57.74819101423775,55.81903186031946,0.25279138088226316,0.8181818181818182
s11,1752344856.845998,0,10,0.6534204006195068,0.6012569665908813,1.0380899906158447,0.6534204006195068,5.369362956045495,0.7777777777777778,0.4444444444444444,0.3333333333333333,57.147042160425,53.03772242470448,0.1180724302927653,0.8
s11,1752344857.845998,0,11,0.6296212022954767,0.5622708797454834,1.0380899906158447,0.6925833225250244,4.88123905095045,0.7,0.4,0.3,68.7369616039713,55.81903186031946,0.19889588356018068,0.8181818181818182
s11,1752344858.845998,0,11,0.6399002075195312,0.5622708797454834,1.0380899906158447,0.7038902282714844,5.017602687314087,0.6,0.3,0.3,80.98134682435976,62.740401764901904,0.2102430820465088,0.8181818181818182
s11,1752344859.845998,0,10,0.6449695110321045,0.5873864889144897,1.0380899906158447,0.6449695110321045,4.998518365231736,0.5555555555555556,0.2222222222222222,0.3333333333333333,89.69225028252566,72.44308110509934,0.3375800980461968,0.8
s11,1752344860.845998,0,11,0.6571059226989746,0.6402430534362793,1.0380899906158447,0.7228165149688721,5.044107604756124,0.4,0.2,0.2,79.68355742467845,48.018861212352235,0.264875602722168,0.8181818181818182
s11,1752344861.845998,0,9,0.6895661089155409,0.6602890491485596,1.0380899906158447,0.6206094980239868,5.646501887294526,0.25,0.25,0.0,92.18132658282696,62.740401764901904,0.33109450340270996,0.8888888888888888
s11,1752344862.845998,1,9,0.6227361096276177,0.5345299243927002,1.0380899906158447,0.560462498664856,4.915529256032368,0.375,0.375,0.0,134.75336269541634,105.03319111460638,0.43685999512672424,0.8888888888888888
s11,1752344863.845998,1,8,0.6180419921875,0.531792402267456,1.0380899906158447,0.49443359375,3.321244032919983,0.2857142857142857,0.2857142857142857,0.0,146.42702559123236,157.0286598045083,0.49926856585911344,0.875
s11,1752344864.845998,1,9,0.5321133136749268,0.4479467868804931,0.8688619136810303,0.4789019823074341,2.4449852643505015,0.125,0.125,0.0,148.15769112614254,154.540641137247,0.6138662695884705,0.8888888888888888
s12,1752345272.67425,0,3,0.570929765701294,0.5295250415802002,0.7717092037200928,0.1712789297103882,3.9283710065919366,0.0,0.0,0.0,853.6735689143395,853.6735689143395,3.0394234657287598,0.3333333333333333
s12,1752345273.67425,0,2,0.47054004669189453,0.47054004669189453,0.5295250415802002,0.0941080093383789,0.0,0.0,0.0,0.0,851.136299308166,851.136299308166,2.026878118515014,0.0
s12,1752345274.67425,0,2,0.47054004669189453,0.47054004669189453,0.5295250415802002,0.0941080093383789,0.0,0.0,0.0,0.0,851.136299308166,851.136299308166,2.026878118515014,0.0
s12,1752345275.67425,0,2,0.47054004669189453,0.47054004669189453,0.5295250415802002,0.0941080093383789,0.0,0.0,0.0,0.0,851.136299308166,851.136299308166,2.026878118515014,0.0
s12,1752345276.67425,0,2,0.47054004669189453,0.47054004669189453,0.5295250415802002,0.0941080093383789,0.0,0.0,0.0,0.0,851.136299308166,851.136299308166,2.026878118515014,0.0
s12,1752345278.67425,0,2,0.8549599647521973,0.8549599647521973,1.1803948879241943,0.17099199295043946,8.31038506929733,0.0,0.0,0.0,63.15853069855251,63.15853069855251,6.993978977203369,0.0
s12,1752345279.67425,0,2,0.8549599647521973,0.8549599647521973,1.1803948879241943,0.17099199295043946,8.31038506929733,0.0,0.0,0.0,63.15853069855251,63.15853069855251,6.993978977203369,0.0
s12,1752345283.67425,0,2,0.7978229522705078,0.7978229522705078,1.1803948879241943,0.15956459045410157,8.31038506929733,0.0,0.0,0.0,774.0316530995357,774.0316530995357,4.019056081771851,0.5
s12,1752345284.67425,0,2,0.7978229522705078,0.7978229522705078,1.1803948879241943,0.15956459045410157,8.31038506929733,0.0,0.0,0.0,774.0316530995357,774.0316530995357,4.019056081771851,0.5
s12,1752345285.67425,0,2,0.7978229522705078,0.7978229522705078,1.1803948879241943,0.15956459045410157,8.31038506929733,0.0,0.0,0.0,774.0316530995357,774.0316530995357,4.019056081771851,0.5
s12,1752345286.67425,0,3,1.013330300649007,1.1803948879241943,1.444344997406006,0.30399909019470217,12.070767370114014,0.0,0.0,0.0,772.9837656327959,772.9837656327959,3.0111374855041504,0.3333333333333333
s12,1752345287.67425,0,3,0.7563136418660482,0.4152510166168213,1.444344997406006,0.22689409255981446,6.530510657249128,0.0,0.0,0.0,502.02072879529646,502.02072879529646,1.2799279689788818,0.3333333333333333
s12,1752345288.67425,0,3,0.7563136418660482,0.4152510166168213,1.444344997406006,0.22689409255981446,6.530510657249128,0.0,0.0,0.0,502.02072879529646,502.02072879529646,1.2799279689788818,0.3333333333333333
s12,1752345289.67425,0,3,0.7563136418660482,0.4152510166168213,1.444344997406006,0.22689409255981446,6.530510657249128,0.0,0.0,0.0,502.02072879529646,502.02072879529646,1.2799279689788818,0.3333333333333333
s12,1752345290.67425,0,3,0.7563136418660482,0.4152510166168213,1.444344997406006,0.22689409255981446,6.530510657249128,0.0,0.0,0.0,502.02072879529646,502.02072879529646,1.2799279689788818,0.3333333333333333
s12,1752345291.67425,0,3,0.7563136418660482,0.4152510166168213,1.444344997406006,0.22689409255981446,6.530510657249128,0.0,0.0,0.0,502.02072879529646,502.02072879529646,1.2799279689788818,0.3333333333333333
s12,1752345292.67425,0,2,0.9268449544906617,0.9268449544906617,1.444344997406006,0.18536899089813236,9.795765985873691,0.0,0.0,0.0,232.1055794245369,232.1055794245369,0.5566370487213135,0.5
s12,1752345293.67425,0,2,0.9268449544906617,0.9268449544906617,1.444344997406006,0.18536899089813236,9.795765985873691,0.0,0.0,0.0,232.1055794245369,232.1055794245369,0.5566370487213135,0.5
s12,1752345294.67425,0,3,0.8818566004435221,0.7918798923492432,1.444344997406006,0.2645569801330566,8.929069895573896,0.0,0.0,0.0,231.74743090191043,231.74743090191043,3.0552210807800293,0.3333333333333333
s12,1752345295.67425,0,2,0.6006124019622803,0.6006124019622803,0.7918798923492432,0.12012248039245606,3.5978388574871527,0.0,0.0,0.0,231.38928237928397,231.38928237928397,5.553805112838745,0.0
s12,1752345296.67425,0,2,0.6006124019622803,0.6006124019622803,0.7918798923492432,0.12012248039245606,3.5978388574871527,0.0,0.0,0.0,231.38928237928397,231.38928237928397,5.553805112838745,0.0
s12,1752345300.67425,0,2,0.5862969160079956,0.5862969160079956,0.7918798923492432,0.11725938320159912,3.5978388574871527,0.0,0.0,0.0,64.93843238021688,64.93843238021688,5.582048177719116,0.0
s12,1752345301.67425,0,2,0.5862969160079956,0.5862969160079956,0.7918798923492432,0.11725938320159912,3.5978388574871527,0.0,0.0,0.0,64.93843238021688,64.93843238021688,5.582048177719116,0.0
s12,1752345302.67425,0,3,0.6579119364420573,0.7918798923492432,0.8011419773101807,0.1973735809326172,3.268584780733981,0.0,0.0,0.0,203.47579501092457,203.47579501092457,3.7988905906677246,0.3333333333333333
s12,1752345303.67425,0,3,0.6093823115030924,0.6462910175323486,0.8011419773101807,0.18281469345092774,2.2137351671256376,0.0,0.0,0.0,219.5091560719272,219.5091560719272,1.2127419710159302,0.6666666666666666
s12,1752345304.67425,0,4,0.5698089599609375,0.5486899614334106,0.8011419773101807,0.227923583984375,1.6603013753442282,0.0,0.0,0.0,179.00780468395578,98.00510190801292,0.9712513287862142,0.75
s12,1752345305.67425,0,4,0.5698089599609375,0.5486899614334106,0.8011419773101807,0.227923583984375,1.6603013753442282,0.0,0.0,0.0,179.00780468395578,98.00510190801292,0.9712513287862142,0.75
s12,1752345306.67425,0,5,0.6874945640563965,0.6462910175323486,1.1582369804382324,0.34374728202819826,2.816864625549649,0.25,0.25,0.0,205.06942918882152,190.62970230571585,0.9301019906997681,0.8
s12,1752345307.67425,0,6,0.6697249809900919,0.613584041595459,1.1582369804382324,0.4018349885940552,3.184876823051448,0.2,0.2,0.0,169.51448097663967,98.00510190801292,0.7440815925598144,0.8333333333333334
s12,1752345308.67425,0,7,0.662062406539917,0.6160869598388672,1.1582369804382324,0.4634436845779419,3.2499022689927064,0.16666666666666666,0.16666666666666666,0.0,161.43493154205007,109.52114313855748,0.7596954902013143,0.8571428571428571
s12,1752345309.67425,0,7,0.6862541607448033,0.6160869598388672,1.1582369804382324,0.4803779125213623,3.838917358366658,0.16666666666666666,0.16666666666666666,0.0,109.65289185623334,97.50512820511756,0.4237399895985921,0.8571428571428571
s12,1752345310.67425,1,9,0.6488257779015435,0.602017879486084,1.1582369804382324,0.5839432001113891,3.4980215263570056,0.125,0.125,0.0,89.29475861105263,64.16303701447693,0.3178049921989441,0.8888888888888888
s12,1752345311.67425,1,9,0.6488257779015435,0.602017879486084,1.1582369804382324,0.5839432001113891,3.4980215263570056,0.125,0.125,0.0,89.29475861105263,64.16303701447693,0.3178049921989441,0.8888888888888888
s12,1752345312.67425,1,8,0.6297862529754639,0.5914474725723267,1.1582369804382324,0.5038290023803711,3.609014638748177,0.14285714285714285,0.14285714285714285,0.0,88.19327348374271,31.32091952673165,0.3046698570251465,0.875
s12,1752345323.67425,0,7,0.5912988185882568,0.5431821346282959,1.1581988334655762,0.41390917301177976,5.693548548431981,0.0,0.0,0.0,343.44765734475186,248.11225464084583,0.8556995391845703,0.7142857142857143
s12,1752345324.67425,0,6,0.5751601457595825,0.47171711921691895,1.1581988334655762,0.3450960874557495,5.509357859038921,0.0,0.0,0.0,323.9362817888876,162.15116404145854,0.6128524303436279,0.6666666666666666
s12,1752345325.67425,0,6,0.5751601457595825,0.47171711921691895,1.1581988334655762,0.3450960874557495,5.509357859038921,0.0,0.0,0.0,323.9362817888876,162.15116404145854,0.6128524303436279,0.6666666666666666
s12,1752345326.67425,0,6,0.5799918174743652,0.47780656814575195,1.1581988334655762,0.34799509048461913,5.509357859038921,0.0,0.0,0.0,373.708238732451,334.07334524023315,1.0886104106903076,0.6666666666666666
s12,1752345327.67425,0,6,0.5797071854273478,0.47780656814575195,1.1581988334655762,0.34782431125640867,5.509357859038921,0.0,0.0,0.0,177.07175045691187,74.00675644831355,1.0632821559906005,0.8333333333333334
s12,1752345328.67425,0,5,0.46400885581970214,0.412431001663208,0.5659940242767334,0.23200442790985107,1.1194173437483137,0.0,0.0,0.0,212.78837238289634,204.04005084427337,1.3291026949882507,0.8
s12,1752345329.67425,0,4,0.4442155361175537,0.406341552734375,0.5659940242767334,0.17768621444702148,0.8838834764831844,0.0,0.0,0.0,172.36004809711736,74.00675644831355,1.0995972951253254,0.75
s12,1752345330.67425,0,5,0.49089822769165037,0.412431001663208,0.6776289939880371,0.24544911384582518,3.314787743267607,0.0,0.0,0.0,344.4923049020649,242.50885260379465,1.316060721874237,0.6
s12,1752345331.67425,0,5,0.49089822769165037,0.412431001663208,0.6776289939880371,0.24544911384582518,3.314787743267607,0.0,0.0,0.0,344.4923049020649,242.50885260379465,1.316060721874237,0.6
s12,1752345332.67425,0,3,0.4960816701253255,0.412431001663208,0.6776289939880371,0.14882450103759765,4.346134936801766,0.0,0.0,0.0,467.4479158826105,467.4479158826105,1.1176129579544067,0.3333333333333333
s12,1752345333.67425,0,3,0.4960816701253255,0.412431001663208,0.6776289939880371,0.14882450103759765,4.346134936801766,0.0,0.0,0.0,467.4479158826105,467.4479158826105,1.1176129579544067,0.3333333333333333
s12,1752345334.67425,0,3,0.4960816701253255,0.412431001663208,0.6776289939880371,0.14882450103759765,4.346134936801766,0.0,0.0,0.0,467.4479158826105,467.4479158826105,1.1176129579544067,0.3333333333333333
s12,1752345335.67425,0,3,0.4960816701253255,0.412431001663208,0.6776289939880371,0.14882450103759765,4.346134936801766,0.0,0.0,0.0,467.4479158826105,467.4479158826105,1.1176129579544067,0.3333333333333333
s12,1752345336.67425,0,5,0.48087759017944337,0.4261209964752197,0.6776289939880371,0.24043879508972169,4.11101059991835,0.0,0.0,0.0,253.6781320584485,63.711347675999235,1.849529504776001,0.4
s12,1752345337.67425,0,4,0.5015507340431213,0.47483301162719727,0.6776289939880371,0.20062029361724854,5.138763249897938,0.0,0.0,0.0,51.274484305628874,27.018512172212592,1.8108890056610107,0.5
s12,1752345338.67425,0,4,0.5015507340431213,0.47483301162719727,0.6776289939880371,0.20062029361724854,5.138763249897938,0.0,0.0,0.0,51.274484305628874,27.018512172212592,1.8108890056610107,0.5
s12,1752345339.67425,0,4,0.433702290058136,0.4161781072616577,0.5235450267791748,0.17348091602325438,1.8791620472966135,0.0,0.0,0.0,110.1692344247072,27.018512172212592,0.5935273170471191,0.75
s12,1752345340.67425,0,5,0.42592344284057615,0.4062352180480957,0.5235450267791748,0.21296172142028807,1.503329637837291,0.0,0.0,0.0,154.38781349419952,152.0534728546167,0.8105192184448242,0.8
s12,1752345341.67425,0,6,0.43208420276641846,0.4161781072616577,0.5235450267791748,0.2592505216598511,1.2527746981977423,0.0,0.0,0.0,138.73391658254766,76.11832893594026,0.7054703712463379,0.8333333333333334
s12,1752345342.67425,0,7,0.4246784618922642,0.4062352180480957,0.5235450267791748,0.29727492332458494,1.0738068841694934,0.0,0.0,0.0,136.27826381878972,100.05916446797013,0.6820966402689616,0.8571428571428571
s12,1752345343.67425,0,8,0.4349656403064728,0.4161781072616577,0.5235450267791748,0.3479725122451782,0.9395810236483068,0.0,0.0,0.0,126.30752335244527,76.11832893594026,0.6241895471300397,0.875
s12,1752345344.67425,0,8,0.4349656403064728,0.4161781072616577,0.5235450267791748,0.3479725122451782,0.9395810236483068,0.0,0.0,0.0,126.30752335244527,76.11832893594026,0.6241895471300397,0.875
s12,1752345345.67425,0,7,0.43622916085379465,0.4062352180480957,0.5235450267791748,0.30536041259765623,1.0738068841694934,0.0,0.0,0.0,142.95865098370479,100.05916446797013,0.7282211383183798,0.8571428571428571
s12,1752345346.67425,0,6,0.5096027056376139,0.4345616102218628,0.9064650535583496,0.30576162338256835,3.5101440299667352,0.0,0.0,0.0,281.9451127749363,124.0,0.9240653991699219,0.6666666666666666
s12,1752345347.67425,0,6,0.5096027056376139,0.4345616102218628,0.9064650535583496,0.30576162338256835,3.5101440299667352,0.0,0.0,0.0,281.9451127749363,124.0,0.9240653991699219,0.6666666666666666
s12,1752345348.67425,0,6,0.5097216765085856,0.43491852283477783,0.9064650535583496,0.3058330059051514,3.5101440299667352,0.0,0.0,0.0,298.96892240902645,124.0,1.0510282039642334,0.6666666666666666
s12,1752345349.67425,0,7,0.49285772868565153,0.4069490432739258,0.9064650535583496,0.3450004100799561,3.0086948828286304,0.0,0.0,0.0,267.6407686741887,117.5,0.9689374764760336,0.7142857142857143
s12,1752345350.67425,0,6,0.509199341138204,0.43491852283477783,0.9064650535583496,0.3055196046829224,3.5101440299667352,0.0,0.0,0.0,305.9452566218383,124.0,1.1056699752807617,0.6666666666666666
s12,1752345351.67425,0,5,0.5184616088867188,0.4069490432739258,0.9064650535583496,0.2592308044433594,4.212172835960082,0.0,0.0,0.0,351.4315707772979,241.58129943656348,1.2407804727554321,0.6
s12,1752345352.67425,0,3,0.5683627128601074,0.4069490432739258,0.9064650535583496,0.17050881385803224,7.0202880599334705,0.0,0.0,0.0,241.58129943656348,241.58129943656348,1.3273963928222656,0.6666666666666666
s12,1752345353.67425,0,3,0.5683627128601074,0.4069490432739258,0.9064650535583496,0.17050881385803224,7.0202880599334705,0.0,0.0,0.0,241.58129943656348,241.58129943656348,1.3273963928222656,0.6666666666666666
s12,1752345354.67425,0,4,0.5298790335655212,0.41068851947784424,0.9064650535583496,0.2119516134262085,5.265216044950103,0.0,0.0,0.0,410.74311719092594,372.16259887312697,2.418654282887777,0.75
s12,1752345355.67425,0,4,0.40197181701660156,0.40089261531829834,0.4144279956817627,0.16078872680664064,0.0,0.0,0.0,0.0,693.117809802873,749.0667526996509,1.9454325834910076,0.5
s12,1752345356.67425,0,6,0.42168203989664715,0.4064885377883911,0.5161769390106201,0.2530092239379883,1.1785113019775795,0.2,0.2,0.0,427.6775602219145,111.0,1.1672595500946046,0.6666666666666666
s12,1752345357.67425,0,6,0.42168203989664715,0.4064885377883911,0.5161769390106201,0.2530092239379883,1.1785113019775795,0.2,0.2,0.0,427.6775602219145,111.0,1.1672595500946046,0.6666666666666666
s12,1752345358.67425,0,5,0.42462863922119143,0.4060280323028564,0.5161769390106201,0.21231431961059571,1.4142135623730954,0.25,0.25,0.0,506.84695027739315,391.04095036904465,1.319453477859497,0.6
s12,1752345359.67425,0,4,0.43286728858947754,0.41022801399230957,0.5161769390106201,0.17314691543579103,1.767766952966369,0.3333333333333333,0.3333333333333333,0.0,426.10701613664054,33.015148038438355,0.22554794947306314,0.5
s12,1752345360.67425,0,6,0.48279587427775067,0.4653024673461914,0.5954999923706055,0.2896775245666504,1.1785113019775795,0.4,0.4,0.0,425.2750933292148,103.04368005850722,0.7275535583496093,0.6666666666666666
s12,1752345361.67425,0,7,0.48892215320042204,0.5161769390106201,0.5954999923706055,0.3422455072402954,1.5152288168283161,0.3333333333333333,0.3333333333333333,0.0,374.7299274896489,112.52388917516345,0.6516231298446655,0.7142857142857143
s12,1752345362.67425,0,8,0.4788581430912018,0.4653024673461914,0.5954999923706055,0.38308651447296144,1.3258252147247767,0.2857142857142857,0.2857142857142857,0.0,330.3499769794941,103.04368005850722,0.5958029883248466,0.75
s12,1752345363.67425,0,8,0.4788581430912018,0.4653024673461914,0.5954999923706055,0.38308651447296144,1.3258252147247767,0.2857142857142857,0.2857142857142857,0.0,330.3499769794941,103.04368005850722,0.5958029883248466,0.75
s12,1752345364.67425,0,7,0.4880624498639788,0.5161769390106201,0.5954999923706055,0.3416437149047852,1.5152288168283161,0.3333333333333333,0.3333333333333333,0.0,182.1938603579152,83.5569769885363,0.582329511642456,0.8571428571428571
s12,1752345365.67425,0,5,0.5010848045349121,0.5256798267364502,0.5954999923706055,0.25054240226745605,0.7071067811865476,0.25,0.25,0.0,258.5321976116344,112.52388917516345,0.8734942674636841,0.8
s12,1752345366.67425,1,6,0.4933780034383138,0.4996368885040283,0.5954999923706055,0.29602680206298826,0.5892556509887896,0.4,0.4,0.0,164.92793988042564,122.00409829181967,0.806590986251831,0.8333333333333334
s12,1752345367.67425,1,7,0.5021051679338727,0.5256798267364502,0.5954999923706055,0.3514736175537109,0.5050762722761054,0.3333333333333333,0.3333333333333333,0.0,147.6079825954678,112.52388917516345,0.6940211455027262,0.8571428571428571
s12,1752345368.67425,1,8,0.5225757658481598,0.5400739908218384,0.665869951248169,0.41806061267852784,2.365841135010797,0.42857142857142855,0.42857142857142855,0.0,148.53272043205735,122.00409829181967,0.6699654034205845,0.875
s12,1752345379.67425,0,5,0.5279284000396729,0.4263970851898193,0.9776980876922609,0.26396420001983645,4.600695599580568,0.0,0.0,0.0,522.0772054631167,466.00850418467195,0.9991484880447387,0.6
s12,1752345380.67425,0,6,0.553210179011027,0.4277690649032593,0.9776980876922609,0.3319261074066162,5.889468555206016,0.0,0.0,0.0,454.6882413835714,277.01624501101014,1.0037384033203125,0.6666666666666666
s12,1752345381.67425,0,7,0.5510825770241874,0.4291410446166992,0.9776980876922609,0.38575780391693115,6.193203014596685,0.16666666666666666,0.16666666666666666,0.0,447.10286802819206,343.0961231311527,0.9011556704839071,0.7142857142857143
s12,1752345382.67425,0,6,0.5769418478012085,0.4837290048599243,0.9776980876922609,0.3461651086807251,7.225403517029466,0.2,0.2,0.0,310.6650789372059,277.01624501101014,0.9941527843475342,0.8333333333333334
s12,1752345383.67425,0,5,0.49679059982299806,0.4291410446166992,0.6796190738677979,0.24839529991149903,4.0697886208547915,0.25,0.25,0.0,224.58115783192397,231.07431503820027,0.5740910172462463,0.8
s12,1752345384.67425,0,6,0.48392101128896076,0.4277690649032593,0.6796190738677979,0.2903526067733765,3.3914905173789927,0.2,0.2,0.0,331.27613957115193,277.01624501101014,0.9802907943725586,0.6666666666666666
s12,1752345385.67425,0,7,0.4809924193790981,0.4291410446166992,0.6796190738677979,0.33669469356536863,2.9069918720391366,0.16666666666666666,0.16666666666666666,0.0,286.8711115338756,231.07431503820027,0.9079920053482056,0.5714285714285714
s12,1752345386.67425,0,6,0.49009164174397785,0.44628095626831055,0.6796190738677979,0.2940549850463867,3.3914905173789927,0.2,0.2,0.0,338.8453338406507,277.01624501101014,1.0895904064178468,0.5
s12,1752345387.67425,0,7,0.522838830947876,0.5383169651031494,0.6796190738677979,0.3659871816635132,4.539092872303956,0.3333333333333333,0.16666666666666666,0.16666666666666666,247.66002057832335,124.98917820644215,0.9535670280456543,0.42857142857142855
s12,1752345388.67425,0,8,0.5067178606987,0.5008689165115356,0.6796190738677979,0.40537428855895996,3.971706263265962,0.2857142857142857,0.14285714285714285,0.14285714285714285,193.56003190258912,41.43669871020132,0.6713291576930455,0.5
s12,1752345389.67425,0,7,0.48201768738882883,0.4634208679199219,0.5945110321044922,0.3374123811721802,2.7771881103992055,0.16666666666666666,0.0,0.16666666666666666,157.62403701113809,34.374849638848325,0.7185103495915731,0.42857142857142855
s12,1752345390.67425,0,7,0.46045643942696707,0.4195730686187744,0.5945110321044922,0.32231950759887695,1.6321010002648202,0.16666666666666666,0.0,0.16666666666666666,84.12415546475312,34.374849638848325,0.5640761852264404,0.5714285714285714
s12,1752345391.67425,0,7,0.46045643942696707,0.4195730686187744,0.5945110321044922,0.32231950759887695,1.6321010002648202,0.16666666666666666,0.0,0.16666666666666666,84.12415546475312,34.374849638848325,0.5640761852264404,0.5714285714285714
s12,1752345392.67425,0,7,0.46045643942696707,0.4195730686187744,0.5945110321044922,0.32231950759887695,1.6321010002648202,0.16666666666666666,0.0,0.16666666666666666,84.12415546475312,34.374849638848325,0.5640761852264404,0.5714285714285714
s12,1752345393.67425,0,7,0.46045643942696707,0.4195730686187744,0.5945110321044922,0.32231950759887695,1.6321010002648202,0.16666666666666666,0.0,0.16666666666666666,84.12415546475312,34.374849638848325,0.5640761852264404,0.5714285714285714
s12,1752345394.67425,0,7,0.4734862872532436,0.4634208679199219,0.5945110321044922,0.3314404010772705,1.6321010002648202,0.16666666666666666,0.0,0.16666666666666666,130.4773290389792,34.374849638848325,1.0655346711476643,0.5714285714285714
s12,1752345395.67425,0,6,0.47516385714213055,0.4588979482650757,0.5945110321044922,0.2850983142852783,1.9041178336422904,0.0,0.0,0.0,148.28545510473478,27.31300056749533,1.0467467784881592,0.6666666666666666
s12,1752345396.67425,0,5,0.4512944221496582,0.4070138931274414,0.5539519786834717,0.2256472110748291,1.7464249196572978,0.0,0.0,0.0,178.52856873904466,172.0653749955578,1.308433473110199,0.6
s12,1752345397.67425,0,4,0.4218132495880127,0.3972010612487793,0.51078200340271,0.16872529983520507,0.0,0.0,0.0,0.0,367.0616750460622,342.9650127928504,2.61114494005839,0.5
s12,1752345398.67425,0,4,0.4184870719909668,0.3905487060546875,0.51078200340271,0.16739482879638673,0.0,0.0,0.0,0.0,273.0855280096444,342.9650127928504,2.0516499678293862,0.5
s12,1752345399.67425,0,5,0.4224250793457031,0.3937091827392578,0.51078200340271,0.21121253967285156,0.0,0.0,0.0,0.0,258.1016914564281,278.0575972948148,1.7568179368972778,0.6
s12,1752345400.67425,0,4,0.4311842918395996,0.4159431457519531,0.51078200340271,0.17247371673583983,0.0,0.0,0.0,0.0,229.81391767762068,213.15018179677915,1.1573409239451091,0.75
s12,1752345401.67425,0,4,0.4311842918395996,0.4159431457519531,0.51078200340271,0.17247371673583983,0.0,0.0,0.0,0.0,229.81391767762068,213.15018179677915,1.1573409239451091,0.75
s12,1752345402.67425,0,4,0.4311842918395996,0.4159431457519531,0.51078200340271,0.17247371673583983,0.0,0.0,0.0,0.0,229.81391767762068,213.15018179677915,1.1573409239451091,0.75
s12,1752345403.67425,0,5,0.42418861389160156,0.3962059020996094,0.51078200340271,0.21209430694580078,0.0,0.0,0.0,0.0,248.35550388750488,258.56522215696833,1.7962157130241396,0.6
s12,1752345404.67425,0,4,0.40254026651382446,0.3949575424194336,0.4381771087646484,0.16101610660552979,0.0,0.0,0.0,0.0,184.0862601514791,213.15018179677915,1.5283873081207278,0.5
s12,1752345405.67425,0,4,0.40254026651382446,0.3949575424194336,0.4381771087646484,0.16101610660552979,0.0,0.0,0.0,0.0,184.0862601514791,213.15018179677915,1.5283873081207278,0.5
s12,1752345406.67425,0,4,0.40254026651382446,0.3949575424194336,0.4381771087646484,0.16101610660552979,0.0,0.0,0.0,0.0,184.0862601514791,213.15018179677915,1.5283873081207278,0.5
s12,1752345407.67425,0,2,0.4171915054321289,0.4171915054321289,0.4381771087646484,0.08343830108642578,0.0,0.0,0.0,0.0,303.98026251715754,303.98026251715754,3.7128400802612314,0.0
s12,1752345408.67425,0,3,0.7165076732635498,0.4381771087646484,1.3151400089263916,0.21495230197906495,10.291114102878167,0.0,0.0,0.0,353.51680443113924,353.51680443113924,3.394146084785462,0.0
s12,1752345409.67425,0,2,0.8556729555130005,0.8556729555130005,1.3151400089263916,0.1711345911026001,15.43667115431725,0.0,0.0,0.0,403.0533463451209,403.0533463451209,3.0754520893096924,0.0
s12,1752345410.67425,0,3,0.7550175984700521,0.5537068843841553,1.3151400089263916,0.22650527954101562,14.29458481936627,0.0,0.0,0.0,231.04361745885132,231.04361745885132,2.4250710010528564,0.3333333333333333
s12,1752345411.67425,0,3,0.7550175984700521,0.5537068843841553,1.3151400089263916,0.22650527954101562,14.29458481936627,0.0,0.0,0.0,231.04361745885132,231.04361745885132,2.4250710010528564,0.3333333333333333
s12,1752345412.67425,0,4,0.9311044216156006,0.9344234466552734,1.459364891052246,0.37244176864624023,16.37753390785266,0.0,0.0,0.0,195.5889414219197,124.67958934805648,1.7488070329030354,0.25
s12,1752345413.67425,0,4,0.9325007200241089,0.9344234466552734,1.459364891052246,0.3730002880096436,16.37753390785266,0.3333333333333333,0.0,0.3333333333333333,131.03913127811916,124.67958934805648,0.9905073642730713,0.5
s12,1752345414.67425,0,4,0.9325007200241089,0.9344234466552734,1.459364891052246,0.3730002880096436,16.37753390785266,0.3333333333333333,0.0,0.3333333333333333,131.03913127811916,124.67958934805648,0.9905073642730713,0.5
s12,1752345415.67425,0,4,0.9325007200241089,0.9344234466552734,1.459364891052246,0.3730002880096436,16.37753390785266,0.3333333333333333,0.0,0.3333333333333333,131.03913127811916,124.67958934805648,0.9905073642730713,0.5
s12,1752345416.67425,0,3,0.8049542903900146,0.5537068843841553,1.459364891052246,0.2414862871170044,11.545597774258715,0.5,0.0,0.5,167.04175263088786,167.04175263088786,0.5984160900115967,0.3333333333333333
s12,1752345417.67425,0,4,0.8042452335357666,0.6779124736785889,1.459364891052246,0.32169809341430666,11.66959697539211,0.3333333333333333,0.0,0.3333333333333333,210.34489323319823,209.40391591371923,1.66620667775472,0.25
s12,1752345418.67425,0,4,0.8042452335357666,0.6779124736785889,1.459364891052246,0.32169809341430666,11.66959697539211,0.3333333333333333,0.0,0.3333333333333333,210.34489323319823,209.40391591371923,1.66620667775472,0.25
s12,1752345419.67425,0,4,0.8319945335388184,0.7334110736846924,1.459364891052246,0.33279781341552733,11.437122294458476,0.6666666666666666,0.0,0.6666666666666666,182.78899780891274,209.40391591371923,1.9485139846801758,0.25
s12,1752345420.67425,0,3,0.6228710810343424,0.6647040843963623,0.8021180629730225,0.18686132431030272,7.707369334840692,0.5,0.0,0.5,169.48153875650948,169.48153875650948,2.5224944353103638,0.3333333333333333
s12,1752345421.67425,0,4,0.6486172676086426,0.6952799558639526,0.8021180629730225,0.259446907043457,7.721048838163022,0.3333333333333333,0.0,0.3333333333333333,171.49600150590132,175.524927004685,1.9958752791086833,0.25
s12,1752345422.67425,0,4,0.6546202301979065,0.6952799558639526,0.8021180629730225,0.2618480920791626,7.721048838163022,0.6666666666666666,0.3333333333333333,0.3333333333333333,115.97618253608726,130.39171752837677,0.780863364537557,0.5
s12,1752345423.67425,0,4,0.6546202301979065,0.6952799558639526,0.8021180629730225,0.2618480920791626,7.721048838163022,0.6666666666666666,0.3333333333333333,0.3333333333333333,115.97618253608726,130.39171752837677,0.780863364537557,0.5
s12,1752345424.67425,1,5,0.6420263767242431,0.6647040843963623,0.8021180629730225,0.32101318836212156,6.176839070530418,0.5,0.25,0.25,144.49572225370216,152.9583222665309,1.0300872921943665,0.6
s12,1752345425.67425,1,6,0.640899141629537,0.6499835252761841,0.8021180629730225,0.38453948497772217,6.317004962743532,0.6,0.4,0.2,157.9177309063449,175.524927004685,0.8581042289733887,0.6666666666666666
s12,1752345426.67425,1,7,0.6112208366394043,0.6352629661560059,0.8021180629730225,0.427854585647583,5.4145756823515985,0.5,0.3333333333333333,0.16666666666666666,155.60736656244623,159.79023592381893,0.8084818522135416,0.7142857142857143
s13,1752346294.652614,0,6,0.49259865283966064,0.45121037960052485,0.740447998046875,0.2955591917037964,1.5495917423312615,0.0,0.0,0.0,239.73459990233795,191.0,1.209003782272339,0.8333333333333334
s13,1752346295.652614,0,6,0.5167160034179688,0.45121037960052485,0.8851521015167236,0.31002960205078123,3.089520818652771,0.0,0.0,0.0,436.51476927839406,338.07247743642193,1.0098237991333008,0.6666666666666666
s13,1752346296.652614,0,6,0.5167160034179688,0.45121037960052485,0.8851521015167236,0.31002960205078123,3.089520818652771,0.0,0.0,0.0,436.51476927839406,338.07247743642193,1.0098237991333008,0.6666666666666666
s13,1752346297.652614,0,5,0.5407318115234375,0.4696738719940185,0.8851521015167236,0.27036590576171876,3.7074249823833254,0.0,0.0,0.0,501.1427593563425,394.03846092945935,0.996599018573761,0.6
s13,1752346298.652614,0,4,0.5556885004043579,0.4524275064468384,0.8851521015167236,0.22227540016174316,4.634281227979157,0.0,0.0,0.0,683.6689268418382,538.0334562088124,1.4982393582661946,0.5
s13,1752346299.652614,0,4,0.5556885004043579,0.4524275064468384,0.8851521015167236,0.22227540016174316,4.634281227979157,0.0,0.0,0.0,683.6689268418382,538.0334562088124,1.4982393582661946,0.5
s13,1752346300.652614,0,4,0.5556885004043579,0.4524275064468384,0.8851521015167236,0.22227540016174316,4.634281227979157,0.0,0.0,0.0,683.6689268418382,538.0334562088124,1.4982393582661946,0.5
s13,1752346301.652614,0,3,0.5966690381368002,0.4696738719940185,0.8851521015167236,0.17900071144104004,6.179041637305542,0.0,0.0,0.0,856.4671515445464,856.4671515445464,1.6479729413986206,0.3333333333333333
s13,1752346302.652614,0,4,0.5924965143203735,0.5248264074325562,0.8851521015167236,0.2369986057281494,4.759281227979157,0.0,0.0,0.0,787.651177857951,650.0192304847603,2.0478506088256836,0.5
s13,1752346303.652614,0,4,0.669367253780365,0.6785678863525391,0.8851521015167236,0.267746901512146,9.452657174755398,0.0,0.0,0.0,786.8629422871808,650.0192304847603,2.049130996068319,0.5
s13,1752346304.652614,0,3,0.5974389712015787,0.5799789428710938,0.7771568298339844,0.17923169136047362,6.424501262368323,0.0,0.0,0.0,911.2776853263649,911.2776853263649,1.5702085494995117,0.3333333333333333
s13,1752346305.652614,0,3,0.5974389712015787,0.5799789428710938,0.7771568298339844,0.17923169136047362,6.424501262368323,0.0,0.0,0.0,911.2776853263649,911.2776853263649,1.5702085494995117,0.3333333333333333
s13,1752346306.652614,0,3,0.5974389712015787,0.5799789428710938,0.7771568298339844,0.17923169136047362,6.424501262368323,0.0,0.0,0.0,911.2776853263649,911.2776853263649,1.5702085494995117,0.3333333333333333
s13,1752346307.652614,0,3,0.5974389712015787,0.5799789428710938,0.7771568298339844,0.17923169136047362,6.424501262368323,0.0,0.0,0.0,911.2776853263649,911.2776853263649,1.5702085494995117,0.3333333333333333
s13,1752346308.652614,0,3,0.6890016396840414,0.7098691463470459,0.7771568298339844,0.2067004919052124,8.393395167553829,0.0,0.0,0.0,1060.27466286514,1060.27466286514,2.635968565940857,0.3333333333333333
s13,1752346309.652614,0,5,0.6195063591003418,0.5893888473510742,0.7771568298339844,0.3097531795501709,5.736037100532298,0.0,0.0,0.0,546.966852978758,494.51268943556516,1.3179842829704285,0.6
s13,1752346310.652614,0,6,0.5905284484227499,0.584683895111084,0.7771568298339844,0.3543170690536499,4.780030917110248,0.0,0.0,0.0,647.8826833229557,948.0131855623106,1.1678710460662842,0.5
s13,1752346311.652614,0,6,0.5679486195246378,0.5175138711929321,0.7771568298339844,0.3407691717147827,4.696697583776914,0.0,0.0,0.0,445.4378943731246,160.312195418814,1.2246044158935547,0.6666666666666666
s13,1752346312.652614,0,5,0.5261069774627686,0.44563889503479,0.7098691463470459,0.2630534887313843,1.881336343111304,0.0,0.0,0.0,319.7940715758281,100.6621943638169,0.28597402572631836,0.6
s13,1752346313.652614,0,5,0.5261069774627686,0.44563889503479,0.7098691463470459,0.2630534887313843,1.881336343111304,0.0,0.0,0.0,319.7940715758281,100.6621943638169,0.28597402572631836,0.6
s13,1752346314.652614,0,5,0.5261069774627686,0.44563889503479,0.7098691463470459,0.2630534887313843,1.881336343111304,0.0,0.0,0.0,319.7940715758281,100.6621943638169,0.28597402572631836,0.6
s13,1752346315.652614,0,5,0.5261069774627686,0.44563889503479,0.7098691463470459,0.2630534887313843,1.881336343111304,0.0,0.0,0.0,319.7940715758281,100.6621943638169,0.28597402572631836,0.6
s13,1752346316.652614,0,5,0.5261069774627686,0.44563889503479,0.7098691463470459,0.2630534887313843,1.881336343111304,0.0,0.0,0.0,319.7940715758281,100.6621943638169,0.28597402572631836,0.6
s13,1752346317.652614,0,5,0.5261069774627686,0.44563889503479,0.7098691463470459,0.2630534887313843,1.881336343111304,0.0,0.0,0.0,319.7940715758281,100.6621943638169,0.28597402572631836,0.6
s13,1752346318.652614,0,3,0.4437589645385742,0.4444999694824219,0.44563889503479,0.13312768936157227,0.0,0.0,0.0,0.0,605.9291000592805,605.9291000592805,0.5719480514526367,0.3333333333333333
s13,1752346319.652614,0,2,0.44506943225860596,0.44506943225860596,0.44563889503479,0.08901388645172119,0.0,0.0,0.0,0.0,160.312195418814,160.312195418814,0.5764780044555664,0.5
s13,1752346320.652614,0,3,0.5691773096720377,0.4444999694824219,0.856626033782959,0.17075319290161134,8.593440650997843,0.0,0.0,0.0,86.69269957670525,86.69269957670525,3.6946070194244385,0.6666666666666666
s13,1752346321.652614,0,3,0.6505500475565592,0.6886181831359863,0.856626033782959,0.19516501426696778,9.815662873220052,0.0,0.0,0.0,39.69852607454639,39.69852607454639,0.0,0.6666666666666666
s13,1752346322.652614,0,3,0.6505500475565592,0.6886181831359863,0.856626033782959,0.19516501426696778,9.815662873220052,0.0,0.0,0.0,39.69852607454639,39.69852607454639,0.0,0.6666666666666666
s13,1752346323.652614,0,4,0.7299054861068726,0.7726221084594727,0.9679718017578124,0.291962194442749,10.75585970461047,0.0,0.0,0.0,68.4656840496976,47.38143096192854,0.4632276693979898,0.75
s13,1752346324.652614,0,5,0.6709854125976562,0.6886181831359863,0.9679718017578124,0.3354927062988281,8.604687763688377,0.0,0.0,0.0,60.216336962757296,41.42486333193247,0.3474207520484924,0.8
s13,1752346325.652614,0,5,0.6709854125976562,0.6886181831359863,0.9679718017578124,0.3354927062988281,8.604687763688377,0.0,0.0,0.0,60.216336962757296,41.42486333193247,0.3474207520484924,0.8
s13,1752346326.652614,0,6,0.6260058482487997,0.5619616508483887,0.9679718017578124,0.3756035089492798,7.17057313640698,0.0,0.0,0.0,94.5941854551132,47.38143096192854,0.6733121871948242,0.8333333333333334
s13,1752346327.652614,0,7,0.5959700175694057,0.435305118560791,0.9679718017578124,0.417179012298584,6.146205545491697,0.0,0.0,0.0,93.1627901720907,66.69362235945331,0.6539133389790853,0.8571428571428571
s13,1752346328.652614,0,8,0.6353798806667328,0.5619616508483887,0.9679718017578124,0.5083039045333863,6.097358879381569,0.0,0.0,0.0,84.17746184762676,47.38143096192854,0.5604971476963588,0.875
s13,1752346329.652614,0,9,0.6542124483320448,0.4435019493103027,1.2179970741271973,0.5887912034988403,3.620007849992092,0.0,0.0,0.0,74.49869587807527,33.74195844455032,0.49043500423431396,0.8888888888888888
s13,1752346330.652614,0,8,0.6547490954399109,0.4443033933639526,1.2179970741271973,0.5237992763519287,3.6141754979077754,0.0,0.0,0.0,66.63349211127904,30.265491900843116,0.36197100366864887,0.875
s13,1752346331.652614,0,10,0.6411734819412231,0.5107624530792236,1.2179970741271973,0.6411734819412231,3.3523176211908647,0.0,0.0,0.0,62.813025389437676,30.4138126514911,0.32522935337490505,0.9
s13,1752346332.652614,1,10,0.6024635076522827,0.5107624530792236,1.2179970741271973,0.6024635076522827,2.553689595687639,0.1111111111111111,0.1111111111111111,0.0,84.65371255548595,30.4138126514911,0.373489777247111,0.9
s13,1752346333.652614,1,9,0.6210366619957818,0.5764200687408447,1.2179970741271973,0.5589329957962036,2.8374328840973777,0.125,0.125,0.0,66.22222919685458,30.339652276167108,0.17306625843048096,0.8888888888888888
s13,1752346334.652614,1,10,0.6678791046142578,0.5786460638046265,1.2179970741271973,0.6678791046142578,3.460772833323527,0.1111111111111111,0.1111111111111111,0.0,61.86626063856103,30.265491900843116,0.1538366741604275,0.9
s13,1752346345.652614,0,5,0.423659610748291,0.4313149452209472,0.4520049095153808,0.2118298053741455,0.0,0.25,0.25,0.0,500.1822477042392,437.51283856657807,1.4106377363204956,0.6
s13,1752346346.652614,0,5,0.4256743907928467,0.4313149452209472,0.4520049095153808,0.21283719539642335,0.0,0.25,0.25,0.0,482.49406670251983,402.1364765631393,1.942731499671936,0.6
s13,1752346347.652614,0,4,0.41940927505493164,0.42885851860046387,0.4383869171142578,0.16776371002197266,0.0,0.0,0.0,0.0,300.53409698127143,103.24727599312246,2.5987160205841064,0.75
s13,1752346348.652614,0,4,0.4515002369880676,0.43548595905303955,0.509896993637085,0.18060009479522704,0.1767766952966369,0.0,0.0,0.0,77.21368764822545,97.32933781753576,0.9828113714853922,0.75
s13,1752346349.652614,0,4,0.4515002369880676,0.43548595905303955,0.509896993637085,0.18060009479522704,0.1767766952966369,0.0,0.0,0.0,77.21368764822545,97.32933781753576,0.9828113714853922,0.75
s13,1752346350.652614,0,4,0.4515002369880676,0.43548595905303955,0.509896993637085,0.18060009479522704,0.1767766952966369,0.0,0.0,0.0,77.21368764822545,97.32933781753576,0.9828113714853922,0.75
s13,1752346351.652614,0,5,0.5063126087188721,0.4383869171142578,0.7255620956420898,0.25315630435943604,4.941884296875894,0.0,0.0,0.0,283.2434912045851,100.28830690532911,1.3498432636260986,0.6
s13,1752346352.652614,0,6,0.4894856611887614,0.43548595905303955,0.7255620956420898,0.29369139671325684,4.118236914063245,0.0,0.0,0.0,261.99535793091115,103.24727599312246,1.2635355949401856,0.6666666666666666
s13,1752346353.652614,0,6,0.4928256670633952,0.4455059766769409,0.7255620956420898,0.2956954002380371,4.118236914063245,0.0,0.0,0.0,288.05179101203146,177.00282483621552,0.9052072048187256,0.5
s13,1752346354.652614,0,6,0.4928256670633952,0.4455059766769409,0.7255620956420898,0.2956954002380371,4.118236914063245,0.0,0.0,0.0,288.05179101203146,177.00282483621552,0.9052072048187256,0.5
s13,1752346355.652614,0,6,0.4928256670633952,0.4455059766769409,0.7255620956420898,0.2956954002380371,4.118236914063245,0.0,0.0,0.0,288.05179101203146,177.00282483621552,0.9052072048187256,0.5
s13,1752346356.652614,0,5,0.506364393234253,0.4584269523620605,0.7255620956420898,0.2531821966171265,4.941884296875894,0.0,0.0,0.0,335.73240431065534,205.26613311746968,1.0546875,0.4
s13,1752346357.652614,0,3,0.5297799905141195,0.4584269523620605,0.7255620956420898,0.15893399715423584,8.000771567730974,0.0,0.0,0.0,205.26613311746968,205.26613311746968,0.8839055299758911,0.3333333333333333
s13,1752346358.652614,0,3,0.5297799905141195,0.4584269523620605,0.7255620956420898,0.15893399715423584,8.000771567730974,0.0,0.0,0.0,205.26613311746968,205.26613311746968,0.8839055299758911,0.3333333333333333
s13,1752346359.652614,0,3,0.5297799905141195,0.4584269523620605,0.7255620956420898,0.15893399715423584,8.000771567730974,0.0,0.0,0.0,205.26613311746968,205.26613311746968,0.8839055299758911,0.3333333333333333
s13,1752346360.652614,0,2,0.4318889379501343,0.4318889379501343,0.4584269523620605,0.08637778759002686,0.0,0.0,0.0,0.0,233.52944139872383,233.52944139872383,0.849506139755249,0.0
s13,1752346361.652614,0,3,0.5909763177235922,0.4584269523620605,0.9091510772705078,0.17729289531707765,4.2573465914816,0.0,0.0,0.0,145.6999932918225,145.6999932918225,3.5394270420074467,0.0
s13,1752346362.652614,0,3,0.6523069540659586,0.5893428325653076,0.9091510772705078,0.1956920862197876,6.31889940429043,0.0,0.0,0.0,150.06020809295939,150.06020809295939,3.5294464826583867,0.3333333333333333
s13,1752346363.652614,0,2,0.7492469549179077,0.7492469549179077,0.9091510772705078,0.14984939098358155,9.478349106435644,0.0,0.0,0.0,242.24987100099764,242.24987100099764,0.8295450210571289,0.5
s13,1752346364.652614,0,2,0.7492469549179077,0.7492469549179077,0.9091510772705078,0.14984939098358155,9.478349106435644,0.0,0.0,0.0,242.24987100099764,242.24987100099764,0.8295450210571289,0.5
s13,1752346365.652614,0,2,0.7492469549179077,0.7492469549179077,0.9091510772705078,0.14984939098358155,9.478349106435644,0.0,0.0,0.0,242.24987100099764,242.24987100099764,0.8295450210571289,0.5
s13,1752346366.652614,0,3,0.6401236852010092,0.5893428325653076,0.9091510772705078,0.19203710556030273,6.31889940429043,0.0,0.0,0.0,251.00276270745513,251.00276270745513,2.3497995138168335,0.3333333333333333
s13,1752346367.652614,0,3,0.6401236852010092,0.5893428325653076,0.9091510772705078,0.19203710556030273,6.31889940429043,0.0,0.0,0.0,251.00276270745513,251.00276270745513,2.3497995138168335,0.3333333333333333
s13,1752346368.652614,0,3,0.6401236852010092,0.5893428325653076,0.9091510772705078,0.19203710556030273,6.31889940429043,0.0,0.0,0.0,251.00276270745513,251.00276270745513,2.3497995138168335,0.3333333333333333
s13,1752346369.652614,0,3,0.6401236852010092,0.5893428325653076,0.9091510772705078,0.19203710556030273,6.31889940429043,0.0,0.0,0.0,251.00276270745513,251.00276270745513,2.3497995138168335,0.3333333333333333
s13,1752346370.652614,0,2,0.5056099891662598,0.5056099891662598,0.5893428325653076,0.10112199783325196,3.092329219213245,0.0,0.0,0.0,259.7556544139126,259.7556544139126,3.870054006576538,0.0
s13,1752346371.652614,0,2,0.40897953510284424,0.40897953510284424,0.4218771457672119,0.08179590702056885,0.0,0.0,0.0,0.0,993.01258803703,993.01258803703,4.366765022277832,0.5
s13,1752346372.652614,0,3,0.4225760300954183,0.4218771457672119,0.4497690200805664,0.12677280902862548,0.0,0.0,0.0,0.0,542.0749235787728,542.0749235787728,2.325469970703125,0.6666666666666666
s13,1752346373.652614,0,4,0.48690325021743774,0.43582308292388916,0.6798849105834961,0.1947613000869751,2.38812164681785,0.0,0.0,0.0,716.4840505567377,993.01258803703,1.7676510016123455,0.5
s13,1752346374.652614,0,4,0.48690325021743774,0.43582308292388916,0.6798849105834961,0.1947613000869751,2.38812164681785,0.0,0.0,0.0,716.4840505567377,993.01258803703,1.7676510016123455,0.5
s13,1752346375.652614,0,4,0.48690325021743774,0.43582308292388916,0.6798849105834961,0.1947613000869751,2.38812164681785,0.0,0.0,0.0,716.4840505567377,993.01258803703,1.7676510016123455,0.5
s13,1752346376.652614,0,3,0.5085786183675131,0.4497690200805664,0.6798849105834961,0.1525735855102539,3.1841621957571333,0.0,0.0,0.0,578.2197818165915,578.2197818165915,0.46809399127960205,0.3333333333333333
s13,1752346377.652614,0,3,0.5085786183675131,0.4497690200805664,0.6798849105834961,0.1525735855102539,3.1841621957571333,0.0,0.0,0.0,578.2197818165915,578.2197818165915,0.46809399127960205,0.3333333333333333
s13,1752346378.652614,0,3,0.5085786183675131,0.4497690200805664,0.6798849105834961,0.1525735855102539,3.1841621957571333,0.0,0.0,0.0,578.2197818165915,578.2197818165915,0.46809399127960205,0.3333333333333333
s13,1752346379.652614,0,4,0.5060021877288818,0.47402095794677734,0.6798849105834961,0.20240087509155275,2.38812164681785,0.0,0.0,0.0,402.82600365273794,91.13725912051558,2.1290270487467446,0.25
s13,1752346380.652614,0,4,0.5060021877288818,0.47402095794677734,0.6798849105834961,0.20240087509155275,2.38812164681785,0.0,0.0,0.0,402.82600365273794,91.13725912051558,2.1290270487467446,0.25
s13,1752346381.652614,0,2,0.5890789031982422,0.5890789031982422,0.6798849105834961,0.11781578063964844,4.7762432936357,0.0,0.0,0.0,52.03844732503075,52.03844732503075,5.45089316368103,0.0
s13,1752346385.652614,0,2,0.4526820182800293,0.4526820182800293,0.4982728958129883,0.09053640365600586,0.0,0.0,0.0,0.0,56.32051136131489,56.32051136131489,5.79535698890686,0.0
s13,1752346386.652614,0,3,0.47957396507263184,0.4982728958129883,0.5333578586578369,0.14387218952178954,0.9428090415820635,0.5,0.5,0.0,41.74333338786357,41.74333338786357,2.89767849445343,0.3333333333333333
s13,1752346387.652614,0,5,0.46178836822509767,0.4457390308380127,0.5333578586578369,0.23089418411254883,0.565685424949238,0.25,0.25,0.0,54.519537774012576,49.66025568065744,1.5765205025672913,0.6
s13,1752346388.652614,0,6,0.4811338186264038,0.4720059633255005,0.5778610706329346,0.28868029117584226,1.0606601717798212,0.2,0.2,0.0,57.21563021921006,56.32051136131489,1.3219014167785645,0.6666666666666666
s13,1752346389.652614,0,5,0.4777060031890869,0.4457390308380127,0.5778610706329346,0.23885300159454345,1.2727922061357855,0.25,0.25,0.0,57.43940993368385,55.5,0.20353752374649048,0.8
s13,1752346390.652614,0,5,0.4777060031890869,0.4457390308380127,0.5778610706329346,0.23885300159454345,1.2727922061357855,0.25,0.25,0.0,57.43940993368385,55.5,0.20353752374649048,0.8
s13,1752346391.652614,0,5,0.4777060031890869,0.4457390308380127,0.5778610706329346,0.23885300159454345,1.2727922061357855,0.25,0.25,0.0,57.43940993368385,55.5,0.20353752374649048,0.8
s13,1752346392.652614,0,6,0.48080650965372723,0.4710240364074707,0.5778610706329346,0.2884839057922363,1.5606601717798212,0.2,0.2,0.0,171.35296334543045,68.0,0.7979085922241211,0.8333333333333334
s13,1752346393.652614,0,6,0.48080650965372723,0.4710240364074707,0.5778610706329346,0.2884839057922363,1.5606601717798212,0.2,0.2,0.0,171.35296334543045,68.0,0.7979085922241211,0.8333333333333334
s13,1752346394.652614,0,8,0.46691298484802246,0.44353151321411133,0.5778610706329346,0.37353038787841797,1.170495128834866,0.14285714285714285,0.14285714285714285,0.0,246.97998495326084,68.0,0.8286901542118618,0.75
s13,1752346395.652614,0,6,0.4658091465632121,0.44353151321411133,0.5778610706329346,0.27948548793792727,1.0892556509887896,0.0,0.0,0.0,322.0204509876181,68.0,1.0580212116241454,0.6666666666666666
s13,1752346396.652614,0,5,0.46982316970825194,0.4413239955902099,0.5778610706329346,0.23491158485412597,1.3071067811865476,0.0,0.0,0.0,391.7755637345226,347.50358849620847,1.3225265145301819,0.6
s13,1752346397.652614,0,4,0.4811587333679199,0.46881651878356934,0.5778610706329346,0.19246349334716797,1.6338834764831844,0.0,0.0,0.0,499.70075164603014,627.0071769924169,1.6622269948323567,0.5
s13,1752346398.652614,0,3,0.44892462094624835,0.4413239955902099,0.4963090419769287,0.13467738628387452,1.0,0.0,0.0,0.0,436.04753897283683,436.04753897283683,0.9056440591812134,0.3333333333333333
s13,1752346399.652614,0,3,0.44892462094624835,0.4413239955902099,0.4963090419769287,0.13467738628387452,1.0,0.0,0.0,0.0,436.04753897283683,436.04753897283683,0.9056440591812134,0.3333333333333333
s13,1752346400.652614,0,3,0.44892462094624835,0.4413239955902099,0.4963090419769287,0.13467738628387452,1.0,0.0,0.0,0.0,436.04753897283683,436.04753897283683,0.9056440591812134,0.3333333333333333
s13,1752346401.652614,0,3,0.5034279823303223,0.4413239955902099,0.6598191261291504,0.15102839469909668,5.502524673073059,0.0,0.0,0.0,39.07182524867497,39.07182524867497,3.1446160078048706,0.3333333333333333
s13,1752346402.652614,0,3,0.5034279823303223,0.4413239955902099,0.6598191261291504,0.15102839469909668,5.502524673073059,0.0,0.0,0.0,39.07182524867497,39.07182524867497,3.1446160078048706,0.3333333333333333
s13,1752346403.652614,0,3,0.5034279823303223,0.4413239955902099,0.6598191261291504,0.15102839469909668,5.502524673073059,0.0,0.0,0.0,39.07182524867497,39.07182524867497,3.1446160078048706,0.3333333333333333
s13,1752346407.652614,0,2,0.5606956481933594,0.5606956481933594,0.6598191261291504,0.11213912963867187,8.253787009609589,0.0,0.0,0.0,1055.0473923004597,1055.0473923004597,4.923904895782471,0.5
s13,1752346408.652614,0,3,0.5161214669545492,0.4615721702575683,0.6598191261291504,0.15483644008636474,5.502524673073059,0.0,0.0,0.0,1055.3210057303377,1055.3210057303377,2.9967703819274902,0.3333333333333333
s13,1752346409.652614,0,3,0.5161214669545492,0.4615721702575683,0.6598191261291504,0.15483644008636474,5.502524673073059,0.0,0.0,0.0,1055.3210057303377,1055.3210057303377,2.9967703819274902,0.3333333333333333
s13,1752346410.652614,0,3,0.5161214669545492,0.4615721702575683,0.6598191261291504,0.15483644008636474,5.502524673073059,0.0,0.0,0.0,1055.3210057303377,1055.3210057303377,2.9967703819274902,0.3333333333333333
s13,1752346411.652614,0,2,0.44427263736724854,0.44427263736724854,0.4615721702575683,0.08885452747344971,0.0,0.0,0.0,0.0,1055.5946191602154,1055.5946191602154,1.0696358680725098,0.0
s13,1752346412.652614,0,2,0.44427263736724854,0.44427263736724854,0.4615721702575683,0.08885452747344971,0.0,0.0,0.0,0.0,1055.5946191602154,1055.5946191602154,1.0696358680725098,0.0
s13,1752346413.652614,0,2,0.44427263736724854,0.44427263736724854,0.4615721702575683,0.08885452747344971,0.0,0.0,0.0,0.0,1055.5946191602154,1055.5946191602154,1.0696358680725098,0.0
s13,1752346414.652614,0,2,0.44427263736724854,0.44427263736724854,0.4615721702575683,0.08885452747344971,0.0,0.0,0.0,0.0,1055.5946191602154,1055.5946191602154,1.0696358680725098,0.0
s13,1752346415.652614,0,3,0.505251407623291,0.4615721702575683,0.627208948135376,0.1515754222869873,4.179978734661484,0.0,0.0,0.0,553.1990811718688,553.1990811718688,3.523272395133972,0.0
s13,1752346416.652614,0,2,0.5270910263061523,0.5270910263061523,0.627208948135376,0.10541820526123047,6.269968101992226,0.0,0.0,0.0,50.80354318352215,50.80354318352215,5.976908922195435,0.0
s13,1752346417.652614,0,3,0.4849950472513835,0.4269731044769287,0.627208948135376,0.14549851417541504,4.179978734661484,0.0,0.0,0.0,192.9084878750194,192.9084878750194,3.638232946395874,0.3333333333333333
s13,1752346418.652614,0,2,0.5140060186386108,0.5140060186386108,0.627208948135376,0.10280120372772217,6.269968101992226,0.0,0.0,0.0,335.01343256651666,335.01343256651666,1.2995569705963137,0.5
s13,1752346419.652614,0,2,0.5140060186386108,0.5140060186386108,0.627208948135376,0.10280120372772217,6.269968101992226,0.0,0.0,0.0,335.01343256651666,335.01343256651666,1.2995569705963137,0.5
s13,1752346420.652614,0,3,0.5702273845672607,0.627208948135376,0.6826701164245605,0.17106821537017822,6.846645401328151,0.0,0.0,0.0,329.118132959185,329.118132959185,1.8324084281921387,0.6666666666666666
s13,1752346421.652614,0,4,0.5764942765235901,0.611251950263977,0.6826701164245605,0.23059771060943604,5.134984050996113,0.0,0.0,0.0,280.07875530612336,323.2228333518534,1.403497298558553,0.75
s13,1752346422.652614,0,6,0.5502014954884847,0.5737724304199219,0.6826701164245605,0.3301208972930908,5.423322700664076,0.2,0.2,0.0,243.71808589119377,309.0,0.9506115913391113,0.8333333333333334
s13,1752346423.652614,0,7,0.5278905800410679,0.5522499084472656,0.6826701164245605,0.36952340602874756,4.648562314854922,0.16666666666666666,0.16666666666666666,0.0,208.55785136071452,245.5,0.7921763261159261,0.8571428571428571
s13,1752346424.652614,1,7,0.49570986202784945,0.4429819583892822,0.6826701164245605,0.34699690341949463,2.857142857142857,0.16666666666666666,0.16666666666666666,0.0,186.55602310616925,192.50123151962248,0.7246866623560587,0.8571428571428571
s13,1752346425.652614,1,8,0.5934746265411377,0.4976159334182739,1.2778279781341553,0.47477970123291013,5.898133168046504,0.14285714285714285,0.14285714285714285,0.0,164.9072030624341,182.0,0.6211599963051933,0.875
s13,1752346426.652614,1,7,0.6209991318838937,0.5522499084472656,1.2778279781341553,0.43469939231872556,6.740723620624577,0.16666666666666666,0.16666666666666666,0.0,138.52126468086422,125.67708176879941,0.33047668139139813,0.8571428571428571
s14,1752346666.216951,0,4,0.602357029914856,0.5796490907669067,0.8419129848480225,0.2409428119659424,6.979945773841987,0.3333333333333333,0.3333333333333333,0.0,336.39374019770656,235.01914815605983,1.5636329650878906,0.5
s14,1752346667.216951,0,3,0.6996566454569498,0.7019369602203369,0.8419129848480225,0.20989699363708497,13.565219398787336,0.5,0.5,0.0,354.60976387129006,354.60976387129006,1.9321575164794922,0.3333333333333333
s14,1752346668.216951,0,3,0.6996566454569498,0.7019369602203369,0.8419129848480225,0.20989699363708497,13.565219398787336,0.5,0.5,0.0,354.60976387129006,354.60976387129006,1.9321575164794922,0.3333333333333333
s14,1752346669.216951,0,3,0.6996566454569498,0.7019369602203369,0.8419129848480225,0.20989699363708497,13.565219398787336,0.5,0.5,0.0,354.60976387129006,354.60976387129006,1.9321575164794922,0.3333333333333333
s14,1752346670.216951,0,4,0.6233812570571899,0.6285284757614136,0.8419129848480225,0.24935250282287597,10.173914549090503,0.3333333333333333,0.3333333333333333,0.0,463.73984258086006,474.20037958652034,2.307528336842855,0.5
s14,1752346671.216951,0,3,0.5505373477935791,0.5551199913024902,0.7019369602203369,0.16516120433807374,11.927979173421628,0.0,0.0,0.0,578.1001897932601,578.1001897932601,2.778415560722351,0.3333333333333333
s14,1752346672.216951,0,3,0.5505373477935791,0.5551199913024902,0.7019369602203369,0.16516120433807374,11.927979173421628,0.0,0.0,0.0,578.1001897932601,578.1001897932601,2.778415560722351,0.3333333333333333
s14,1752346673.216951,0,3,0.6003086566925049,0.7019369602203369,0.7044339179992676,0.18009259700775146,12.20420314692817,0.0,0.0,0.0,680.6976596916735,680.6976596916735,2.5951039791107178,0.3333333333333333
s14,1752346674.216951,0,3,0.6003086566925049,0.7019369602203369,0.7044339179992676,0.18009259700775146,12.20420314692817,0.0,0.0,0.0,680.6976596916735,680.6976596916735,2.5951039791107178,0.3333333333333333
s14,1752346675.216951,0,4,0.6007867455482483,0.6520789861679077,0.7044339179992676,0.24031469821929932,9.153152360196128,0.0,0.0,0.0,535.8045371287326,679.395319383347,2.0588196913401284,0.5
s14,1752346676.216951,0,3,0.5670700073242188,0.6022210121154785,0.7044339179992676,0.17012100219726561,5.445578113263481,0.0,0.0,0.0,462.70680569309894,462.70680569309894,1.5590945482254028,0.3333333333333333
s14,1752346677.216951,0,3,0.5670700073242188,0.6022210121154785,0.7044339179992676,0.17012100219726561,5.445578113263481,0.0,0.0,0.0,462.70680569309894,462.70680569309894,1.5590945482254028,0.3333333333333333
s14,1752346678.216951,0,4,0.5793617367744446,0.6092289686203003,0.7044339179992676,0.23174469470977782,4.844528901234888,0.0,0.0,0.0,598.4759930278839,679.395319383347,2.0588906606038413,0.5
s14,1752346679.216951,0,5,0.5460311889648437,0.6022210121154785,0.7044339179992676,0.27301559448242185,3.8756231209879104,0.0,0.0,0.0,464.3590107688404,462.70680569309894,1.6186312437057495,0.6
s14,1752346680.216951,0,5,0.6324109554290771,0.6162369251251221,0.8264539241790771,0.31620547771453855,6.514278081379662,0.0,0.0,0.0,597.4330258852151,558.0163298501523,1.191609263420105,0.6
s14,1752346681.216951,0,6,0.6035502751668295,0.6092289686203003,0.8264539241790771,0.36213016510009766,5.428565067816385,0.0,0.0,0.0,492.75857787720054,246.01829200285087,0.9806902408599854,0.6666666666666666
s14,1752346682.216951,0,6,0.6175932884216309,0.6092289686203003,0.8264539241790771,0.3705559730529785,2.881458103416222,0.0,0.0,0.0,465.8636621574718,111.5437134042076,0.9024914264678955,0.6666666666666666
s14,1752346683.216951,0,6,0.6175932884216309,0.6092289686203003,0.8264539241790771,0.3705559730529785,2.881458103416222,0.0,0.0,0.0,465.8636621574718,111.5437134042076,0.9024914264678955,0.6666666666666666
s14,1752346684.216951,0,5,0.6206677436828614,0.6162369251251221,0.8264539241790771,0.3103338718414307,3.457749724099467,0.0,0.0,0.0,364.82598577247643,92.80224962467484,0.36349356174468994,0.6
s14,1752346685.216951,0,6,0.6848129431406657,0.7024644613265991,1.0055389404296875,0.4108877658843994,4.32590254786066,0.0,0.0,0.0,380.46169154791744,111.5437134042076,0.5716572761535644,0.6666666666666666
s14,1752346686.216951,0,6,0.6848129431406657,0.7024644613265991,1.0055389404296875,0.4108877658843994,4.32590254786066,0.0,0.0,0.0,380.46169154791744,111.5437134042076,0.5716572761535644,0.6666666666666666
s14,1752346687.216951,0,6,0.6848129431406657,0.7024644613265991,1.0055389404296875,0.4108877658843994,4.32590254786066,0.0,0.0,0.0,380.46169154791744,111.5437134042076,0.5716572761535644,0.6666666666666666
s14,1752346688.216951,0,7,0.6408859661647252,0.5961480140686035,1.0055389404296875,0.4486201763153076,3.2734334317164078,0.0,0.0,0.0,436.22155249608727,314.6110646418718,0.8470033804575602,0.5714285714285714
s14,1752346689.216951,0,6,0.6107811530431112,0.5276974439620972,1.0055389404296875,0.3664686918258667,1.6201265366760154,0.0,0.0,0.0,272.11887710792587,186.21761463406196,0.9042312145233155,0.6666666666666666
s14,1752346690.216951,0,5,0.6410880088806152,0.5961480140686035,1.0055389404296875,0.3205440044403076,1.9441518440112184,0.0,0.0,0.0,312.26266803385545,314.6110646418718,0.9814747571945189,0.6
s14,1752346691.216951,0,5,0.6410880088806152,0.5961480140686035,1.0055389404296875,0.3205440044403076,1.9441518440112184,0.0,0.0,0.0,312.26266803385545,314.6110646418718,0.9814747571945189,0.6
s14,1752346692.216951,0,5,0.5663990020751953,0.4176480770111084,1.0055389404296875,0.28319950103759767,1.7333333333333258,0.0,0.0,0.0,326.0971023392204,342.2799332526016,1.4492452144622803,0.4
s14,1752346693.216951,0,5,0.5663990020751953,0.4176480770111084,1.0055389404296875,0.28319950103759767,1.7333333333333258,0.0,0.0,0.0,326.0971023392204,342.2799332526016,1.4492452144622803,0.4
s14,1752346694.216951,0,5,0.4528064250946045,0.4176480770111084,0.5961480140686035,0.22640321254730225,0.0,0.0,0.0,0.0,355.67829922343526,342.2799332526016,1.2496637105941772,0.4
s14,1752346695.216951,0,6,0.44699418544769287,0.4177905321121216,0.5961480140686035,0.2681965112686157,0.0,0.0,0.0,0.0,303.5594740259759,186.21761463406196,1.027187967300415,0.5
s14,1752346696.216951,0,6,0.44699418544769287,0.4177905321121216,0.5961480140686035,0.2681965112686157,0.0,0.0,0.0,0.0,303.5594740259759,186.21761463406196,1.027187967300415,0.5
s14,1752346697.216951,0,5,0.41716341972351073,0.4176480770111084,0.4375760555267334,0.20858170986175537,0.0,0.0,0.0,0.0,332.89493887395435,296.7132125536399,1.2520617246627808,0.4
s14,1752346698.216951,0,3,0.4235853354136149,0.4179329872131347,0.4375760555267334,0.12707560062408446,0.0,0.0,0.0,0.0,402.1101336837912,402.1101336837912,0.8664264678955078,0.3333333333333333
s14,1752346699.216951,0,3,0.4235853354136149,0.4179329872131347,0.4375760555267334,0.12707560062408446,0.0,0.0,0.0,0.0,402.1101336837912,402.1101336837912,0.8664264678955078,0.3333333333333333
s14,1752346700.216951,0,3,0.4235853354136149,0.4179329872131347,0.4375760555267334,0.12707560062408446,0.0,0.0,0.0,0.0,402.1101336837912,402.1101336837912,0.8664264678955078,0.3333333333333333
s14,1752346701.216951,0,3,0.4235853354136149,0.4179329872131347,0.4375760555267334,0.12707560062408446,0.0,0.0,0.0,0.0,402.1101336837912,402.1101336837912,0.8664264678955078,0.3333333333333333
s14,1752346702.216951,0,2,0.4277545213699341,0.4277545213699341,0.4375760555267334,0.08555090427398682,0.0,0.0,0.0,0.0,95.08417323613853,95.08417323613853,0.1372849941253662,0.5
s14,1752346703.216951,0,3,0.4372677008310954,0.4375760555267334,0.4562940597534179,0.1311803102493286,0.0,0.0,0.0,0.0,221.06802127914523,221.06802127914523,3.9664515256881714,0.3333333333333333
s14,1752346706.216951,0,2,0.4630855321884155,0.4630855321884155,0.4698770046234131,0.0926171064376831,0.0,0.0,0.0,0.0,450.1521964847,450.1521964847,2.715905904769897,0.0
s14,1752346707.216951,0,3,0.4407653013865153,0.4562940597534179,0.4698770046234131,0.13222959041595458,0.0,0.0,0.0,0.0,295.1635436231028,295.1635436231028,1.5612130165100095,0.3333333333333333
s14,1752346708.216951,0,3,0.4407653013865153,0.4562940597534179,0.4698770046234131,0.13222959041595458,0.0,0.0,0.0,0.0,295.1635436231028,295.1635436231028,1.5612130165100095,0.3333333333333333
s14,1752346709.216951,0,3,0.4407653013865153,0.4562940597534179,0.4698770046234131,0.13222959041595458,0.0,0.0,0.0,0.0,295.1635436231028,295.1635436231028,1.5612130165100095,0.3333333333333333
s14,1752346710.216951,0,3,0.4407653013865153,0.4562940597534179,0.4698770046234131,0.13222959041595458,0.0,0.0,0.0,0.0,295.1635436231028,295.1635436231028,1.5612130165100095,0.3333333333333333
s14,1752346711.216951,0,3,0.4407653013865153,0.4562940597534179,0.4698770046234131,0.13222959041595458,0.0,0.0,0.0,0.0,295.1635436231028,295.1635436231028,1.5612130165100095,0.3333333333333333
s14,1752346712.216951,0,3,0.4407653013865153,0.4562940597534179,0.4698770046234131,0.13222959041595458,0.0,0.0,0.0,0.0,295.1635436231028,295.1635436231028,1.5612130165100095,0.3333333333333333
s14,1752346713.216951,0,2,0.43300092220306396,0.43300092220306396,0.4698770046234131,0.08660018444061279,0.0,0.0,0.0,0.0,140.1748907615055,140.1748907615055,0.406520128250122,0.5
s14,1752346714.216951,0,2,0.43300092220306396,0.43300092220306396,0.4698770046234131,0.08660018444061279,0.0,0.0,0.0,0.0,140.1748907615055,140.1748907615055,0.406520128250122,0.5
s14,1752346715.216951,0,2,0.43300092220306396,0.43300092220306396,0.4698770046234131,0.08660018444061279,0.0,0.0,0.0,0.0,140.1748907615055,140.1748907615055,0.406520128250122,0.5
s14,1752346720.216951,0,2,0.8957699537277222,0.8957699537277222,1.2521300315856934,0.17915399074554444,15.606358188664288,0.0,0.0,0.0,637.8087487640789,637.8087487640789,2.449014186859131,0.0
s14,1752346721.216951,0,2,0.8957699537277222,0.8957699537277222,1.2521300315856934,0.17915399074554444,15.606358188664288,0.0,0.0,0.0,637.8087487640789,637.8087487640789,2.449014186859131,0.0
s14,1752346722.216951,0,2,0.8957699537277222,0.8957699537277222,1.2521300315856934,0.17915399074554444,15.606358188664288,0.0,0.0,0.0,637.8087487640789,637.8087487640789,2.449014186859131,0.0
s14,1752346723.216951,0,3,0.734410285949707,0.539409875869751,1.2521300315856934,0.2203230857849121,10.40423879244286,0.0,0.0,0.0,598.9204453494037,598.9204453494037,2.573347568511963,0.3333333333333333
s14,1752346724.216951,0,3,0.734410285949707,0.539409875869751,1.2521300315856934,0.2203230857849121,10.40423879244286,0.0,0.0,0.0,598.9204453494037,598.9204453494037,2.573347568511963,0.3333333333333333
s14,1752346725.216951,0,4,0.6500959396362305,0.47555041313171387,1.2521300315856934,0.2600383758544922,7.803179094332144,0.0,0.0,0.0,561.968820021412,560.0321419347287,2.244702418645223,0.5
s14,1752346726.216951,0,3,0.4494179089864095,0.4116909503936767,0.539409875869751,0.13482537269592285,3.6817870057290865,0.0,0.0,0.0,524.0488556500786,524.0488556500786,2.142546534538269,0.6666666666666666
s14,1752346727.216951,0,3,0.4494179089864095,0.4116909503936767,0.539409875869751,0.13482537269592285,3.6817870057290865,0.0,0.0,0.0,524.0488556500786,524.0488556500786,2.142546534538269,0.6666666666666666
s14,1752346728.216951,0,3,0.4494179089864095,0.4116909503936767,0.539409875869751,0.13482537269592285,3.6817870057290865,0.0,0.0,0.0,524.0488556500786,524.0488556500786,2.142546534538269,0.6666666666666666
s14,1752346729.216951,0,3,0.4494179089864095,0.4116909503936767,0.539409875869751,0.13482537269592285,3.6817870057290865,0.0,0.0,0.0,524.0488556500786,524.0488556500786,2.142546534538269,0.6666666666666666
s14,1752346730.216951,0,2,0.40442192554473877,0.40442192554473877,0.4116909503936767,0.08088438510894776,0.0,0.0,0.0,0.0,488.0655693654286,488.0655693654286,1.5874121189117432,0.5
s14,1752346731.216951,0,2,0.40442192554473877,0.40442192554473877,0.4116909503936767,0.08088438510894776,0.0,0.0,0.0,0.0,488.0655693654286,488.0655693654286,1.5874121189117432,0.5
s14,1752346732.216951,0,2,0.40442192554473877,0.40442192554473877,0.4116909503936767,0.08088438510894776,0.0,0.0,0.0,0.0,488.0655693654286,488.0655693654286,1.5874121189117432,0.5
s14,1752346733.216951,0,2,0.4949253797531128,0.4949253797531128,0.5926978588104248,0.09898507595062256,0.0,0.0,0.0,0.0,1071.2310675106469,1071.2310675106469,7.01047420501709,0.0
s14,1752346734.216951,0,2,0.4949253797531128,0.4949253797531128,0.5926978588104248,0.09898507595062256,0.0,0.0,0.0,0.0,1071.2310675106469,1071.2310675106469,7.01047420501709,0.0
s14,1752346735.216951,0,2,0.5019404888153076,0.5019404888153076,0.5926978588104248,0.10038809776306153,0.0,0.0,0.0,0.0,296.0270257932542,296.0270257932542,1.2558269500732422,0.5
s14,1752346736.216951,0,3,0.6145626703898112,0.5926978588104248,0.8398070335388184,0.18436880111694337,5.902565355654928,0.0,0.0,0.0,264.5403338435662,264.5403338435662,1.0522494316101074,0.6666666666666666
s14,1752346737.216951,0,3,0.6145626703898112,0.5926978588104248,0.8398070335388184,0.18436880111694337,5.902565355654928,0.0,0.0,0.0,264.5403338435662,264.5403338435662,1.0522494316101074,0.6666666666666666
s14,1752346738.216951,0,3,0.6145626703898112,0.5926978588104248,0.8398070335388184,0.18436880111694337,5.902565355654928,0.0,0.0,0.0,264.5403338435662,264.5403338435662,1.0522494316101074,0.6666666666666666
s14,1752346739.216951,0,3,0.6145626703898112,0.5926978588104248,0.8398070335388184,0.18436880111694337,5.902565355654928,0.0,0.0,0.0,264.5403338435662,264.5403338435662,1.0522494316101074,0.6666666666666666
s14,1752346740.216951,0,4,0.5704687237739563,0.5154423713684082,0.8398070335388184,0.2281874895095825,4.426924016741196,0.0,0.0,0.0,351.5350558639172,296.0270257932542,1.9287396272023518,0.5
s14,1752346741.216951,0,5,0.5918004035949707,0.5926978588104248,0.8398070335388184,0.29590020179748533,4.874872546726282,0.0,0.0,0.0,270.32212393000106,264.5403338435662,1.446554720401764,0.6
s14,1752346742.216951,0,5,0.6340510368347168,0.6771271228790283,0.8398070335388184,0.3170255184173584,7.759746894076613,0.25,0.0,0.25,203.69777901180422,131.2916440071725,1.1325979828834534,0.6
s14,1752346743.216951,0,6,0.6130435069402059,0.5925664901733398,0.8398070335388184,0.36782610416412354,6.466455745063844,0.2,0.0,0.2,183.96203238778054,105.01904589168576,1.0204517841339111,0.5
s14,1752346744.216951,0,5,0.653415584564209,0.6771271228790283,0.8398070335388184,0.3267077922821045,7.759746894076613,0.25,0.0,0.25,171.6891300112561,67.27434600607629,1.0633967518806458,0.4
s14,1752346745.216951,0,6,0.562308152516683,0.49431097507476807,0.8039510250091553,0.3373848915100098,3.515173067236381,0.2,0.0,0.2,98.30731846997489,52.23983154643591,0.3846920013427734,0.6666666666666666
s14,1752346746.216951,0,6,0.562308152516683,0.49431097507476807,0.8039510250091553,0.3373848915100098,3.515173067236381,0.2,0.0,0.2,98.30731846997489,52.23983154643591,0.3846920013427734,0.6666666666666666
s14,1752346747.216951,0,6,0.562308152516683,0.49431097507476807,0.8039510250091553,0.3373848915100098,3.515173067236381,0.2,0.0,0.2,98.30731846997489,52.23983154643591,0.3846920013427734,0.6666666666666666
s14,1752346748.216951,0,6,0.562308152516683,0.49431097507476807,0.8039510250091553,0.3373848915100098,3.515173067236381,0.2,0.0,0.2,98.30731846997489,52.23983154643591,0.3846920013427734,0.6666666666666666
s14,1752346749.216951,0,7,0.5919349874768939,0.5080058574676514,0.8039510250091553,0.4143544912338257,5.584874936943712,0.16666666666666666,0.0,0.16666666666666666,152.73080008953704,78.62943871906083,0.815757671991984,0.7142857142857143
s14,1752346750.216951,0,6,0.6040183305740356,0.5519424676895142,0.8039510250091553,0.36241099834442136,5.737909648656559,0.0,0.0,0.0,193.83528266958947,109.00458705944445,1.0707056045532226,0.6666666666666666
s14,1752346751.216951,0,6,0.5831846793492635,0.5519424676895142,0.7696959972381592,0.3499108076095581,3.333847692531284,0.0,0.0,0.0,224.68704214110898,259.2778432492835,1.0700439929962158,0.6666666666666666
s14,1752346752.216951,0,6,0.5831846793492635,0.5519424676895142,0.7696959972381592,0.3499108076095581,3.333847692531284,0.0,0.0,0.0,224.68704214110898,259.2778432492835,1.0700439929962158,0.6666666666666666
s14,1752346753.216951,0,5,0.5982204437255859,0.595879077911377,0.7696959972381592,0.29911022186279296,4.00061723103754,0.0,0.0,0.0,211.34261751062792,184.14121515436398,0.9996567368507385,0.6
s14,1752346754.216951,0,4,0.6276215314865112,0.6374140977859497,0.7696959972381592,0.2510486125946045,5.000771538796926,0.0,0.0,0.0,264.3768794986919,259.2778432492835,1.332875649134318,0.5
s14,1752346755.216951,0,3,0.6815080642700195,0.6789491176605225,0.7696959972381592,0.20445241928100585,6.667695385062568,0.0,0.0,0.0,184.14121515436398,184.14121515436398,0.5137704610824585,0.6666666666666666
s14,1752346756.216951,0,5,0.6141072273254394,0.595879077911377,0.7696959972381592,0.3070536136627197,4.447830826537499,0.0,0.0,0.0,278.1332400292791,184.14121515436398,1.265439212322235,0.8
s14,1752346757.216951,0,6,0.609749992688497,0.5919214487075806,0.7696959972381592,0.36584999561309817,5.789859022114581,0.0,0.0,0.0,442.9615760904659,259.2778432492835,1.0715662002563477,0.6666666666666666
s14,1752346758.216951,0,5,0.5777607917785644,0.5879638195037842,0.6789491176605225,0.2888803958892822,3.347213595499958,0.0,0.0,0.0,526.4508233482212,488.1811088216298,1.2247122526168823,0.6
s14,1752346759.216951,0,5,0.5777607917785644,0.5879638195037842,0.6789491176605225,0.2888803958892822,3.347213595499958,0.0,0.0,0.0,526.4508233482212,488.1811088216298,1.2247122526168823,0.6
s14,1752346760.216951,0,4,0.5732312202453613,0.5800539255142212,0.6789491176605225,0.22929248809814454,3.6840169943749475,0.0,0.0,0.0,615.5084833812004,717.0843743939761,1.4434300263722737,0.5
s14,1752346761.216951,0,3,0.5379919211069742,0.5721440315246582,0.5879638195037842,0.16139757633209229,4.912022659166596,0.0,0.0,0.0,564.7205378748126,564.7205378748126,0.1480370759963989,0.3333333333333333
s14,1752346762.216951,0,3,0.5379919211069742,0.5721440315246582,0.5879638195037842,0.16139757633209229,4.912022659166596,0.0,0.0,0.0,564.7205378748126,564.7205378748126,0.1480370759963989,0.3333333333333333
s14,1752346763.216951,0,4,0.5124366879463196,0.5130059719085693,0.5879638195037842,0.20497467517852783,3.6840169943749475,0.3333333333333333,0.0,0.3333333333333333,392.14702524987507,47.0,1.8179941177368164,0.5
s14,1752346764.216951,0,4,0.5124366879463196,0.5130059719085693,0.5879638195037842,0.20497467517852783,3.6840169943749475,0.3333333333333333,0.0,0.3333333333333333,392.14702524987507,47.0,1.8179941177368164,0.5
s14,1752346765.216951,0,4,0.510906457901001,0.5099455118179321,0.5879638195037842,0.2043625831604004,3.6840169943749475,0.3333333333333333,0.0,0.3333333333333333,501.4479759042174,355.0690073774392,2.343006451924642,0.5
s14,1752346766.216951,0,4,0.47300392389297485,0.4417589902877807,0.5879638195037842,0.18920156955718995,3.125,0.3333333333333333,0.0,0.3333333333333333,188.02711752868944,162.01234520862909,2.449476718902588,0.5
s14,1752346767.216951,1,3,0.43468395868937176,0.4357709884643554,0.447746992111206,0.13040518760681152,0.0,0.0,0.0,0.0,258.54067629303415,258.54067629303415,1.0952609777450562,0.6666666666666666
s14,1752346768.216951,1,3,0.43468395868937176,0.4357709884643554,0.447746992111206,0.13040518760681152,0.0,0.0,0.0,0.0,258.54067629303415,258.54067629303415,1.0952609777450562,0.6666666666666666
s14,1752346769.216951,1,4,0.4618074893951416,0.4417589902877807,0.5431780815124512,0.18472299575805665,0.0,0.0,0.0,0.0,348.37591735415936,355.0690073774392,1.592793305714925,0.75
s14,1752346784.216951,0,5,0.7736935615539551,0.6550240516662598,1.496401071548462,0.38684678077697754,7.332582797201857,0.0,0.0,0.0,577.9988213949051,619.4488870712172,1.0517982840538025,0.4
s15,1752347403.526696,0,3,0.7808263301849365,0.6319849491119385,1.2761790752410889,0.23424789905548096,6.02700621659185,0.0,0.0,0.0,246.5620139254876,246.5620139254876,2.8077549934387207,0.3333333333333333
s15,1752347404.526696,0,2,0.5331499576568604,0.5331499576568604,0.6319849491119385,0.10662999153137206,4.25,0.0,0.0,0.0,250.12197024651792,250.12197024651792,4.713573932647705,0.0
s15,1752347405.526696,0,2,0.5331499576568604,0.5331499576568604,0.6319849491119385,0.10662999153137206,4.25,0.0,0.0,0.0,250.12197024651792,250.12197024651792,4.713573932647705,0.0
s15,1752347408.526696,0,3,0.4934016863505046,0.4326419830322265,0.6319849491119385,0.14802050590515137,2.8333333333333335,0.0,0.0,0.0,555.5002312672956,555.5002312672956,2.9572654962539673,0.6666666666666666
s15,1752347409.526696,0,4,0.5216769576072693,0.519572377204895,0.6319849491119385,0.2086707830429077,3.399754878398196,0.0,0.0,0.0,742.1191186964319,1081.0004625345912,2.1610633532206216,0.5
s15,1752347410.526696,0,4,0.5216769576072693,0.519572377204895,0.6319849491119385,0.2086707830429077,3.399754878398196,0.0,0.0,0.0,742.1191186964319,1081.0004625345912,2.1610633532206216,0.5
s15,1752347411.526696,0,4,0.4787997007369995,0.44655895233154297,0.6065027713775635,0.1915198802947998,1.2747548783981961,0.0,0.0,0.0,490.8106028402265,327.0749149659753,0.4824384053548177,0.5
s15,1752347412.526696,0,5,0.46611976623535156,0.4326419830322265,0.6065027713775635,0.23305988311767578,1.0198039027185568,0.0,0.0,0.0,421.1226906469258,269.56693451649943,0.6138333082199097,0.6
s15,1752347413.526696,0,5,0.46611976623535156,0.4326419830322265,0.6065027713775635,0.23305988311767578,1.0198039027185568,0.0,0.0,0.0,421.1226906469258,269.56693451649943,0.6138333082199097,0.6
s15,1752347414.526696,0,5,0.46611976623535156,0.4326419830322265,0.6065027713775635,0.23305988311767578,1.0198039027185568,0.0,0.0,0.0,421.1226906469258,269.56693451649943,0.6138333082199097,0.6
s15,1752347415.526696,0,5,0.46611976623535156,0.4326419830322265,0.6065027713775635,0.23305988311767578,1.0198039027185568,0.0,0.0,0.0,421.1226906469258,269.56693451649943,0.6138333082199097,0.6
s15,1752347416.526696,0,6,0.4665009578069051,0.44655895233154297,0.6065027713775635,0.2799005746841431,0.8498365855987974,0.0,0.0,0.0,445.1794528422042,327.0749149659753,1.1961958408355713,0.5
s15,1752347417.526696,0,5,0.4766855239868164,0.4604759216308594,0.6065027713775635,0.2383427619934082,1.0198039027185568,0.0,0.0,0.0,548.9743160527553,434.24070829464677,1.4952448010444641,0.4
s15,1752347418.526696,0,6,0.4904228051503499,0.4644414186477661,0.6065027713775635,0.29425368309020994,1.7815315762237098,0.0,0.0,0.0,279.4287492514488,285.02806879323305,1.325702428817749,0.6666666666666666
s15,1752347419.526696,0,6,0.46563319365183514,0.459120512008667,0.5891110897064209,0.2793799161911011,0.9316949906249125,0.2,0.0,0.2,233.56165616995514,212.05895406702356,1.2616861820220948,0.5
s15,1752347420.526696,0,6,0.4603460629781087,0.4432591199874878,0.5891110897064209,0.27620763778686525,0.9316949906249125,0.2,0.0,0.2,207.78717283101884,97.73944955850732,1.1207859516143799,0.5
s15,1752347421.526696,0,6,0.4603460629781087,0.4432591199874878,0.5891110897064209,0.27620763778686525,0.9316949906249125,0.2,0.0,0.2,207.78717283101884,97.73944955850732,1.1207859516143799,0.5
s15,1752347422.526696,0,5,0.4693352699279785,0.4577651023864746,0.5891110897064209,0.23466763496398926,1.118033988749895,0.25,0.0,0.25,124.382340632944,90.4629934654245,0.5195709466934203,0.4
s15,1752347423.526696,0,5,0.4693352699279785,0.4577651023864746,0.5891110897064209,0.23466763496398926,1.118033988749895,0.25,0.0,0.25,124.382340632944,90.4629934654245,0.5195709466934203,0.4
s15,1752347424.526696,0,5,0.4693352699279785,0.4577651023864746,0.5891110897064209,0.23466763496398926,1.118033988749895,0.25,0.0,0.25,124.382340632944,90.4629934654245,0.5195709466934203,0.4
s15,1752347425.526696,0,5,0.4693352699279785,0.4577651023864746,0.5891110897064209,0.23466763496398926,1.118033988749895,0.25,0.0,0.25,124.382340632944,90.4629934654245,0.5195709466934203,0.4
s15,1752347426.526696,0,5,0.4994801044464111,0.4577651023864746,0.6191310882568359,0.24974005222320556,2.5108728164683067,0.25,0.0,0.25,150.52783880256655,90.4629934654245,1.6322316527366638,0.2
s15,1752347427.526696,0,4,0.4770723581314087,0.4432591199874878,0.6191310882568359,0.19082894325256347,1.741048534648015,0.3333333333333333,0.0,0.3333333333333333,190.17868280085744,97.73944955850732,2.1763088703155518,0.0
s15,1752347428.526696,0,3,0.5018831094106039,0.4577651023864746,0.6191310882568359,0.15056493282318115,2.3213980461973533,0.0,0.0,0.0,236.3982994220325,236.3982994220325,2.985175848007202,0.0
s15,1752347429.526696,0,2,0.5239421129226685,0.5239421129226685,0.6191310882568359,0.10478842258453369,3.48209706929603,0.0,0.0,0.0,389.61006147172327,389.61006147172327,5.666834831237793,0.0
s15,1752347439.526696,0,2,0.6125054359436035,0.6125054359436035,0.728111982345581,0.1225010871887207,6.294839156007086,0.0,0.0,0.0,1124.822208173363,1124.822208173363,0.4814479351043701,0.0
s15,1752347440.526696,0,2,0.6125054359436035,0.6125054359436035,0.728111982345581,0.1225010871887207,6.294839156007086,0.0,0.0,0.0,1124.822208173363,1124.822208173363,0.4814479351043701,0.0
s15,1752347441.526696,0,2,0.6125054359436035,0.6125054359436035,0.728111982345581,0.1225010871887207,6.294839156007086,0.0,0.0,0.0,1124.822208173363,1124.822208173363,0.4814479351043701,0.0
s15,1752347442.526696,0,3,0.602038304011027,0.581104040145874,0.728111982345581,0.1806114912033081,5.029892770671391,0.0,0.0,0.0,798.6911286338277,798.6911286338277,1.1688480377197266,0.3333333333333333
s15,1752347443.526696,0,3,0.602038304011027,0.581104040145874,0.728111982345581,0.1806114912033081,5.029892770671391,0.0,0.0,0.0,798.6911286338277,798.6911286338277,1.1688480377197266,0.3333333333333333
s15,1752347444.526696,0,3,0.602038304011027,0.581104040145874,0.728111982345581,0.1806114912033081,5.029892770671391,0.0,0.0,0.0,798.6911286338277,798.6911286338277,1.1688480377197266,0.3333333333333333
s15,1752347445.526696,0,4,0.5783894658088684,0.5442734956741333,0.728111982345581,0.23135578632354736,3.772419578003543,0.0,0.0,0.0,572.8436420885697,472.5600490942924,1.6418166955312092,0.25
s15,1752347446.526696,0,4,0.5783894658088684,0.5442734956741333,0.728111982345581,0.23135578632354736,3.772419578003543,0.0,0.0,0.0,572.8436420885697,472.5600490942924,1.6418166955312092,0.25
s15,1752347447.526696,0,4,0.5783894658088684,0.5442734956741333,0.728111982345581,0.23135578632354736,3.772419578003543,0.0,0.0,0.0,572.8436420885697,472.5600490942924,1.6418166955312092,0.25
s15,1752347448.526696,0,4,0.5721777677536011,0.5442734956741333,0.728111982345581,0.22887110710144043,3.772419578003543,0.0,0.0,0.0,313.24057454275516,346.01300553591915,2.213238000869751,0.5
s15,1752347449.526696,0,3,0.520199696222941,0.5074429512023926,0.581104040145874,0.1560599088668823,0.8333333333333334,0.0,0.0,0.0,233.58083726698646,233.58083726698646,2.391732931137085,0.3333333333333333
s15,1752347450.526696,0,4,0.5086742639541626,0.49077045917510986,0.581104040145874,0.20346970558166505,0.625,0.0,0.0,0.0,282.07543760714304,346.01300553591915,2.275543292363485,0.5
s15,1752347451.526696,0,4,0.49044227600097656,0.49077045917510986,0.5081760883331299,0.19617691040039062,0.0,0.0,0.0,0.0,252.69759728727126,346.01300553591915,1.4129586219787598,0.75
s15,1752347452.526696,0,5,0.5050426483154297,0.5074429512023926,0.5634441375732422,0.25252132415771483,2.08806130178211,0.25,0.25,0.0,511.808203822071,362.5388219116877,1.2495434284210205,0.6
s15,1752347453.526696,0,6,0.5038325389226278,0.5026124715805054,0.5634441375732422,0.3022995233535767,1.7400510848184252,0.2,0.2,0.0,443.7049926772409,346.01300553591915,1.1847289562225343,0.6666666666666666
s15,1752347454.526696,0,5,0.5031104564666748,0.4977819919586181,0.5634441375732422,0.2515552282333374,2.08806130178211,0.25,0.25,0.0,468.12798946257135,275.1783931926885,0.931983232498169,0.6
s15,1752347455.526696,0,5,0.5031104564666748,0.4977819919586181,0.5634441375732422,0.2515552282333374,2.08806130178211,0.25,0.25,0.0,468.12798946257135,275.1783931926885,0.931983232498169,0.6
s15,1752347456.526696,0,5,0.5031104564666748,0.4977819919586181,0.5634441375732422,0.2515552282333374,2.08806130178211,0.25,0.25,0.0,468.12798946257135,275.1783931926885,0.931983232498169,0.6
s15,1752347457.526696,0,4,0.5108750462532043,0.502979040145874,0.5634441375732422,0.20435001850128173,2.6100766272276377,0.3333333333333333,0.3333333333333333,0.0,497.81577318760975,171.29214809792072,0.5615896383921305,0.5
s15,1752347458.526696,0,5,0.5022404193878174,0.4977819919586181,0.5634441375732422,0.2511202096939087,2.08806130178211,0.25,0.25,0.0,587.1295192172283,513.1814527020024,1.5799577236175537,0.6
s15,1752347459.526696,0,6,0.49084333578745526,0.4859399795532226,0.5634441375732422,0.29450600147247313,1.7400510848184252,0.2,0.2,0.0,476.1067396112156,171.29214809792072,1.263966178894043,0.6666666666666666
s15,1752347460.526696,0,5,0.4978325843811035,0.4977819919586181,0.5634441375732422,0.24891629219055175,2.08806130178211,0.0,0.0,0.0,514.0502890300213,513.1814527020024,1.4988490343093872,0.6
s15,1752347461.526696,0,5,0.46767578125,0.4677019119262695,0.5263769626617432,0.233837890625,0.0,0.0,0.0,0.0,514.9593912168808,514.9996570757215,1.4922605156898499,0.6
s15,1752347462.526696,0,6,0.47044646739959717,0.47600090503692627,0.5263769626617432,0.2822678804397583,0.0,0.0,0.0,0.0,420.7697854073708,174.92855684535903,1.19380841255188,0.6666666666666666
s15,1752347463.526696,0,6,0.4749654531478882,0.47600090503692627,0.5263769626617432,0.2849792718887329,0.0,0.0,0.0,0.0,281.61846495659626,159.31415505221122,0.41115942001342776,0.6666666666666666
s15,1752347464.526696,0,7,0.47503696169172016,0.4754660129547119,0.5263769626617432,0.3325258731842041,0.0,0.0,0.0,0.0,261.7072481374066,160.7326595468349,0.4457685152689616,0.7142857142857143
s15,1752347465.526696,0,7,0.47503696169172016,0.4754660129547119,0.5263769626617432,0.3325258731842041,0.0,0.0,0.0,0.0,261.7072481374066,160.7326595468349,0.4457685152689616,0.7142857142857143
s15,1752347466.526696,0,7,0.47503696169172016,0.4754660129547119,0.5263769626617432,0.3325258731842041,0.0,0.0,0.0,0.0,261.7072481374066,160.7326595468349,0.4457685152689616,0.7142857142857143
s15,1752347467.526696,0,7,0.47503696169172016,0.4754660129547119,0.5263769626617432,0.3325258731842041,0.0,0.0,0.0,0.0,261.7072481374066,160.7326595468349,0.4457685152689616,0.7142857142857143
s15,1752347468.526696,0,6,0.4763874610265096,0.47988295555114746,0.5263769626617432,0.2858324766159058,0.0,0.0,0.0,0.0,221.34481058229403,162.15116404145854,1.2282692432403564,0.8333333333333334
s15,1752347469.526696,0,5,0.4663895606994629,0.4754660129547119,0.5248959064483643,0.23319478034973146,0.0,0.0,0.0,0.0,232.9488740165278,160.7326595468349,1.3105573058128357,0.8
s15,1752347470.526696,0,6,0.492145299911499,0.47988295555114746,0.6209239959716797,0.2952871799468994,0.6718548123582124,0.0,0.0,0.0,406.6440056412388,162.15116404145854,1.196185255050659,0.6666666666666666
s15,1752347471.526696,0,4,0.5139779448509216,0.5001809597015381,0.6209239959716797,0.20559117794036866,1.0077822185373186,0.0,0.0,0.0,609.964836994884,566.3188148031107,1.7530364195505779,0.5
s15,1752347472.526696,0,3,0.5103386243184408,0.4754660129547119,0.6209239959716797,0.15310158729553222,1.3437096247164249,0.0,0.0,0.0,833.8716734715968,833.8716734715968,2.3201476335525513,0.3333333333333333
s15,1752347473.526696,0,3,0.5103386243184408,0.4754660129547119,0.6209239959716797,0.15310158729553222,1.3437096247164249,0.0,0.0,0.0,833.8716734715968,833.8716734715968,2.3201476335525513,0.3333333333333333
s15,1752347474.526696,0,3,0.49274857838948566,0.4346258640289306,0.6209239959716797,0.1478245735168457,1.3437096247164249,0.0,0.0,0.0,717.273065779937,717.273065779937,2.1760685443878174,0.3333333333333333
s15,1752347475.526696,0,5,0.4618553638458252,0.4226958751678467,0.6209239959716797,0.2309276819229126,0.8062257748298549,0.0,0.0,0.0,403.7400972138609,234.17921436152741,1.2268075346946716,0.6
s15,1752347476.526696,0,5,0.4618553638458252,0.4226958751678467,0.6209239959716797,0.2309276819229126,0.8062257748298549,0.0,0.0,0.0,403.7400972138609,234.17921436152741,1.2268075346946716,0.6
s15,1752347477.526696,0,5,0.4618553638458252,0.4226958751678467,0.6209239959716797,0.2309276819229126,0.8062257748298549,0.0,0.0,0.0,403.7400972138609,234.17921436152741,1.2268075346946716,0.6
s15,1752347478.526696,0,5,0.5278604030609131,0.4226958751678467,0.7646510601043701,0.26393020153045654,1.6956700457715956,0.0,0.0,0.0,285.8839641788402,234.17921436152741,1.6423172354698181,0.8
s15,1752347479.526696,0,5,0.5456902027130127,0.4226958751678467,0.7646510601043701,0.27284510135650636,3.618913083732977,0.0,0.0,0.0,492.1801949417653,382.6184146516317,0.8197027444839478,0.6
s15,1752347480.526696,0,6,0.5264730056126913,0.42654144763946533,0.7646510601043701,0.31588380336761473,3.0157609031108144,0.0,0.0,0.0,412.35383085653723,135.2368293032634,0.6557621955871582,0.6666666666666666
s15,1752347481.526696,0,6,0.5264730056126913,0.42654144763946533,0.7646510601043701,0.31588380336761473,3.0157609031108144,0.0,0.0,0.0,412.35383085653723,135.2368293032634,0.6557621955871582,0.6666666666666666
s15,1752347482.526696,0,6,0.5264730056126913,0.42654144763946533,0.7646510601043701,0.31588380336761473,3.0157609031108144,0.0,0.0,0.0,412.35383085653723,135.2368293032634,0.6557621955871582,0.6666666666666666
s15,1752347483.526696,0,5,0.5472284317016601,0.430387020111084,0.7646510601043701,0.27361421585083007,3.618913083732977,0.0,0.0,0.0,481.6330812448557,361.52418725781246,0.6809294819831848,0.6
s15,1752347484.526696,0,4,0.581052303314209,0.5702300071716309,0.7646510601043701,0.2324209213256836,4.523641354666221,0.0,0.0,0.0,627.1182989957056,630.0,0.9079059759775797,0.5
s15,1752347485.526696,0,4,0.6195602416992188,0.6416014432907104,0.7646510601043701,0.2478240966796875,5.039029557868429,0.0,0.0,0.0,769.1189303082707,1056.0018939376955,1.676934003829956,0.5
s15,1752347486.526696,0,5,0.6332756042480469,0.6881370544433594,0.7646510601043701,0.3166378021240234,6.648474111955224,0.0,0.0,0.0,864.2179765232356,1102.758504552913,1.4164692759513855,0.4
s15,1752347487.526696,0,5,0.6332756042480469,0.6881370544433594,0.7646510601043701,0.3166378021240234,6.648474111955224,0.0,0.0,0.0,864.2179765232356,1102.758504552913,1.4164692759513855,0.4
s15,1752347488.526696,0,4,0.6004317402839661,0.6306334733963013,0.7100729942321777,0.24017269611358644,7.198787301266853,0.0,0.0,0.0,766.1884612071503,1056.0018939376955,1.780965010325114,0.5
s15,1752347489.526696,0,2,0.6306334733963013,0.6306334733963013,0.6881370544433594,0.12612669467926024,7.5739025705556156,0.0,0.0,0.0,1149.5151151681305,1149.5151151681305,0.6350750923156738,0.0
s15,1752347490.526696,0,2,0.6306334733963013,0.6306334733963013,0.6881370544433594,0.12612669467926024,7.5739025705556156,0.0,0.0,0.0,1149.5151151681305,1149.5151151681305,0.6350750923156738,0.0
s15,1752347491.526696,0,2,0.6306334733963013,0.6306334733963013,0.6881370544433594,0.12612669467926024,7.5739025705556156,0.0,0.0,0.0,1149.5151151681305,1149.5151151681305,0.6350750923156738,0.0
s15,1752347492.526696,0,2,0.6306334733963013,0.6306334733963013,0.6881370544433594,0.12612669467926024,7.5739025705556156,0.0,0.0,0.0,1149.5151151681305,1149.5151151681305,0.6350750923156738,0.0
s15,1752347493.526696,0,3,0.6241346995035807,0.6111371517181396,0.6881370544433594,0.1872404098510742,7.406290984325569,0.0,0.0,0.0,609.4346393528647,609.4346393528647,3.2767624855041504,0.0
s15,1752347494.526696,0,2,0.6496371030807495,0.6496371030807495,0.6881370544433594,0.1299274206161499,10.078660070083938,0.0,0.0,0.0,69.35416353759881,69.35416353759881,5.918449878692627,0.0
s15,1752347495.526696,0,2,0.6496371030807495,0.6496371030807495,0.6881370544433594,0.1299274206161499,10.078660070083938,0.0,0.0,0.0,69.35416353759881,69.35416353759881,5.918449878692627,0.0
s15,1752347498.526696,0,3,0.6085910002390543,0.6111371517181396,0.7792179584503174,0.1825773000717163,5.1903559372884915,0.0,0.0,0.0,71.4351466784089,71.4351466784089,2.18640398979187,0.3333333333333333
s15,1752347499.526696,0,3,0.6085910002390543,0.6111371517181396,0.7792179584503174,0.1825773000717163,5.1903559372884915,0.0,0.0,0.0,71.4351466784089,71.4351466784089,2.18640398979187,0.3333333333333333
s15,1752347500.526696,0,3,0.6085910002390543,0.6111371517181396,0.7792179584503174,0.1825773000717163,5.1903559372884915,0.0,0.0,0.0,71.4351466784089,71.4351466784089,2.18640398979187,0.3333333333333333
s15,1752347501.526696,0,5,0.5530541896820068,0.4898838996887207,0.7792179584503174,0.2765270948410034,3.114213562373095,0.0,0.0,0.0,312.8975816891527,311.7363435422096,1.5989460349082947,0.4
s15,1752347502.526696,0,4,0.5385334491729736,0.46974897384643555,0.7792179584503174,0.21541337966918944,2.125,0.0,0.0,0.0,404.01008195563526,520.1624746173064,0.674325386683146,0.5
s15,1752347503.526696,0,4,0.5385334491729736,0.46974897384643555,0.7792179584503174,0.21541337966918944,2.125,0.0,0.0,0.0,404.01008195563526,520.1624746173064,0.674325386683146,0.5
s15,1752347504.526696,0,4,0.5385334491729736,0.46974897384643555,0.7792179584503174,0.21541337966918944,2.125,0.0,0.0,0.0,404.01008195563526,520.1624746173064,0.674325386683146,0.5
s15,1752347505.526696,0,4,0.5385334491729736,0.46974897384643555,0.7792179584503174,0.21541337966918944,2.125,0.0,0.0,0.0,404.01008195563526,520.1624746173064,0.674325386683146,0.5
s15,1752347506.526696,0,4,0.5385334491729736,0.46974897384643555,0.7792179584503174,0.21541337966918944,2.125,0.0,0.0,0.0,404.01008195563526,520.1624746173064,0.674325386683146,0.5
s15,1752347507.526696,0,3,0.45830527941385907,0.4496140480041504,0.4898838996887207,0.13749158382415771,0.0,0.0,0.0,0.0,554.3600166998965,554.3600166998965,1.011488080024719,0.3333333333333333
s15,1752347508.526696,0,3,0.7135172684987386,0.4898838996887207,1.2010538578033447,0.21405518054962158,5.252277577688221,0.0,0.0,0.0,339.91045698477467,339.91045698477467,2.758347511291504,0.0
s15,1752347509.526696,0,4,0.7273114323616028,0.629288911819458,1.2010538578033447,0.29092457294464114,5.4757989261483155,0.0,0.0,0.0,262.63165421946655,108.07404868885035,2.029616038004557,0.25
s15,1752347510.526696,0,3,0.8064539432525635,0.7686939239501953,1.2010538578033447,0.24193618297576905,7.301065234864421,0.0,0.0,0.0,99.66870193795663,99.66870193795663,2.9724925756454468,0.3333333333333333
s15,1752347511.526696,0,3,0.8479822476704916,0.7686939239501953,1.2010538578033447,0.2543946743011475,7.301065234864421,0.0,0.0,0.0,61.84727402033183,61.84727402033183,0.9716335535049438,0.3333333333333333
s16,1752348026.235447,0,8,0.49908187985420227,0.4623919725418091,0.7030429840087891,0.3992655038833618,1.5495343365557221,0.14285714285714285,0.14285714285714285,0.0,205.08911387890302,61.20457499239743,0.8516438688550677,0.875
s16,1752348027.235447,0,6,0.47756699721018475,0.4623919725418091,0.5953071117401123,0.28654019832611083,0.3004626062886657,0.2,0.2,0.0,268.2868754309965,364.0054944640259,1.130773401260376,0.8333333333333334
s16,1752348028.235447,0,6,0.47401384512583417,0.45983004570007324,0.5953071117401123,0.28440830707550047,0.3004626062886657,0.2,0.2,0.0,224.6196885740012,124.01612798341996,1.0175871849060059,0.8333333333333334
s16,1752348029.235447,0,6,0.47401384512583417,0.45983004570007324,0.5953071117401123,0.28440830707550047,0.3004626062886657,0.2,0.2,0.0,224.6196885740012,124.01612798341996,1.0175871849060059,0.8333333333333334
s16,1752348030.235447,0,6,0.4523351589838664,0.45983004570007324,0.4686899185180664,0.2714010953903198,0.0,0.2,0.2,0.0,195.23766072043685,124.01612798341996,0.7107748031616211,0.8333333333333334
s16,1752348031.235447,0,6,0.4523351589838664,0.45983004570007324,0.4686899185180664,0.2714010953903198,0.0,0.2,0.2,0.0,195.23766072043685,124.01612798341996,0.7107748031616211,0.8333333333333334
s16,1752348032.235447,0,7,0.5332398755209786,0.4635660648345947,1.0186681747436523,0.3732679128646851,2.543499116394973,0.3333333333333333,0.3333333333333333,0.0,254.54650670545539,196.5535953184694,0.7673646608988444,0.8571428571428571
s16,1752348033.235447,1,7,0.5332398755209786,0.4635660648345947,1.0186681747436523,0.3732679128646851,2.543499116394973,0.3333333333333333,0.3333333333333333,0.0,254.54650670545539,196.5535953184694,0.7673646608988444,0.8571428571428571
s16,1752348034.235447,1,7,0.5308121953691755,0.4560940265655517,1.0186681747436523,0.37156853675842283,2.543499116394973,0.16666666666666666,0.16666666666666666,0.0,194.71540399370977,131.5152578639992,0.7298504511515299,0.8571428571428571
s16,1752348035.235447,1,8,0.5272147953510284,0.45983004570007324,1.0186681747436523,0.42177183628082277,2.2255617268456014,0.14285714285714285,0.14285714285714285,0.0,193.6441251758213,139.01438774457844,0.7548018183026995,0.875
s16,1752348046.235447,0,6,0.4955559968948364,0.5128068923950195,0.5940170288085938,0.29733359813690186,1.1037533492055498,0.2,0.2,0.0,557.9860060801531,888.0810773797626,1.104822826385498,0.5
s16,1752348047.235447,0,7,0.512526137488229,0.570781946182251,0.614346981048584,0.35876829624176027,1.5889314421761855,0.16666666666666666,0.16666666666666666,0.0,469.7957401007462,458.57498054363,0.9206856886545817,0.5714285714285714
s16,1752348048.235447,0,6,0.5028168360392252,0.5160008668899536,0.614346981048584,0.30169010162353516,1.5204200158722163,0.2,0.2,0.0,372.49328716555476,29.068883707497267,0.9652937889099121,0.6666666666666666
s16,1752348049.235447,0,5,0.5124138355255127,0.5771698951721191,0.614346981048584,0.25620691776275634,1.8245040190466597,0.25,0.25,0.0,243.59633961200282,28.95664695560459,0.10202622413635253,0.6
s16,1752348050.235447,0,5,0.5124138355255127,0.5771698951721191,0.614346981048584,0.25620691776275634,1.8245040190466597,0.25,0.25,0.0,243.59633961200282,28.95664695560459,0.10202622413635253,0.6
s16,1752348051.235447,0,7,0.49020603724888395,0.4669618606567383,0.614346981048584,0.34314422607421874,1.3032171564618997,0.16666666666666666,0.16666666666666666,0.0,281.92505868129246,92.61292800710588,0.6894996166229248,0.7142857142857143
s16,1752348052.235447,0,8,0.48098915815353394,0.44171643257141113,0.614346981048584,0.38479132652282716,1.1403150119041623,0.14285714285714285,0.14285714285714285,0.0,266.24804258400025,156.1569723067145,0.6785539558955601,0.75
s16,1752348053.235447,0,9,0.5174293782975938,0.4669618606567383,0.8089511394500732,0.4656864404678345,3.4580577883592554,0.125,0.125,0.0,237.2170372610002,95.07848615335725,0.5937347114086151,0.7777777777777778
s16,1752348054.235447,0,8,0.5119121670722961,0.44171643257141113,0.8089511394500732,0.4095297336578369,3.5101423537605236,0.2857142857142857,0.2857142857142857,0.0,268.61426113603176,156.1569723067145,0.7418445178440639,0.875
s16,1752348055.235447,0,9,0.49935661421881783,0.416471004486084,0.8089511394500732,0.44942095279693606,2.9444444444444446,0.25,0.25,0.0,250.57169647671333,138.67964125786,0.6491139531135559,0.8888888888888888
s16,1752348056.235447,0,7,0.49818662234715055,0.416471004486084,0.8089511394500732,0.3487306356430054,3.142857142857143,0.3333333333333333,0.3333333333333333,0.0,235.78685671282767,138.67964125786,0.2863071362177531,0.8571428571428571
s16,1752348057.235447,0,7,0.49818662234715055,0.416471004486084,0.8089511394500732,0.3487306356430054,3.142857142857143,0.3333333333333333,0.3333333333333333,0.0,235.78685671282767,138.67964125786,0.2863071362177531,0.8571428571428571
s16,1752348058.235447,0,8,0.652717649936676,0.44171643257141113,1.7344348430633545,0.5221741199493408,5.431563210144407,0.2857142857142857,0.2857142857142857,0.0,237.2563285899835,156.1569723067145,0.41970869473048616,0.875
s16,1752348059.235447,0,8,0.652717649936676,0.44171643257141113,1.7344348430633545,0.5221741199493408,5.431563210144407,0.2857142857142857,0.2857142857142857,0.0,237.2563285899835,156.1569723067145,0.41970869473048616,0.875
s16,1752348060.235447,0,8,0.6732177436351776,0.5166869163513184,1.7344348430633545,0.5385741949081421,5.8268479176654555,0.2857142857142857,0.2857142857142857,0.0,245.23424090008817,172.18594600024707,0.5820004258837018,0.875
s16,1752348061.235447,0,7,0.7026828697749546,0.5664119720458984,1.7344348430633545,0.49187800884246824,6.659254763046234,0.3333333333333333,0.3333333333333333,0.0,257.40895671672837,166.60233434322635,0.5768538316090902,0.8571428571428571
s16,1752348062.235447,0,6,0.8685890038808187,0.5686570405960083,1.7344348430633545,0.5211534023284912,5.614137218026585,0.2,0.2,0.0,128.1385416471913,121.2023102090055,0.5219968318939209,0.8333333333333334
s16,1752348063.235447,0,7,0.8396201133728027,0.5709021091461182,1.7344348430633545,0.5877340793609619,5.0141481243618005,0.16666666666666666,0.16666666666666666,0.0,111.06710475005356,76.67131378449095,0.43499735991160077,0.8571428571428571
s16,1752348064.235447,0,7,0.8420335224696568,0.5764479637145996,1.7344348430633545,0.5894234657287598,5.228433838647514,0.0,0.0,0.0,108.04132530478255,67.59397544867795,0.5272903839747111,0.8571428571428571
s16,1752348065.235447,1,6,0.914842446645101,0.6211273670196533,1.7344348430633545,0.5489054679870605,6.0998394784221,0.0,0.0,0.0,80.43495839515535,30.01666203960727,0.3887248516082763,0.8333333333333334
s16,1752348066.235447,1,6,0.914842446645101,0.6211273670196533,1.7344348430633545,0.5489054679870605,6.0998394784221,0.0,0.0,0.0,80.43495839515535,30.01666203960727,0.3887248516082763,0.8333333333333334
s16,1752348067.235447,1,6,0.9585021336873373,0.6211273670196533,1.9963929653167725,0.5751012802124024,6.024669871982453,0.0,0.0,0.0,65.43521661695098,30.01666203960727,0.25874762535095214,0.8333333333333334
s16,1752348078.235447,0,4,0.5373469591140747,0.4963904619216919,0.7359299659729004,0.21493878364562988,3.2231616177528792,0.0,0.0,0.0,118.1129508011914,145.34441853748632,0.44699470202128094,0.5
s16,1752348079.235447,0,3,0.4711526234944661,0.4543929100036621,0.5383880138397217,0.14134578704833983,1.1785113019775793,0.0,0.0,0.0,104.49721693304394,104.49721693304394,0.39520251750946045,0.3333333333333333
s16,1752348080.235447,0,4,0.5372267365455627,0.4963904619216919,0.7354490756988525,0.2148906946182251,3.1373530236481773,0.0,0.0,0.0,93.3385191614489,71.02112361825881,2.321385701497396,0.25
s16,1752348081.235447,0,2,0.5949209928512573,0.5949209928512573,0.7354490756988525,0.11898419857025147,4.506939094329986,0.0,0.0,0.0,71.02112361825881,71.02112361825881,6.173752069473267,0.0
s16,1752348084.235447,0,2,0.5823529958724976,0.5823529958724976,0.7354490756988525,0.1164705991744995,4.506939094329986,0.0,0.0,0.0,925.2859017622608,925.2859017622608,3.820765972137451,0.5
s16,1752348085.235447,0,2,0.5823529958724976,0.5823529958724976,0.7354490756988525,0.1164705991744995,4.506939094329986,0.0,0.0,0.0,925.2859017622608,925.2859017622608,3.820765972137451,0.5
s16,1752348086.235447,0,2,0.5823529958724976,0.5823529958724976,0.7354490756988525,0.1164705991744995,4.506939094329986,0.0,0.0,0.0,925.2859017622608,925.2859017622608,3.820765972137451,0.5
s16,1752348087.235447,0,2,0.5823529958724976,0.5823529958724976,0.7354490756988525,0.1164705991744995,4.506939094329986,0.0,0.0,0.0,925.2859017622608,925.2859017622608,3.820765972137451,0.5
s16,1752348088.235447,0,2,0.5823529958724976,0.5823529958724976,0.7354490756988525,0.1164705991744995,4.506939094329986,0.0,0.0,0.0,925.2859017622608,925.2859017622608,3.820765972137451,0.5
s16,1752348091.235447,0,2,0.41354942321777344,0.41354942321777344,0.4292569160461426,0.08270988464355469,0.0,0.0,0.0,0.0,65.11528238439882,65.11528238439882,6.413257122039795,0.0
s16,1752348092.235447,0,3,0.4663526217142741,0.4292569160461426,0.5719590187072754,0.13990578651428223,1.3437096247164249,0.0,0.0,0.0,511.561816539346,511.561816539346,3.429550528526306,0.0
s16,1752348093.235447,0,3,0.4663526217142741,0.4292569160461426,0.5719590187072754,0.13990578651428223,1.3437096247164249,0.0,0.0,0.0,511.561816539346,511.561816539346,3.429550528526306,0.0
s16,1752348094.235447,0,3,0.46328099568684894,0.4200420379638672,0.5719590187072754,0.1389842987060547,1.3437096247164249,0.0,0.0,0.0,638.1809638560244,638.1809638560244,1.0622379779815674,0.3333333333333333
s16,1752348095.235447,0,3,0.46328099568684894,0.4200420379638672,0.5719590187072754,0.1389842987060547,1.3437096247164249,0.0,0.0,0.0,638.1809638560244,638.1809638560244,1.0622379779815674,0.3333333333333333
s16,1752348096.235447,0,3,0.46328099568684894,0.4200420379638672,0.5719590187072754,0.1389842987060547,1.3437096247164249,0.0,0.0,0.0,638.1809638560244,638.1809638560244,1.0622379779815674,0.3333333333333333
s16,1752348097.235447,0,4,0.454126238822937,0.4233520030975342,0.5719590187072754,0.1816504955291748,1.0077822185373186,0.0,0.0,0.0,639.4542355092586,642.000778815727,1.595918337504069,0.5
s16,1752348098.235447,0,4,0.454126238822937,0.4233520030975342,0.5719590187072754,0.1816504955291748,1.0077822185373186,0.0,0.0,0.0,639.4542355092586,642.000778815727,1.595918337504069,0.5
s16,1752348099.235447,0,6,0.5002969900767008,0.4233520030975342,0.7686820030212402,0.30017819404602053,1.3833130609618618,0.0,0.0,0.0,593.2808658962571,642.000778815727,1.1360072135925292,0.3333333333333333
s16,1752348100.235447,0,6,0.5002969900767008,0.4233520030975342,0.7686820030212402,0.30017819404602053,1.3833130609618618,0.0,0.0,0.0,593.2808658962571,642.000778815727,1.1360072135925292,0.3333333333333333
s16,1752348101.235447,0,5,0.5521796226501465,0.4266619682312011,0.7686820030212402,0.27608981132507326,1.1537498983243792,0.0,0.0,0.0,488.5678672643629,453.11492305197095,1.1603685021400452,0.4
s16,1752348102.235447,0,6,0.5600168704986572,0.512932538986206,0.7686820030212402,0.33601012229919436,2.796684544065753,0.0,0.0,0.0,457.70487346492337,334.2528982671654,1.0212735652923584,0.3333333333333333
s16,1752348103.235447,0,6,0.5600168704986572,0.512932538986206,0.7686820030212402,0.33601012229919436,2.796684544065753,0.0,0.0,0.0,457.70487346492337,334.2528982671654,1.0212735652923584,0.3333333333333333
s16,1752348104.235447,0,6,0.5683545271555582,0.5346355438232422,0.7686820030212402,0.34101271629333496,2.796684544065753,0.0,0.0,0.0,393.7124812089826,322.03881753602315,0.8308569431304932,0.3333333333333333
s16,1752348105.235447,0,6,0.5683545271555582,0.5346355438232422,0.7686820030212402,0.34101271629333496,2.796684544065753,0.0,0.0,0.0,393.7124812089826,322.03881753602315,0.8308569431304932,0.3333333333333333
s16,1752348106.235447,0,6,0.5683545271555582,0.5346355438232422,0.7686820030212402,0.34101271629333496,2.796684544065753,0.0,0.0,0.0,393.7124812089826,322.03881753602315,0.8308569431304932,0.3333333333333333
s16,1752348107.235447,0,5,0.5966930389404297,0.5992031097412109,0.7686820030212402,0.29834651947021484,3.3560214528789034,0.0,0.0,0.0,248.88019577285087,293.13394241211904,0.8804084658622742,0.4
s16,1752348108.235447,0,5,0.5293790340423584,0.4700679779052734,0.728917121887207,0.2646895170211792,2.502271554554524,0.0,0.0,0.0,367.88110321087834,328.14585790159424,1.5863026976585388,0.6
s16,1752348109.235447,0,5,0.5560972690582275,0.5501861572265625,0.728917121887207,0.27804863452911377,5.104193920806061,0.0,0.0,0.0,521.6752066369993,442.6282640096376,1.41639643907547,0.4
s16,1752348110.235447,0,6,0.507197380065918,0.510127067565918,0.5992031097412109,0.3043184280395508,4.003494934005051,0.0,0.0,0.0,378.6364483998022,322.03881753602315,1.1169405460357666,0.3333333333333333
s16,1752348111.235447,0,5,0.4887962341308594,0.4700679779052734,0.5668082237243652,0.2443981170654297,2.6019223662515376,0.0,0.0,0.0,392.7858561157469,313.0018148760549,0.9683766961097717,0.2
s16,1752348112.235447,0,6,0.4992450475692749,0.510127067565918,0.5668082237243652,0.29954702854156495,2.501601971876281,0.2,0.0,0.2,336.5580377717116,111.64676439557036,1.1416357517242433,0.3333333333333333
s16,1752348113.235447,0,6,0.4992450475692749,0.510127067565918,0.5668082237243652,0.29954702854156495,2.501601971876281,0.2,0.0,0.2,336.5580377717116,111.64676439557036,1.1416357517242433,0.3333333333333333
s16,1752348114.235447,0,5,0.5050804615020752,0.5501861572265625,0.5668082237243652,0.2525402307510376,3.0019223662515375,0.25,0.0,0.25,282.9466397766121,93.32338219778518,0.6562429070472717,0.2
s16,1752348115.235447,0,5,0.5050804615020752,0.5501861572265625,0.5668082237243652,0.2525402307510376,3.0019223662515375,0.25,0.0,0.25,282.9466397766121,93.32338219778518,0.6562429070472717,0.2
s16,1752348116.235447,0,5,0.5050804615020752,0.5501861572265625,0.5668082237243652,0.2525402307510376,3.0019223662515375,0.25,0.0,0.25,282.9466397766121,93.32338219778518,0.6562429070472717,0.2
s16,1752348117.235447,0,4,0.523322582244873,0.5508376359939575,0.5668082237243652,0.2093290328979492,3.752402957814422,0.3333333333333333,0.0,0.3333333333333333,84.12702603791651,75.0,0.7395609219868978,0.25
s16,1752348118.235447,0,3,0.5143680572509766,0.5514891147613525,0.5668082237243652,0.15431041717529298,0.6666666666666666,0.5,0.0,0.5,88.69053905687477,88.69053905687477,0.9173359870910645,0.0
s16,1752348119.235447,0,2,0.4881479740142822,0.4881479740142822,0.5514891147613525,0.09762959480285645,1.0,1.0,0.0,1.0,111.64676439557036,111.64676439557036,1.834671974182129,0.0
s16,1752348120.235447,0,2,0.6094335317611694,0.6094335317611694,0.6673779487609863,0.12188670635223389,2.25,0.0,0.0,0.0,7.071067811865476,7.071067811865476,6.633086919784546,0.0
s16,1752348121.235447,0,3,0.5693110624949137,0.5514891147613525,0.6673779487609863,0.17079331874847412,1.5,0.0,0.0,0.0,43.56677170842893,43.56677170842893,3.635571002960205,0.0
s16,1752348122.235447,0,2,0.5782220363616943,0.5782220363616943,0.6673779487609863,0.11564440727233886,1.25,0.0,0.0,0.0,80.06247560499239,80.06247560499239,0.6380550861358643,0.0
s16,1752348123.235447,0,4,0.7033977508544922,0.5782220363616943,1.2209270000457764,0.2813591003417969,5.305206911525803,0.0,0.0,0.0,74.75033553524304,80.06247560499239,0.3515043258666992,0.25
s16,1752348124.235447,0,4,0.7033977508544922,0.5782220363616943,1.2209270000457764,0.2813591003417969,5.305206911525803,0.0,0.0,0.0,74.75033553524304,80.06247560499239,0.3515043258666992,0.25
s16,1752348125.235447,0,4,0.7033977508544922,0.5782220363616943,1.2209270000457764,0.2813591003417969,5.305206911525803,0.0,0.0,0.0,74.75033553524304,80.06247560499239,0.3515043258666992,0.25
s16,1752348126.235447,0,6,0.6604673465092977,0.5782220363616943,1.2209270000457764,0.3962804079055786,4.203471274350536,0.2,0.0,0.2,103.43409750949527,80.06247560499239,0.6551743984222412,0.5
s16,1752348127.235447,0,8,0.6150591373443604,0.5144830942153931,1.2209270000457764,0.4920473098754883,3.1526034557629017,0.14285714285714285,0.0,0.14285714285714285,81.62140631021495,65.62011886609167,0.4679817131587437,0.625
s16,1752348128.235447,0,8,0.6150591373443604,0.5144830942153931,1.2209270000457764,0.4920473098754883,3.1526034557629017,0.14285714285714285,0.0,0.14285714285714285,81.62140631021495,65.62011886609167,0.4679817131587437,0.625
s16,1752348129.235447,0,7,0.6075850214276995,0.4890661239624023,1.2209270000457764,0.4253095149993896,3.2458325208718874,0.16666666666666666,0.0,0.16666666666666666,81.88122809441872,51.55172424703715,0.4396361509958903,0.7142857142857143
s16,1752348130.235447,0,6,0.627338171005249,0.4978710412979126,1.2209270000457764,0.3764029026031494,3.786804607683869,0.2,0.0,0.2,76.91643343875165,37.48332962798263,0.4442718029022217,0.6666666666666666
s16,1752348131.235447,0,6,0.5337856610616049,0.4978710412979126,0.693371057510376,0.3202713966369629,2.277777777777781,0.2,0.0,0.2,153.84843563009275,65.62011886609167,1.1335249900817872,0.6666666666666666
s16,1752348132.235447,0,7,0.517615727015904,0.4558420181274414,0.693371057510376,0.3623310089111328,1.952380952380955,0.16666666666666666,0.0,0.16666666666666666,132.71935848197094,47.310059433045836,0.9446041584014893,0.7142857142857143
s16,1752348133.235447,0,8,0.521640419960022,0.4930166006088257,0.693371057510376,0.4173123359680176,1.7083333333333357,0.0,0.0,0.0,97.86480221687957,43.86342439892262,0.5434269564492362,0.75
s16,1752348134.235447,0,9,0.5267407099405924,0.5028200149536133,0.693371057510376,0.4740666389465332,2.021595470637266,0.0,0.0,0.0,96.50670193976963,54.741771632507145,0.527830570936203,0.7777777777777778
s16,1752348135.235447,0,10,0.5222016334533691,0.5213600397109985,0.693371057510376,0.5222016334533691,2.5212193659544497,0.0,0.0,0.0,85.63282908515279,38.01315561749642,0.45441529485914445,0.8
s16,1752348136.235447,0,9,0.5220121542612711,0.5399000644683838,0.6596119403839111,0.469810938835144,2.749747507275248,0.0,0.0,0.0,98.19041889233641,56.43533519763354,0.545061469078064,0.7777777777777778
s16,1752348137.235447,0,8,0.5197761654853821,0.5257439613342285,0.6596119403839111,0.41582093238830564,3.0934659456846543,0.0,0.0,0.0,51.91143007914331,43.86342439892262,0.1306036881038121,0.875
s16,1752348138.235447,0,9,0.5091071658664279,0.5028200149536133,0.6596119403839111,0.45819644927978515,2.749747507275248,0.0,0.0,0.0,89.8151034619498,56.43533519763354,0.38871732354164124,0.8888888888888888
s16,1752348139.235447,0,9,0.5091071658664279,0.5028200149536133,0.6596119403839111,0.45819644927978515,2.749747507275248,0.0,0.0,0.0,89.8151034619498,56.43533519763354,0.38871732354164124,0.8888888888888888
s16,1752348140.235447,0,10,0.5730481624603272,0.5257439613342285,1.14851713180542,0.5730481624603272,3.8085226914638866,0.0,0.0,0.0,95.9482911270084,69.00724599634447,0.41333460807800293,0.9
s16,1752348141.235447,0,9,0.5619723796844482,0.5028200149536133,1.14851713180542,0.5057751417160035,3.1576178053302417,0.0,0.0,0.0,107.78845639217403,78.00362299817223,0.502248078584671,0.8888888888888888
s16,1752348142.235447,0,8,0.5693664252758026,0.5159405469894409,1.14851713180542,0.4554931402206421,3.5523200309965217,0.0,0.0,0.0,116.92060381978135,87.0,0.5739978040967669,0.875
s16,1752348143.235447,0,7,0.5767205783299038,0.5328688621520996,1.14851713180542,0.4037044048309326,4.141412456070894,0.0,0.0,0.0,257.9491125669278,121.51709924310998,0.8513416449228922,0.7142857142857143
s16,1752348144.235447,0,7,0.5549704687935966,0.4237551689147949,1.14851713180542,0.38847932815551756,3.1388646812410212,0.0,0.0,0.0,255.97567074011258,121.51709924310998,0.8513416449228922,0.7142857142857143
s16,1752348145.235447,0,5,0.5818072319030761,0.4237551689147949,1.14851713180542,0.2909036159515381,3.6873037725508824,0.0,0.0,0.0,277.9264903256839,121.51709924310998,0.6604457497596741,0.6
s16,1752348146.235447,0,7,0.644449131829398,0.4237551689147949,1.195042848587036,0.4511143922805786,5.330998691953169,0.0,0.0,0.0,237.3858166090431,129.18581646751176,0.6508480310440063,0.7142857142857143
s16,1752348147.235447,0,7,0.644449131829398,0.4237551689147949,1.195042848587036,0.4511143922805786,5.330998691953169,0.0,0.0,0.0,237.3858166090431,129.18581646751176,0.6508480310440063,0.7142857142857143
s16,1752348148.235447,0,6,0.6812314589818319,0.47017335891723633,1.195042848587036,0.40873887538909914,6.219498473945364,0.0,0.0,0.0,255.86022144135626,113.35784048754634,0.6589630603790283,0.6666666666666666
s16,1752348149.235447,0,5,0.5877743244171143,0.407477855682373,1.195042848587036,0.29388716220855715,4.795898298902111,0.0,0.0,0.0,295.32017529200965,156.30446917576148,0.6930065751075745,0.6
s16,1752348150.235447,0,6,0.5795009136199951,0.47017335891723633,1.195042848587036,0.3477005481719971,4.751197343929877,0.0,0.0,0.0,328.1519508018812,199.25109786397664,1.1575514793395996,0.5
s16,1752348151.235447,0,6,0.5874319473902384,0.4939664602279663,1.195042848587036,0.35245916843414304,4.751197343929877,0.0,0.0,0.0,203.68118046851345,199.25109786397664,1.0202050685882569,0.6666666666666666
s16,1752348152.235447,0,7,0.5597878183637347,0.455064058303833,1.195042848587036,0.39185147285461425,4.072454866225609,0.0,0.0,0.0,193.569981278779,171.13254159704172,0.923580527305603,0.7142857142857143
s16,1752348153.235447,0,6,0.6095804770787557,0.4965989589691162,1.195042848587036,0.3657482862472534,6.604810771796953,0.0,0.0,0.0,192.632488113301,143.01398533010678,0.9130850315093995,0.6666666666666666
s16,1752348154.235447,0,7,0.5826753888811383,0.455064058303833,1.195042848587036,0.40787277221679685,5.66126637582596,0.0,0.0,0.0,225.69011680528365,181.5796959115895,0.8512283563613892,0.5714285714285714
s16,1752348155.235447,0,6,0.4806141455968221,0.4381544589996338,0.6682541370391846,0.2883684873580933,3.4580654416439924,0.0,0.0,0.0,248.1565720688311,220.14540649307224,0.9640245914459229,0.5
s16,1752348156.235447,0,7,0.4684274196624756,0.4212448596954345,0.6682541370391846,0.3278991937637329,2.964056092837708,0.0,0.0,0.0,188.05466634444815,181.5796959115895,0.6049009958902994,0.7142857142857143
s16,1752348157.235447,0,9,0.4871635437011719,0.455064058303833,0.6682541370391846,0.4384471893310547,3.590529513897193,0.0,0.0,0.0,147.92682285372854,100.51130268959975,0.4536757469177246,0.7777777777777778
s16,1752348158.235447,0,9,0.4871635437011719,0.455064058303833,0.6682541370391846,0.4384471893310547,3.590529513897193,0.0,0.0,0.0,147.92682285372854,100.51130268959975,0.4536757469177246,0.7777777777777778
s16,1752348159.235447,0,8,0.48079225420951843,0.4381544589996338,0.6682541370391846,0.38463380336761477,3.4733841320007532,0.0,0.0,0.0,137.6098823338223,58.00862004909271,0.40105955941336496,0.75
s16,1752348160.235447,0,9,0.5364567703670926,0.455064058303833,0.9817728996276855,0.4828110933303833,4.970056484770264,0.0,0.0,0.0,155.5338694613191,100.51130268959975,0.5109642446041107,0.7777777777777778
s16,1752348161.235447,0,8,0.546630859375,0.477199912071228,0.9817728996276855,0.4373046875,5.591313545366548,0.0,0.0,0.0,157.32242433720663,58.00862004909271,0.5210365908486503,0.75
s16,1752348162.235447,0,8,0.5304983556270599,0.47058844566345215,0.9817728996276855,0.42439868450164797,3.882414754866691,0.0,0.0,0.0,137.59394407131674,58.00862004909271,0.6510300295693534,0.875
s16,1752348163.235447,0,8,0.5896188914775848,0.5265434980392456,0.9817728996276855,0.47169511318206786,6.474135011547357,0.0,0.0,0.0,232.32198588002285,58.00862004909271,0.4894129889351981,0.75
s16,1752348164.235447,0,8,0.5896188914775848,0.5265434980392456,0.9817728996276855,0.47169511318206786,6.474135011547357,0.0,0.0,0.0,232.32198588002285,58.00862004909271,0.4894129889351981,0.75
s16,1752348165.235447,0,7,0.6171273163386753,0.5331549644470215,0.9817728996276855,0.43198912143707274,7.399011441768408,0.0,0.0,0.0,261.3742135185112,140.02252690919,0.5222823222478231,0.7142857142857143
s16,1752348166.235447,0,5,0.6762848377227784,0.5723249912261963,0.9817728996276855,0.3381424188613892,9.558616018475771,0.0,0.0,0.0,378.289674086982,257.5179824454338,0.7834234833717346,0.6
s16,1752348167.235447,0,5,0.6516352653503418,0.5199320316314697,0.9817728996276855,0.3258176326751709,8.045341423433616,0.0,0.0,0.0,380.31690560852644,261.5724454885228,1.1535134315490723,0.6
s16,1752348168.235447,0,5,0.6516352653503418,0.5199320316314697,0.9817728996276855,0.3258176326751709,8.045341423433616,0.0,0.0,0.0,380.31690560852644,261.5724454885228,1.1535134315490723,0.6
s16,1752348169.235447,0,4,0.5691008567810059,0.4845045804977417,0.8942091464996338,0.22764034271240235,5.82081795256043,0.0,0.0,0.0,429.0778122990118,289.110705439975,1.0540515581766765,0.5
s16,1752348170.235447,0,5,0.5738923072814941,0.5199320316314697,0.8942091464996338,0.28694615364074705,5.676458264766902,0.0,0.0,0.0,465.0618495831328,431.06233343773545,1.37142413854599,0.6
s16,1752348171.235447,0,5,0.6357372760772705,0.5930581092834473,0.8942091464996338,0.31786863803863524,8.943124931433577,0.25,0.25,0.0,636.0593037456019,651.5073231833408,1.5944138765335083,0.6
s16,1752348172.235447,0,5,0.6138352870941162,0.5930581092834473,0.8942091464996338,0.3069176435470581,8.433222980074296,0.25,0.25,0.0,405.79745023516864,431.06233343773545,1.4940394163131714,0.8
s16,1752348173.235447,0,5,0.5209984302520752,0.4490771293640136,0.7224099636077881,0.2604992151260376,4.286470569385232,0.25,0.25,0.0,414.6589290346908,448.7852910367798,1.1385669708251953,0.8
s16,1752348174.235447,0,5,0.5209984302520752,0.4490771293640136,0.7224099636077881,0.2604992151260376,4.286470569385232,0.25,0.25,0.0,414.6589290346908,448.7852910367798,1.1385669708251953,0.8
s16,1752348175.235447,0,6,0.6225643555323283,0.5210676193237305,1.1303939819335938,0.373538613319397,4.6642589884508885,0.2,0.2,0.0,343.3340377305902,324.5566206380637,0.967466402053833,0.8333333333333334
s16,1752348176.235447,0,7,0.6599301610674176,0.5930581092834473,1.1303939819335938,0.46195111274719236,6.516349194325017,0.3333333333333333,0.3333333333333333,0.0,196.15604200009884,45.15724864866279,0.46886249383290607,0.8571428571428571
s16,1752348177.235447,0,8,0.6552300155162811,0.6076935529708862,1.1303939819335938,0.5241840124130249,7.7027818692321555,0.2857142857142857,0.2857142857142857,0.0,172.64450840118383,32.28002478313795,0.40188213757106234,0.875
s16,1752348178.235447,0,8,0.6552300155162811,0.6076935529708862,1.1303939819335938,0.5241840124130249,7.7027818692321555,0.2857142857142857,0.2857142857142857,0.0,172.64450840118383,32.28002478313795,0.40188213757106234,0.875
s16,1752348179.235447,0,7,0.664111716406686,0.6223289966583252,1.1303939819335938,0.4648782014846802,8.07474792003778,0.16666666666666666,0.16666666666666666,0.0,79.75181231285022,31.92766579541592,0.32020266850789386,0.8571428571428571
s16,1752348180.235447,0,7,0.6804968629564557,0.6223289966583252,1.1303939819335938,0.47634780406951904,6.827295943941721,0.3333333333333333,0.3333333333333333,0.0,131.33902534360186,45.15724864866279,0.6256368160247803,0.8571428571428571
s16,1752348181.235447,0,8,0.641743004322052,0.5622355937957764,1.1303939819335938,0.5133944034576416,5.973883950949006,0.2857142857142857,0.2857142857142857,0.0,150.98399720499722,42.04759208325728,0.4282778331211635,0.875
s16,1752348182.235447,0,9,0.6287200185987685,0.5245361328125,1.1303939819335938,0.5658480167388916,5.648050319193462,0.25,0.25,0.0,139.53772294312904,50.041032298722456,0.392223596572876,0.8888888888888888
s16,1752348183.235447,0,10,0.6080908298492431,0.5133391618728638,1.1303939819335938,0.6080908298492431,5.083245287274115,0.3333333333333333,0.3333333333333333,0.0,143.16074085054146,42.04759208325728,0.39743873808119035,0.9
s16,1752348184.235447,0,10,0.5355735301971436,0.46955811977386475,0.8371059894561768,0.5355735301971436,4.427925178896198,0.3333333333333333,0.3333333333333333,0.0,146.27950570693005,42.04759208325728,0.3641737567053901,0.9
s16,1752348185.235447,0,10,0.5287161111831665,0.43527102470397944,0.8371059894561768,0.5287161111831665,4.427925178896198,0.2222222222222222,0.2222222222222222,0.0,159.6986450254858,59.4138031100518,0.44552042749192977,0.9
s16,1752348186.235447,0,8,0.47922152280807495,0.4245234727859497,0.8371059894561768,0.38337721824646,1.3303188457262582,0.14285714285714285,0.14285714285714285,0.0,152.16068158616432,59.4138031100518,0.3110112803322928,0.875
s16,1752348187.235447,0,10,0.48328921794891355,0.43527102470397944,0.8371059894561768,0.48328921794891355,1.9142550765810065,0.2222222222222222,0.2222222222222222,0.0,190.48142955315245,59.4138031100518,0.42412153879801434,0.9
s16,1752348188.235447,1,10,0.48328921794891355,0.43527102470397944,0.8371059894561768,0.48328921794891355,1.9142550765810065,0.2222222222222222,0.2222222222222222,0.0,190.48142955315245,59.4138031100518,0.42412153879801434,0.9
s16,1752348189.235447,1,9,0.4439762433369954,0.433568000793457,0.5394811630249023,0.3995786190032959,1.2823756961276789,0.25,0.25,0.0,145.3712511312745,50.73069759665454,0.4042753577232361,0.8888888888888888
s16,1752348190.235447,1,8,0.45085838437080383,0.43527102470397944,0.5394811630249023,0.36068670749664306,1.4426726581436387,0.2857142857142857,0.2857142857142857,0.0,160.13177385241985,59.4138031100518,0.46202898025512695,0.875
s17,1752365545.212286,0,7,0.5068471431732178,0.4071109294891357,0.7828390598297119,0.35479300022125243,2.2439102419303887,0.16666666666666666,0.0,0.16666666666666666,139.07817261725833,110.81604717467097,0.696753184000651,0.7142857142857143
s17,1752365546.212286,0,6,0.44443750381469727,0.4005030393600464,0.6756889820098877,0.2666625022888184,0.7954345035153527,0.2,0.0,0.2,241.89048926752088,186.3249849054066,1.1685823917388916,0.6666666666666666
s17,1752365547.212286,0,7,0.49841042927333284,0.4013221263885498,0.8222479820251465,0.348887300491333,4.681960438611206,0.16666666666666666,0.0,0.16666666666666666,440.09800157470687,279.1329202093765,1.0781121651331584,0.5714285714285714
s17,1752365548.212286,0,6,0.5154014825820923,0.4042165279388428,0.8222479820251465,0.3092408895492554,5.46228717837974,0.0,0.0,0.0,453.729430786979,186.3249849054066,0.7675923824310302,0.5
s17,1752365549.212286,0,6,0.5154014825820923,0.4042165279388428,0.8222479820251465,0.3092408895492554,5.46228717837974,0.0,0.0,0.0,453.729430786979,186.3249849054066,0.7675923824310302,0.5
s17,1752365550.212286,0,7,0.500201872416905,0.4071109294891357,0.8222479820251465,0.3501413106918335,4.681960438611206,0.0,0.0,0.0,431.94764188453445,254.68184113885917,0.9374411503473917,0.5714285714285714
s17,1752365551.212286,0,5,0.4837226390838623,0.4013221263885498,0.8222479820251465,0.24186131954193116,5.6002232098372655,0.0,0.0,0.0,631.125667508962,453.5210610099023,1.4061617255210876,0.4
s17,1752365552.212286,0,4,0.5047323107719421,0.4051631689071655,0.8222479820251465,0.20189292430877687,7.000279012296582,0.0,0.0,0.0,779.3925617101472,584.0034246474929,1.60761562983195,0.5
s17,1752365553.212286,0,3,0.5392023722330729,0.4090042114257812,0.8222479820251465,0.16176071166992187,9.333705349728776,0.0,0.0,0.0,877.0871302414744,877.0871302414744,1.2062230110168457,0.3333333333333333
s17,1752365554.212286,0,3,0.5392023722330729,0.4090042114257812,0.8222479820251465,0.16176071166992187,9.333705349728776,0.0,0.0,0.0,877.0871302414744,877.0871302414744,1.2062230110168457,0.3333333333333333
s17,1752365555.212286,0,4,0.5062367916107178,0.40817213058471674,0.8222479820251465,0.20249471664428711,7.000279012296582,0.0,0.0,0.0,945.0735043208207,1081.0462524795134,2.6061712900797525,0.5
s17,1752365556.212286,0,4,0.5050570368766785,0.40817213058471674,0.8222479820251465,0.20202281475067138,7.000279012296582,0.0,0.0,0.0,477.38542918235385,323.03869737231173,2.3975842793782554,0.75
s17,1752365557.212286,0,3,0.39932672182718915,0.4073400497436523,0.4090042114257812,0.11979801654815674,0.0,0.0,0.0,0.0,554.558795087375,554.558795087375,2.703033924102783,0.6666666666666666
s17,1752365558.212286,0,3,0.39932672182718915,0.4073400497436523,0.4090042114257812,0.11979801654815674,0.0,0.0,0.0,0.0,554.558795087375,554.558795087375,2.703033924102783,0.6666666666666666
s17,1752365559.212286,0,2,0.39448797702789307,0.39448797702789307,0.4073400497436523,0.07889759540557861,0.0,0.0,0.0,0.0,28.0713376952364,28.0713376952364,0.0,0.5
s17,1752365560.212286,0,2,0.39448797702789307,0.39448797702789307,0.4073400497436523,0.07889759540557861,0.0,0.0,0.0,0.0,28.0713376952364,28.0713376952364,0.0,0.5
s17,1752365561.212286,0,3,0.6019506454467773,0.4073400497436523,1.016875982284546,0.1805851936340332,1.1453071182271175,0.0,0.0,0.0,404.95030147218495,404.95030147218495,1.8248265981674194,0.6666666666666666
s17,1752365562.212286,0,3,0.6019506454467773,0.4073400497436523,1.016875982284546,0.1805851936340332,1.1453071182271175,0.0,0.0,0.0,404.95030147218495,404.95030147218495,1.8248265981674194,0.6666666666666666
s17,1752365563.212286,0,3,0.6019506454467773,0.4073400497436523,1.016875982284546,0.1805851936340332,1.1453071182271175,0.0,0.0,0.0,404.95030147218495,404.95030147218495,1.8248265981674194,0.6666666666666666
s17,1752365564.212286,0,4,0.5501704812049866,0.40108501911163325,1.016875982284546,0.22006819248199463,0.8589803386703382,0.0,0.0,0.0,511.0500713581933,723.24961113021,2.1894903977711997,0.5
s17,1752365565.212286,0,3,0.5982370376586914,0.3948299884796142,1.016875982284546,0.17947111129760743,1.1453071182271175,0.0,0.0,0.0,395.9540933526488,395.9540933526488,1.6494249105453493,0.3333333333333333
s17,1752365566.212286,0,3,0.5982370376586914,0.3948299884796142,1.016875982284546,0.17947111129760743,1.1453071182271175,0.0,0.0,0.0,395.9540933526488,395.9540933526488,1.6494249105453493,0.3333333333333333
s17,1752365567.212286,0,3,0.5982370376586914,0.3948299884796142,1.016875982284546,0.17947111129760743,1.1453071182271175,0.0,0.0,0.0,395.9540933526488,395.9540933526488,1.6494249105453493,0.3333333333333333
s17,1752365568.212286,0,4,0.5469545125961304,0.3939684629440307,1.016875982284546,0.21878180503845215,0.8589803386703382,0.3333333333333333,0.0,0.3333333333333333,502.805694689353,716.5088973627613,2.134711265563965,0.5
s17,1752365569.212286,0,4,0.5469545125961304,0.3939684629440307,1.016875982284546,0.21878180503845215,0.8589803386703382,0.3333333333333333,0.0,0.3333333333333333,502.805694689353,716.5088973627613,2.134711265563965,0.5
s17,1752365570.212286,0,3,0.39031402269999177,0.3931069374084472,0.3948299884796142,0.11709420680999753,0.0,0.5,0.0,0.5,392.5837364689244,392.5837364689244,1.7426578998565674,0.6666666666666666
s17,1752365571.212286,0,4,0.5509719848632812,0.3939684629440307,1.0329458713531494,0.2203887939453125,1.9755449318549485,0.6666666666666666,0.3333333333333333,0.3333333333333333,295.40400585680067,101.04454463255304,1.7222089767456055,0.75
s17,1752365572.212286,0,5,0.531088399887085,0.3948299884796142,1.0329458713531494,0.2655441999435425,1.5804359454839587,0.5,0.25,0.25,291.40463286323813,190.22552925755187,1.4956305027008057,0.8
s17,1752365573.212286,0,4,0.5651530027389526,0.42233049869537354,1.0329458713531494,0.22606120109558106,1.9755449318549485,0.6666666666666666,0.3333333333333333,0.3333333333333333,365.653318625955,279.4065138825507,1.8674967288970947,0.75
s17,1752365574.212286,0,5,0.5863925457000733,0.5159318447113037,1.0329458713531494,0.29319627285003663,1.5804359454839587,0.25,0.25,0.0,155.00803233401734,153.75986236951246,0.8819482922554016,0.8
s17,1752365575.212286,0,7,0.5488908290863037,0.5159318447113037,1.0329458713531494,0.3842235803604126,1.9432938361307832,0.16666666666666666,0.16666666666666666,0.0,112.79775334622595,67.07521767352337,0.5879655281702677,0.8571428571428571
s17,1752365576.212286,0,7,0.5488908290863037,0.5159318447113037,1.0329458713531494,0.3842235803604126,1.9432938361307832,0.16666666666666666,0.16666666666666666,0.0,112.79775334622595,67.07521767352337,0.5879655281702677,0.8571428571428571
s17,1752365577.212286,0,8,0.5262338519096375,0.48374295234680176,1.0329458713531494,0.42098708152770997,1.7003821066144353,0.2857142857142857,0.2857142857142857,0.0,107.61772750713793,76.53757247260981,0.7633065836770194,0.875
s17,1752365578.212286,0,8,0.6084269881248474,0.5194534063339233,1.050652027130127,0.4867415904998779,3.361342389854224,0.2857142857142857,0.14285714285714285,0.14285714285714285,97.59520547719619,33.1058907144937,0.5231192793164935,0.875
s17,1752365579.212286,1,8,0.6084269881248474,0.5194534063339233,1.050652027130127,0.4867415904998779,3.361342389854224,0.2857142857142857,0.14285714285714285,0.14285714285714285,97.59520547719619,33.1058907144937,0.5231192793164935,0.875
s17,1752365580.212286,1,8,0.526631623506546,0.48374295234680176,1.050652027130127,0.4213052988052368,2.37356992392675,0.42857142857142855,0.14285714285714285,0.2857142857142857,142.33933058080268,33.1058907144937,0.6298374107905796,0.75
s17,1752365581.212286,1,9,0.5233745574951172,0.4973180294036865,1.050652027130127,0.4710371017456055,2.6129168844980786,0.5,0.25,0.25,128.0042434296872,31.99639056872735,0.5511077344417572,0.7777777777777778
s17,1752365592.212286,0,3,0.46931028366088867,0.3976559638977051,0.6290040016174316,0.1407930850982666,3.5,0.0,0.0,0.0,591.4701591622278,591.4701591622278,0.4881025552749634,0.3333333333333333
s17,1752365593.212286,0,5,0.42937216758728025,0.3812708854675293,0.6290040016174316,0.21468608379364013,2.1,0.0,0.0,0.0,479.2641381882982,404.04540731871555,1.4288590550422668,0.6
s17,1752365594.212286,0,5,0.42937216758728025,0.3812708854675293,0.6290040016174316,0.21468608379364013,2.1,0.0,0.0,0.0,479.2641381882982,404.04540731871555,1.4288590550422668,0.6
s17,1752365595.212286,0,4,0.441397488117218,0.3852499723434448,0.6290040016174316,0.1765589952468872,2.625,0.0,0.0,0.0,286.0602445943013,124.0644993541666,1.7835310300191243,0.75
s17,1752365596.212286,0,4,0.4177369475364685,0.3852499723434448,0.5343618392944336,0.1670947790145874,0.25,0.0,0.0,0.0,525.4918071580879,684.0263152832645,2.4383723735809326,0.5
s17,1752365597.212286,0,3,0.42443060874938965,0.3728439807891845,0.5343618392944336,0.1273291826248169,0.3333333333333333,0.0,0.0,0.0,446.2245530954996,446.2245530954996,1.3539545536041258,0.3333333333333333
s17,1752365598.212286,0,3,0.42443060874938965,0.3728439807891845,0.5343618392944336,0.1273291826248169,0.3333333333333333,0.0,0.0,0.0,446.2245530954996,446.2245530954996,1.3539545536041258,0.3333333333333333
s17,1752365599.212286,0,3,0.42443060874938965,0.3728439807891845,0.5343618392944336,0.1273291826248169,0.3333333333333333,0.0,0.0,0.0,446.2245530954996,446.2245530954996,1.3539545536041258,0.3333333333333333
s17,1752365600.212286,0,3,0.42443060874938965,0.3728439807891845,0.5343618392944336,0.1273291826248169,0.3333333333333333,0.0,0.0,0.0,446.2245530954996,446.2245530954996,1.3539545536041258,0.3333333333333333
s17,1752365601.212286,0,3,0.42443060874938965,0.3728439807891845,0.5343618392944336,0.1273291826248169,0.3333333333333333,0.0,0.0,0.0,446.2245530954996,446.2245530954996,1.3539545536041258,0.3333333333333333
s17,1752365602.212286,0,2,0.4502239227294922,0.4502239227294922,0.5343618392944336,0.09004478454589844,0.5,0.0,0.0,0.0,842.3591870455264,842.3591870455264,2.575886011123657,0.0
s17,1752365605.212286,0,2,0.5086034536361694,0.5086034536361694,0.5343618392944336,0.10172069072723389,0.5,0.0,0.0,0.0,45.0111097397076,45.0111097397076,7.63341498374939,0.0
s17,1752365611.212286,0,2,0.4338480234146118,0.4338480234146118,0.4828450679779053,0.08676960468292236,0.0,0.0,0.0,0.0,78.0,78.0,5.554518938064575,0.0
s17,1752365612.212286,0,2,0.4338480234146118,0.4338480234146118,0.4828450679779053,0.08676960468292236,0.0,0.0,0.0,0.0,78.0,78.0,5.554518938064575,0.0
s17,1752365613.212286,0,2,0.4338480234146118,0.4338480234146118,0.4828450679779053,0.08676960468292236,0.0,0.0,0.0,0.0,78.0,78.0,5.554518938064575,0.0
s17,1752365617.212286,0,2,0.6152734756469727,0.6152734756469727,0.845695972442627,0.12305469512939453,6.130099917619614,0.0,0.0,0.0,62.369864518050704,62.369864518050704,6.1154210567474365,0.0
s17,1752365618.212286,0,2,0.6152734756469727,0.6152734756469727,0.845695972442627,0.12305469512939453,6.130099917619614,0.0,0.0,0.0,62.369864518050704,62.369864518050704,6.1154210567474365,0.0
s17,1752365619.212286,0,2,0.6152734756469727,0.6152734756469727,0.845695972442627,0.12305469512939453,6.130099917619614,0.0,0.0,0.0,62.369864518050704,62.369864518050704,6.1154210567474365,0.0
s17,1752365624.212286,0,2,0.7419254779815674,0.7419254779815674,0.845695972442627,0.14838509559631347,9.665633823552351,0.0,0.0,0.0,52.3450093132096,52.3450093132096,5.727612018585205,0.0
s17,1752365625.212286,0,2,0.7419254779815674,0.7419254779815674,0.845695972442627,0.14838509559631347,9.665633823552351,0.0,0.0,0.0,52.3450093132096,52.3450093132096,5.727612018585205,0.0
s17,1752365626.212286,0,2,0.7419254779815674,0.7419254779815674,0.845695972442627,0.14838509559631347,9.665633823552351,0.0,0.0,0.0,52.3450093132096,52.3450093132096,5.727612018585205,0.0
s17,1752365627.212286,0,2,0.6297589540481567,0.6297589540481567,0.6381549835205078,0.12595179080963134,7.071067811865476,0.0,0.0,0.0,592.0008445939922,592.0008445939922,2.9810800552368164,0.5
s17,1752365628.212286,0,3,0.5639892419179281,0.6213629245758057,0.6381549835205078,0.1691967725753784,4.714045207910318,0.0,0.0,0.0,345.1252632636598,345.1252632636598,1.6711851358413696,0.6666666666666666
s17,1752365629.212286,0,3,0.5639892419179281,0.6213629245758057,0.6381549835205078,0.1691967725753784,4.714045207910318,0.0,0.0,0.0,345.1252632636598,345.1252632636598,1.6711851358413696,0.6666666666666666
s17,1752365630.212286,0,3,0.5639892419179281,0.6213629245758057,0.6381549835205078,0.1691967725753784,4.714045207910318,0.0,0.0,0.0,345.1252632636598,345.1252632636598,1.6711851358413696,0.6666666666666666
s17,1752365631.212286,0,3,0.5639892419179281,0.6213629245758057,0.6381549835205078,0.1691967725753784,4.714045207910318,0.0,0.0,0.0,345.1252632636598,345.1252632636598,1.6711851358413696,0.6666666666666666
s17,1752365632.212286,0,4,0.6747899055480957,0.6297589540481567,1.0071918964385986,0.2699159622192383,10.827676747527539,0.0,0.0,0.0,441.8197178909213,592.0008445939922,2.107999801635742,0.5
s17,1752365633.212286,0,3,0.6870015462239584,0.6213629245758057,1.0071918964385986,0.2061004638671875,12.07987972608156,0.0,0.0,0.0,366.72915453938583,366.72915453938583,1.6714596748352053,0.3333333333333333
s17,1752365634.212286,0,5,0.6445928096771241,0.6213629245758057,1.0071918964385986,0.32229640483856203,8.512838899716288,0.0,0.0,0.0,221.12892077356142,95.14929099053688,1.0511667728424072,0.6
s17,1752365635.212286,0,7,0.614243575504848,0.6213629245758057,1.0071918964385986,0.42997050285339355,6.623539892701694,0.0,0.0,0.0,157.42489055081612,75.52868700773703,0.7007778485616049,0.7142857142857143
s17,1752365636.212286,0,8,0.5876783728599548,0.5549745559692383,1.0071918964385986,0.47014269828796384,5.795597406113982,0.14285714285714285,0.14285714285714285,0.0,148.07847761498525,92.0,0.6735189982822963,0.75
s17,1752365637.212286,0,8,0.6341076493263245,0.5809797048568726,1.0071918964385986,0.5072861194610596,5.556888324658994,0.2857142857142857,0.2857142857142857,0.0,138.79160023553692,59.00847396772772,0.6219061102185931,0.75
s17,1752365638.212286,0,8,0.6408289074897766,0.5809797048568726,1.0071918964385986,0.5126631259918213,5.556888324658994,0.42857142857142855,0.42857142857142855,0.0,51.78643987998844,33.24154027718932,0.19595909118652344,0.875
s17,1752365639.212286,0,8,0.6408289074897766,0.5809797048568726,1.0071918964385986,0.5126631259918213,5.556888324658994,0.42857142857142855,0.42857142857142855,0.0,51.78643987998844,33.24154027718932,0.19595909118652344,0.875
s17,1752365640.212286,0,8,0.6408289074897766,0.5809797048568726,1.0071918964385986,0.5126631259918213,5.556888324658994,0.42857142857142855,0.42857142857142855,0.0,51.78643987998844,33.24154027718932,0.19595909118652344,0.875
s17,1752365641.212286,1,7,0.5884913376399449,0.4885861873626709,0.9927971363067628,0.41194393634796145,2.183790747270393,0.5,0.5,0.0,45.076029852028796,33.12834415781384,0.12294578552246094,0.8571428571428571
s17,1752365642.212286,1,7,0.5884913376399449,0.4885861873626709,0.9927971363067628,0.41194393634796145,2.183790747270393,0.5,0.5,0.0,45.076029852028796,33.12834415781384,0.12294578552246094,0.8571428571428571
s17,1752365643.212286,1,6,0.5743443568547567,0.4874030351638794,0.9927971363067628,0.344606614112854,1.4936633184259982,0.6,0.6,0.0,42.28954102888902,33.015148038438355,0.10199317932128907,0.8333333333333334
s17,1752365656.212286,0,2,0.49387598037719727,0.49387598037719727,0.5164780616760254,0.09877519607543946,5.25,0.0,0.0,0.0,66.18912297349165,66.18912297349165,5.312570095062256,0.0
s17,1752365657.212286,0,2,0.49387598037719727,0.49387598037719727,0.5164780616760254,0.09877519607543946,5.25,0.0,0.0,0.0,66.18912297349165,66.18912297349165,5.312570095062256,0.0
s17,1752365658.212286,0,2,0.49387598037719727,0.49387598037719727,0.5164780616760254,0.09877519607543946,5.25,0.0,0.0,0.0,66.18912297349165,66.18912297349165,5.312570095062256,0.0
s17,1752365659.212286,0,3,0.4620232582092285,0.4712738990783691,0.5164780616760254,0.13860697746276857,3.5,0.0,0.0,0.0,276.00400963563936,276.00400963563936,3.59947407245636,0.0
s17,1752365660.212286,0,2,0.4573979377746582,0.4573979377746582,0.5164780616760254,0.09147958755493164,5.25,0.0,0.0,0.0,485.8188962977871,485.8188962977871,1.886378049850464,0.0
s17,1752365661.212286,0,2,0.4573979377746582,0.4573979377746582,0.5164780616760254,0.09147958755493164,5.25,0.0,0.0,0.0,485.8188962977871,485.8188962977871,1.886378049850464,0.0
s17,1752365662.212286,0,2,0.4573979377746582,0.4573979377746582,0.5164780616760254,0.09147958755493164,5.25,0.0,0.0,0.0,485.8188962977871,485.8188962977871,1.886378049850464,0.0
s17,1752365663.212286,0,2,0.4573979377746582,0.4573979377746582,0.5164780616760254,0.09147958755493164,5.25,0.0,0.0,0.0,485.8188962977871,485.8188962977871,1.886378049850464,0.0
s17,1752365664.212286,0,3,0.5215586026509603,0.5164780616760254,0.6498799324035645,0.15646758079528808,3.5,0.5,0.5,0.0,500.9486893506922,500.9486893506922,3.214767098426819,0.3333333333333333
s17,1752365665.212286,0,3,0.5215586026509603,0.5164780616760254,0.6498799324035645,0.15646758079528808,3.5,0.5,0.5,0.0,500.9486893506922,500.9486893506922,3.214767098426819,0.3333333333333333
s17,1752365666.212286,0,3,0.5089032649993896,0.4785120487213135,0.6498799324035645,0.1526709794998169,0.0,0.5,0.5,0.0,438.6749242768766,438.6749242768766,2.853856086730957,0.6666666666666666
s17,1752365667.212286,0,3,0.5089032649993896,0.4785120487213135,0.6498799324035645,0.1526709794998169,0.0,0.5,0.5,0.0,438.6749242768766,438.6749242768766,2.853856086730957,0.6666666666666666
s17,1752365668.212286,0,2,0.564195990562439,0.564195990562439,0.6498799324035645,0.1128391981124878,0.0,0.0,0.0,0.0,361.2713661501559,361.2713661501559,1.1645560264587402,0.5
s17,1752365669.212286,0,2,0.564195990562439,0.564195990562439,0.6498799324035645,0.1128391981124878,0.0,0.0,0.0,0.0,361.2713661501559,361.2713661501559,1.1645560264587402,0.5
s17,1752365670.212286,0,4,0.5016657114028931,0.4958639144897461,0.6498799324035645,0.20066628456115723,0.25,0.0,0.0,0.0,244.19317546807738,345.6761490181236,1.6681536833445232,0.5
s17,1752365671.212286,0,4,0.5016657114028931,0.4958639144897461,0.6498799324035645,0.20066628456115723,0.25,0.0,0.0,0.0,244.19317546807738,345.6761490181236,1.6681536833445232,0.5
s17,1752365672.212286,0,4,0.5016657114028931,0.4958639144897461,0.6498799324035645,0.20066628456115723,0.25,0.0,0.0,0.0,244.19317546807738,345.6761490181236,1.6681536833445232,0.5
s17,1752365673.212286,0,3,0.45226097106933594,0.4785120487213135,0.5132157802581787,0.13567829132080078,0.3333333333333333,0.0,0.0,0.0,185.6540801270381,185.6540801270381,1.9199525117874146,0.3333333333333333
s17,1752365674.212286,0,3,0.45226097106933594,0.4785120487213135,0.5132157802581787,0.13567829132080078,0.3333333333333333,0.0,0.0,0.0,185.6540801270381,185.6540801270381,1.9199525117874146,0.3333333333333333
s17,1752365675.212286,0,2,0.43913543224334717,0.43913543224334717,0.5132157802581787,0.08782708644866943,0.5,0.0,0.0,0.0,25.632011235952596,25.632011235952596,0.0,0.5
s17,1752365676.212286,0,3,0.5014715989430746,0.5132157802581787,0.6261439323425293,0.15044147968292237,5.723081260282181,0.0,0.0,0.0,50.28932946307977,50.28932946307977,2.3244545459747314,0.3333333333333333
s17,1752365677.212286,0,3,0.5014715989430746,0.5132157802581787,0.6261439323425293,0.15044147968292237,5.723081260282181,0.0,0.0,0.0,50.28932946307977,50.28932946307977,2.3244545459747314,0.3333333333333333
s17,1752365678.212286,0,3,0.5014715989430746,0.5132157802581787,0.6261439323425293,0.15044147968292237,5.723081260282181,0.0,0.0,0.0,50.28932946307977,50.28932946307977,2.3244545459747314,0.3333333333333333
s17,1752365679.212286,0,2,0.49559950828552246,0.49559950828552246,0.6261439323425293,0.09911990165710449,8.084621890423271,0.0,0.0,0.0,74.94664769020693,74.94664769020693,4.648909091949463,0.0
s18,1752366737.324703,0,2,0.5792363882064819,0.5792363882064819,0.6715989112854004,0.11584727764129639,1.4577379737113252,0.0,0.0,0.0,16.55294535724685,16.55294535724685,8.782795190811157,0.5
s18,1752366745.324703,0,2,0.9573974609374999,0.9573974609374999,1.4279210567474363,0.1914794921875,10.35917467755033,0.0,0.0,0.0,85.0881895447306,85.0881895447306,6.341150999069214,0.0
s18,1752366746.324703,0,2,0.9573974609374999,0.9573974609374999,1.4279210567474363,0.1914794921875,10.35917467755033,0.0,0.0,0.0,85.0881895447306,85.0881895447306,6.341150999069214,0.0
s18,1752366748.324703,0,2,0.9707369804382323,0.9707369804382323,1.4279210567474363,0.19414739608764647,10.35917467755033,0.0,0.0,0.0,395.0050632586879,395.0050632586879,2.1004810333251958,0.5
s18,1752366749.324703,0,2,0.9707369804382323,0.9707369804382323,1.4279210567474363,0.19414739608764647,10.35917467755033,0.0,0.0,0.0,395.0050632586879,395.0050632586879,2.1004810333251958,0.5
s18,1752366750.324703,0,4,0.8301779627799988,0.7026774883270264,1.4279210567474363,0.3320711851119995,6.598702869269022,0.0,0.0,0.0,173.02537205088512,101.71037311896951,0.9888430436452231,0.25
s18,1752366751.324703,0,5,0.7586915969848633,0.5135529041290283,1.4279210567474363,0.37934579849243166,5.2789622954152176,0.0,0.0,0.0,136.33123141236717,63.97959130789145,0.7416322827339173,0.4
s18,1752366752.324703,0,5,0.7586915969848633,0.5135529041290283,1.4279210567474363,0.37934579849243166,5.2789622954152176,0.0,0.0,0.0,136.33123141236717,63.97959130789145,0.7416322827339173,0.4
s18,1752366753.324703,0,6,0.7162260214487711,0.5087255239486694,1.4279210567474363,0.4297356128692627,4.399135246179348,0.2,0.0,0.2,161.59840306552783,101.71037311896951,0.9476541996002197,0.5
s18,1752366754.324703,0,5,0.5738870143890381,0.5038981437683105,0.8918020725250244,0.28694350719451905,1.135292424395086,0.25,0.0,0.25,103.24673801723779,63.97959130789145,0.6594474911689758,0.4
s18,1752366755.324703,0,5,0.5738870143890381,0.5038981437683105,0.8918020725250244,0.28694350719451905,1.135292424395086,0.25,0.0,0.25,103.24673801723779,63.97959130789145,0.6594474911689758,0.4
s18,1752366756.324703,0,5,0.5738870143890381,0.5038981437683105,0.8918020725250244,0.28694350719451905,1.135292424395086,0.25,0.0,0.25,103.24673801723779,63.97959130789145,0.6594474911689758,0.4
s18,1752366757.324703,0,4,0.5889705419540405,0.4956669807434082,0.8918020725250244,0.2355882167816162,1.4191155304938574,0.3333333333333333,0.0,0.3333333333333333,130.20875743131776,101.71037311896951,0.5905806223551432,0.25
s18,1752366758.324703,0,4,0.5889705419540405,0.4956669807434082,0.8918020725250244,0.2355882167816162,1.4191155304938574,0.3333333333333333,0.0,0.3333333333333333,130.20875743131776,101.71037311896951,0.5905806223551432,0.25
s18,1752366759.324703,0,3,0.4880266984303792,0.4874358177185058,0.5038981437683105,0.14640800952911376,0.0,0.5,0.0,0.5,144.45794958749187,144.45794958749187,0.8858709335327148,0.3333333333333333
s18,1752366760.324703,0,2,0.7382121086120605,0.7382121086120605,0.9725260734558104,0.1476424217224121,11.2527774349269,0.0,0.0,0.0,200.50436404228213,200.50436404228213,6.123153924942017,0.0
s18,1752366761.324703,0,2,0.7382121086120605,0.7382121086120605,0.9725260734558104,0.1476424217224121,11.2527774349269,0.0,0.0,0.0,200.50436404228213,200.50436404228213,6.123153924942017,0.0
s18,1752366763.324703,0,2,0.8060461282730103,0.8060461282730103,0.9725260734558104,0.16120922565460205,18.363508761590847,0.0,0.0,0.0,406.0197039553622,406.0197039553622,2.394554853439331,0.5
s18,1752366764.324703,0,3,0.7277131080627441,0.63956618309021,0.9725260734558104,0.21831393241882324,12.242339174393898,0.5,0.5,0.0,407.0104647218589,407.0104647218589,1.4579933881759644,0.6666666666666666
s18,1752366765.324703,0,3,0.7277131080627441,0.63956618309021,0.9725260734558104,0.21831393241882324,12.242339174393898,0.5,0.5,0.0,407.0104647218589,407.0104647218589,1.4579933881759644,0.6666666666666666
s18,1752366766.324703,0,4,0.6845583319664001,0.6053066253662109,0.9725260734558104,0.27382333278656007,9.181754380795423,0.6666666666666666,0.3333333333333333,0.3333333333333333,542.7076295533765,408.0012254883556,1.3792305787404378,0.5
s18,1752366767.324703,0,4,0.6845583319664001,0.6053066253662109,0.9725260734558104,0.27382333278656007,9.181754380795423,0.6666666666666666,0.3333333333333333,0.3333333333333333,542.7076295533765,408.0012254883556,1.3792305787404378,0.5
s18,1752366768.324703,0,5,0.6544852733612061,0.5710470676422119,0.9725260734558104,0.32724263668060305,7.345403504636339,0.5,0.25,0.25,478.56611550287596,407.0104647218589,1.5348294377326965,0.6
s18,1752366769.324703,0,4,0.5749750733375549,0.56307053565979,0.63956618309021,0.22999002933502197,3.555365663331973,0.6666666666666666,0.3333333333333333,0.3333333333333333,502.7482526853806,408.0012254883556,1.2482542991638184,0.5
s18,1752366770.324703,0,4,0.5749750733375549,0.56307053565979,0.63956618309021,0.22999002933502197,3.555365663331973,0.6666666666666666,0.3333333333333333,0.3333333333333333,502.7482526853806,408.0012254883556,1.2482542991638184,0.5
s18,1752366771.324703,0,5,0.5725084781646729,0.5626420974731445,0.63956618309021,0.28625423908233644,2.8442925306655784,0.75,0.5,0.25,426.3118240277146,347.07139941986503,1.467284917831421,0.6
s18,1752366772.324703,0,4,0.5557440519332886,0.5588680505752563,0.5710470676422119,0.22229762077331544,0.0,0.6666666666666666,0.3333333333333333,0.3333333333333333,432.41535687416757,286.14157335137446,1.7825692494710286,0.5
s18,1752366773.324703,0,4,0.5411705374717712,0.5446435213088989,0.5626420974731445,0.2164682149887085,0.0,0.3333333333333333,0.3333333333333333,0.0,204.46462382754848,197.00253805471644,1.707199255625407,0.75
s18,1752366774.324703,0,5,0.5319615840911865,0.5341930389404297,0.5626420974731445,0.2659807920455933,0.0,0.25,0.25,0.0,180.7368778281598,163.62614906563545,1.3987622261047363,0.8
s18,1752366775.324703,0,4,0.5261784791946411,0.5234730243682861,0.5626420974731445,0.21047139167785645,0.0,0.3333333333333333,0.3333333333333333,0.0,145.60197932042158,130.24976007655445,1.1978076299031575,0.75
s18,1752366776.324703,0,6,0.5154803196589152,0.5103304386138916,0.5626420974731445,0.3092881917953491,0.0,0.4,0.4,0.0,312.2526028240348,130.24976007655445,1.067617416381836,0.6666666666666666
s18,1752366777.324703,0,6,0.5154803196589152,0.5103304386138916,0.5626420974731445,0.3092881917953491,0.0,0.4,0.4,0.0,312.2526028240348,130.24976007655445,1.067617416381836,0.6666666666666666
s18,1752366778.324703,0,5,0.5117377758026123,0.5079078674316406,0.5626420974731445,0.25586888790130613,0.0,0.25,0.25,0.0,341.06511901636435,119.90169995327412,0.8034275770187378,0.6
s18,1752366779.324703,0,6,0.5330752929051717,0.5103304386138916,0.6397628784179688,0.319845175743103,0.0,0.2,0.2,0.0,360.053012639458,130.24976007655445,1.0142024517059327,0.6666666666666666
s18,1752366780.324703,0,5,0.5271619319915771,0.5079078674316406,0.6397628784179688,0.26358096599578856,0.0,0.25,0.25,0.0,417.5038257801839,272.7791134809133,1.0188543200492859,0.6
s18,1752366781.324703,0,5,0.5271619319915771,0.5079078674316406,0.6397628784179688,0.26358096599578856,0.0,0.25,0.25,0.0,417.5038257801839,272.7791134809133,1.0188543200492859,0.6
s18,1752366782.324703,0,4,0.5307641625404358,0.5015168190002441,0.6397628784179688,0.21230566501617432,0.0,0.3333333333333333,0.3333333333333333,0.0,520.1538877635807,436.0045871318328,1.2006553808848064,0.5
s18,1752366783.324703,0,4,0.6035016775131226,0.5738353729248047,0.7860758304595947,0.24140067100524903,3.2966734074754127,0.3333333333333333,0.3333333333333333,0.0,225.07858971740328,213.05867736377223,1.820090373357137,0.5
s18,1752366784.324703,1,4,0.6035016775131226,0.5738353729248047,0.7860758304595947,0.24140067100524903,3.2966734074754127,0.3333333333333333,0.3333333333333333,0.0,225.07858971740328,213.05867736377223,1.820090373357137,0.5
s18,1752366785.324703,1,3,0.6353662808736166,0.6397628784179688,0.7860758304595947,0.19060988426208497,4.395564543300551,0.5,0.5,0.0,324.5316322478025,324.5316322478025,2.7301355600357056,0.6666666666666666
s18,1752366786.324703,1,3,0.6493109067281088,0.6397628784179688,0.7860758304595947,0.1947932720184326,4.395564543300551,1.0,1.0,0.0,145.60938474122437,145.60938474122437,2.827215075492859,0.6666666666666666
s18,1752366823.324703,0,2,0.512876033782959,0.512876033782959,0.5255429744720459,0.10257520675659179,0.0,0.0,0.0,0.0,253.07113624433745,253.07113624433745,2.1926050186157227,0.5
s18,1752366824.324703,1,3,0.6133497556050619,0.5255429744720459,0.8142971992492676,0.18400492668151855,0.6871842709362768,0.5,0.5,0.0,196.08051761528432,196.08051761528432,1.340761423110962,0.6666666666666666
s18,1752366825.324703,1,3,0.6133497556050619,0.5255429744720459,0.8142971992492676,0.18400492668151855,0.6871842709362768,0.5,0.5,0.0,196.08051761528432,196.08051761528432,1.340761423110962,0.6666666666666666
s18,1752366826.324703,1,3,0.6133497556050619,0.5255429744720459,0.8142971992492676,0.18400492668151855,0.6871842709362768,0.5,0.5,0.0,196.08051761528432,196.08051761528432,1.340761423110962,0.6666666666666666
s18,1752366837.324703,0,2,0.7692195177078247,0.7692195177078247,0.9793591499328612,0.15384390354156494,11.672617529928752,0.0,0.0,0.0,501.19557061091433,501.19557061091433,3.979301929473877,0.5
s18,1752366838.324703,0,2,0.7692195177078247,0.7692195177078247,0.9793591499328612,0.15384390354156494,11.672617529928752,0.0,0.0,0.0,501.19557061091433,501.19557061091433,3.979301929473877,0.5
s18,1752366841.324703,0,2,0.8807039260864259,0.8807039260864259,1.2023279666900637,0.17614078521728518,14.202112518917733,0.0,0.0,0.0,515.8342757126557,515.8342757126557,5.3688061237335205,0.0
s18,1752366842.324703,0,2,0.8807039260864259,0.8807039260864259,1.2023279666900637,0.17614078521728518,14.202112518917733,0.0,0.0,0.0,515.8342757126557,515.8342757126557,5.3688061237335205,0.0
s18,1752366843.324703,0,2,0.8807039260864259,0.8807039260864259,1.2023279666900637,0.17614078521728518,14.202112518917733,0.0,0.0,0.0,515.8342757126557,515.8342757126557,5.3688061237335205,0.0
s18,1752366856.324703,0,2,0.9968119859695433,0.9968119859695433,1.2628209590911863,0.19936239719390866,16.55235640763634,0.0,0.0,0.0,64.03124237432849,64.03124237432849,5.780946969985962,0.0
s18,1752366857.324703,0,2,0.9968119859695433,0.9968119859695433,1.2628209590911863,0.19936239719390866,16.55235640763634,0.0,0.0,0.0,64.03124237432849,64.03124237432849,5.780946969985962,0.0
s18,1752366858.324703,0,2,0.9968119859695433,0.9968119859695433,1.2628209590911863,0.19936239719390866,16.55235640763634,0.0,0.0,0.0,64.03124237432849,64.03124237432849,5.780946969985962,0.0
s18,1752366863.324703,0,2,0.8312180042266846,0.8312180042266846,0.9316329956054688,0.1662436008453369,11.964539136069494,0.0,0.0,0.0,67.62396025078685,67.62396025078685,5.618185043334961,0.0
s18,1752366864.324703,0,2,0.8312180042266846,0.8312180042266846,0.9316329956054688,0.1662436008453369,11.964539136069494,0.0,0.0,0.0,67.62396025078685,67.62396025078685,5.618185043334961,0.0
s18,1752366865.324703,0,2,0.8312180042266846,0.8312180042266846,0.9316329956054688,0.1662436008453369,11.964539136069494,0.0,0.0,0.0,67.62396025078685,67.62396025078685,5.618185043334961,0.0
s18,1752366869.324703,0,2,0.8105685710906982,0.8105685710906982,0.9316329956054688,0.16211371421813964,5.835713800003862,0.0,0.0,0.0,60.63827174318213,60.63827174318213,5.687652826309204,0.0
s18,1752366870.324703,0,2,0.8105685710906982,0.8105685710906982,0.9316329956054688,0.16211371421813964,5.835713800003862,0.0,0.0,0.0,60.63827174318213,60.63827174318213,5.687652826309204,0.0
s18,1752366871.324703,0,2,0.8105685710906982,0.8105685710906982,0.9316329956054688,0.16211371421813964,5.835713800003862,0.0,0.0,0.0,60.63827174318213,60.63827174318213,5.687652826309204,0.0
s18,1752366875.324703,0,2,0.6055800914764404,0.6055800914764404,0.6895041465759277,0.12111601829528809,0.0,0.0,0.0,0.0,61.220911460055866,61.220911460055866,5.47157096862793,0.0
s18,1752366876.324703,0,2,0.6055800914764404,0.6055800914764404,0.6895041465759277,0.12111601829528809,0.0,0.0,0.0,0.0,61.220911460055866,61.220911460055866,5.47157096862793,0.0
s18,1752366877.324703,0,2,0.6055800914764404,0.6055800914764404,0.6895041465759277,0.12111601829528809,0.0,0.0,0.0,0.0,61.220911460055866,61.220911460055866,5.47157096862793,0.0
s18,1752366878.324703,0,2,0.6055800914764404,0.6055800914764404,0.6895041465759277,0.12111601829528809,0.0,0.0,0.0,0.0,61.220911460055866,61.220911460055866,5.47157096862793,0.0
s18,1752366882.324703,0,2,0.6941695213317871,0.6941695213317871,0.8666830062866211,0.13883390426635742,4.609772228646444,0.0,0.0,0.0,59.53990258641679,59.53990258641679,5.91228985786438,0.0
s18,1752366883.324703,0,2,0.6941695213317871,0.6941695213317871,0.8666830062866211,0.13883390426635742,4.609772228646444,0.0,0.0,0.0,59.53990258641679,59.53990258641679,5.91228985786438,0.0
s18,1752366884.324703,0,2,0.6941695213317871,0.6941695213317871,0.8666830062866211,0.13883390426635742,4.609772228646444,0.0,0.0,0.0,59.53990258641679,59.53990258641679,5.91228985786438,0.0
s18,1752366888.324703,0,2,0.7714885473251343,0.7714885473251343,0.8666830062866211,0.15429770946502686,4.609772228646444,0.0,0.0,0.0,58.69412236331676,58.69412236331676,5.617026090621948,0.0
s18,1752366889.324703,0,2,0.7714885473251343,0.7714885473251343,0.8666830062866211,0.15429770946502686,4.609772228646444,0.0,0.0,0.0,58.69412236331676,58.69412236331676,5.617026090621948,0.0
s18,1752366890.324703,0,2,0.7714885473251343,0.7714885473251343,0.8666830062866211,0.15429770946502686,4.609772228646444,0.0,0.0,0.0,58.69412236331676,58.69412236331676,5.617026090621948,0.0
s19,1752367308.634093,0,3,0.6345052719116211,0.5436990261077881,0.8441169261932373,0.19035158157348633,2.5873624493766707,0.0,0.0,0.0,123.87117208941969,123.87117208941969,0.7245160341262818,0.6666666666666666
s19,1752367310.634093,0,2,0.7457149028778076,0.7457149028778076,0.8441169261932373,0.14914298057556152,8.887289772690202,0.0,0.0,0.0,224.8777445635739,224.8777445635739,7.488371133804321,0.0
s19,1752367317.634093,0,2,0.6487480401992798,0.6487480401992798,0.6501832008361816,0.12974960803985597,6.2810009770233926,0.0,0.0,0.0,34.17601498127012,34.17601498127012,5.951802968978882,0.0
s19,1752367318.634093,0,2,0.6487480401992798,0.6487480401992798,0.6501832008361816,0.12974960803985597,6.2810009770233926,0.0,0.0,0.0,34.17601498127012,34.17601498127012,5.951802968978882,0.0
s19,1752367323.634093,0,2,0.6387625932693481,0.6387625932693481,0.6501832008361816,0.12775251865386963,1.274754878398196,0.0,0.0,0.0,1410.114888936359,1410.114888936359,5.461278915405273,0.5
s19,1752367324.634093,0,3,0.7695683638254801,0.6501832008361816,1.031179904937744,0.23087050914764404,8.74576458757207,0.0,0.0,0.0,1403.9360104580087,1403.9360104580087,3.047845959663391,0.3333333333333333
s19,1752367325.634093,0,3,0.7695683638254801,0.6501832008361816,1.031179904937744,0.23087050914764404,8.74576458757207,0.0,0.0,0.0,1403.9360104580087,1403.9360104580087,3.047845959663391,0.3333333333333333
s19,1752367326.634093,0,2,0.8292609453201293,0.8292609453201293,1.031179904937744,0.16585218906402585,11.843892002959908,0.0,0.0,0.0,1397.7571319796584,1397.7571319796584,0.6344130039215088,0.0
s19,1752367327.634093,0,2,0.8292609453201293,0.8292609453201293,1.031179904937744,0.16585218906402585,11.843892002959908,0.0,0.0,0.0,1397.7571319796584,1397.7571319796584,0.6344130039215088,0.0
s19,1752367328.634093,0,2,0.8292609453201293,0.8292609453201293,1.031179904937744,0.16585218906402585,11.843892002959908,0.0,0.0,0.0,1397.7571319796584,1397.7571319796584,0.6344130039215088,0.0
s19,1752367329.634093,0,2,0.8292609453201293,0.8292609453201293,1.031179904937744,0.16585218906402585,11.843892002959908,0.0,0.0,0.0,1397.7571319796584,1397.7571319796584,0.6344130039215088,0.0
s19,1752367330.634093,0,2,0.8292609453201293,0.8292609453201293,1.031179904937744,0.16585218906402585,11.843892002959908,0.0,0.0,0.0,1397.7571319796584,1397.7571319796584,0.6344130039215088,0.0
s19,1752367331.634093,0,2,0.8292609453201293,0.8292609453201293,1.031179904937744,0.16585218906402585,11.843892002959908,0.0,0.0,0.0,1397.7571319796584,1397.7571319796584,0.6344130039215088,0.0
s19,1752367341.634093,0,2,0.740820050239563,0.740820050239563,0.9096930027008056,0.1481640100479126,10.86533734200441,1.0,0.0,1.0,1154.5704829069552,1154.5704829069552,6.486321926116943,0.0
s19,1752367342.634093,0,2,0.740820050239563,0.740820050239563,0.9096930027008056,0.1481640100479126,10.86533734200441,1.0,0.0,1.0,1154.5704829069552,1154.5704829069552,6.486321926116943,0.0
s19,1752367343.634093,0,2,0.740820050239563,0.740820050239563,0.9096930027008056,0.1481640100479126,10.86533734200441,1.0,0.0,1.0,1154.5704829069552,1154.5704829069552,6.486321926116943,0.0
s19,1752367359.634093,0,2,0.6894890069961548,0.6894890069961548,0.7122030258178711,0.13789780139923097,7.5,0.0,0.0,0.0,186.04300578092156,186.04300578092156,0.6875801086425781,0.5
s19,1752367360.634093,0,3,0.6254399617513021,0.6667749881744385,0.7122030258178711,0.18763198852539062,5.0,0.5,0.0,0.5,237.9188803684538,237.9188803684538,0.42154455184936523,0.3333333333333333
s19,1752367361.634093,0,3,0.6254399617513021,0.6667749881744385,0.7122030258178711,0.18763198852539062,5.0,0.5,0.0,0.5,237.9188803684538,237.9188803684538,0.42154455184936523,0.3333333333333333
s19,1752367362.634093,0,3,0.6254399617513021,0.6667749881744385,0.7122030258178711,0.18763198852539062,5.0,0.5,0.0,0.5,237.9188803684538,237.9188803684538,0.42154455184936523,0.3333333333333333
s19,1752367363.634093,0,3,0.6254399617513021,0.6667749881744385,0.7122030258178711,0.18763198852539062,5.0,0.5,0.0,0.5,237.9188803684538,237.9188803684538,0.42154455184936523,0.3333333333333333
s19,1752367364.634093,1,3,0.6254399617513021,0.6667749881744385,0.7122030258178711,0.18763198852539062,5.0,0.5,0.0,0.5,237.9188803684538,237.9188803684538,0.42154455184936523,0.3333333333333333
s19,1752367365.634093,1,3,0.6254399617513021,0.6667749881744385,0.7122030258178711,0.18763198852539062,5.0,0.5,0.0,0.5,237.9188803684538,237.9188803684538,0.42154455184936523,0.3333333333333333
s19,1752367366.634093,1,3,0.6254399617513021,0.6667749881744385,0.7122030258178711,0.18763198852539062,5.0,0.5,0.0,0.5,237.9188803684538,237.9188803684538,0.42154455184936523,0.3333333333333333
s19,1752367388.634093,0,3,1.049872636795044,0.807305097579956,1.7838189601898191,0.3149617910385132,13.267655657812517,0.0,0.0,0.0,717.4791409588775,717.4791409588775,0.6560510396957397,0.3333333333333333
s19,1752367389.634093,0,3,1.1462537447611492,0.8476371765136719,1.7838189601898191,0.3438761234283447,19.3252496062746,0.0,0.0,0.0,24.357883205942883,24.357883205942883,2.8228753805160522,0.3333333333333333
s19,1752367390.634093,0,2,0.827471137046814,0.827471137046814,0.8476371765136719,0.1654942274093628,18.916192548361874,0.0,0.0,0.0,19.6468827043885,19.6468827043885,4.678245782852173,0.0
s19,1752367391.634093,0,2,0.827471137046814,0.827471137046814,0.8476371765136719,0.1654942274093628,18.916192548361874,0.0,0.0,0.0,19.6468827043885,19.6468827043885,4.678245782852173,0.0
s19,1752367392.634093,0,2,0.827471137046814,0.827471137046814,0.8476371765136719,0.1654942274093628,18.916192548361874,0.0,0.0,0.0,19.6468827043885,19.6468827043885,4.678245782852173,0.0
s19,1752367396.634093,0,2,0.8863381147384644,0.8863381147384644,0.9250390529632568,0.17726762294769288,13.836390922693123,0.0,0.0,0.0,93.60555539069249,93.60555539069249,5.961828947067261,0.0
s19,1752367397.634093,0,2,0.8863381147384644,0.8863381147384644,0.9250390529632568,0.17726762294769288,13.836390922693123,0.0,0.0,0.0,93.60555539069249,93.60555539069249,5.961828947067261,0.0
s19,1752367404.634093,0,2,0.7109249830245972,0.7109249830245972,0.9250390529632568,0.14218499660491943,4.75,0.0,0.0,0.0,100.44899203078148,100.44899203078148,8.05636191368103,0.0
s19,1752367407.634093,0,2,0.48905646800994873,0.48905646800994873,0.4968109130859375,0.09781129360198974,0.0,0.0,0.0,0.0,423.0295497952832,423.0295497952832,1.924344062805176,0.5
s19,1752367408.634093,0,2,0.48905646800994873,0.48905646800994873,0.4968109130859375,0.09781129360198974,0.0,0.0,0.0,0.0,423.0295497952832,423.0295497952832,1.924344062805176,0.5
s19,1752367409.634093,0,2,0.48905646800994873,0.48905646800994873,0.4968109130859375,0.09781129360198974,0.0,0.0,0.0,0.0,423.0295497952832,423.0295497952832,1.924344062805176,0.5
s19,1752367410.634093,0,2,0.48905646800994873,0.48905646800994873,0.4968109130859375,0.09781129360198974,0.0,0.0,0.0,0.0,423.0295497952832,423.0295497952832,1.924344062805176,0.5
s19,1752367411.634093,0,2,0.48905646800994873,0.48905646800994873,0.4968109130859375,0.09781129360198974,0.0,0.0,0.0,0.0,423.0295497952832,423.0295497952832,1.924344062805176,0.5
s19,1752367412.634093,0,3,0.7342646916707357,0.4968109130859375,1.2246811389923096,0.22027940750122071,6.51152823843988,0.0,0.0,0.0,434.60948572692143,434.60948572692143,3.2168534994125366,0.3333333333333333
s19,1752367413.634093,0,4,0.6847197413444519,0.516447901725769,1.2246811389923096,0.2738878965377808,4.88364617882991,0.0,0.0,0.0,299.76185473686286,423.0295497952832,2.144568999608358,0.5
s19,1752367414.634093,0,4,0.6914889812469482,0.5299863815307617,1.2246811389923096,0.2765955924987793,4.88364617882991,0.0,0.0,0.0,225.15314268022496,199.2034136253694,1.7412076791127522,0.5
s19,1752367415.634093,0,4,0.6914889812469482,0.5299863815307617,1.2246811389923096,0.2765955924987793,4.88364617882991,0.0,0.0,0.0,225.15314268022496,199.2034136253694,1.7412076791127522,0.5
s19,1752367416.634093,0,3,0.761551300684611,0.5360848903656006,1.2246811389923096,0.2284653902053833,6.51152823843988,0.0,0.0,0.0,114.6350031910576,114.6350031910576,0.3571300506591797,0.6666666666666666
s19,1752367417.634093,0,4,0.7377904653549194,0.6012964248657227,1.2246811389923096,0.2951161861419678,5.237199569423184,0.0,0.0,0.0,312.4254540952631,199.2034136253694,1.0531597137451172,0.75
s19,1752367418.634093,0,4,0.7377904653549194,0.6012964248657227,1.2246811389923096,0.2951161861419678,5.237199569423184,0.0,0.0,0.0,312.4254540952631,199.2034136253694,1.0531597137451172,0.75
s19,1752367419.634093,0,4,0.7377904653549194,0.6012964248657227,1.2246811389923096,0.2951161861419678,5.237199569423184,0.0,0.0,0.0,312.4254540952631,199.2034136253694,1.0531597137451172,0.75
s19,1752367420.634093,0,5,0.7029067516326905,0.5633718967437744,1.2246811389923096,0.3514533758163452,4.189759655538547,0.0,0.0,0.0,465.394024305074,453.6048847645217,1.4083740711212158,0.6
s19,1752367421.634093,0,4,0.5724631547927856,0.5497283935546875,0.6665079593658447,0.22898526191711427,0.3535533905932738,0.0,0.0,0.0,610.5031681545169,708.006355903674,1.8778320948282878,0.5
s19,1752367422.634093,0,4,0.6789631843566895,0.6149399280548096,0.9620850086212158,0.27158527374267577,2.08221797633569,0.0,0.0,0.0,585.8539430765605,708.006355903674,1.75906507174174,0.5
s19,1752367423.634093,0,4,0.6789631843566895,0.6149399280548096,0.9620850086212158,0.27158527374267577,2.08221797633569,0.0,0.0,0.0,585.8539430765605,708.006355903674,1.75906507174174,0.5
s19,1752367424.634093,0,3,0.7306549549102783,0.6665079593658447,0.9620850086212158,0.21919648647308348,2.7762906351142536,0.0,0.0,0.0,524.7777366630037,524.7777366630037,1.415988087654114,0.3333333333333333
s19,1752367425.634093,0,3,0.7306549549102783,0.6665079593658447,0.9620850086212158,0.21919648647308348,2.7762906351142536,0.0,0.0,0.0,524.7777366630037,524.7777366630037,1.415988087654114,0.3333333333333333
s19,1752367426.634093,0,3,0.7306549549102783,0.6665079593658447,0.9620850086212158,0.21919648647308348,2.7762906351142536,0.0,0.0,0.0,524.7777366630037,524.7777366630037,1.415988087654114,0.3333333333333333
s19,1752367427.634093,0,2,0.7627284526824951,0.7627284526824951,0.9620850086212158,0.15254569053649902,3.4573291714848327,0.0,0.0,0.0,125.25573839150046,125.25573839150046,0.3579590320587158,0.5
s19,1752367428.634093,1,2,0.7627284526824951,0.7627284526824951,0.9620850086212158,0.15254569053649902,3.4573291714848327,0.0,0.0,0.0,125.25573839150046,125.25573839150046,0.3579590320587158,0.5
s19,1752367429.634093,1,3,0.8485016822814941,0.9620850086212158,1.0200481414794922,0.25455050468444823,8.210522676953593,0.0,0.0,0.0,218.1568054102052,218.1568054102052,3.155877470970154,0.6666666666666666
s19,1752367430.634093,1,3,0.8544594446818033,0.9620850086212158,1.0200481414794922,0.256337833404541,8.210522676953593,0.0,0.0,0.0,227.4750966401511,227.4750966401511,3.279788374900818,0.6666666666666666
s19,1752367441.634093,0,3,0.566025972366333,0.5059900283813477,0.6953799724578857,0.1698077917098999,0.0,0.0,0.0,0.0,12.041522986797286,12.041522986797286,1.7491869926452637,0.6666666666666666
s19,1752367442.634093,0,3,0.566025972366333,0.5059900283813477,0.6953799724578857,0.1698077917098999,0.0,0.0,0.0,0.0,12.041522986797286,12.041522986797286,1.7491869926452637,0.6666666666666666
s19,1752367443.634093,0,3,0.566025972366333,0.5059900283813477,0.6953799724578857,0.1698077917098999,0.0,0.0,0.0,0.0,12.041522986797286,12.041522986797286,1.7491869926452637,0.6666666666666666
s19,1752367444.634093,0,4,0.7054109573364258,0.6006850004196167,1.123565912246704,0.2821643829345703,3.850730450187341,0.0,0.0,0.0,253.0394730906834,12.083045973594572,2.326720396677653,0.5
s19,1752367445.634093,0,3,0.7087546189626058,0.5059900283813477,1.123565912246704,0.21262638568878173,5.134307266916455,0.0,0.0,0.0,373.5592096360251,373.5592096360251,2.250108122825623,0.3333333333333333
s19,1752367446.634093,0,3,0.7087546189626058,0.5059900283813477,1.123565912246704,0.21262638568878173,5.134307266916455,0.0,0.0,0.0,373.5592096360251,373.5592096360251,2.250108122825623,0.3333333333333333
s19,1752367447.634093,0,3,0.7087546189626058,0.5059900283813477,1.123565912246704,0.21262638568878173,5.134307266916455,0.0,0.0,0.0,373.5592096360251,373.5592096360251,2.250108122825623,0.3333333333333333
s19,1752367448.634093,0,2,0.8101369142532349,0.8101369142532349,1.123565912246704,0.16202738285064697,7.701460900374682,0.0,0.0,0.0,735.0353732984556,735.0353732984556,3.481787204742432,0.0
s19,1752367457.634093,0,2,0.7329304218292236,0.7329304218292236,0.9361820220947266,0.14658608436584472,7.197607627229734,0.0,0.0,0.0,282.00177304407146,282.00177304407146,1.6684470176696775,0.5
s19,1752367458.634093,0,2,0.7329304218292236,0.7329304218292236,0.9361820220947266,0.14658608436584472,7.197607627229734,0.0,0.0,0.0,282.00177304407146,282.00177304407146,1.6684470176696775,0.5
s19,1752367459.634093,0,2,0.7329304218292236,0.7329304218292236,0.9361820220947266,0.14658608436584472,7.197607627229734,0.0,0.0,0.0,282.00177304407146,282.00177304407146,1.6684470176696775,0.5
s19,1752367460.634093,0,2,0.7329304218292236,0.7329304218292236,0.9361820220947266,0.14658608436584472,7.197607627229734,0.0,0.0,0.0,282.00177304407146,282.00177304407146,1.6684470176696775,0.5
s19,1752367461.634093,0,2,0.7329304218292236,0.7329304218292236,0.9361820220947266,0.14658608436584472,7.197607627229734,0.0,0.0,0.0,282.00177304407146,282.00177304407146,1.6684470176696775,0.5
s19,1752367462.634093,0,2,0.7329304218292236,0.7329304218292236,0.9361820220947266,0.14658608436584472,7.197607627229734,0.0,0.0,0.0,282.00177304407146,282.00177304407146,1.6684470176696775,0.5
s19,1752367463.634093,0,2,0.7329304218292236,0.7329304218292236,0.9361820220947266,0.14658608436584472,7.197607627229734,0.0,0.0,0.0,282.00177304407146,282.00177304407146,1.6684470176696775,0.5
s19,1752367465.634093,0,2,0.8179919719696046,0.8179919719696046,1.1063051223754885,0.16359839439392093,8.460385629508858,0.0,0.0,0.0,319.27730893378566,319.27730893378566,6.939269065856934,0.0
s19,1752367466.634093,0,2,0.8179919719696046,0.8179919719696046,1.1063051223754885,0.16359839439392093,8.460385629508858,0.0,0.0,0.0,319.27730893378566,319.27730893378566,6.939269065856934,0.0
s19,1752367467.634093,0,2,0.9652605056762696,0.9652605056762696,1.1063051223754885,0.19305210113525392,11.310824192256703,0.0,0.0,0.0,211.0023696549401,211.0023696549401,0.7121999263763428,0.5
s19,1752367468.634093,0,3,0.9276247024536133,0.8523530960083008,1.1063051223754885,0.278287410736084,11.43578238216183,0.5,0.5,0.0,167.00321731420988,167.00321731420988,0.4400169849395752,0.6666666666666666
s19,1752367469.634093,0,3,0.9276247024536133,0.8523530960083008,1.1063051223754885,0.278287410736084,11.43578238216183,0.5,0.5,0.0,167.00321731420988,167.00321731420988,0.4400169849395752,0.6666666666666666
s19,1752367470.634093,0,3,0.9276247024536133,0.8523530960083008,1.1063051223754885,0.278287410736084,11.43578238216183,0.5,0.5,0.0,167.00321731420988,167.00321731420988,0.4400169849395752,0.6666666666666666
s19,1752367471.634093,0,5,0.7487855911254883,0.8242158889770508,1.1063051223754885,0.37439279556274413,6.861469429297098,0.25,0.25,0.0,267.50602244388034,167.00321731420988,0.7860080003738403,0.8
s19,1752367472.634093,0,5,0.7487855911254883,0.8242158889770508,1.1063051223754885,0.37439279556274413,6.861469429297098,0.25,0.25,0.0,267.50602244388034,167.00321731420988,0.7860080003738403,0.8
s19,1752367473.634093,0,5,0.7487855911254883,0.8242158889770508,1.1063051223754885,0.37439279556274413,6.861469429297098,0.25,0.25,0.0,267.50602244388034,167.00321731420988,0.7860080003738403,0.8
s19,1752367474.634093,0,4,0.6594057083129883,0.6591799259185791,0.8523530960083008,0.2637622833251953,4.346643971866944,0.3333333333333333,0.3333333333333333,0.0,286.3405733735271,123.00406497347964,0.8106106917063395,0.75
s19,1752367475.634093,0,5,0.6316819667816163,0.5207870006561279,0.8523530960083008,0.3158409833908081,3.477315177493555,0.25,0.25,0.0,413.940017787331,415.5108600602906,1.3488580584526062,0.6
s19,1752367476.634093,0,4,0.5835484862327576,0.5074654817581177,0.8523530960083008,0.23341939449310303,2.9214246904930214,0.0,0.0,0.0,510.9186687252814,708.0176551471016,1.742532730102539,0.5
s19,1752367477.634093,0,3,0.49394694964090985,0.4941439628601074,0.5207870006561279,0.14818408489227294,0.0,0.0,0.0,0.0,412.36917551437136,412.36917551437136,1.4818000793457031,0.3333333333333333
s19,1752367478.634093,0,3,0.49394694964090985,0.4941439628601074,0.5207870006561279,0.14818408489227294,0.0,0.0,0.0,0.0,412.36917551437136,412.36917551437136,1.4818000793457031,0.3333333333333333
s19,1752367479.634093,0,3,0.49394694964090985,0.4941439628601074,0.5207870006561279,0.14818408489227294,0.0,0.0,0.0,0.0,412.36917551437136,412.36917551437136,1.4818000793457031,0.3333333333333333
s19,1752367480.634093,0,2,0.49384844303131104,0.49384844303131104,0.5207870006561279,0.0987696886062622,0.0,0.0,0.0,0.0,796.7383510287427,796.7383510287427,2.9636001586914062,0.0
s19,1752367492.634093,0,2,0.5803124904632568,0.5803124904632568,0.6528689861297607,0.11606249809265137,1.0606601717798212,1.0,1.0,0.0,82.37718130647589,82.37718130647589,2.194288969039917,0.5
s19,1752367493.634093,1,2,0.5803124904632568,0.5803124904632568,0.6528689861297607,0.11606249809265137,1.0606601717798212,1.0,1.0,0.0,82.37718130647589,82.37718130647589,2.194288969039917,0.5
s19,1752367494.634093,1,2,0.5803124904632568,0.5803124904632568,0.6528689861297607,0.11606249809265137,1.0606601717798212,1.0,1.0,0.0,82.37718130647589,82.37718130647589,2.194288969039917,0.5
s19,1752367495.634093,1,2,0.5803124904632568,0.5803124904632568,0.6528689861297607,0.11606249809265137,1.0606601717798212,1.0,1.0,0.0,82.37718130647589,82.37718130647589,2.194288969039917,0.5
s19,1752367510.634093,1,2,0.8030459880828857,0.8030459880828857,0.8318688869476318,0.16060919761657716,0.25,0.0,0.0,0.0,1109.6778811889512,1109.6778811889512,7.406760931015015,0.0
s19,1752367523.634093,0,2,0.8268780708312988,0.8268780708312988,1.1133060455322266,0.16537561416625976,7.251077506136588,0.0,0.0,0.0,220.02045359466013,220.02045359466013,0.7063348293304443,0.5
s19,1752367524.634093,0,2,0.8268780708312988,0.8268780708312988,1.1133060455322266,0.16537561416625976,7.251077506136588,0.0,0.0,0.0,220.02045359466013,220.02045359466013,0.7063348293304443,0.5
s19,1752367525.634093,0,2,0.8268780708312988,0.8268780708312988,1.1133060455322266,0.16537561416625976,7.251077506136588,0.0,0.0,0.0,220.02045359466013,220.02045359466013,0.7063348293304443,0.5
s20,1752367868.278571,0,3,0.7903140385945638,0.6079409122467041,1.2890701293945312,0.23709421157836913,2.288255036290997,0.5,0.0,0.5,355.6450674649648,355.6450674649648,3.242699980735779,0.3333333333333333
s20,1752367869.278571,0,2,0.5409359931945801,0.5409359931945801,0.6079409122467041,0.10818719863891602,0.0,0.0,0.0,0.0,223.1815404552984,223.1815404552984,2.6102170944213867,0.0
s20,1752367870.278571,0,2,0.5409359931945801,0.5409359931945801,0.6079409122467041,0.10818719863891602,0.0,0.0,0.0,0.0,223.1815404552984,223.1815404552984,2.6102170944213867,0.0
s20,1752367871.278571,0,3,0.6135393778483073,0.6079409122467041,0.7587461471557617,0.18406181335449218,0.0,0.0,0.0,0.0,486.23727027803005,486.23727027803005,2.9138280153274536,0.0
s20,1752367872.278571,0,3,0.6135393778483073,0.6079409122467041,0.7587461471557617,0.18406181335449218,0.0,0.0,0.0,0.0,486.23727027803005,486.23727027803005,2.9138280153274536,0.0
s20,1752367873.278571,0,3,0.6135393778483073,0.6079409122467041,0.7587461471557617,0.18406181335449218,0.0,0.0,0.0,0.0,486.23727027803005,486.23727027803005,2.9138280153274536,0.0
s20,1752367874.278571,0,2,0.6833435297012329,0.6833435297012329,0.7587461471557617,0.13666870594024658,0.0,0.0,0.0,0.0,749.2930001007617,749.2930001007617,3.2174389362335205,0.0
s20,1752367875.278571,0,2,0.6833435297012329,0.6833435297012329,0.7587461471557617,0.13666870594024658,0.0,0.0,0.0,0.0,749.2930001007617,749.2930001007617,3.2174389362335205,0.0
s20,1752367876.278571,0,2,0.6833435297012329,0.6833435297012329,0.7587461471557617,0.13666870594024658,0.0,0.0,0.0,0.0,749.2930001007617,749.2930001007617,3.2174389362335205,0.0
s20,1752367879.278571,0,2,0.6846326589584351,0.6846326589584351,0.7587461471557617,0.136926531791687,0.0,0.0,0.0,0.0,1223.4185710540771,1223.4185710540771,6.739503860473633,0.5
s20,1752367880.278571,0,2,0.6846326589584351,0.6846326589584351,0.7587461471557617,0.136926531791687,0.0,0.0,0.0,0.0,1223.4185710540771,1223.4185710540771,6.739503860473633,0.5
s20,1752367882.278571,0,2,0.7608915567398071,0.7608915567398071,0.911263942718506,0.15217831134796142,1.9525624189766635,1.0,1.0,0.0,1227.0199672376973,1227.0199672376973,2.3380489349365234,0.5
s20,1752367883.278571,0,2,0.7608915567398071,0.7608915567398071,0.911263942718506,0.15217831134796142,1.9525624189766635,1.0,1.0,0.0,1227.0199672376973,1227.0199672376973,2.3380489349365234,0.5
s20,1752367884.278571,0,2,0.7608915567398071,0.7608915567398071,0.911263942718506,0.15217831134796142,1.9525624189766635,1.0,1.0,0.0,1227.0199672376973,1227.0199672376973,2.3380489349365234,0.5
s20,1752367885.278571,0,2,0.7608915567398071,0.7608915567398071,0.911263942718506,0.15217831134796142,1.9525624189766635,1.0,1.0,0.0,1227.0199672376973,1227.0199672376973,2.3380489349365234,0.5
s20,1752367886.278571,0,2,0.7608915567398071,0.7608915567398071,0.911263942718506,0.15217831134796142,1.9525624189766635,1.0,1.0,0.0,1227.0199672376973,1227.0199672376973,2.3380489349365234,0.5
s20,1752367887.278571,0,2,0.7608915567398071,0.7608915567398071,0.911263942718506,0.15217831134796142,1.9525624189766635,1.0,1.0,0.0,1227.0199672376973,1227.0199672376973,2.3380489349365234,0.5
s20,1752367897.278571,0,2,0.6349709033966064,0.6349709033966064,0.6506338119506836,0.12699418067932128,0.0,0.0,0.0,0.0,628.4584314017912,628.4584314017912,4.80787205696106,0.0
s20,1752367898.278571,0,2,0.6349709033966064,0.6349709033966064,0.6506338119506836,0.12699418067932128,0.0,0.0,0.0,0.0,628.4584314017912,628.4584314017912,4.80787205696106,0.0
s20,1752367899.278571,0,2,0.6349709033966064,0.6349709033966064,0.6506338119506836,0.12699418067932128,0.0,0.0,0.0,0.0,628.4584314017912,628.4584314017912,4.80787205696106,0.0
s20,1752367900.278571,0,2,0.6349709033966064,0.6349709033966064,0.6506338119506836,0.12699418067932128,0.0,0.0,0.0,0.0,628.4584314017912,628.4584314017912,4.80787205696106,0.0
s20,1752367903.278571,0,2,0.6326918601989746,0.6326918601989746,0.6506338119506836,0.12653837203979493,0.0,0.0,0.0,0.0,651.5581324793667,651.5581324793667,4.944804191589356,0.0
s20,1752367904.278571,0,2,0.6326918601989746,0.6326918601989746,0.6506338119506836,0.12653837203979493,0.0,0.0,0.0,0.0,651.5581324793667,651.5581324793667,4.944804191589356,0.0
s20,1752367905.278571,0,2,0.6326918601989746,0.6326918601989746,0.6506338119506836,0.12653837203979493,0.0,0.0,0.0,0.0,651.5581324793667,651.5581324793667,4.944804191589356,0.0
s20,1752367914.278571,0,2,0.6229236125946045,0.6229236125946045,0.7411670684814453,0.1245847225189209,0.7905694150420949,0.0,0.0,0.0,1477.3046402147393,1477.3046402147393,1.974547863006592,0.5
s20,1752367915.278571,0,2,0.6229236125946045,0.6229236125946045,0.7411670684814453,0.1245847225189209,0.7905694150420949,0.0,0.0,0.0,1477.3046402147393,1477.3046402147393,1.974547863006592,0.5
s20,1752367916.278571,0,2,0.6229236125946045,0.6229236125946045,0.7411670684814453,0.1245847225189209,0.7905694150420949,0.0,0.0,0.0,1477.3046402147393,1477.3046402147393,1.974547863006592,0.5
s20,1752367917.278571,0,2,0.6229236125946045,0.6229236125946045,0.7411670684814453,0.1245847225189209,0.7905694150420949,0.0,0.0,0.0,1477.3046402147393,1477.3046402147393,1.974547863006592,0.5
s20,1752367918.278571,0,2,0.6229236125946045,0.6229236125946045,0.7411670684814453,0.1245847225189209,0.7905694150420949,0.0,0.0,0.0,1477.3046402147393,1477.3046402147393,1.974547863006592,0.5
s20,1752367919.278571,0,2,0.6229236125946045,0.6229236125946045,0.7411670684814453,0.1245847225189209,0.7905694150420949,0.0,0.0,0.0,1477.3046402147393,1477.3046402147393,1.974547863006592,0.5
s20,1752367920.278571,0,2,0.6229236125946045,0.6229236125946045,0.7411670684814453,0.1245847225189209,0.7905694150420949,0.0,0.0,0.0,1477.3046402147393,1477.3046402147393,1.974547863006592,0.5
s20,1752367923.278571,0,2,0.6891195774078369,0.6891195774078369,0.8735589981079102,0.1378239154815674,6.508541396588879,0.0,0.0,0.0,63.788713735268246,63.788713735268246,7.429240942001343,0.0
s20,1752367927.278571,0,2,1.043375015258789,1.043375015258789,1.213191032409668,0.20867500305175782,8.412484673054855,0.0,0.0,0.0,508.7710683598272,508.7710683598272,2.9237759113311768,0.0
s20,1752367928.278571,0,2,1.043375015258789,1.043375015258789,1.213191032409668,0.20867500305175782,8.412484673054855,0.0,0.0,0.0,508.7710683598272,508.7710683598272,2.9237759113311768,0.0
s20,1752367929.278571,0,2,1.043375015258789,1.043375015258789,1.213191032409668,0.20867500305175782,8.412484673054855,0.0,0.0,0.0,508.7710683598272,508.7710683598272,2.9237759113311768,0.0
s20,1752367930.278571,0,3,0.8776342868804932,0.8735589981079102,1.213191032409668,0.26329028606414795,5.608323115369903,0.0,0.0,0.0,724.4025551483036,724.4025551483036,2.999124526977539,0.3333333333333333
s20,1752367931.278571,0,3,0.8776342868804932,0.8735589981079102,1.213191032409668,0.26329028606414795,5.608323115369903,0.0,0.0,0.0,724.4025551483036,724.4025551483036,2.999124526977539,0.3333333333333333
s20,1752367932.278571,0,2,0.8796719312667847,0.8796719312667847,1.213191032409668,0.17593438625335694,1.9039432764659767,0.0,0.0,0.0,940.03404193678,940.03404193678,3.0744731426239014,0.5
s20,1752367933.278571,0,3,0.7634929815928141,0.5461528301239014,1.213191032409668,0.22904789447784424,1.2692955176439844,0.5,0.5,0.0,1079.0203050317848,1079.0203050317848,2.508785128593445,0.6666666666666666
s20,1752367934.278571,0,4,0.7033529877662659,0.5386439561843872,1.213191032409668,0.28134119510650635,0.9519716382329884,0.3333333333333333,0.3333333333333333,0.0,760.0149027851297,940.03404193678,1.8412206967671711,0.75
s20,1752367935.278571,1,5,0.7211857795715332,0.5461528301239014,1.213191032409668,0.3605928897857666,3.5776028786521357,0.5,0.5,0.0,588.7878248194727,531.0190701142999,1.4287875294685364,0.8
s20,1752367936.278571,1,4,0.5981844663619995,0.5386439561843872,0.7925169467926025,0.2392737865447998,3.520031960082181,0.6666666666666666,0.6666666666666666,0.0,471.70575244703696,122.00409829181967,0.880225658416748,0.75
s20,1752367937.278571,1,4,0.5981844663619995,0.5386439561843872,0.7925169467926025,0.2392737865447998,3.520031960082181,0.6666666666666666,0.6666666666666666,0.0,471.70575244703696,122.00409829181967,0.880225658416748,0.75
s20,1752367948.278571,0,3,0.5647987524668375,0.5870471000671387,0.5901470184326172,0.16943962574005128,0.0,0.0,0.0,0.0,214.30597456697575,214.30597456697575,1.1204484701156616,0.6666666666666666
s20,1752367949.278571,0,3,0.5647987524668375,0.5870471000671387,0.5901470184326172,0.16943962574005128,0.0,0.0,0.0,0.0,214.30597456697575,214.30597456697575,1.1204484701156616,0.6666666666666666
s20,1752367950.278571,0,3,0.5647987524668375,0.5870471000671387,0.5901470184326172,0.16943962574005128,0.0,0.0,0.0,0.0,214.30597456697575,214.30597456697575,1.1204484701156616,0.6666666666666666
s20,1752367951.278571,0,3,0.5647987524668375,0.5870471000671387,0.5901470184326172,0.16943962574005128,0.0,0.0,0.0,0.0,214.30597456697575,214.30597456697575,1.1204484701156616,0.6666666666666666
s20,1752367952.278571,0,4,0.6817648410797119,0.5885970592498779,1.032663106918335,0.2727059364318848,3.834465412544492,0.0,0.0,0.0,261.99057061271617,357.359762704197,2.0835392475128174,0.5
s20,1752367953.278571,0,3,0.7133374214172363,0.5901470184326172,1.032663106918335,0.2140012264251709,5.112620550059323,0.0,0.0,0.0,378.6855062729992,378.6855062729992,3.125308871269226,0.3333333333333333
s20,1752367954.278571,0,2,0.7749326229095459,0.7749326229095459,1.032663106918335,0.15498652458190917,7.668930825088984,0.0,0.0,0.0,357.359762704197,357.359762704197,4.009720802307129,0.0
s20,1752367955.278571,0,2,0.7749326229095459,0.7749326229095459,1.032663106918335,0.15498652458190917,7.668930825088984,0.0,0.0,0.0,357.359762704197,357.359762704197,4.009720802307129,0.0
s20,1752367956.278571,0,2,0.7749326229095459,0.7749326229095459,1.032663106918335,0.15498652458190917,7.668930825088984,0.0,0.0,0.0,357.359762704197,357.359762704197,4.009720802307129,0.0
s20,1752367968.278571,0,2,1.1626869440078735,1.1626869440078735,1.3802340030670166,0.2325373888015747,15.540442462749992,0.0,0.0,0.0,66.0,66.0,6.26348614692688,0.0
s20,1752367969.278571,0,2,1.1626869440078735,1.1626869440078735,1.3802340030670166,0.2325373888015747,15.540442462749992,0.0,0.0,0.0,66.0,66.0,6.26348614692688,0.0
s20,1752367972.278571,0,2,0.9959064722061157,0.9959064722061157,1.3802340030670166,0.19918129444122315,9.10054943396276,0.0,0.0,0.0,789.0158426799807,789.0158426799807,2.758023977279663,0.5
s20,1752367973.278571,0,2,0.9959064722061157,0.9959064722061157,1.3802340030670166,0.19918129444122315,9.10054943396276,0.0,0.0,0.0,789.0158426799807,789.0158426799807,2.758023977279663,0.5
s20,1752367974.278571,0,2,0.9959064722061157,0.9959064722061157,1.3802340030670166,0.19918129444122315,9.10054943396276,0.0,0.0,0.0,789.0158426799807,789.0158426799807,2.758023977279663,0.5
s20,1752367975.278571,0,2,0.9959064722061157,0.9959064722061157,1.3802340030670166,0.19918129444122315,9.10054943396276,0.0,0.0,0.0,789.0158426799807,789.0158426799807,2.758023977279663,0.5
s20,1752367976.278571,0,3,0.8783456484476725,0.6432240009307861,1.3802340030670166,0.2635036945343018,7.7667061271727675,0.0,0.0,0.0,803.1853613828682,803.1853613828682,3.4215245246887207,0.3333333333333333
s20,1752367977.278571,0,2,0.6274014711380005,0.6274014711380005,0.6432240009307861,0.1254802942276001,2.5495097567963922,0.0,0.0,0.0,817.3548800857557,817.3548800857557,4.085025072097778,0.0
s20,1752367978.278571,0,2,0.6274014711380005,0.6274014711380005,0.6432240009307861,0.1254802942276001,2.5495097567963922,0.0,0.0,0.0,817.3548800857557,817.3548800857557,4.085025072097778,0.0
s20,1752367979.278571,0,3,0.6170666217803955,0.6115789413452148,0.6432240009307861,0.18511998653411865,1.6996731711975948,0.0,0.0,0.0,567.178228684449,567.178228684449,3.1288745403289795,0.3333333333333333
s20,1752367980.278571,0,3,0.6170666217803955,0.6115789413452148,0.6432240009307861,0.18511998653411865,1.6996731711975948,0.0,0.0,0.0,567.178228684449,567.178228684449,3.1288745403289795,0.3333333333333333
s20,1752367981.278571,0,2,0.6198104619979858,0.6198104619979858,0.6432240009307861,0.12396209239959717,2.5495097567963922,0.0,0.0,0.0,317.00157728314224,317.00157728314224,2.1727240085601807,0.5
s20,1752367982.278571,0,2,0.6198104619979858,0.6198104619979858,0.6432240009307861,0.12396209239959717,2.5495097567963922,0.0,0.0,0.0,317.00157728314224,317.00157728314224,2.1727240085601807,0.5
s20,1752367983.278571,0,2,0.6198104619979858,0.6198104619979858,0.6432240009307861,0.12396209239959717,2.5495097567963922,0.0,0.0,0.0,317.00157728314224,317.00157728314224,2.1727240085601807,0.5
s20,1752367984.278571,0,2,0.6198104619979858,0.6198104619979858,0.6432240009307861,0.12396209239959717,2.5495097567963922,0.0,0.0,0.0,317.00157728314224,317.00157728314224,2.1727240085601807,0.5
s20,1752367985.278571,0,3,0.5974052747090658,0.5963969230651855,0.6432240009307861,0.17922158241271974,1.6996731711975948,0.0,0.0,0.0,731.5376548203537,731.5376548203537,3.832877516746521,0.6666666666666666
s20,1752367986.278571,0,2,0.5744959115982056,0.5744959115982056,0.5963969230651855,0.11489918231964111,0.0,0.0,0.0,0.0,1146.0737323575652,1146.0737323575652,5.493031024932861,0.5
s20,1752367987.278571,0,2,0.5744959115982056,0.5744959115982056,0.5963969230651855,0.11489918231964111,0.0,0.0,0.0,0.0,1146.0737323575652,1146.0737323575652,5.493031024932861,0.5
s20,1752367988.278571,0,2,0.5744959115982056,0.5744959115982056,0.5963969230651855,0.11489918231964111,0.0,0.0,0.0,0.0,1146.0737323575652,1146.0737323575652,5.493031024932861,0.5
s20,1752367991.278571,0,2,0.5425764322280884,0.5425764322280884,0.5525949001312256,0.10851528644561767,0.0,0.0,0.0,0.0,98.351410767716,98.351410767716,5.28456711769104,0.0
s20,1752367992.278571,0,3,0.5522779623667399,0.5525949001312256,0.571681022644043,0.16568338871002197,0.0,0.0,0.0,0.0,80.65982836672033,80.65982836672033,2.828138589859009,0.3333333333333333
s20,1752367993.278571,0,3,0.5522779623667399,0.5525949001312256,0.571681022644043,0.16568338871002197,0.0,0.0,0.0,0.0,80.65982836672033,80.65982836672033,2.828138589859009,0.3333333333333333
s20,1752367994.278571,0,3,0.5522779623667399,0.5525949001312256,0.571681022644043,0.16568338871002197,0.0,0.0,0.0,0.0,80.65982836672033,80.65982836672033,2.828138589859009,0.3333333333333333
s20,1752367995.278571,0,3,0.5381197134653727,0.5325579643249512,0.571681022644043,0.16143591403961183,0.0,0.5,0.0,0.5,521.7452778789034,521.7452778789034,1.2263959646224976,0.3333333333333333
s20,1752367996.278571,0,3,0.5381197134653727,0.5325579643249512,0.571681022644043,0.16143591403961183,0.0,0.5,0.0,0.5,521.7452778789034,521.7452778789034,1.2263959646224976,0.3333333333333333
s20,1752367997.278571,0,3,0.5381197134653727,0.5325579643249512,0.571681022644043,0.16143591403961183,0.0,0.5,0.0,0.5,521.7452778789034,521.7452778789034,1.2263959646224976,0.3333333333333333
s20,1752367998.278571,0,3,0.5381197134653727,0.5325579643249512,0.571681022644043,0.16143591403961183,0.0,0.5,0.0,0.5,521.7452778789034,521.7452778789034,1.2263959646224976,0.3333333333333333
s20,1752367999.278571,0,3,0.5381197134653727,0.5325579643249512,0.571681022644043,0.16143591403961183,0.0,0.5,0.0,0.5,521.7452778789034,521.7452778789034,1.2263959646224976,0.3333333333333333
s20,1752368000.278571,0,3,0.6598850091298422,0.571681022644043,0.8978538513183594,0.19796550273895264,2.3438914566365527,0.5,0.0,0.5,518.2120046147885,518.2120046147885,3.1837754249572754,0.3333333333333333
s20,1752368001.278571,0,3,0.7278260389963785,0.7755041122436523,0.8978538513183594,0.21834781169891357,3.880482199518701,0.0,0.0,0.0,40.80580985092981,40.80580985092981,2.1432344913482666,0.6666666666666666
s20,1752368002.278571,0,4,0.7256602644920349,0.7473335266113281,0.8978538513183594,0.29026410579681394,2.9103616496390257,0.0,0.0,0.0,72.59721586870039,55.90169943749474,1.5489163398742676,0.75
s20,1752368003.278571,0,5,0.8064380168914795,0.7755041122436523,1.1295490264892578,0.40321900844573977,5.370081554562246,0.25,0.25,0.0,82.20241604049343,83.45985799668367,1.1616872549057007,0.8
s20,1752368004.278571,1,4,0.8805174827575684,0.8366789817810059,1.1295490264892578,0.35220699310302733,6.712601943202808,0.3333333333333333,0.3333333333333333,0.0,90.96932157482634,111.0180165558726,0.12009334564208983,0.75
s20,1752368005.278571,1,4,0.8805174827575684,0.8366789817810059,1.1295490264892578,0.35220699310302733,6.712601943202808,0.3333333333333333,0.3333333333333333,0.0,90.96932157482634,111.0180165558726,0.12009334564208983,0.75
s20,1752368006.278571,1,4,0.8805174827575684,0.8366789817810059,1.1295490264892578,0.35220699310302733,6.712601943202808,0.3333333333333333,0.3333333333333333,0.0,90.96932157482634,111.0180165558726,0.12009334564208983,0.75
s20,1752368028.278571,0,2,1.138769507408142,1.138769507408142,1.469393968582153,0.2277539014816284,17.998385357075176,1.0,1.0,0.0,127.3184982632139,127.3184982632139,0.3233530521392822,0.5
s20,1752368029.278571,0,2,1.138769507408142,1.138769507408142,1.469393968582153,0.2277539014816284,17.998385357075176,1.0,1.0,0.0,127.3184982632139,127.3184982632139,0.3233530521392822,0.5
s20,1752368030.278571,0,2,1.138769507408142,1.138769507408142,1.469393968582153,0.2277539014816284,17.998385357075176,1.0,1.0,0.0,127.3184982632139,127.3184982632139,0.3233530521392822,0.5
s20,1752368031.278571,0,2,1.138769507408142,1.138769507408142,1.469393968582153,0.2277539014816284,17.998385357075176,1.0,1.0,0.0,127.3184982632139,127.3184982632139,0.3233530521392822,0.5
s20,1752368032.278571,0,3,0.9916942914326986,0.8081450462341309,1.469393968582153,0.29750828742980956,11.99892357138345,1.0,1.0,0.0,370.16577434762905,370.16577434762905,2.7805495262145996,0.6666666666666666
s20,1752368033.278571,0,3,0.9916942914326986,0.8081450462341309,1.469393968582153,0.29750828742980956,11.99892357138345,1.0,1.0,0.0,370.16577434762905,370.16577434762905,2.7805495262145996,0.6666666666666666
s20,1752368034.278571,0,2,1.0834689140319824,1.0834689140319824,1.469393968582153,0.21669378280639648,3.1313823713426823,1.0,1.0,0.0,613.0130504320442,613.0130504320442,5.237746000289917,0.5
s20,1752368037.278571,0,2,0.6062244176864624,0.6062244176864624,0.6975438594818115,0.12124488353729249,0.0,0.0,0.0,0.0,156.85024705112835,156.85024705112835,3.804113149642944,0.0
s20,1752368038.278571,0,2,0.6062244176864624,0.6062244176864624,0.6975438594818115,0.12124488353729249,0.0,0.0,0.0,0.0,156.85024705112835,156.85024705112835,3.804113149642944,0.0
s20,1752368039.278571,0,2,0.6062244176864624,0.6062244176864624,0.6975438594818115,0.12124488353729249,0.0,0.0,0.0,0.0,156.85024705112835,156.85024705112835,3.804113149642944,0.0
s20,1752368040.278571,0,2,0.6062244176864624,0.6062244176864624,0.6975438594818115,0.12124488353729249,0.0,0.0,0.0,0.0,156.85024705112835,156.85024705112835,3.804113149642944,0.0
s20,1752368041.278571,0,2,0.6062244176864624,0.6062244176864624,0.6975438594818115,0.12124488353729249,0.0,0.0,0.0,0.0,156.85024705112835,156.85024705112835,3.804113149642944,0.0
s20,1752368043.278571,0,3,0.5677599906921387,0.5149049758911133,0.708608865737915,0.1703279972076416,0.6666666666666666,0.0,0.0,0.0,95.09329395784661,95.09329395784661,2.7495834827423096,0.3333333333333333
s20,1752368044.278571,0,3,0.5677599906921387,0.5149049758911133,0.708608865737915,0.1703279972076416,0.6666666666666666,0.0,0.0,0.0,95.09329395784661,95.09329395784661,2.7495834827423096,0.3333333333333333
s20,1752368045.278571,0,3,0.5677599906921387,0.5149049758911133,0.708608865737915,0.1703279972076416,0.6666666666666666,0.0,0.0,0.0,95.09329395784661,95.09329395784661,2.7495834827423096,0.3333333333333333
s20,1752368046.278571,0,2,0.5941874980926514,0.5941874980926514,0.708608865737915,0.11883749961853027,1.0,0.0,0.0,0.0,121.59358535712316,121.59358535712316,0.0,0.5
s20,1752368047.278571,0,3,0.7454606691996256,0.708608865737915,1.0480070114135742,0.2236382007598877,9.00041665625052,0.0,0.0,0.0,480.2979845719816,480.2979845719816,1.480273962020874,0.6666666666666666
s20,1752368048.278571,0,4,0.7446925044059753,0.7254984378814697,1.0480070114135742,0.2978770017623901,6.75031249218789,0.3333333333333333,0.3333333333333333,0.0,339.6351626974721,121.59358535712316,0.986849308013916,0.75
s20,1752368049.278571,0,4,0.7446925044059753,0.7254984378814697,1.0480070114135742,0.2978770017623901,6.75031249218789,0.3333333333333333,0.3333333333333333,0.0,339.6351626974721,121.59358535712316,0.986849308013916,0.75
s20,1752368050.278571,0,4,0.7446925044059753,0.7254984378814697,1.0480070114135742,0.2978770017623901,6.75031249218789,0.3333333333333333,0.3333333333333333,0.0,339.6351626974721,121.59358535712316,0.986849308013916,0.75
s20,1752368051.278571,0,5,0.7690176010131836,0.7423880100250244,1.0480070114135742,0.3845088005065918,8.202035138974692,0.25,0.25,0.0,270.22838802103155,91.80082467441657,1.1309247612953186,0.8
s20,1752368052.278571,1,5,0.784436845779419,0.7857050895690918,1.0480070114135742,0.3922184228897095,8.002035138974692,0.25,0.25,0.0,322.8676337484665,197.0793161292865,1.310634970664978,0.8
s20,1752368053.278571,1,4,0.8606045246124268,0.8260115385055542,1.0480070114135742,0.3442418098449707,10.002543923718365,0.3333333333333333,0.3333333333333333,0.0,150.82271706900866,62.00806399170998,0.7606639862060547,0.75
s20,1752368054.278571,1,4,0.8606045246124268,0.8260115385055542,1.0480070114135742,0.3442418098449707,10.002543923718365,0.3333333333333333,0.3333333333333333,0.0,150.82271706900866,62.00806399170998,0.7606639862060547,0.75
s21,1791303761.955154,0,6,0.40869712829589844,0.3511813879013061,0.5999810695648193,0.24521827697753906,6.907691342630226,0.2,0.0,0.2,155.76361317024663,33.61547262794322,1.4932006359100343,0.5
s21,1791303762.955154,0,5,0.3801919460296631,0.35170578956604,0.4498758316040039,0.19009597301483155,4.831686496327672,0.0,0.0,0.0,86.81747090221796,27.22838795203335,0.6499150395393372,0.6
s21,1791303763.955154,0,6,0.3751094738642375,0.35088491439819336,0.4498758316040039,0.22506568431854249,4.026405413606393,0.0,0.0,0.0,108.65601748497954,28.284271247461906,0.6498378276824951,0.6666666666666666
s21,1791303764.955154,0,7,0.41429311888558523,0.35170578956604,0.6493949890136719,0.29000518321990965,5.941020632123704,0.0,0.0,0.0,99.91714310206335,42.25352121747215,0.5833396911621094,0.7142857142857143
s21,1791303765.955154,0,7,0.41429311888558523,0.35170578956604,0.6493949890136719,0.29000518321990965,5.941020632123704,0.0,0.0,0.0,99.91714310206335,42.25352121747215,0.5833396911621094,0.7142857142857143
s21,1791303766.955154,0,8,0.41868922114372253,0.39997994899749756,0.6493949890136719,0.334951376914978,6.828193654408903,0.0,0.0,0.0,168.34114200336325,56.22277118748239,0.7714695930480957,0.625
s21,1791303767.955154,0,8,0.41868922114372253,0.39997994899749756,0.6493949890136719,0.334951376914978,6.828193654408903,0.0,0.0,0.0,168.34114200336325,56.22277118748239,0.7714695930480957,0.625
s21,1791303768.955154,0,7,0.41423399107796804,0.35170578956604,0.6493949890136719,0.28996379375457765,5.436786815641476,0.0,0.0,0.0,194.5952233661918,126.11648750175411,0.6749241749445597,0.5714285714285714
s21,1791303769.955154,0,6,0.4249289830525716,0.39997994899749756,0.6493949890136719,0.254957389831543,6.342917951581722,0.0,0.0,0.0,177.1149772637475,56.22277118748239,0.5601253986358643,0.6666666666666666
s21,1791303770.955154,0,6,0.4249289830525716,0.39997994899749756,0.6493949890136719,0.254957389831543,6.342917951581722,0.0,0.0,0.0,177.1149772637475,56.22277118748239,0.5601253986358643,0.6666666666666666
s21,1791303771.955154,0,5,0.6642931938171387,0.4494619369506836,1.5718519687652588,0.33214659690856935,8.073370824777346,0.0,0.0,0.0,527.9445241288969,387.4476696135942,1.4254257678985596,0.4
s21,1791303772.955154,0,4,0.7551015019416809,0.5494284629821777,1.5718519687652588,0.3020406007766724,10.091713530971683,0.0,0.0,0.0,638.5892975665206,578.8851354111625,1.6840580304463704,0.25
s21,1791303773.955154,0,3,0.8569106260935465,0.5494179725646973,1.5718519687652588,0.257073187828064,11.813647289043162,0.5,0.0,0.5,1054.5388775519862,1054.5388775519862,2.02293598651886,0.3333333333333333
s21,1791303774.955154,0,4,0.8677952289581299,0.7249335050582886,1.5718519687652588,0.34711809158325196,15.557497319698864,0.6666666666666666,0.3333333333333333,0.3333333333333333,904.4588407571132,828.4177690030556,1.4319973786671956,0.5
s21,1791303775.955154,0,4,0.8677952289581299,0.7249335050582886,1.5718519687652588,0.34711809158325196,15.557497319698864,0.6666666666666666,0.3333333333333333,0.3333333333333333,904.4588407571132,828.4177690030556,1.4319973786671956,0.5
s21,1791303776.955154,0,4,0.8554827570915222,0.7249335050582886,1.5718519687652588,0.34219310283660886,12.42289611709754,0.6666666666666666,0.3333333333333333,0.3333333333333333,607.2833964342027,604.2987671673673,1.1647839546203613,0.25
s21,1791303777.955154,1,4,0.8554827570915222,0.7249335050582886,1.5718519687652588,0.34219310283660886,12.42289611709754,0.6666666666666666,0.3333333333333333,0.3333333333333333,607.2833964342027,604.2987671673673,1.1647839546203613,0.25
s21,1791303778.955154,1,5,0.8046720027923584,0.6014289855957031,1.5718519687652588,0.4023360013961792,11.037481697202114,0.75,0.5,0.25,554.8937421288928,501.01177319016506,1.1736029982566833,0.2
s21,1791303779.955154,1,4,0.6128770112991333,0.5754234790802002,0.9004490375518799,0.24515080451965332,11.321917778939174,0.6666666666666666,0.6666666666666666,0.0,463.71906650417185,397.7247792129628,1.1832053661346436,0.25
s21,1791303799.955154,0,4,0.5504449605941772,0.5253939628601074,0.8495700359344482,0.2201779842376709,5.276793786238521,0.6666666666666666,0.0,0.6666666666666666,400.51525598352873,586.2985587565435,1.566435734430949,0.25
s21,1791303800.955154,0,5,0.5103073596954346,0.4009640216827392,0.8495700359344482,0.2551536798477173,4.2214350289908165,0.5,0.0,0.5,317.15322462475376,326.68284465248615,1.424716055393219,0.4
s21,1791303801.955154,0,5,0.5103073596954346,0.4009640216827392,0.8495700359344482,0.2551536798477173,4.2214350289908165,0.5,0.0,0.5,317.15322462475376,326.68284465248615,1.424716055393219,0.4
s21,1791303802.955154,0,4,0.48793768882751465,0.4997904300689697,0.6507480144500732,0.19517507553100585,8.158944543660706,0.0,0.0,0.0,254.5182587973513,108.25894882179486,1.2324703534444172,0.0
s21,1791303803.955154,0,4,0.48793768882751465,0.4997904300689697,0.6507480144500732,0.19517507553100585,8.158944543660706,0.0,0.0,0.0,254.5182587973513,108.25894882179486,1.2324703534444172,0.0
s21,1791303804.955154,0,4,0.48793768882751465,0.4997904300689697,0.6507480144500732,0.19517507553100585,8.158944543660706,0.0,0.0,0.0,254.5182587973513,108.25894882179486,1.2324703534444172,0.0
s21,1791303805.955154,0,5,0.5208691596984864,0.6498239040374756,0.652595043182373,0.2604345798492432,11.302773983608132,0.0,0.0,0.0,199.49828177687476,87.66303968511187,1.5160732865333557,0.0
s21,1791303806.955154,0,5,0.5208691596984864,0.6498239040374756,0.652595043182373,0.2604345798492432,11.302773983608132,0.0,0.0,0.0,199.49828177687476,87.66303968511187,1.5160732865333557,0.0
s21,1791303807.955154,0,5,0.5009369850158691,0.5501630306243896,0.652595043182373,0.25046849250793457,11.646459577785809,0.0,0.0,0.0,162.7319162953128,87.66303968511187,1.5656062364578247,0.0
s21,1791303808.955154,0,6,0.46730148792266846,0.44995999336242676,0.652595043182373,0.28038089275360106,9.705382981488174,0.2,0.2,0.0,209.61704947339635,108.25894882179486,1.1725654125213623,0.16666666666666666
s21,1791303809.955154,0,7,0.45770440782819477,0.4001219272613525,0.652595043182373,0.32039308547973633,9.127021734060204,0.16666666666666666,0.16666666666666666,0.0,180.0246144084574,71.34864976861999,0.9771378437678019,0.2857142857142857
s21,1791303810.955154,0,6,0.4756956497828166,0.4751424789428711,0.652595043182373,0.28541738986968995,10.648192023070239,0.2,0.2,0.0,194.37774752578997,34.438350715445125,0.8226846218109131,0.3333333333333333
s21,1791303811.955154,0,8,0.506852000951767,0.5250405073165894,0.7007241249084473,0.4054816007614136,9.47790666680589,0.14285714285714285,0.14285714285714285,0.0,180.05519380939583,34.438350715445125,0.7875594411577497,0.375
s21,1791303812.955154,0,7,0.48629542759486605,0.499917984008789,0.7007241249084473,0.34040679931640627,7.965557675890421,0.16666666666666666,0.16666666666666666,0.0,204.32466765838763,147.2800290602919,0.5243390003840128,0.42857142857142855
s21,1791303813.955154,0,8,0.463144987821579,0.45001995563507075,0.7007241249084473,0.3705159902572632,6.9698629664041185,0.14285714285714285,0.14285714285714285,0.0,222.42308583390044,262.497619036821,0.677828141621181,0.5
s21,1791303814.955154,0,9,0.4673836761050754,0.499917984008789,0.7007241249084473,0.4206453084945679,7.7124158071037545,0.125,0.125,0.0,285.3507420957697,296.75560696189916,0.6867351233959198,0.4444444444444444
s21,1791303815.955154,0,9,0.42815113067626953,0.4001219272613525,0.7007241249084473,0.38533601760864256,5.059294502281772,0.125,0.125,0.0,253.60739424238324,224.85703565265575,0.6122244894504547,0.5555555555555556
s21,1791303816.955154,1,8,0.4128996431827545,0.3506069183349609,0.7007241249084473,0.3303197145462036,3.905474247277362,0.0,0.0,0.0,227.5192058864152,187.2164522684905,0.6139766829354423,0.625
s21,1791303817.955154,1,9,0.4388267993927002,0.4001219272613525,0.7007241249084473,0.39494411945343016,4.1958884870468385,0.0,0.0,0.0,219.64816814787204,175.88367812328022,0.7126937210559845,0.5555555555555556
s21,1791303818.955154,1,6,0.49146223068237305,0.500605583190918,0.7007241249084473,0.2948773384094238,5.351023688988195,0.0,0.0,0.0,286.9250574124785,187.2164522684905,0.8604113578796386,0.5
s21,1791303837.955154,0,7,0.6357075827462333,0.6002490520477295,1.200026035308838,0.4449953079223633,9.771552334005992,0.0,0.0,0.0,225.2813629214885,71.61591119873674,0.6501936515172323,0.42857142857142855
s21,1791303838.955154,0,7,0.6357075827462333,0.6002490520477295,1.200026035308838,0.4449953079223633,9.771552334005992,0.0,0.0,0.0,225.2813629214885,71.61591119873674,0.6501936515172323,0.42857142857142855
s21,1791303839.955154,0,6,0.6916865110397339,0.6496624946594238,1.200026035308838,0.41501190662384035,11.400144389673658,0.0,0.0,0.0,212.103281383842,63.150613615387776,0.4900721549987793,0.3333333333333333
s21,1791303840.955154,0,8,0.6749567687511444,0.6496624946594238,1.200026035308838,0.5399654150009155,11.494549246848608,0.0,0.0,0.0,165.28711363136318,63.150613615387776,0.5999696935926165,0.25
s21,1791303841.955154,1,6,0.6999940474828085,0.6501965522766113,1.200026035308838,0.41999642848968505,13.493196916399384,0.0,0.0,0.0,221.2559766297568,66.03029607687671,0.8399575710296631,0.0
s21,1791303842.955154,1,6,0.5580900510152181,0.5499171018600464,0.7499499320983887,0.3348540306091309,10.315711388294302,0.0,0.0,0.0,122.20431769447582,66.03029607687671,1.0734811305999756,0.16666666666666666
s21,1791303843.955154,1,7,0.5713410377502441,0.6002490520477295,0.7499499320983887,0.3999387264251709,10.245387097422865,0.0,0.0,0.0,106.17346868914909,64.59045484613225,0.894567608833313,0.2857142857142857
