type,x,y,timestamp
"move","636","471","2025-07-04 17:09:29.955900"
"move","633","480","2025-07-04 17:09:29.975600"
"move","632","485","2025-07-04 17:09:29.992200"
"move","629","490","2025-07-04 17:09:30.009000"
"move","627","497","2025-07-04 17:09:30.025600"
"move","624","503","2025-07-04 17:09:30.042500"
"move","621","508","2025-07-04 17:09:30.060000"
"move","619","514","2025-07-04 17:09:30.076000"
"move","618","517","2025-07-04 17:09:30.093500"
"move","616","519","2025-07-04 17:09:30.109000"
"move","616","522","2025-07-04 17:09:30.125400"
"move","616","523","2025-07-04 17:09:30.142300"
"move","615","524","2025-07-04 17:09:30.158900"
"move","615","525","2025-07-04 17:09:30.209900"
"move","615","526","2025-07-04 17:09:30.258800"
"move","610","526","2025-07-04 17:09:30.614700"
"move","604","526","2025-07-04 17:09:30.624900"
"move","595","525","2025-07-04 17:09:30.641900"
"move","564","520","2025-07-04 17:09:30.658500"
"move","545","519","2025-07-04 17:09:30.675300"
"move","532","517","2025-07-04 17:09:30.692700"
"move","495","515","2025-07-04 17:09:30.709300"
"move","485","514","2025-07-04 17:09:30.724900"
"move","464","509","2025-07-04 17:09:30.741800"
"move","447","504","2025-07-04 17:09:30.758500"
"move","436","501","2025-07-04 17:09:30.776000"
"move","427","498","2025-07-04 17:09:30.792100"
"move","420","496","2025-07-04 17:09:30.808500"
"move","412","495","2025-07-04 17:09:30.825100"
"move","403","495","2025-07-04 17:09:30.842100"
"move","396","495","2025-07-04 17:09:30.858300"
"move","388","495","2025-07-04 17:09:30.875000"
"move","383","495","2025-07-04 17:09:30.891700"
"move","378","494","2025-07-04 17:09:30.909100"
"move","373","491","2025-07-04 17:09:30.925000"
"move","368","489","2025-07-04 17:09:30.941800"
"move","360","487","2025-07-04 17:09:30.961500"
"move","353","486","2025-07-04 17:09:30.974900"
"move","348","485","2025-07-04 17:09:30.992900"
"move","345","484","2025-07-04 17:09:31.008000"
"move","332","481","2025-07-04 17:09:31.039000"
"move","320","475","2025-07-04 17:09:31.082000"
"move","317","474","2025-07-04 17:09:31.091500"
"move","315","471","2025-07-04 17:09:31.111100"
"move","314","471","2025-07-04 17:09:31.124700"
"move","312","471","2025-07-04 17:09:31.141400"
"move","313","471","2025-07-04 17:09:31.745400"
"move","314","471","2025-07-04 17:09:31.757500"
"move","315","471","2025-07-04 17:09:31.774000"
"move","316","471","2025-07-04 17:09:31.790800"
"move","317","471","2025-07-04 17:09:31.845600"
"move","318","471","2025-07-04 17:09:31.891500"
"move","319","471","2025-07-04 17:09:31.923600"
"move","320","471","2025-07-04 17:09:32.236600"
"move","321","471","2025-07-04 17:09:32.343900"
"move","322","471","2025-07-04 17:09:32.390600"
"move","323","471","2025-07-04 17:09:32.455400"
"move","324","471","2025-07-04 17:09:32.491300"
"move","325","471","2025-07-04 17:09:32.567000"
"move","326","471","2025-07-04 17:09:32.616000"
"move","327","471","2025-07-04 17:09:32.883100"
"move","326","471","2025-07-04 17:10:17.344900"
"move","323","471","2025-07-04 17:10:17.355400"
"move","312","469","2025-07-04 17:10:17.372100"
"move","294","467","2025-07-04 17:10:17.388300"
"move","268","469","2025-07-04 17:10:17.405200"
"move","256","471","2025-07-04 17:10:17.421900"
"move","238","474","2025-07-04 17:10:17.438800"
"move","220","474","2025-07-04 17:10:17.456900"
"move","213","474","2025-07-04 17:10:17.482900"
"move","205","472","2025-07-04 17:10:17.505600"
"move","200","471","2025-07-04 17:10:17.521600"
"move","196","469","2025-07-04 17:10:17.538700"
"move","190","467","2025-07-04 17:10:17.554900"
"move","188","467","2025-07-04 17:10:17.572100"
"move","182","460","2025-07-04 17:10:17.593700"
"move","179","447","2025-07-04 17:10:17.605500"
"move","180","429","2025-07-04 17:10:17.626100"
"move","182","424","2025-07-04 17:10:17.638300"
"move","193","415","2025-07-04 17:10:17.655200"
"move","202","412","2025-07-04 17:10:17.671800"
"move","225","408","2025-07-04 17:10:17.688900"
"move","245","409","2025-07-04 17:10:17.705300"
"move","260","413","2025-07-04 17:10:17.721900"
"move","308","425","2025-07-04 17:10:17.738800"
"move","324","432","2025-07-04 17:10:17.755400"
"move","375","455","2025-07-04 17:10:17.771700"
"move","396","464","2025-07-04 17:10:17.788200"
"move","428","475","2025-07-04 17:10:17.806700"
"move","470","493","2025-07-04 17:10:17.832500"
"move","494","508","2025-07-04 17:10:17.855100"
"move","507","515","2025-07-04 17:10:17.872200"
"move","516","519","2025-07-04 17:10:17.889000"
"move","530","524","2025-07-04 17:10:17.905200"
"move","538","525","2025-07-04 17:10:17.921500"
"move","546","525","2025-07-04 17:10:17.938000"
"move","557","524","2025-07-04 17:10:17.954500"
"move","568","519","2025-07-04 17:10:17.971300"
"move","589","507","2025-07-04 17:10:17.988200"
"move","600","500","2025-07-04 17:10:18.008700"
"move","612","492","2025-07-04 17:10:18.021500"
"move","632","475","2025-07-04 17:10:18.042500"
"move","651","466","2025-07-04 17:10:18.054700"
"move","670","455","2025-07-04 17:10:18.073500"
"move","679","449","2025-07-04 17:10:18.088200"
"move","684","447","2025-07-04 17:10:18.105300"
"move","688","444","2025-07-04 17:10:18.121600"
"move","688","443","2025-07-04 17:10:18.154900"
"move","690","443","2025-07-04 17:10:18.177000"
"move","691","442","2025-07-04 17:10:18.221200"
"move","692","442","2025-07-04 17:10:18.240900"
"move","694","441","2025-07-04 17:10:18.254700"
"move","700","440","2025-07-04 17:10:18.272500"
"move","704","440","2025-07-04 17:10:18.288700"
"move","708","440","2025-07-04 17:10:18.304500"
"move","712","440","2025-07-04 17:10:18.324200"
"move","716","440","2025-07-04 17:10:18.337900"
"move","724","440","2025-07-04 17:10:18.354500"
"move","730","441","2025-07-04 17:10:18.370700"
"move","736","441","2025-07-04 17:10:18.387800"
"move","741","441","2025-07-04 17:10:18.405900"
"move","743","441","2025-07-04 17:10:18.421600"
"move","745","441","2025-07-04 17:10:18.437400"
"move","748","441","2025-07-04 17:10:18.454100"
"move","749","441","2025-07-04 17:10:18.471500"
"move","751","441","2025-07-04 17:10:18.487500"
"move","752","441","2025-07-04 17:10:18.515800"
"move","753","441","2025-07-04 17:10:18.577700"
"move","754","441","2025-07-04 17:10:18.620600"
"move","755","441","2025-07-04 17:10:18.648400"
"move","756","441","2025-07-04 17:10:18.697700"
"move","757","441","2025-07-04 17:10:18.710500"
"move","758","441","2025-07-04 17:10:18.726100"
"move","759","441","2025-07-04 17:10:18.737100"
"move","761","441","2025-07-04 17:10:18.753900"
"move","762","441","2025-07-04 17:10:18.773800"
"move","763","441","2025-07-04 17:10:18.787500"
"move","764","441","2025-07-04 17:10:18.837200"
"move","765","441","2025-07-04 17:10:18.853900"
"move","766","441","2025-07-04 17:10:18.879800"
"move","768","441","2025-07-04 17:10:18.904900"
"move","768","440","2025-07-04 17:10:18.924200"
"move","769","440","2025-07-04 17:10:18.937200"
"move","771","440","2025-07-04 17:10:18.987200"
"move","772","440","2025-07-04 17:10:19.012600"
"move","772","439","2025-07-04 17:10:19.033600"
"move","773","439","2025-07-04 17:10:19.049800"
"move","774","439","2025-07-04 17:10:19.070700"
"move","775","439","2025-07-04 17:10:19.091100"
"move","776","439","2025-07-04 17:10:19.104200"
"move","777","438","2025-07-04 17:10:19.132500"
"move","779","437","2025-07-04 17:10:19.154100"
"move","780","436","2025-07-04 17:10:19.170300"
"move","781","436","2025-07-04 17:10:19.188400"
"move","782","436","2025-07-04 17:10:19.203700"
"move","783","436","2025-07-04 17:10:19.220200"
"move","784","436","2025-07-04 17:10:19.254000"
"move","786","436","2025-07-04 17:10:19.303900"
"move","787","436","2025-07-04 17:10:19.323400"
"move","788","436","2025-07-04 17:10:19.370400"
"move","788","436","2025-07-04 17:10:19.772100"
"click","788","436","2025-07-04 17:10:19.776500"
"move","788","437","2025-07-04 17:10:20.262000"
"move","788","442","2025-07-04 17:10:20.286000"
"move","788","445","2025-07-04 17:10:20.303300"
"move","788","450","2025-07-04 17:10:20.319700"
"move","787","451","2025-07-04 17:10:20.336400"
"move","786","452","2025-07-04 17:10:20.354300"
"move","786","455","2025-07-04 17:10:20.369800"
"move","786","456","2025-07-04 17:10:20.386000"
"move","785","457","2025-07-04 17:10:20.403200"
"move","785","458","2025-07-04 17:10:20.433100"
"move","785","459","2025-07-04 17:10:20.470300"
"move","784","459","2025-07-04 17:10:20.543600"
"move","782","459","2025-07-04 17:10:20.586000"
"move","781","459","2025-07-04 17:10:20.603000"
"move","779","461","2025-07-04 17:10:20.619400"
"move","775","461","2025-07-04 17:10:20.636100"
"move","771","461","2025-07-04 17:10:20.652600"
"move","764","461","2025-07-04 17:10:20.669400"
"move","761","462","2025-07-04 17:10:20.685900"
"move","759","462","2025-07-04 17:10:20.704300"
"move","755","463","2025-07-04 17:10:20.719300"
"move","752","463","2025-07-04 17:10:20.736300"
"move","751","463","2025-07-04 17:10:20.752900"
"move","748","464","2025-07-04 17:10:20.769000"
"move","747","464","2025-07-04 17:10:20.790500"
"move","746","465","2025-07-04 17:10:20.802500"
"move","744","465","2025-07-04 17:10:20.819000"
"move","743","466","2025-07-04 17:10:20.835900"
"move","742","467","2025-07-04 17:10:20.853000"
"move","741","467","2025-07-04 17:10:20.869600"
"move","740","467","2025-07-04 17:10:20.900700"
"move","740","468","2025-07-04 17:10:20.914700"
"move","738","469","2025-07-04 17:10:22.328000"
"move","735","474","2025-07-04 17:10:22.351600"
"move","732","475","2025-07-04 17:10:22.368200"
"move","730","480","2025-07-04 17:10:22.384600"
"move","728","483","2025-07-04 17:10:22.401500"
"move","724","489","2025-07-04 17:10:22.418000"
"move","720","495","2025-07-04 17:10:22.434500"
"move","717","497","2025-07-04 17:10:22.451300"
"move","713","502","2025-07-04 17:10:22.468500"
"move","711","503","2025-07-04 17:10:22.488300"
"move","709","504","2025-07-04 17:10:22.505500"
"move","708","507","2025-07-04 17:10:22.518800"
"scroll","","18.399999618530273","2025-07-04 17:10:22.840700"
"scroll","","31.200000762939453","2025-07-04 17:10:22.853400"
"scroll","","56.79999923706055","2025-07-04 17:10:22.868200"
"scroll","","72.80000305175781","2025-07-04 17:10:22.901400"
"scroll","","84","2025-07-04 17:10:22.917100"
"scroll","","107.19999694824219","2025-07-04 17:10:22.933900"
"scroll","","120","2025-07-04 17:10:22.950700"
"scroll","","138.39999389648438","2025-07-04 17:10:22.967300"
"scroll","","142.39999389648438","2025-07-04 17:10:22.984200"
"scroll","","144","2025-07-04 17:10:23.000700"
"scroll","","144.8000030517578","2025-07-04 17:10:23.017400"
"scroll","","148","2025-07-04 17:10:23.033900"
"scroll","","151.1999969482422","2025-07-04 17:10:23.050500"
"scroll","","152.8000030517578","2025-07-04 17:10:23.067100"
"scroll","","154.39999389648438","2025-07-04 17:10:23.083800"
"scroll","","155.1999969482422","2025-07-04 17:10:23.101900"
"scroll","","156","2025-07-04 17:10:23.203400"
"move","710","662","2025-07-04 17:10:25.927500"
"move","713","660","2025-07-04 17:10:25.936700"
"move","717","659","2025-07-04 17:10:25.948500"
"move","728","654","2025-07-04 17:10:25.965200"
"move","732","652","2025-07-04 17:10:25.981900"
"move","740","651","2025-07-04 17:10:26.000300"
"move","744","649","2025-07-04 17:10:26.014900"
"move","749","647","2025-07-04 17:10:26.031900"
"move","755","646","2025-07-04 17:10:26.048700"
"move","757","646","2025-07-04 17:10:26.065500"
"move","759","646","2025-07-04 17:10:26.082100"
"move","761","646","2025-07-04 17:10:26.099300"
"move","762","646","2025-07-04 17:10:26.115100"
"move","763","646","2025-07-04 17:10:26.131700"
"move","765","646","2025-07-04 17:10:26.148300"
"move","768","646","2025-07-04 17:10:26.165400"
"move","769","646","2025-07-04 17:10:26.182000"
"move","770","646","2025-07-04 17:10:26.199200"
"move","772","647","2025-07-04 17:10:26.215900"
"move","774","649","2025-07-04 17:10:26.231500"
"move","775","650","2025-07-04 17:10:26.248500"
"move","776","652","2025-07-04 17:10:26.264900"
"move","776","655","2025-07-04 17:10:26.282800"
"move","776","657","2025-07-04 17:10:26.298400"
"move","776","659","2025-07-04 17:10:26.315000"
"move","776","660","2025-07-04 17:10:26.332100"
"move","776","661","2025-07-04 17:10:26.348200"
"move","776","662","2025-07-04 17:10:26.399200"
"move","776","663","2025-07-04 17:10:26.448200"
"move","771","663","2025-07-04 17:10:26.530800"
"move","765","663","2025-07-04 17:10:26.541200"
"move","748","665","2025-07-04 17:10:26.564700"
"move","738","666","2025-07-04 17:10:26.581600"
"move","725","667","2025-07-04 17:10:26.598600"
"move","712","671","2025-07-04 17:10:26.614900"
"move","696","677","2025-07-04 17:10:26.632500"
"move","690","681","2025-07-04 17:10:26.649300"
"move","677","690","2025-07-04 17:10:26.664800"
"move","669","697","2025-07-04 17:10:26.681200"
"move","664","701","2025-07-04 17:10:26.698700"
"move","658","705","2025-07-04 17:10:26.714700"
"move","654","707","2025-07-04 17:10:26.732000"
"move","652","709","2025-07-04 17:10:26.748300"
"move","651","711","2025-07-04 17:10:26.764400"
"scroll","","171.1999969482422","2025-07-04 17:10:27.020000"
"scroll","","194.39999389648438","2025-07-04 17:10:27.031900"
"scroll","","210.39999389648438","2025-07-04 17:10:27.048600"
"scroll","","222.39999389648438","2025-07-04 17:10:27.064600"
"scroll","","232.8000030517578","2025-07-04 17:10:27.082100"
"scroll","","240.8000030517578","2025-07-04 17:10:27.098300"
"scroll","","246.39999389648438","2025-07-04 17:10:27.116300"
"scroll","","247.1999969482422","2025-07-04 17:10:27.131600"
"scroll","","248.8000030517578","2025-07-04 17:10:27.165300"
"scroll","","250.39999389648438","2025-07-04 17:10:27.181700"
"scroll","","251.1999969482422","2025-07-04 17:10:27.215300"
"move","649","806.1999969482422","2025-07-04 17:10:27.634900"
"move","647","807.1999969482422","2025-07-04 17:10:27.647300"
"move","640","809.1999969482422","2025-07-04 17:10:27.663900"
"move","635","810.1999969482422","2025-07-04 17:10:27.680400"
"move","624","811.1999969482422","2025-07-04 17:10:27.697400"
"move","619","811.1999969482422","2025-07-04 17:10:27.717700"
"move","616","813.1999969482422","2025-07-04 17:10:27.730400"
"move","613","813.1999969482422","2025-07-04 17:10:27.747700"
"move","612","813.1999969482422","2025-07-04 17:10:27.764100"
"move","611","813.1999969482422","2025-07-04 17:10:27.782600"
"move","610","813.1999969482422","2025-07-04 17:10:27.810500"
"move","608","813.1999969482422","2025-07-04 17:10:27.830600"
"move","607","813.1999969482422","2025-07-04 17:10:27.847100"
"move","606","813.1999969482422","2025-07-04 17:10:27.863900"
"move","605","813.1999969482422","2025-07-04 17:10:27.917400"
"move","604","813.1999969482422","2025-07-04 17:10:27.930700"
"move","603","813.1999969482422","2025-07-04 17:10:27.949800"
"move","602","813.1999969482422","2025-07-04 17:10:27.963800"
"move","600","811.1999969482422","2025-07-04 17:10:27.980500"
"move","598","810.1999969482422","2025-07-04 17:10:27.998000"
"move","592","807.1999969482422","2025-07-04 17:10:28.014800"
"move","587","804.1999969482422","2025-07-04 17:10:28.033100"
"move","581","802.1999969482422","2025-07-04 17:10:28.047000"
"move","576","802.1999969482422","2025-07-04 17:10:28.063600"
"move","574","801.1999969482422","2025-07-04 17:10:28.080600"
"move","572","800.1999969482422","2025-07-04 17:10:28.096900"
"move","570","799.1999969482422","2025-07-04 17:10:28.113900"
"move","566","798.1999969482422","2025-07-04 17:10:28.130400"
"move","564","797.1999969482422","2025-07-04 17:10:28.147200"
"move","562","795.1999969482422","2025-07-04 17:10:28.163600"
"move","560","794.1999969482422","2025-07-04 17:10:28.180400"
"move","556","792.1999969482422","2025-07-04 17:10:28.196800"
"move","552","790.1999969482422","2025-07-04 17:10:28.213900"
"move","548","788.1999969482422","2025-07-04 17:10:28.229800"
"move","544","786.1999969482422","2025-07-04 17:10:28.246700"
"move","543","786.1999969482422","2025-07-04 17:10:28.263400"
"move","541","786.1999969482422","2025-07-04 17:10:28.283100"
"move","540","786.1999969482422","2025-07-04 17:10:28.297300"
"move","538","786.1999969482422","2025-07-04 17:10:28.316500"
"move","538","785.1999969482422","2025-07-04 17:10:28.335300"
"move","537","785.1999969482422","2025-07-04 17:10:28.349900"
"move","536","785.1999969482422","2025-07-04 17:10:28.363200"
"move","536","784.1999969482422","2025-07-04 17:10:28.379700"
"move","536","783.1999969482422","2025-07-04 17:10:28.397500"
"move","534","782.1999969482422","2025-07-04 17:10:28.413400"
"move","533","782.1999969482422","2025-07-04 17:10:28.442000"
"move","532","781.1999969482422","2025-07-04 17:10:28.461600"
"move","532","780.1999969482422","2025-07-04 17:10:28.475700"
"move","532","779.1999969482422","2025-07-04 17:10:28.513200"
"move","531","779.1999969482422","2025-07-04 17:10:28.530100"
"move","531","778.1999969482422","2025-07-04 17:10:28.547200"
"move","530","778.1999969482422","2025-07-04 17:10:28.563300"
"move","530","777.1999969482422","2025-07-04 17:10:28.616400"
"move","528","777.1999969482422","2025-07-04 17:10:28.629800"
"move","528","776.1999969482422","2025-07-04 17:10:28.679600"
"scroll","","264.79998779296875","2025-07-04 17:10:30.001600"
"scroll","","280","2025-07-04 17:10:30.013900"
"scroll","","300","2025-07-04 17:10:30.029300"
"scroll","","312.79998779296875","2025-07-04 17:10:30.046300"
"scroll","","320.79998779296875","2025-07-04 17:10:30.063000"
"scroll","","332","2025-07-04 17:10:30.079100"
"scroll","","334.3999938964844","2025-07-04 17:10:30.097100"
"scroll","","336.79998779296875","2025-07-04 17:10:30.113500"
"scroll","","339.20001220703125","2025-07-04 17:10:30.147200"
"scroll","","340","2025-07-04 17:10:30.179100"
"move","524","867","2025-07-04 17:10:30.435500"
"move","519","871","2025-07-04 17:10:30.445200"
"move","503","880","2025-07-04 17:10:30.461800"
"move","481","890","2025-07-04 17:10:30.478300"
"move","473","894","2025-07-04 17:10:30.495200"
"move","463","899","2025-07-04 17:10:30.511800"
"move","447","907","2025-07-04 17:10:30.528200"
"move","440","911","2025-07-04 17:10:30.545600"
"move","434","914","2025-07-04 17:10:30.561600"
"move","431","915","2025-07-04 17:10:30.578500"
"move","428","916","2025-07-04 17:10:30.595400"
"move","424","919","2025-07-04 17:10:30.611700"
"move","421","920","2025-07-04 17:10:30.628400"
"move","416","922","2025-07-04 17:10:30.645000"
"move","411","924","2025-07-04 17:10:30.661400"
"move","407","925","2025-07-04 17:10:30.678900"
"move","400","926","2025-07-04 17:10:30.695100"
"move","398","926","2025-07-04 17:10:30.711500"
"move","396","926","2025-07-04 17:10:30.728200"
"move","395","926","2025-07-04 17:10:30.744700"
"move","394","926","2025-07-04 17:10:30.762100"
"move","393","926","2025-07-04 17:10:30.813600"
"move","392","926","2025-07-04 17:10:30.865100"
"move","392","925","2025-07-04 17:10:31.305200"
"move","393","924","2025-07-04 17:10:31.314400"
"move","394","923","2025-07-04 17:10:31.327400"
"move","396","922","2025-07-04 17:10:31.344600"
"move","397","922","2025-07-04 17:10:31.361200"
"move","399","922","2025-07-04 17:10:31.377800"
"move","400","921","2025-07-04 17:10:31.394500"
"move","400","920","2025-07-04 17:10:31.410700"
"move","402","920","2025-07-04 17:10:31.427500"
"move","403","919","2025-07-04 17:10:31.444400"
"move","404","918","2025-07-04 17:10:31.461100"
"move","406","918","2025-07-04 17:10:31.477800"
"move","408","916","2025-07-04 17:10:31.494400"
"move","409","915","2025-07-04 17:10:31.513500"
"move","410","915","2025-07-04 17:10:31.527400"
"move","412","914","2025-07-04 17:10:31.544100"
"move","416","913","2025-07-04 17:10:31.560800"
"move","417","913","2025-07-04 17:10:31.577400"
"move","420","911","2025-07-04 17:10:31.593900"
"move","421","911","2025-07-04 17:10:31.610900"
"move","424","911","2025-07-04 17:10:31.627300"
"move","426","910","2025-07-04 17:10:31.644500"
"move","427","910","2025-07-04 17:10:31.660500"
"move","428","910","2025-07-04 17:10:31.677200"
"move","429","910","2025-07-04 17:10:31.702600"
"move","430","910","2025-07-04 17:10:31.727000"
"move","432","910","2025-07-04 17:10:31.755100"
"move","433","910","2025-07-04 17:10:31.916100"
"move","434","910","2025-07-04 17:10:32.022500"
"move","435","910","2025-07-04 17:10:33.123700"
"move","438","910","2025-07-04 17:10:33.143000"
"move","442","909","2025-07-04 17:10:33.159500"
"move","446","908","2025-07-04 17:10:33.179400"
"move","448","908","2025-07-04 17:10:33.192900"
"move","452","908","2025-07-04 17:10:33.210000"
"move","454","908","2025-07-04 17:10:33.226300"
"move","455","908","2025-07-04 17:10:33.243200"
"move","459","908","2025-07-04 17:10:33.260500"
"move","460","908","2025-07-04 17:10:33.276400"
"move","463","908","2025-07-04 17:10:33.298400"
"move","464","908","2025-07-04 17:10:33.309800"
"move","465","908","2025-07-04 17:10:33.334300"
"move","466","908","2025-07-04 17:10:33.405100"
"move","461","910","2025-07-04 17:10:36.285000"
"move","448","916","2025-07-04 17:10:36.309400"
"move","443","920","2025-07-04 17:10:36.323800"
"move","437","923","2025-07-04 17:10:36.340200"
"move","435","925","2025-07-04 17:10:36.357100"
"move","432","927","2025-07-04 17:10:36.373900"
"move","427","931","2025-07-04 17:10:36.390600"
"move","423","934","2025-07-04 17:10:36.407200"
"move","416","936","2025-07-04 17:10:36.423500"
"move","412","938","2025-07-04 17:10:36.440400"
"move","408","939","2025-07-04 17:10:36.456700"
"move","403","943","2025-07-04 17:10:36.473900"
"move","400","944","2025-07-04 17:10:36.490200"
"move","398","946","2025-07-04 17:10:36.507500"
"move","394","950","2025-07-04 17:10:36.523800"
"move","392","952","2025-07-04 17:10:36.544900"
"move","391","953","2025-07-04 17:10:36.558100"
"move","390","954","2025-07-04 17:10:36.573400"
"move","389","954","2025-07-04 17:10:36.590000"
"move","389","955","2025-07-04 17:10:36.607200"
"move","388","955","2025-07-04 17:10:36.628100"
"move","390","955","2025-07-04 17:10:37.091300"
"move","393","955","2025-07-04 17:10:37.106700"
"move","396","955","2025-07-04 17:10:37.123000"
"move","400","955","2025-07-04 17:10:37.139700"
"move","402","955","2025-07-04 17:10:37.156400"
"move","405","955","2025-07-04 17:10:37.173800"
"move","408","955","2025-07-04 17:10:37.189700"
"move","412","955","2025-07-04 17:10:37.207100"
"move","416","955","2025-07-04 17:10:37.224400"
"move","422","955","2025-07-04 17:10:37.239600"
"move","426","955","2025-07-04 17:10:37.256300"
"move","436","955","2025-07-04 17:10:37.282900"
"move","442","955","2025-07-04 17:10:37.306800"
"move","449","955","2025-07-04 17:10:37.324600"
"move","456","955","2025-07-04 17:10:37.340300"
"move","460","955","2025-07-04 17:10:37.356400"
"move","471","956","2025-07-04 17:10:37.372900"
"move","475","958","2025-07-04 17:10:37.389800"
"move","478","958","2025-07-04 17:10:38.065500"
"move","488","958","2025-07-04 17:10:38.088900"
"move","494","958","2025-07-04 17:10:38.106900"
"move","501","957","2025-07-04 17:10:38.122500"
"move","512","957","2025-07-04 17:10:38.139500"
"move","524","956","2025-07-04 17:10:38.156000"
"move","532","956","2025-07-04 17:10:38.177000"
"move","536","956","2025-07-04 17:10:38.189200"
"move","541","955","2025-07-04 17:10:38.205700"
"move","550","955","2025-07-04 17:10:38.222400"
"move","551","955","2025-07-04 17:10:38.239200"
"move","552","955","2025-07-04 17:10:42.144100"
"move","553","955","2025-07-04 17:10:42.159400"
"move","554","955","2025-07-04 17:10:42.169100"
"move","557","955","2025-07-04 17:10:42.186000"
"move","560","954","2025-07-04 17:10:42.202700"
"move","564","954","2025-07-04 17:10:42.219200"
"move","568","954","2025-07-04 17:10:42.238600"
"move","572","953","2025-07-04 17:10:42.255900"
"move","576","952","2025-07-04 17:10:42.279300"
"move","582","952","2025-07-04 17:10:42.309000"
"move","587","951","2025-07-04 17:10:42.323500"
"move","594","951","2025-07-04 17:10:42.338900"
"move","603","951","2025-07-04 17:10:42.352400"
"move","611","951","2025-07-04 17:10:42.368900"
"move","620","951","2025-07-04 17:10:42.385600"
"move","628","951","2025-07-04 17:10:42.402100"
"move","644","951","2025-07-04 17:10:42.418900"
"move","653","951","2025-07-04 17:10:42.436000"
"move","660","951","2025-07-04 17:10:42.452400"
"move","670","951","2025-07-04 17:10:42.472500"
"move","676","951","2025-07-04 17:10:42.485900"
"move","680","951","2025-07-04 17:10:42.502300"
"move","684","951","2025-07-04 17:10:42.528000"
"move","685","951","2025-07-04 17:10:42.545800"
"move","686","951","2025-07-04 17:10:42.585300"
"move","685","950","2025-07-04 17:10:48.210100"
"move","684","947","2025-07-04 17:10:48.231000"
"move","684","943","2025-07-04 17:10:48.248000"
"move","684","942","2025-07-04 17:10:48.264600"
"move","684","939","2025-07-04 17:10:48.281000"
"move","684","938","2025-07-04 17:10:48.331000"
"move","684","937","2025-07-04 17:10:48.381200"
"move","684","936","2025-07-04 17:10:48.397700"
"move","683","936","2025-07-04 17:10:48.414200"
"move","683","935","2025-07-04 17:10:48.433500"
"move","682","935","2025-07-04 17:10:48.462400"
"move","680","935","2025-07-04 17:10:48.477000"
"move","678","935","2025-07-04 17:10:48.492000"
"move","670","935","2025-07-04 17:10:48.514800"
"move","663","935","2025-07-04 17:10:48.531100"
"move","652","936","2025-07-04 17:10:48.550000"
"move","646","937","2025-07-04 17:10:48.564200"
"move","641","939","2025-07-04 17:10:48.580900"
"move","636","943","2025-07-04 17:10:48.598100"
"move","632","944","2025-07-04 17:10:48.614100"
"move","629","946","2025-07-04 17:10:48.630900"
"move","624","949","2025-07-04 17:10:48.647400"
"move","621","951","2025-07-04 17:10:48.664100"
"move","619","952","2025-07-04 17:10:48.680500"
"move","618","952","2025-07-04 17:10:48.697500"
"move","616","953","2025-07-04 17:10:48.713800"
"move","616","954","2025-07-04 17:10:48.738400"
"move","616","955","2025-07-04 17:10:48.780700"
"move","615","955","2025-07-04 17:10:48.800200"
"move","614","955","2025-07-04 17:10:48.847300"
"move","613","955","2025-07-04 17:10:48.897200"
"move","613","956","2025-07-04 17:10:48.914300"
"move","612","956","2025-07-04 17:10:48.935000"
"move","612","957","2025-07-04 17:10:48.962000"
"move","612","959","2025-07-04 17:10:49.003000"
"move","612","960","2025-07-04 17:10:49.652500"
"move","613","961","2025-07-04 17:10:49.663300"
"move","615","961","2025-07-04 17:10:49.679700"
"move","616","961","2025-07-04 17:10:49.696700"
"move","618","962","2025-07-04 17:10:49.713400"
"move","619","962","2025-07-04 17:10:49.729800"
"move","620","962","2025-07-04 17:10:49.746900"
"move","621","962","2025-07-04 17:10:49.764800"
"move","622","962","2025-07-04 17:10:49.782200"
"move","623","962","2025-07-04 17:10:49.796900"
"move","624","962","2025-07-04 17:10:49.815700"
"move","627","962","2025-07-04 17:10:49.830000"
"move","629","962","2025-07-04 17:10:49.846300"
"move","630","962","2025-07-04 17:10:49.863500"
"move","632","962","2025-07-04 17:10:49.880200"
"move","636","962","2025-07-04 17:10:49.897000"
"move","640","961","2025-07-04 17:10:49.913300"
"move","646","960","2025-07-04 17:10:49.929500"
"move","653","959","2025-07-04 17:10:49.948700"
"move","660","959","2025-07-04 17:10:49.965700"
"move","664","958","2025-07-04 17:10:49.979700"
"move","668","956","2025-07-04 17:10:49.996300"
"move","673","955","2025-07-04 17:10:50.013100"
"move","681","954","2025-07-04 17:10:50.030000"
"move","687","952","2025-07-04 17:10:50.046800"
"move","692","951","2025-07-04 17:10:50.063000"
"move","699","950","2025-07-04 17:10:50.079400"
"move","704","948","2025-07-04 17:10:50.096400"
"move","720","945","2025-07-04 17:10:50.113000"
"move","732","943","2025-07-04 17:10:50.129400"
"move","744","942","2025-07-04 17:10:50.146700"
"move","764","941","2025-07-04 17:10:50.168600"
"move","776","942","2025-07-04 17:10:50.179900"
"move","783","943","2025-07-04 17:10:50.196200"
"move","785","943","2025-07-04 17:10:50.213000"
"move","784","943","2025-07-04 17:10:50.485500"
"move","781","943","2025-07-04 17:10:50.495900"
"move","776","942","2025-07-04 17:10:50.512800"
"move","773","942","2025-07-04 17:10:50.529400"
"move","771","942","2025-07-04 17:10:50.546200"
"move","770","942","2025-07-04 17:10:50.562700"
"move","769","942","2025-07-04 17:10:50.586200"
"move","768","942","2025-07-04 17:10:50.653300"
"move","768","941","2025-07-04 17:10:50.724000"
"move","768","939","2025-07-04 17:10:50.762300"
"move","768","937","2025-07-04 17:10:50.778900"
"move","768","935","2025-07-04 17:10:50.795700"
"move","768","934","2025-07-04 17:10:50.816200"
"move","768","933","2025-07-04 17:10:50.842900"
"move","768","932","2025-07-04 17:10:50.878700"
"move","768","931","2025-07-04 17:10:50.928700"
"move","768","930","2025-07-04 17:10:51.082000"
"move","768","929","2025-07-04 17:10:51.104000"
"move","768","928","2025-07-04 17:10:51.166400"
"move","768","927","2025-07-04 17:10:51.180400"
"move","771","926","2025-07-04 17:10:51.195100"
"move","773","924","2025-07-04 17:10:51.212000"
"move","775","923","2025-07-04 17:10:51.228800"
"move","776","923","2025-07-04 17:10:51.245700"
"move","777","923","2025-07-04 17:10:51.266400"
"move","779","923","2025-07-04 17:10:51.279600"
"move","780","923","2025-07-04 17:10:51.328500"
"move","783","923","2025-07-04 17:10:51.345300"
"move","784","923","2025-07-04 17:10:51.361800"
"move","785","923","2025-07-04 17:10:51.378400"
"move","786","923","2025-07-04 17:10:51.395200"
"move","787","923","2025-07-04 17:10:51.414700"
"move","787","924","2025-07-04 17:10:51.433100"
"move","788","925","2025-07-04 17:10:51.478500"
"move","788","925","2025-07-04 17:10:51.714000"
"click","788","925","2025-07-04 17:10:51.916900"
"move","784","927","2025-07-04 17:10:52.267700"
"move","779","931","2025-07-04 17:10:52.278200"
"move","767","935","2025-07-04 17:10:52.294600"
"move","754","939","2025-07-04 17:10:52.312500"
"move","743","943","2025-07-04 17:10:52.328100"
"move","737","945","2025-07-04 17:10:52.344400"
"move","719","950","2025-07-04 17:10:52.361900"
"move","708","953","2025-07-04 17:10:52.379400"
"move","694","955","2025-07-04 17:10:52.394600"
"move","687","958","2025-07-04 17:10:52.411200"
"move","666","964","2025-07-04 17:10:52.444000"
"move","656","967","2025-07-04 17:10:52.462700"
"move","650","970","2025-07-04 17:10:52.479400"
"move","646","971","2025-07-04 17:10:52.494800"
"move","643","973","2025-07-04 17:10:52.511300"
"move","641","973","2025-07-04 17:10:52.527700"
"move","640","974","2025-07-04 17:10:52.544400"
"move","638","974","2025-07-04 17:10:52.561100"
"move","637","975","2025-07-04 17:10:52.578000"
"move","636","975","2025-07-04 17:10:52.605200"
"move","635","975","2025-07-04 17:10:52.683100"
"move","634","975","2025-07-04 17:11:02.758500"
"move","633","976","2025-07-04 17:11:02.775100"
"move","631","977","2025-07-04 17:11:02.791200"
"move","630","979","2025-07-04 17:11:02.806600"
"move","629","980","2025-07-04 17:11:02.819500"
"move","628","982","2025-07-04 17:11:02.836200"
"move","626","985","2025-07-04 17:11:02.853000"
"move","622","992","2025-07-04 17:11:02.869500"
"move","620","996","2025-07-04 17:11:02.886400"
"move","617","1001","2025-07-04 17:11:02.903200"
"move","615","1006","2025-07-04 17:11:02.920000"
"move","612","1010","2025-07-04 17:11:02.936300"
"move","605","1015","2025-07-04 17:11:02.952900"
"move","592","1031","2025-07-04 17:11:02.969400"
"move","578","1032","2025-07-04 17:11:03.343500"
"move","579","1030","2025-07-04 17:11:03.352700"
"move","581","1027","2025-07-04 17:11:03.369200"
"move","584","1026","2025-07-04 17:11:03.386000"
"move","589","1020","2025-07-04 17:11:03.405000"
"move","594","1018","2025-07-04 17:11:03.419100"
"move","599","1015","2025-07-04 17:11:03.436100"
"move","603","1011","2025-07-04 17:11:03.452400"
"move","608","1006","2025-07-04 17:11:03.469000"
"move","610","1002","2025-07-04 17:11:03.489200"
"move","610","1000","2025-07-04 17:11:03.514700"
"move","611","999","2025-07-04 17:11:03.536700"
"move","612","998","2025-07-04 17:11:03.552500"
"move","614","996","2025-07-04 17:11:03.569300"
"move","615","994","2025-07-04 17:11:03.585500"
"move","620","990","2025-07-04 17:11:03.602200"
"move","624","987","2025-07-04 17:11:03.619000"
"move","628","983","2025-07-04 17:11:03.635600"
"move","631","982","2025-07-04 17:11:03.652400"
"move","632","981","2025-07-04 17:11:03.669100"
"move","632","979","2025-07-04 17:11:03.698300"
"move","632","979","2025-07-04 17:11:03.761000"
"move","617","978","2025-07-04 17:11:03.785700"
"move","612","978","2025-07-04 17:11:03.802400"
"move","596","977","2025-07-04 17:11:03.819300"
"move","585","977","2025-07-04 17:11:03.835900"
"move","576","977","2025-07-04 17:11:03.852200"
"move","568","977","2025-07-04 17:11:03.868800"
"move","561","979","2025-07-04 17:11:03.885600"
"move","550","979","2025-07-04 17:11:03.902200"
"move","544","980","2025-07-04 17:11:03.918800"
"move","540","980","2025-07-04 17:11:03.935900"
"move","537","980","2025-07-04 17:11:03.958600"
"move","536","980","2025-07-04 17:11:03.972900"
"move","535","980","2025-07-04 17:11:03.987000"
"scroll","","342.3999938964844","2025-07-04 17:11:04.528100"
"scroll","","355.20001220703125","2025-07-04 17:11:04.535900"
"scroll","","384.79998779296875","2025-07-04 17:11:04.552000"
"scroll","","451.20001220703125","2025-07-04 17:11:04.571400"
"scroll","","504","2025-07-04 17:11:04.586500"
"scroll","","552.7999877929688","2025-07-04 17:11:04.603000"
"scroll","","627.2000122070312","2025-07-04 17:11:04.619600"
"scroll","","648.7999877929688","2025-07-04 17:11:04.635500"
"scroll","","676.7999877929688","2025-07-04 17:11:04.670300"
"scroll","","696","2025-07-04 17:11:04.685500"
"scroll","","712","2025-07-04 17:11:04.701900"
"scroll","","724.7999877929688","2025-07-04 17:11:04.719400"
"scroll","","736","2025-07-04 17:11:04.735700"
"scroll","","746.4000244140625","2025-07-04 17:11:04.768500"
"scroll","","754.4000244140625","2025-07-04 17:11:04.784900"
"scroll","","762.4000244140625","2025-07-04 17:11:04.801000"
"scroll","","768.7999877929688","2025-07-04 17:11:04.818000"
"scroll","","776","2025-07-04 17:11:04.834300"
"scroll","","780.7999877929688","2025-07-04 17:11:04.851200"
"scroll","","787.2000122070312","2025-07-04 17:11:04.867700"
"scroll","","792","2025-07-04 17:11:04.885000"
"scroll","","796.7999877929688","2025-07-04 17:11:04.901000"
"scroll","","800","2025-07-04 17:11:04.917500"
"scroll","","804","2025-07-04 17:11:04.934600"
"scroll","","808","2025-07-04 17:11:04.951000"
"scroll","","811.2000122070312","2025-07-04 17:11:04.967600"
"scroll","","814.4000244140625","2025-07-04 17:11:04.984600"
"scroll","","816.7999877929688","2025-07-04 17:11:05.001100"
"scroll","","820","2025-07-04 17:11:05.017600"
"scroll","","823.2000122070312","2025-07-04 17:11:05.034200"
"scroll","","824.7999877929688","2025-07-04 17:11:05.050900"
"scroll","","827.2000122070312","2025-07-04 17:11:05.067500"
"scroll","","828.7999877929688","2025-07-04 17:11:05.084200"
"scroll","","831.2000122070312","2025-07-04 17:11:05.100800"
"scroll","","832.7999877929688","2025-07-04 17:11:05.117600"
"scroll","","835.2000122070312","2025-07-04 17:11:05.134200"
"scroll","","836","2025-07-04 17:11:05.151400"
"scroll","","838.4000244140625","2025-07-04 17:11:05.167600"
"scroll","","839.2000122070312","2025-07-04 17:11:05.184200"
"scroll","","840","2025-07-04 17:11:05.201100"
"scroll","","842.4000244140625","2025-07-04 17:11:05.217300"
"scroll","","843.2000122070312","2025-07-04 17:11:05.234500"
"scroll","","844","2025-07-04 17:11:05.251100"
"scroll","","844.7999877929688","2025-07-04 17:11:05.267300"
"scroll","","846.4000244140625","2025-07-04 17:11:05.286200"
"scroll","","847.2000122070312","2025-07-04 17:11:05.304400"
"scroll","","848","2025-07-04 17:11:05.319400"
"scroll","","848.7999877929688","2025-07-04 17:11:05.352200"
"scroll","","850.4000244140625","2025-07-04 17:11:05.385600"
"scroll","","851.2000122070312","2025-07-04 17:11:05.419100"
"scroll","","852","2025-07-04 17:11:05.469400"
"move","530","1487","2025-07-04 17:11:05.517600"
"move","516","1459","2025-07-04 17:11:05.534300"
"move","508","1445","2025-07-04 17:11:05.555000"
"move","495","1425","2025-07-04 17:11:05.567900"
"move","485","1406","2025-07-04 17:11:05.584100"
"move","478","1391","2025-07-04 17:11:05.600800"
"move","473","1386","2025-07-04 17:11:05.619800"
"move","463","1376","2025-07-04 17:11:05.634100"
"move","449","1356","2025-07-04 17:11:05.650800"
"move","440","1343","2025-07-04 17:11:05.667100"
"move","436","1333","2025-07-04 17:11:05.684100"
"move","419","1303","2025-07-04 17:11:05.700800"
"move","412","1289","2025-07-04 17:11:05.717400"
"move","408","1282","2025-07-04 17:11:05.734100"
"move","408","1280","2025-07-04 17:11:05.750600"
"move","406","1279","2025-07-04 17:11:05.767500"
"move","405","1278","2025-07-04 17:11:05.783900"
"move","404","1275","2025-07-04 17:11:05.801500"
"move","401","1265","2025-07-04 17:11:05.817700"
"move","398","1238","2025-07-04 17:11:05.838100"
"move","398","1223","2025-07-04 17:11:05.855000"
"move","398","1207","2025-07-04 17:11:05.867300"
"move","399","1195","2025-07-04 17:11:05.883900"
"move","399","1188","2025-07-04 17:11:05.900800"
"move","399","1184","2025-07-04 17:11:05.917200"
"move","400","1183","2025-07-04 17:11:05.933800"
"move","400","1182","2025-07-04 17:11:05.951000"
"move","400","1180","2025-07-04 17:11:05.967200"
"move","401","1180","2025-07-04 17:11:07.084600"
"move","403","1179","2025-07-04 17:11:07.099800"
"move","404","1179","2025-07-04 17:11:07.116300"
"move","407","1178","2025-07-04 17:11:07.142200"
"move","408","1178","2025-07-04 17:11:07.152200"
"move","410","1177","2025-07-04 17:11:07.167600"
"move","412","1176","2025-07-04 17:11:07.183800"
"move","416","1176","2025-07-04 17:11:07.200700"
"move","421","1173","2025-07-04 17:11:07.217000"
"move","424","1173","2025-07-04 17:11:07.233600"
"move","428","1172","2025-07-04 17:11:07.251700"
"move","432","1171","2025-07-04 17:11:07.265900"
"move","435","1170","2025-07-04 17:11:07.282700"
"move","439","1169","2025-07-04 17:11:07.299500"
"move","441","1169","2025-07-04 17:11:07.316300"
"move","444","1167","2025-07-04 17:11:07.332900"
"move","449","1164","2025-07-04 17:11:07.353500"
"move","452","1163","2025-07-04 17:11:07.369300"
"move","460","1160","2025-07-04 17:11:07.385100"
"move","467","1159","2025-07-04 17:11:07.399300"
"move","472","1157","2025-07-04 17:11:07.416000"
"move","479","1155","2025-07-04 17:11:07.434400"
"move","484","1154","2025-07-04 17:11:07.449600"
"move","491","1151","2025-07-04 17:11:07.470600"
"move","496","1151","2025-07-04 17:11:07.485700"
"move","500","1151","2025-07-04 17:11:07.499300"
"move","502","1151","2025-07-04 17:11:07.515900"
"move","506","1151","2025-07-04 17:11:07.532500"
"move","508","1151","2025-07-04 17:11:07.549300"
"move","509","1151","2025-07-04 17:11:07.609100"
"move","508","1151","2025-07-04 17:11:13.001300"
"move","508","1152","2025-07-04 17:11:13.014900"
"move","508","1153","2025-07-04 17:11:13.061500"
"move","508","1154","2025-07-04 17:11:13.083700"
"move","508","1155","2025-07-04 17:11:13.155500"
"move","508","1156","2025-07-04 17:11:13.259500"
"move","509","1156","2025-07-04 17:11:13.357800"
"move","510","1157","2025-07-04 17:11:13.394800"
"move","512","1157","2025-07-04 17:11:13.411500"
"move","512","1158","2025-07-04 17:11:13.428600"
"move","513","1158","2025-07-04 17:11:13.447700"
"move","515","1158","2025-07-04 17:11:13.465300"
"move","516","1158","2025-07-04 17:11:13.477800"
"move","517","1158","2025-07-04 17:11:13.498100"
"move","518","1158","2025-07-04 17:11:13.511400"
"move","520","1158","2025-07-04 17:11:13.528700"
"move","521","1158","2025-07-04 17:11:13.577900"
"move","522","1158","2025-07-04 17:11:13.594500"
"move","523","1158","2025-07-04 17:11:13.660300"
"move","524","1158","2025-07-04 17:11:13.807500"
"move","524","1159","2025-07-04 17:11:15.029500"
"move","524","1160","2025-07-04 17:11:15.164700"
"move","525","1163","2025-07-04 17:11:15.187400"
"move","527","1168","2025-07-04 17:11:15.214000"
"move","527","1170","2025-07-04 17:11:15.229500"
"move","527","1171","2025-07-04 17:11:15.243200"
"move","527","1173","2025-07-04 17:11:15.259900"
"move","527","1175","2025-07-04 17:11:15.279800"
"move","527","1177","2025-07-04 17:11:15.296000"
"move","527","1178","2025-07-04 17:11:15.309700"
"move","528","1180","2025-07-04 17:11:15.326400"
"move","528","1183","2025-07-04 17:11:15.344300"
"move","528","1191","2025-07-04 17:11:15.360400"
"move","528","1199","2025-07-04 17:11:15.380300"
"move","528","1205","2025-07-04 17:11:15.393100"
"move","528","1211","2025-07-04 17:11:15.409300"
"move","528","1214","2025-07-04 17:11:15.426600"
"move","526","1218","2025-07-04 17:11:15.442900"
"move","526","1219","2025-07-04 17:11:15.459900"
"move","524","1223","2025-07-04 17:11:15.476400"
"move","524","1228","2025-07-04 17:11:15.493100"
"move","522","1232","2025-07-04 17:11:15.510100"
"move","520","1239","2025-07-04 17:11:15.529100"
"move","520","1243","2025-07-04 17:11:15.546800"
"move","518","1247","2025-07-04 17:11:15.559600"
"move","517","1251","2025-07-04 17:11:15.576100"
"move","517","1253","2025-07-04 17:11:15.592800"
"move","516","1255","2025-07-04 17:11:15.611900"
"move","516","1256","2025-07-04 17:11:15.626300"
"move","516","1257","2025-07-04 17:11:15.643500"
"move","516","1259","2025-07-04 17:11:15.659500"
"scroll","","863.2000122070312","2025-07-04 17:11:17.198300"
"scroll","","879.2000122070312","2025-07-04 17:11:17.209400"
"scroll","","892.7999877929688","2025-07-04 17:11:17.225700"
"scroll","","926.4000244140625","2025-07-04 17:11:17.242200"
"scroll","","948.7999877929688","2025-07-04 17:11:17.260900"
"scroll","","988.7999877929688","2025-07-04 17:11:17.276300"
"scroll","","1016.7999877929688","2025-07-04 17:11:17.292400"
"scroll","","1031.199951171875","2025-07-04 17:11:17.309000"
"scroll","","1060","2025-07-04 17:11:17.325600"
"scroll","","1078.4000244140625","2025-07-04 17:11:17.359800"
"scroll","","1090.4000244140625","2025-07-04 17:11:17.375400"
"scroll","","1100","2025-07-04 17:11:17.392100"
"scroll","","1108.800048828125","2025-07-04 17:11:17.410700"
"scroll","","1116","2025-07-04 17:11:17.425400"
"scroll","","1122.4000244140625","2025-07-04 17:11:17.442800"
"scroll","","1127.199951171875","2025-07-04 17:11:17.459200"
"scroll","","1131.199951171875","2025-07-04 17:11:17.475700"
"scroll","","1135.199951171875","2025-07-04 17:11:17.492900"
"scroll","","1139.199951171875","2025-07-04 17:11:17.509100"
"scroll","","1142.4000244140625","2025-07-04 17:11:17.524900"
"scroll","","1144.800048828125","2025-07-04 17:11:17.542600"
"scroll","","1147.199951171875","2025-07-04 17:11:17.558800"
"scroll","","1150.4000244140625","2025-07-04 17:11:17.575900"
"scroll","","1152","2025-07-04 17:11:17.592200"
"scroll","","1154.4000244140625","2025-07-04 17:11:17.609800"
"scroll","","1155.199951171875","2025-07-04 17:11:17.625400"
"scroll","","1156.800048828125","2025-07-04 17:11:17.641700"
"scroll","","1158.4000244140625","2025-07-04 17:11:17.658900"
"scroll","","1160","2025-07-04 17:11:17.675200"
"scroll","","1160.800048828125","2025-07-04 17:11:17.692300"
"scroll","","1162.4000244140625","2025-07-04 17:11:17.708600"
"scroll","","1163.199951171875","2025-07-04 17:11:17.725200"
"scroll","","1164","2025-07-04 17:11:17.759600"
"scroll","","1164.800048828125","2025-07-04 17:11:17.776100"
"scroll","","1166.4000244140625","2025-07-04 17:11:17.808500"
"scroll","","1167.199951171875","2025-07-04 17:11:17.842700"
"scroll","","1168","2025-07-04 17:11:17.893600"
"move","513","1579","2025-07-04 17:11:18.058000"
"move","510","1586","2025-07-04 17:11:18.074500"
"move","502","1596","2025-07-04 17:11:18.090800"
"move","495","1606","2025-07-04 17:11:18.107600"
"move","486","1617","2025-07-04 17:11:18.125200"
"move","477","1627","2025-07-04 17:11:18.141200"
"move","474","1633","2025-07-04 17:11:18.158500"
"move","470","1639","2025-07-04 17:11:18.175500"
"move","467","1642","2025-07-04 17:11:18.190900"
"move","466","1643","2025-07-04 17:11:18.207500"
"move","464","1646","2025-07-04 17:11:18.224500"
"move","462","1647","2025-07-04 17:11:18.240700"
"move","462","1648","2025-07-04 17:11:18.257700"
"move","461","1648","2025-07-04 17:11:18.278200"
"move","460","1648","2025-07-04 17:11:18.294100"
"move","460","1650","2025-07-04 17:11:18.309800"
"move","460","1651","2025-07-04 17:11:18.324400"
"move","458","1652","2025-07-04 17:11:18.340600"
"move","456","1652","2025-07-04 17:11:18.357300"
"move","455","1653","2025-07-04 17:11:18.374500"
"move","454","1654","2025-07-04 17:11:18.390800"
"move","449","1654","2025-07-04 17:11:18.410800"
"move","444","1654","2025-07-04 17:11:18.424100"
"move","440","1654","2025-07-04 17:11:18.440600"
"move","436","1653","2025-07-04 17:11:18.457100"
"move","434","1651","2025-07-04 17:11:18.473900"
"move","429","1651","2025-07-04 17:11:18.491000"
"move","428","1651","2025-07-04 17:11:18.507400"
"move","427","1651","2025-07-04 17:11:18.524300"
"move","425","1651","2025-07-04 17:11:18.541100"
"move","424","1651","2025-07-04 17:11:18.558200"
"move","423","1651","2025-07-04 17:11:18.618500"
"move","422","1651","2025-07-04 17:11:18.854100"
"move","420","1649","2025-07-04 17:11:18.875600"
"move","416","1647","2025-07-04 17:11:18.890800"
"move","412","1646","2025-07-04 17:11:18.908200"
"move","407","1644","2025-07-04 17:11:18.923700"
"move","401","1642","2025-07-04 17:11:18.944600"
"move","396","1639","2025-07-04 17:11:18.957400"
"move","392","1632","2025-07-04 17:11:18.973700"
"move","383","1627","2025-07-04 17:11:18.990100"
"move","378","1623","2025-07-04 17:11:19.007300"
"move","375","1623","2025-07-04 17:11:19.024400"
"move","372","1622","2025-07-04 17:11:19.041500"
"move","371","1622","2025-07-04 17:11:19.129100"
"move","371","1621","2025-07-04 17:11:19.194400"
"move","370","1621","2025-07-04 17:11:19.219800"
"move","370","1620","2025-07-04 17:11:19.256800"
"move","370","1619","2025-07-04 17:11:19.335200"
"move","370","1618","2025-07-04 17:11:19.373300"
"move","370","1616","2025-07-04 17:11:19.389800"
"move","372","1615","2025-07-04 17:11:19.406600"
"move","372","1614","2025-07-04 17:11:19.423300"
"move","376","1614","2025-07-04 17:11:19.440200"
"move","377","1614","2025-07-04 17:11:19.460300"
"move","378","1613","2025-07-04 17:11:19.474300"
"move","380","1613","2025-07-04 17:11:19.492800"
"move","381","1613","2025-07-04 17:11:19.514100"
"move","382","1613","2025-07-04 17:11:19.529200"
"move","383","1613","2025-07-04 17:11:19.550800"
"move","385","1613","2025-07-04 17:11:19.585900"
"move","387","1612","2025-07-04 17:11:19.607700"
"move","388","1612","2025-07-04 17:11:19.623000"
"move","390","1612","2025-07-04 17:11:19.642500"
"move","392","1612","2025-07-04 17:11:19.656300"
"move","394","1612","2025-07-04 17:11:19.673100"
"move","395","1612","2025-07-04 17:11:19.690800"
"move","397","1612","2025-07-04 17:11:19.706200"
"move","398","1612","2025-07-04 17:11:19.723800"
"move","399","1612","2025-07-04 17:11:19.741600"
"move","400","1612","2025-07-04 17:11:19.756400"
"move","401","1612","2025-07-04 17:11:19.773000"
"move","404","1612","2025-07-04 17:11:19.789700"
"move","405","1612","2025-07-04 17:11:19.810200"
"move","406","1612","2025-07-04 17:11:19.832400"
"move","407","1612","2025-07-04 17:11:19.886600"
"move","408","1612","2025-07-04 17:11:19.922800"
"move","409","1612","2025-07-04 17:11:20.000000"
"move","410","1612","2025-07-04 17:11:20.039500"
"move","411","1612","2025-07-04 17:11:20.104700"
"move","412","1612","2025-07-04 17:11:20.140900"
"move","413","1612","2025-07-04 17:11:20.401200"
"move","414","1612","2025-07-04 17:11:20.439300"
"move","415","1612","2025-07-04 17:11:20.469100"
"move","416","1612","2025-07-04 17:11:20.547000"
"move","417","1612","2025-07-04 17:11:20.667200"
"move","418","1612","2025-07-04 17:11:20.709500"
"move","419","1612","2025-07-04 17:11:20.799800"
"move","420","1612","2025-07-04 17:11:20.839300"
"move","421","1612","2025-07-04 17:11:20.891600"
"move","422","1612","2025-07-04 17:11:20.911700"
"move","423","1612","2025-07-04 17:11:20.934300"
"move","424","1612","2025-07-04 17:11:20.989700"
"move","424","1614","2025-07-04 17:11:21.067200"
"move","426","1614","2025-07-04 17:11:21.087100"
"move","427","1614","2025-07-04 17:11:21.121800"
"move","428","1614","2025-07-04 17:11:21.193900"
"move","429","1614","2025-07-04 17:11:21.262100"
"move","430","1614","2025-07-04 17:11:21.335000"
"move","432","1614","2025-07-04 17:11:22.434300"
"move","436","1615","2025-07-04 17:11:22.454800"
"move","450","1615","2025-07-04 17:11:22.470800"
"move","464","1615","2025-07-04 17:11:22.487600"
"move","473","1616","2025-07-04 17:11:22.504400"
"move","488","1619","2025-07-04 17:11:22.521100"
"move","501","1620","2025-07-04 17:11:22.537500"
"move","514","1623","2025-07-04 17:11:22.554200"
"move","525","1624","2025-07-04 17:11:22.570700"
"move","530","1625","2025-07-04 17:11:22.587400"
"move","536","1625","2025-07-04 17:11:22.604600"
"move","538","1625","2025-07-04 17:11:22.620800"
"move","540","1625","2025-07-04 17:11:22.637700"
"scroll","","1168.800048828125","2025-07-04 17:11:22.876200"
"scroll","","1187.199951171875","2025-07-04 17:11:22.888300"
"scroll","","1224","2025-07-04 17:11:22.904600"
"scroll","","1283.199951171875","2025-07-04 17:11:22.921700"
"scroll","","1315.199951171875","2025-07-04 17:11:22.939000"
"scroll","","1367.199951171875","2025-07-04 17:11:22.954900"
"scroll","","1406.4000244140625","2025-07-04 17:11:22.987700"
"scroll","","1428","2025-07-04 17:11:23.004600"
"scroll","","1444","2025-07-04 17:11:23.021300"
"scroll","","1456.800048828125","2025-07-04 17:11:23.037600"
"scroll","","1468","2025-07-04 17:11:23.055300"
"scroll","","1476.800048828125","2025-07-04 17:11:23.071300"
"scroll","","1484.800048828125","2025-07-04 17:11:23.089800"
"scroll","","1491.199951171875","2025-07-04 17:11:23.106800"
"scroll","","1496.800048828125","2025-07-04 17:11:23.120900"
"scroll","","1503.199951171875","2025-07-04 17:11:23.137800"
"scroll","","1508","2025-07-04 17:11:23.154200"
"scroll","","1512","2025-07-04 17:11:23.171500"
"scroll","","1516","2025-07-04 17:11:23.187300"
"scroll","","1520","2025-07-04 17:11:23.204500"
"scroll","","1523.199951171875","2025-07-04 17:11:23.222100"
"scroll","","1526.4000244140625","2025-07-04 17:11:23.238000"
"scroll","","1528.800048828125","2025-07-04 17:11:23.254700"
"scroll","","1532","2025-07-04 17:11:23.273400"
"scroll","","1534.4000244140625","2025-07-04 17:11:23.287500"
"scroll","","1536","2025-07-04 17:11:23.304700"
"scroll","","1538.4000244140625","2025-07-04 17:11:23.320700"
"scroll","","1540","2025-07-04 17:11:23.337300"
"scroll","","1542.4000244140625","2025-07-04 17:11:23.354200"
"scroll","","1544","2025-07-04 17:11:23.372300"
"scroll","","1544.800048828125","2025-07-04 17:11:23.388000"
"scroll","","1546.4000244140625","2025-07-04 17:11:23.404300"
"scroll","","1548","2025-07-04 17:11:23.421900"
"scroll","","1548.800048828125","2025-07-04 17:11:23.437200"
"scroll","","1550.4000244140625","2025-07-04 17:11:23.454000"
"scroll","","1551.199951171875","2025-07-04 17:11:23.470800"
"scroll","","1552","2025-07-04 17:11:23.487100"
"scroll","","1552.800048828125","2025-07-04 17:11:23.521700"
"scroll","","1554.4000244140625","2025-07-04 17:11:23.537500"
"scroll","","1555.199951171875","2025-07-04 17:11:23.572800"
"scroll","","1556","2025-07-04 17:11:23.603800"
"scroll","","1556.800048828125","2025-07-04 17:11:23.655400"
"scroll","","1558.4000244140625","2025-07-04 17:11:23.738700"
"move","540","2013.4000244140625","2025-07-04 17:11:25.089800"
"move","539","2008.4000244140625","2025-07-04 17:11:25.103400"
"move","539","2007.4000244140625","2025-07-04 17:11:25.119100"
"move","538","2006.4000244140625","2025-07-04 17:11:25.135500"
"move","538","2005.4000244140625","2025-07-04 17:11:25.152000"
"move","537","2004.4000244140625","2025-07-04 17:11:25.168900"
"move","537","2002.4000244140625","2025-07-04 17:11:25.185200"
"move","535","2000.4000244140625","2025-07-04 17:11:25.202000"
"move","534","1998.4000244140625","2025-07-04 17:11:25.219000"
"move","534","1997.4000244140625","2025-07-04 17:11:25.235700"
"move","532","1994.4000244140625","2025-07-04 17:11:25.252100"
"move","531","1992.4000244140625","2025-07-04 17:11:25.272500"
"move","529","1990.4000244140625","2025-07-04 17:11:25.285500"
"move","528","1989.4000244140625","2025-07-04 17:11:25.302200"
"move","527","1988.4000244140625","2025-07-04 17:11:25.318600"
"move","525","1985.4000244140625","2025-07-04 17:11:25.335300"
"move","524","1984.4000244140625","2025-07-04 17:11:25.351900"
"move","523","1983.4000244140625","2025-07-04 17:11:25.368700"
"move","523","1981.4000244140625","2025-07-04 17:11:25.385500"
"move","521","1980.4000244140625","2025-07-04 17:11:25.406700"
"move","521","1979.4000244140625","2025-07-04 17:11:25.418500"
"move","520","1977.4000244140625","2025-07-04 17:11:25.435300"
"move","520","1975.4000244140625","2025-07-04 17:11:25.451900"
"move","519","1974.4000244140625","2025-07-04 17:11:25.469000"
"move","519","1973.4000244140625","2025-07-04 17:11:25.494100"
"move","519","1972.4000244140625","2025-07-04 17:11:25.517100"
"move","519","1971.4000244140625","2025-07-04 17:11:25.566900"
"move","518","1969.4000244140625","2025-07-04 17:11:25.588900"
"move","516","1968.4000244140625","2025-07-04 17:11:25.608400"
"move","516","1966.4000244140625","2025-07-04 17:11:25.629400"
"move","516","1964.4000244140625","2025-07-04 17:11:25.722600"
"move","516","1963.4000244140625","2025-07-04 17:11:25.741600"
"move","515","1962.4000244140625","2025-07-04 17:11:25.751400"
"move","514","1961.4000244140625","2025-07-04 17:11:25.768500"
"move","514","1959.4000244140625","2025-07-04 17:11:25.785200"
"move","513","1958.4000244140625","2025-07-04 17:11:25.801800"
"move","513","1957.4000244140625","2025-07-04 17:11:25.818600"
"move","512","1956.4000244140625","2025-07-04 17:11:25.835000"
"move","512","1954.4000244140625","2025-07-04 17:11:25.851400"
"move","511","1953.4000244140625","2025-07-04 17:11:25.868000"
"move","510","1952.4000244140625","2025-07-04 17:11:25.887100"
"move","509","1952.4000244140625","2025-07-04 17:11:25.904000"
"move","509","1951.4000244140625","2025-07-04 17:11:25.918200"
"move","509","1950.4000244140625","2025-07-04 17:11:25.937500"
"move","509","1949.4000244140625","2025-07-04 17:11:25.984900"
"move","508","1949.4000244140625","2025-07-04 17:11:26.001400"
"move","508","1948.4000244140625","2025-07-04 17:11:26.051300"
"move","508","1947.4000244140625","2025-07-04 17:11:26.080000"
"move","510","1947.4000244140625","2025-07-04 17:11:31.042200"
"move","515","1947.4000244140625","2025-07-04 17:11:31.065300"
"move","519","1947.4000244140625","2025-07-04 17:11:31.080700"
"move","525","1947.4000244140625","2025-07-04 17:11:31.101000"
"move","529","1947.4000244140625","2025-07-04 17:11:31.113900"
"move","534","1945.4000244140625","2025-07-04 17:11:31.130500"
"move","540","1944.4000244140625","2025-07-04 17:11:31.147400"
"move","547","1942.4000244140625","2025-07-04 17:11:31.164600"
"move","553","1940.4000244140625","2025-07-04 17:11:31.180800"
"move","562","1937.4000244140625","2025-07-04 17:11:31.197500"
"move","565","1936.4000244140625","2025-07-04 17:11:31.214000"
"move","568","1935.4000244140625","2025-07-04 17:11:31.230600"
"move","576","1932.4000244140625","2025-07-04 17:11:31.247700"
"move","582","1930.4000244140625","2025-07-04 17:11:31.265100"
"move","590","1928.4000244140625","2025-07-04 17:11:31.283200"
"move","595","1927.4000244140625","2025-07-04 17:11:31.297300"
"move","600","1925.4000244140625","2025-07-04 17:11:31.314000"
"move","606","1921.4000244140625","2025-07-04 17:11:31.330400"
"move","608","1920.4000244140625","2025-07-04 17:11:31.347600"
"move","613","1917.4000244140625","2025-07-04 17:11:31.368600"
"move","616","1915.4000244140625","2025-07-04 17:11:31.380700"
"move","620","1913.4000244140625","2025-07-04 17:11:31.397100"
"move","624","1912.4000244140625","2025-07-04 17:11:31.413600"
"move","628","1910.4000244140625","2025-07-04 17:11:31.431300"
"move","630","1909.4000244140625","2025-07-04 17:11:31.447400"
"move","635","1909.4000244140625","2025-07-04 17:11:31.463800"
"move","636","1909.4000244140625","2025-07-04 17:11:31.480800"
"move","640","1909.4000244140625","2025-07-04 17:11:31.497400"
"move","643","1909.4000244140625","2025-07-04 17:11:31.514000"
"move","646","1909.4000244140625","2025-07-04 17:11:31.534800"
"move","648","1909.4000244140625","2025-07-04 17:11:31.549300"
"move","649","1909.4000244140625","2025-07-04 17:11:31.563800"
"move","650","1909.4000244140625","2025-07-04 17:11:31.580400"
"move","652","1909.4000244140625","2025-07-04 17:11:31.597000"
"move","653","1909.4000244140625","2025-07-04 17:11:31.624700"
"move","656","1909.4000244140625","2025-07-04 17:11:31.646900"
"move","661","1909.4000244140625","2025-07-04 17:11:31.669000"
"move","669","1907.4000244140625","2025-07-04 17:11:31.680400"
"move","676","1906.4000244140625","2025-07-04 17:11:31.697000"
"move","681","1905.4000244140625","2025-07-04 17:11:31.713500"
"move","691","1904.4000244140625","2025-07-04 17:11:31.730600"
"move","696","1901.4000244140625","2025-07-04 17:11:31.747400"
"move","700","1899.4000244140625","2025-07-04 17:11:31.764000"
"move","706","1899.4000244140625","2025-07-04 17:11:31.781000"
"move","708","1899.4000244140625","2025-07-04 17:11:31.797200"
"move","710","1899.4000244140625","2025-07-04 17:11:31.815000"
"move","711","1899.4000244140625","2025-07-04 17:11:31.830100"
"move","712","1899.4000244140625","2025-07-04 17:11:31.846500"
"move","713","1899.4000244140625","2025-07-04 17:11:31.863200"
"move","714","1899.4000244140625","2025-07-04 17:11:31.879800"
"move","716","1899.4000244140625","2025-07-04 17:11:31.898000"
"move","720","1902.4000244140625","2025-07-04 17:11:31.915500"
"move","726","1905.4000244140625","2025-07-04 17:11:31.931600"
"move","732","1908.4000244140625","2025-07-04 17:11:31.947500"
"move","736","1910.4000244140625","2025-07-04 17:11:31.963800"
"move","740","1912.4000244140625","2025-07-04 17:11:31.980100"
"move","744","1912.4000244140625","2025-07-04 17:11:31.996600"
"move","747","1912.4000244140625","2025-07-04 17:11:32.013200"
"move","749","1912.4000244140625","2025-07-04 17:11:32.029900"
"move","754","1912.4000244140625","2025-07-04 17:11:32.046900"
"move","756","1911.4000244140625","2025-07-04 17:11:32.071300"
"move","758","1910.4000244140625","2025-07-04 17:11:32.084300"
"move","759","1910.4000244140625","2025-07-04 17:11:32.096200"
"move","760","1910.4000244140625","2025-07-04 17:11:32.113300"
"move","761","1909.4000244140625","2025-07-04 17:11:32.129800"
"move","762","1909.4000244140625","2025-07-04 17:11:32.179100"
"move","763","1909.4000244140625","2025-07-04 17:11:32.229800"
"move","764","1909.4000244140625","2025-07-04 17:11:32.296500"
"move","764","1913.4000244140625","2025-07-04 17:11:32.432300"
"move","761","1921.4000244140625","2025-07-04 17:11:32.446700"
"move","757","1930.4000244140625","2025-07-04 17:11:32.463200"
"move","749","1941.4000244140625","2025-07-04 17:11:32.480000"
"move","740","1952.4000244140625","2025-07-04 17:11:32.499200"
"move","733","1959.4000244140625","2025-07-04 17:11:32.516000"
"move","728","1963.4000244140625","2025-07-04 17:11:32.529500"
"move","727","1964.4000244140625","2025-07-04 17:11:32.546400"
"scroll","","1570.4000244140625","2025-07-04 17:11:32.818400"
"scroll","","1599.199951171875","2025-07-04 17:11:32.831500"
"scroll","","1646.4000244140625","2025-07-04 17:11:32.847700"
"scroll","","1672.800048828125","2025-07-04 17:11:32.864200"
"scroll","","1703.199951171875","2025-07-04 17:11:32.880400"
"scroll","","1728","2025-07-04 17:11:32.896700"
"scroll","","1732.800048828125","2025-07-04 17:11:32.912800"
"scroll","","1743.199951171875","2025-07-04 17:11:32.947700"
"scroll","","1750.4000244140625","2025-07-04 17:11:32.963100"
"scroll","","1755.199951171875","2025-07-04 17:11:32.979800"
"scroll","","1759.199951171875","2025-07-04 17:11:32.997300"
"scroll","","1762.4000244140625","2025-07-04 17:11:33.013300"
"scroll","","1764.800048828125","2025-07-04 17:11:33.030300"
"scroll","","1767.199951171875","2025-07-04 17:11:33.046000"
"scroll","","1768.800048828125","2025-07-04 17:11:33.065800"
"scroll","","1770.4000244140625","2025-07-04 17:11:33.079600"
"scroll","","1772","2025-07-04 17:11:33.098000"
"scroll","","1772.800048828125","2025-07-04 17:11:33.113600"
"scroll","","1774.4000244140625","2025-07-04 17:11:33.130000"
"scroll","","1775.199951171875","2025-07-04 17:11:33.164100"
"scroll","","1776","2025-07-04 17:11:33.197800"
"scroll","","1776.800048828125","2025-07-04 17:11:33.266600"
"move","717","2186.800048828125","2025-07-04 17:11:33.495900"
"move","705","2193.800048828125","2025-07-04 17:11:33.512600"
"move","674","2204.800048828125","2025-07-04 17:11:33.529100"
"move","646","2215.800048828125","2025-07-04 17:11:33.547900"
"move","624","2225.800048828125","2025-07-04 17:11:33.562800"
"move","607","2231.800048828125","2025-07-04 17:11:33.580100"
"move","598","2237.800048828125","2025-07-04 17:11:33.595400"
"move","590","2240.800048828125","2025-07-04 17:11:33.611900"
"move","587","2243.800048828125","2025-07-04 17:11:33.629000"
"move","584","2244.800048828125","2025-07-04 17:11:33.645500"
"move","582","2245.800048828125","2025-07-04 17:11:33.665900"
"move","581","2245.800048828125","2025-07-04 17:11:33.678700"
"move","580","2246.800048828125","2025-07-04 17:11:33.697500"
"move","579","2246.800048828125","2025-07-04 17:11:33.724000"
"move","578","2247.800048828125","2025-07-04 17:11:33.759200"
"move","577","2247.800048828125","2025-07-04 17:11:33.795200"
"move","576","2247.800048828125","2025-07-04 17:11:33.898900"
"move","577","2247.800048828125","2025-07-04 17:11:35.091900"
"move","579","2247.800048828125","2025-07-04 17:11:35.113700"
"move","580","2247.800048828125","2025-07-04 17:11:35.127900"
"move","584","2247.800048828125","2025-07-04 17:11:35.144200"
"move","588","2247.800048828125","2025-07-04 17:11:35.161000"
"move","592","2246.800048828125","2025-07-04 17:11:35.178000"
"move","595","2243.800048828125","2025-07-04 17:11:35.194500"
"move","598","2243.800048828125","2025-07-04 17:11:35.210900"
"move","602","2243.800048828125","2025-07-04 17:11:35.227600"
"move","604","2243.800048828125","2025-07-04 17:11:35.244100"
"move","605","2242.800048828125","2025-07-04 17:11:35.261000"
"move","607","2242.800048828125","2025-07-04 17:11:35.277700"
"move","608","2242.800048828125","2025-07-04 17:11:35.294600"
"move","610","2242.800048828125","2025-07-04 17:11:35.310600"
"move","611","2242.800048828125","2025-07-04 17:11:35.330100"
"move","612","2242.800048828125","2025-07-04 17:11:35.345400"
"move","613","2242.800048828125","2025-07-04 17:11:35.367100"
"move","614","2242.800048828125","2025-07-04 17:11:35.377300"
"move","615","2242.800048828125","2025-07-04 17:11:35.394000"
"move","616","2242.800048828125","2025-07-04 17:11:35.411000"
"move","619","2242.800048828125","2025-07-04 17:11:35.460400"
"move","620","2242.800048828125","2025-07-04 17:11:35.477700"
"move","621","2242.800048828125","2025-07-04 17:11:35.506800"
"move","623","2242.800048828125","2025-07-04 17:11:35.536300"
"move","624","2242.800048828125","2025-07-04 17:11:35.550100"
"move","625","2242.800048828125","2025-07-04 17:11:35.560600"
"move","627","2242.800048828125","2025-07-04 17:11:35.577400"
"move","628","2242.800048828125","2025-07-04 17:11:35.594000"
"move","629","2241.800048828125","2025-07-04 17:11:35.610500"
"move","632","2240.800048828125","2025-07-04 17:11:35.626900"
"move","633","2240.800048828125","2025-07-04 17:11:35.643700"
"move","634","2240.800048828125","2025-07-04 17:11:35.660600"
"move","638","2239.800048828125","2025-07-04 17:11:35.680600"
"move","640","2238.800048828125","2025-07-04 17:11:35.694300"
"move","645","2237.800048828125","2025-07-04 17:11:35.711700"
"move","648","2236.800048828125","2025-07-04 17:11:35.727000"
"move","653","2235.800048828125","2025-07-04 17:11:35.743800"
"move","658","2235.800048828125","2025-07-04 17:11:35.762000"
"move","673","2233.800048828125","2025-07-04 17:11:35.827300"
"move","676","2232.800048828125","2025-07-04 17:11:35.843700"
"move","680","2231.800048828125","2025-07-04 17:11:35.860400"
"move","684","2230.800048828125","2025-07-04 17:11:35.880600"
"move","686","2230.800048828125","2025-07-04 17:11:35.893700"
"move","688","2230.800048828125","2025-07-04 17:11:35.910200"
"move","691","2230.800048828125","2025-07-04 17:11:35.927100"
"move","693","2229.800048828125","2025-07-04 17:11:35.946700"
"move","696","2228.800048828125","2025-07-04 17:11:35.961400"
"move","698","2227.800048828125","2025-07-04 17:11:35.976900"
"move","700","2227.800048828125","2025-07-04 17:11:35.993500"
"move","702","2227.800048828125","2025-07-04 17:11:36.010000"
"move","704","2227.800048828125","2025-07-04 17:11:36.026800"
"move","705","2227.800048828125","2025-07-04 17:11:36.047400"
"move","706","2227.800048828125","2025-07-04 17:11:36.060000"
"move","708","2226.800048828125","2025-07-04 17:11:36.076700"
"move","708","2224.800048828125","2025-07-04 17:11:36.093700"
"move","710","2224.800048828125","2025-07-04 17:11:36.110400"
"move","712","2223.800048828125","2025-07-04 17:11:36.126700"
"move","714","2222.800048828125","2025-07-04 17:11:36.143600"
"move","717","2221.800048828125","2025-07-04 17:11:36.160000"
"move","720","2220.800048828125","2025-07-04 17:11:36.176600"
"move","723","2219.800048828125","2025-07-04 17:11:36.193200"
"move","725","2219.800048828125","2025-07-04 17:11:36.210100"
"move","728","2219.800048828125","2025-07-04 17:11:36.226800"
"move","729","2219.800048828125","2025-07-04 17:11:36.246200"
"move","730","2219.800048828125","2025-07-04 17:11:36.265100"
"move","732","2219.800048828125","2025-07-04 17:11:36.279000"
"move","734","2219.800048828125","2025-07-04 17:11:36.293100"
"move","735","2219.800048828125","2025-07-04 17:11:36.310200"
"move","736","2219.800048828125","2025-07-04 17:11:36.326500"
"move","738","2219.800048828125","2025-07-04 17:11:36.343400"
"move","740","2219.800048828125","2025-07-04 17:11:36.360100"
"move","741","2219.800048828125","2025-07-04 17:11:36.391400"
"move","743","2219.800048828125","2025-07-04 17:11:36.413300"
"move","744","2219.800048828125","2025-07-04 17:11:36.426300"
"move","746","2219.800048828125","2025-07-04 17:11:36.443200"
"move","747","2219.800048828125","2025-07-04 17:11:36.461300"
"move","748","2219.800048828125","2025-07-04 17:11:36.476600"
"move","751","2219.800048828125","2025-07-04 17:11:36.493000"
"move","752","2219.800048828125","2025-07-04 17:11:36.510000"
"move","754","2219.800048828125","2025-07-04 17:11:36.526800"
"move","756","2219.800048828125","2025-07-04 17:11:36.543000"
"move","757","2219.800048828125","2025-07-04 17:11:36.559800"
"move","758","2219.800048828125","2025-07-04 17:11:36.581900"
"move","759","2219.800048828125","2025-07-04 17:11:36.602000"
"move","760","2219.800048828125","2025-07-04 17:11:36.617200"
"move","761","2219.800048828125","2025-07-04 17:11:36.686900"
"move","762","2219.800048828125","2025-07-04 17:11:36.707300"
"move","763","2219.800048828125","2025-07-04 17:11:36.720800"
"move","764","2219.800048828125","2025-07-04 17:11:36.741800"
"move","764","2219.800048828125","2025-07-04 17:11:37.059400"
"click","764","2219.800048828125","2025-07-04 17:11:37.230000"
"move","759","2222.800048828125","2025-07-04 17:11:37.831000"
"move","749","2225.800048828125","2025-07-04 17:11:37.842100"
"move","726","2231.800048828125","2025-07-04 17:11:37.860700"
"move","700","2239.800048828125","2025-07-04 17:11:37.876000"
"move","676","2244.800048828125","2025-07-04 17:11:37.892400"
"move","652","2252.800048828125","2025-07-04 17:11:37.909800"
"move","631","2258.800048828125","2025-07-04 17:11:37.925100"
"move","614","2264.800048828125","2025-07-04 17:11:37.941800"
"move","604","2267.800048828125","2025-07-04 17:11:37.958600"
"move","600","2268.800048828125","2025-07-04 17:11:37.975400"
"move","596","2270.800048828125","2025-07-04 17:11:37.992500"
"move","591","2271.800048828125","2025-07-04 17:11:38.008900"
"move","588","2272.800048828125","2025-07-04 17:11:38.025500"
"move","579","2274.800048828125","2025-07-04 17:11:38.042100"
"move","572","2275.800048828125","2025-07-04 17:11:38.058700"
"move","568","2277.800048828125","2025-07-04 17:11:38.076000"
"move","560","2279.800048828125","2025-07-04 17:11:38.092100"
"move","555","2279.800048828125","2025-07-04 17:11:38.108600"
"move","552","2279.800048828125","2025-07-04 17:11:38.125200"
"move","548","2279.800048828125","2025-07-04 17:11:38.142000"
"move","546","2279.800048828125","2025-07-04 17:11:38.159000"
"move","544","2279.800048828125","2025-07-04 17:11:38.175100"
"move","542","2279.800048828125","2025-07-04 17:11:38.275200"
"move","544","2279.800048828125","2025-07-04 17:11:46.900200"
"move","551","2279.800048828125","2025-07-04 17:11:46.918200"
"move","556","2279.800048828125","2025-07-04 17:11:46.935300"
"move","567","2278.800048828125","2025-07-04 17:11:46.952100"
"move","574","2278.800048828125","2025-07-04 17:11:46.968900"
"move","582","2278.800048828125","2025-07-04 17:11:46.986400"
"move","585","2278.800048828125","2025-07-04 17:11:47.001800"
"move","592","2278.800048828125","2025-07-04 17:11:47.018100"
"move","600","2278.800048828125","2025-07-04 17:11:47.044700"
"move","610","2278.800048828125","2025-07-04 17:11:47.068400"
"move","619","2278.800048828125","2025-07-04 17:11:47.085400"
"move","623","2278.800048828125","2025-07-04 17:11:47.101500"
"move","632","2278.800048828125","2025-07-04 17:11:47.118200"
"move","638","2277.800048828125","2025-07-04 17:11:47.134700"
"move","645","2276.800048828125","2025-07-04 17:11:47.151400"
"move","658","2276.800048828125","2025-07-04 17:11:47.168300"
"move","666","2276.800048828125","2025-07-04 17:11:47.184700"
"move","676","2275.800048828125","2025-07-04 17:11:47.201600"
"move","696","2272.800048828125","2025-07-04 17:11:47.218200"
"move","712","2272.800048828125","2025-07-04 17:11:47.239200"
"move","716","2272.800048828125","2025-07-04 17:11:47.251500"
"move","729","2271.800048828125","2025-07-04 17:11:47.268000"
"move","736","2270.800048828125","2025-07-04 17:11:47.284800"
"move","741","2269.800048828125","2025-07-04 17:11:47.301600"
"scroll","","1790.4000244140625","2025-07-04 17:11:49.755400"
"scroll","","1816.800048828125","2025-07-04 17:11:49.767500"
"scroll","","1834.4000244140625","2025-07-04 17:11:49.783500"
"scroll","","1851.199951171875","2025-07-04 17:11:49.800500"
"scroll","","1871.199951171875","2025-07-04 17:11:49.818800"
"scroll","","1883.199951171875","2025-07-04 17:11:49.833200"
"scroll","","1891.199951171875","2025-07-04 17:11:49.849800"
"scroll","","1892.800048828125","2025-07-04 17:11:49.867300"
"scroll","","1896","2025-07-04 17:11:49.901900"
"scroll","","1898.4000244140625","2025-07-04 17:11:49.917100"
"scroll","","1900","2025-07-04 17:11:49.933100"
"scroll","","1900.800048828125","2025-07-04 17:11:49.967200"
"move","740","2393.800048828125","2025-07-04 17:11:50.551800"
"move","735","2393.800048828125","2025-07-04 17:11:50.565500"
"move","732","2393.800048828125","2025-07-04 17:11:50.582400"
"move","728","2393.800048828125","2025-07-04 17:11:50.603300"
"move","725","2393.800048828125","2025-07-04 17:11:50.615400"
"move","724","2393.800048828125","2025-07-04 17:11:50.632200"
"move","722","2393.800048828125","2025-07-04 17:11:50.649900"
"move","720","2393.800048828125","2025-07-04 17:11:50.665500"
"move","719","2393.800048828125","2025-07-04 17:11:50.686600"
"move","718","2393.800048828125","2025-07-04 17:11:50.740900"
"move","717","2393.800048828125","2025-07-04 17:11:50.762700"
"move","715","2394.800048828125","2025-07-04 17:11:50.785400"
"move","712","2394.800048828125","2025-07-04 17:11:50.800400"
"move","705","2394.800048828125","2025-07-04 17:11:50.818300"
"move","700","2395.800048828125","2025-07-04 17:11:50.832000"
"move","692","2395.800048828125","2025-07-04 17:11:50.848900"
"move","679","2395.800048828125","2025-07-04 17:11:50.865400"
"move","653","2395.800048828125","2025-07-04 17:11:50.881900"
"move","639","2395.800048828125","2025-07-04 17:11:50.899500"
"move","605","2395.800048828125","2025-07-04 17:11:50.918500"
"move","589","2395.800048828125","2025-07-04 17:11:50.931600"
"move","575","2395.800048828125","2025-07-04 17:11:50.948600"
"move","558","2395.800048828125","2025-07-04 17:11:50.965200"
"move","544","2395.800048828125","2025-07-04 17:11:50.981600"
"move","539","2395.800048828125","2025-07-04 17:11:50.999300"
"move","532","2395.800048828125","2025-07-04 17:11:51.018100"
"move","528","2395.800048828125","2025-07-04 17:11:51.032200"
"move","525","2395.800048828125","2025-07-04 17:11:51.051200"
"move","524","2395.800048828125","2025-07-04 17:11:51.065000"
"move","522","2395.800048828125","2025-07-04 17:11:51.085800"
"move","521","2395.800048828125","2025-07-04 17:11:51.099400"
"move","520","2395.800048828125","2025-07-04 17:11:51.148500"
"move","519","2395.800048828125","2025-07-04 17:11:51.212100"
"move","517","2395.800048828125","2025-07-04 17:11:51.283000"
"move","516","2395.800048828125","2025-07-04 17:11:51.352800"
"move","518","2395.800048828125","2025-07-04 17:11:51.486500"
"move","519","2395.800048828125","2025-07-04 17:11:51.500100"
"move","520","2395.800048828125","2025-07-04 17:11:51.514600"
"move","521","2395.800048828125","2025-07-04 17:11:51.531700"
"move","522","2395.800048828125","2025-07-04 17:11:51.548200"
"move","525","2395.800048828125","2025-07-04 17:11:51.565600"
"move","528","2395.800048828125","2025-07-04 17:11:51.581300"
"move","532","2395.800048828125","2025-07-04 17:11:51.598100"
"move","534","2395.800048828125","2025-07-04 17:11:51.615200"
"move","537","2394.800048828125","2025-07-04 17:11:51.631600"
"move","540","2392.800048828125","2025-07-04 17:11:51.648100"
"move","544","2391.800048828125","2025-07-04 17:11:51.665000"
"move","545","2391.800048828125","2025-07-04 17:11:51.681500"
"move","547","2391.800048828125","2025-07-04 17:11:51.701300"
"move","548","2391.800048828125","2025-07-04 17:11:51.714300"
"move","549","2391.800048828125","2025-07-04 17:11:51.731300"
"move","551","2391.800048828125","2025-07-04 17:11:51.747800"
"move","552","2391.800048828125","2025-07-04 17:11:51.798000"
"move","553","2391.800048828125","2025-07-04 17:11:51.829100"
"move","555","2391.800048828125","2025-07-04 17:11:51.907300"
"move","556","2391.800048828125","2025-07-04 17:11:51.947800"
"move","557","2391.800048828125","2025-07-04 17:11:52.061000"
"move","558","2391.800048828125","2025-07-04 17:11:52.133200"
"move","558","2390.800048828125","2025-07-04 17:11:52.152800"
"move","559","2390.800048828125","2025-07-04 17:11:52.166600"
"move","559","2389.800048828125","2025-07-04 17:11:52.181200"
"move","560","2387.800048828125","2025-07-04 17:11:52.201700"
"move","561","2387.800048828125","2025-07-04 17:11:52.214500"
"move","563","2385.800048828125","2025-07-04 17:11:52.231300"
"move","564","2383.800048828125","2025-07-04 17:11:52.247400"
"move","565","2380.800048828125","2025-07-04 17:11:52.264200"
"move","567","2378.800048828125","2025-07-04 17:11:52.280500"
"move","568","2375.800048828125","2025-07-04 17:11:52.297400"
"move","569","2373.800048828125","2025-07-04 17:11:52.317600"
"move","570","2371.800048828125","2025-07-04 17:11:52.334100"
"move","571","2369.800048828125","2025-07-04 17:11:52.347600"
"move","572","2367.800048828125","2025-07-04 17:11:52.365900"
"move","572","2365.800048828125","2025-07-04 17:11:52.380900"
"move","573","2365.800048828125","2025-07-04 17:11:52.397300"
"move","574","2363.800048828125","2025-07-04 17:11:52.414100"
"move","575","2362.800048828125","2025-07-04 17:11:52.435300"
"move","575","2361.800048828125","2025-07-04 17:11:52.447700"
"move","576","2361.800048828125","2025-07-04 17:11:52.466600"
"move","576","2359.800048828125","2025-07-04 17:11:52.483300"
"move","577","2359.800048828125","2025-07-04 17:11:52.539500"
"move","577","2358.800048828125","2025-07-04 17:11:52.582800"
"move","577","2357.800048828125","2025-07-04 17:11:52.630400"
"move","579","2357.800048828125","2025-07-04 17:11:52.647200"
"move","579","2356.800048828125","2025-07-04 17:11:52.663800"
"move","580","2356.800048828125","2025-07-04 17:11:53.241200"
"move","581","2356.800048828125","2025-07-04 17:11:53.254600"
"move","582","2356.800048828125","2025-07-04 17:11:53.270800"
"move","584","2357.800048828125","2025-07-04 17:11:53.284000"
"move","585","2358.800048828125","2025-07-04 17:11:53.297500"
"move","586","2358.800048828125","2025-07-04 17:11:53.316500"
"move","588","2359.800048828125","2025-07-04 17:11:53.333000"
"move","590","2359.800048828125","2025-07-04 17:11:53.357100"
"move","592","2360.800048828125","2025-07-04 17:11:53.380000"
"move","593","2361.800048828125","2025-07-04 17:11:53.397400"
"move","594","2361.800048828125","2025-07-04 17:11:53.413600"
"move","596","2362.800048828125","2025-07-04 17:11:53.430100"
"move","597","2362.800048828125","2025-07-04 17:11:53.452200"
"move","598","2362.800048828125","2025-07-04 17:11:53.467400"
"move","598","2363.800048828125","2025-07-04 17:11:53.493500"
"move","600","2363.800048828125","2025-07-04 17:11:53.514800"
"move","601","2363.800048828125","2025-07-04 17:11:53.600000"
"move","602","2363.800048828125","2025-07-04 17:11:53.626100"
"move","603","2363.800048828125","2025-07-04 17:11:53.663100"
"move","604","2363.800048828125","2025-07-04 17:11:53.690600"
"move","605","2364.800048828125","2025-07-04 17:11:53.738100"
"move","607","2364.800048828125","2025-07-04 17:11:53.762800"
"move","608","2364.800048828125","2025-07-04 17:11:53.780000"
"move","609","2364.800048828125","2025-07-04 17:11:53.801000"
"move","610","2364.800048828125","2025-07-04 17:11:53.813500"
"move","612","2365.800048828125","2025-07-04 17:11:53.830300"
"move","614","2365.800048828125","2025-07-04 17:11:53.858000"
"move","616","2366.800048828125","2025-07-04 17:11:53.879300"
"move","617","2366.800048828125","2025-07-04 17:11:53.908500"
"move","620","2367.800048828125","2025-07-04 17:11:53.929900"
"move","621","2367.800048828125","2025-07-04 17:11:53.946300"
"move","624","2367.800048828125","2025-07-04 17:11:53.965700"
"move","628","2367.800048828125","2025-07-04 17:11:53.979200"
"move","631","2367.800048828125","2025-07-04 17:11:53.995900"
"move","636","2367.800048828125","2025-07-04 17:11:54.012700"
"move","638","2367.800048828125","2025-07-04 17:11:54.030100"
"move","643","2367.800048828125","2025-07-04 17:11:54.049500"
"move","645","2367.800048828125","2025-07-04 17:11:54.063100"
"move","648","2368.800048828125","2025-07-04 17:11:54.079600"
"move","651","2368.800048828125","2025-07-04 17:11:54.096100"
"move","654","2368.800048828125","2025-07-04 17:11:54.113700"
"move","656","2368.800048828125","2025-07-04 17:11:54.130700"
"move","660","2368.800048828125","2025-07-04 17:11:54.146300"
"move","663","2368.800048828125","2025-07-04 17:11:54.165300"
"move","666","2369.800048828125","2025-07-04 17:11:54.179600"
"move","672","2369.800048828125","2025-07-04 17:11:54.196100"
"move","674","2369.800048828125","2025-07-04 17:11:54.212600"
"move","676","2369.800048828125","2025-07-04 17:11:54.229700"
"move","680","2369.800048828125","2025-07-04 17:11:54.246100"
"move","684","2369.800048828125","2025-07-04 17:11:54.262500"
"move","687","2369.800048828125","2025-07-04 17:11:54.279000"
"move","690","2368.800048828125","2025-07-04 17:11:54.295900"
"move","695","2367.800048828125","2025-07-04 17:11:54.316900"
"move","698","2366.800048828125","2025-07-04 17:11:54.329700"
"move","700","2366.800048828125","2025-07-04 17:11:54.346600"
"move","703","2364.800048828125","2025-07-04 17:11:54.362700"
"move","707","2363.800048828125","2025-07-04 17:11:54.380800"
"move","708","2363.800048828125","2025-07-04 17:11:54.395900"
"move","712","2359.800048828125","2025-07-04 17:11:54.412300"
"move","714","2359.800048828125","2025-07-04 17:11:54.429000"
"move","716","2357.800048828125","2025-07-04 17:11:54.446400"
"move","719","2355.800048828125","2025-07-04 17:11:54.462500"
"move","721","2355.800048828125","2025-07-04 17:11:54.483400"
"move","722","2355.800048828125","2025-07-04 17:11:54.495800"
"move","725","2352.800048828125","2025-07-04 17:11:54.514200"
"move","727","2351.800048828125","2025-07-04 17:11:54.528900"
"move","729","2351.800048828125","2025-07-04 17:11:54.545700"
"move","731","2350.800048828125","2025-07-04 17:11:54.562100"
"move","732","2349.800048828125","2025-07-04 17:11:54.579100"
"move","736","2348.800048828125","2025-07-04 17:11:54.595900"
"move","738","2347.800048828125","2025-07-04 17:11:54.612300"
"move","740","2346.800048828125","2025-07-04 17:11:54.629600"
"move","743","2345.800048828125","2025-07-04 17:11:54.645600"
"move","744","2345.800048828125","2025-07-04 17:11:54.662000"
"move","746","2344.800048828125","2025-07-04 17:11:54.678700"
"move","748","2343.800048828125","2025-07-04 17:11:54.695500"
"move","749","2343.800048828125","2025-07-04 17:11:54.712000"
"move","751","2343.800048828125","2025-07-04 17:11:54.729000"
"move","752","2343.800048828125","2025-07-04 17:11:54.745500"
"move","753","2343.800048828125","2025-07-04 17:11:54.777800"
"move","754","2343.800048828125","2025-07-04 17:11:54.812000"
"move","755","2343.800048828125","2025-07-04 17:11:54.828500"
"move","756","2343.800048828125","2025-07-04 17:11:54.847400"
"move","757","2343.800048828125","2025-07-04 17:11:54.895700"
"move","758","2343.800048828125","2025-07-04 17:11:54.915500"
"move","759","2343.800048828125","2025-07-04 17:11:54.938900"
"move","761","2343.800048828125","2025-07-04 17:11:54.973800"
"move","762","2343.800048828125","2025-07-04 17:11:54.990800"
"move","762","2342.800048828125","2025-07-04 17:11:55.011000"
"move","763","2342.800048828125","2025-07-04 17:11:55.031200"
"move","763","2341.800048828125","2025-07-04 17:11:55.046600"
"move","764","2341.800048828125","2025-07-04 17:11:55.061700"
"move","764","2340.800048828125","2025-07-04 17:11:55.130000"
"move","765","2340.800048828125","2025-07-04 17:11:55.145100"
"move","766","2340.800048828125","2025-07-04 17:11:55.166700"
"move","766","2339.800048828125","2025-07-04 17:11:55.181900"
"move","767","2339.800048828125","2025-07-04 17:11:55.194900"
"move","768","2339.800048828125","2025-07-04 17:11:55.211800"
"move","769","2339.800048828125","2025-07-04 17:11:55.284100"
"move","770","2339.800048828125","2025-07-04 17:11:55.328600"
"move","771","2339.800048828125","2025-07-04 17:11:55.432000"
"move","772","2339.800048828125","2025-07-04 17:11:55.451300"
"move","773","2339.800048828125","2025-07-04 17:11:55.494600"
"move","774","2339.800048828125","2025-07-04 17:11:55.511900"
"move","775","2339.800048828125","2025-07-04 17:11:55.536000"
"move","775","2340.800048828125","2025-07-04 17:11:55.671100"
"move","775","2341.800048828125","2025-07-04 17:11:55.686700"
"move","773","2343.800048828125","2025-07-04 17:11:55.711300"
"move","772","2343.800048828125","2025-07-04 17:11:55.728000"
"move","771","2343.800048828125","2025-07-04 17:11:55.753100"
"move","771","2343.800048828125","2025-07-04 17:11:56.129700"
"click","771","2343.800048828125","2025-07-04 17:11:56.233100"
"move","770","2345.800048828125","2025-07-04 17:11:56.638200"
"move","768","2348.800048828125","2025-07-04 17:11:56.661500"
"move","768","2351.800048828125","2025-07-04 17:11:56.680300"
"move","766","2354.800048828125","2025-07-04 17:11:56.693800"
"move","763","2359.800048828125","2025-07-04 17:11:56.710800"
"move","762","2362.800048828125","2025-07-04 17:11:56.727500"
"move","758","2367.800048828125","2025-07-04 17:11:56.743800"
"move","756","2371.800048828125","2025-07-04 17:11:56.760700"
"move","754","2373.800048828125","2025-07-04 17:11:56.777700"
"move","752","2375.800048828125","2025-07-04 17:11:56.794000"
"move","749","2378.800048828125","2025-07-04 17:11:56.810600"
"move","748","2379.800048828125","2025-07-04 17:11:56.827100"
"move","747","2380.800048828125","2025-07-04 17:11:56.843800"
"move","745","2382.800048828125","2025-07-04 17:11:56.861300"
"move","743","2382.800048828125","2025-07-04 17:11:56.877200"
"move","742","2382.800048828125","2025-07-04 17:11:56.897300"
"move","741","2383.800048828125","2025-07-04 17:11:56.912900"
"scroll","","1902.4000244140625","2025-07-04 17:11:57.367000"
"scroll","","1914.4000244140625","2025-07-04 17:11:57.377200"
"scroll","","1928.800048828125","2025-07-04 17:11:57.394600"
"scroll","","1963.199951171875","2025-07-04 17:11:57.410900"
"scroll","","1998.4000244140625","2025-07-04 17:11:57.427700"
"scroll","","2030.4000244140625","2025-07-04 17:11:57.444100"
"scroll","","2079.199951171875","2025-07-04 17:11:57.461500"
"scroll","","2094.39990234375","2025-07-04 17:11:57.477700"
"scroll","","2100","2025-07-04 17:11:57.494300"
"scroll","","2112","2025-07-04 17:11:57.527400"
"scroll","","2120","2025-07-04 17:11:57.544400"
"scroll","","2127.199951171875","2025-07-04 17:11:57.560700"
"scroll","","2132","2025-07-04 17:11:57.577900"
"scroll","","2136","2025-07-04 17:11:57.595200"
"scroll","","2139.199951171875","2025-07-04 17:11:57.611100"
"scroll","","2142.39990234375","2025-07-04 17:11:57.627400"
"scroll","","2144","2025-07-04 17:11:57.643500"
"scroll","","2146.39990234375","2025-07-04 17:11:57.661800"
"scroll","","2148","2025-07-04 17:11:57.676800"
"scroll","","2150.39990234375","2025-07-04 17:11:57.694200"
"scroll","","2151.199951171875","2025-07-04 17:11:57.710700"
"scroll","","2152","2025-07-04 17:11:57.727500"
"scroll","","2152.800048828125","2025-07-04 17:11:57.743900"
"scroll","","2154.39990234375","2025-07-04 17:11:57.760400"
"scroll","","2155.199951171875","2025-07-04 17:11:57.777800"
"scroll","","2156","2025-07-04 17:11:57.811000"
"scroll","","2156.800048828125","2025-07-04 17:11:57.863300"
"scroll","","2202.39990234375","2025-07-04 17:11:58.043900"
"scroll","","2228","2025-07-04 17:11:58.060900"
"scroll","","2256.800048828125","2025-07-04 17:11:58.076700"
"scroll","","2296.800048828125","2025-07-04 17:11:58.093700"
"scroll","","2318.39990234375","2025-07-04 17:11:58.110900"
"scroll","","2324.800048828125","2025-07-04 17:11:58.127400"
"scroll","","2327.199951171875","2025-07-04 17:11:58.144900"
"scroll","","2334.39990234375","2025-07-04 17:11:58.178300"
"scroll","","2338.39990234375","2025-07-04 17:11:58.193800"
"scroll","","2340.800048828125","2025-07-04 17:11:58.210000"
"scroll","","2343.199951171875","2025-07-04 17:11:58.226800"
"scroll","","2344","2025-07-04 17:11:58.244100"
"scroll","","2346.39990234375","2025-07-04 17:11:58.260600"
"scroll","","2347.199951171875","2025-07-04 17:11:58.295100"
"scroll","","2348","2025-07-04 17:11:58.309800"
"scroll","","2348.800048828125","2025-07-04 17:11:58.427600"
"scroll","","2352","2025-07-04 17:11:58.985300"
"scroll","","2352.800048828125","2025-07-04 17:11:59.009000"
"scroll","","2354.39990234375","2025-07-04 17:11:59.025100"
"scroll","","2355.199951171875","2025-07-04 17:11:59.043700"
"scroll","","2354.39990234375","2025-07-04 17:11:59.409700"
"scroll","","2352","2025-07-04 17:11:59.425700"
"scroll","","2350.39990234375","2025-07-04 17:11:59.441900"
"scroll","","2348","2025-07-04 17:11:59.460100"
"scroll","","2344","2025-07-04 17:11:59.475500"
"scroll","","2342.39990234375","2025-07-04 17:11:59.492700"
"scroll","","2340.800048828125","2025-07-04 17:11:59.509600"
"scroll","","2340","2025-07-04 17:11:59.526100"
"move","721","2827","2025-07-04 17:11:59.825000"
"move","684","2827","2025-07-04 17:11:59.841600"
"move","640","2827","2025-07-04 17:11:59.858200"
"move","597","2823","2025-07-04 17:11:59.875300"
"move","552","2816","2025-07-04 17:11:59.902200"
"move","514","2807","2025-07-04 17:11:59.925100"
"move","503","2804","2025-07-04 17:11:59.943100"
"move","497","2803","2025-07-04 17:11:59.958100"
"move","490","2800","2025-07-04 17:11:59.974700"
"move","484","2799","2025-07-04 17:11:59.991300"
"move","477","2796","2025-07-04 17:12:00.008900"
"move","464","2791","2025-07-04 17:12:00.025400"
"move","458","2789","2025-07-04 17:12:00.041700"
"move","445","2783","2025-07-04 17:12:00.058100"
"move","425","2777","2025-07-04 17:12:00.076200"
"move","409","2770","2025-07-04 17:12:00.092200"
"move","401","2766","2025-07-04 17:12:00.108100"
"move","396","2763","2025-07-04 17:12:00.125000"
"move","388","2761","2025-07-04 17:12:00.141500"
"move","383","2759","2025-07-04 17:12:00.158100"
"move","376","2759","2025-07-04 17:12:00.178300"
"move","372","2759","2025-07-04 17:12:00.192100"
"move","370","2759","2025-07-04 17:12:00.209400"
"move","368","2759","2025-07-04 17:12:00.224800"
"move","366","2757","2025-07-04 17:12:00.241200"
"move","365","2757","2025-07-04 17:12:00.258000"
"move","364","2756","2025-07-04 17:12:00.274600"
"move","362","2755","2025-07-04 17:12:00.291200"
"move","361","2755","2025-07-04 17:12:00.351600"
"move","361","2754","2025-07-04 17:12:00.367900"
"move","360","2754","2025-07-04 17:12:00.387100"
"move","360","2753","2025-07-04 17:12:00.401100"
"move","360","2752","2025-07-04 17:12:00.470800"
"move","360","2751","2025-07-04 17:12:00.508100"
"move","360","2750","2025-07-04 17:12:00.524500"
"move","360","2749","2025-07-04 17:12:00.541100"
"move","361","2748","2025-07-04 17:12:00.558900"
"move","362","2748","2025-07-04 17:12:00.582900"
"move","363","2747","2025-07-04 17:12:00.608200"
"move","364","2747","2025-07-04 17:12:00.640800"
"move","365","2747","2025-07-04 17:12:00.787000"
"move","366","2747","2025-07-04 17:12:00.864600"
"move","367","2745","2025-07-04 17:12:00.907200"
"move","368","2743","2025-07-04 17:12:00.957200"
"move","372","2738","2025-07-04 17:12:00.976700"
"move","375","2734","2025-07-04 17:12:00.990500"
"move","376","2731","2025-07-04 17:12:01.007200"
"move","377","2728","2025-07-04 17:12:01.025000"
"move","378","2726","2025-07-04 17:12:01.040500"
"move","379","2724","2025-07-04 17:12:01.057300"
"move","379","2723","2025-07-04 17:12:01.074300"
"move","380","2722","2025-07-04 17:12:01.090800"
"move","380","2719","2025-07-04 17:12:01.110500"
"move","380","2717","2025-07-04 17:12:01.124300"
"move","380","2715","2025-07-04 17:12:01.140700"
"move","380","2713","2025-07-04 17:12:01.157600"
"move","376","2709","2025-07-04 17:12:01.174100"
"move","372","2704","2025-07-04 17:12:01.190800"
"move","368","2701","2025-07-04 17:12:01.210300"
"move","367","2700","2025-07-04 17:12:01.223800"
"move","366","2700","2025-07-04 17:12:01.240500"
"move","366","2699","2025-07-04 17:12:01.258300"
"move","366","2698","2025-07-04 17:12:01.279200"
"move","368","2695","2025-07-04 17:12:01.290800"
"move","382","2688","2025-07-04 17:12:01.307300"
"move","402","2680","2025-07-04 17:12:01.324000"
"move","427","2674","2025-07-04 17:12:01.341000"
"move","460","2667","2025-07-04 17:12:01.357300"
"move","490","2661","2025-07-04 17:12:01.373800"
"move","514","2656","2025-07-04 17:12:01.390200"
"move","559","2651","2025-07-04 17:12:01.407700"
"move","580","2650","2025-07-04 17:12:01.424100"
"move","611","2650","2025-07-04 17:12:01.440600"
"move","635","2650","2025-07-04 17:12:01.456900"
"move","652","2651","2025-07-04 17:12:01.474200"
"move","668","2651","2025-07-04 17:12:01.490800"
"move","674","2652","2025-07-04 17:12:01.507100"
"move","677","2652","2025-07-04 17:12:01.524500"
"move","680","2652","2025-07-04 17:12:01.540800"
"scroll","","2335.199951171875","2025-07-04 17:12:02.263100"
"scroll","","2323.199951171875","2025-07-04 17:12:02.273600"
"scroll","","2304.800048828125","2025-07-04 17:12:02.289700"
"scroll","","2282.39990234375","2025-07-04 17:12:02.307500"
"scroll","","2259.199951171875","2025-07-04 17:12:02.324400"
"scroll","","2192","2025-07-04 17:12:02.340200"
"scroll","","2146.39990234375","2025-07-04 17:12:02.358600"
"scroll","","2080","2025-07-04 17:12:02.373900"
"scroll","","2059.199951171875","2025-07-04 17:12:02.390200"
"scroll","","2015.199951171875","2025-07-04 17:12:02.424200"
"scroll","","1983.199951171875","2025-07-04 17:12:02.440700"
"scroll","","1956.800048828125","2025-07-04 17:12:02.456400"
"scroll","","1934.4000244140625","2025-07-04 17:12:02.473100"
"scroll","","1915.199951171875","2025-07-04 17:12:02.490300"
"scroll","","1896.800048828125","2025-07-04 17:12:02.507700"
"scroll","","1880.800048828125","2025-07-04 17:12:02.523300"
"scroll","","1867.199951171875","2025-07-04 17:12:02.540500"
"scroll","","1854.4000244140625","2025-07-04 17:12:02.557000"
"scroll","","1842.4000244140625","2025-07-04 17:12:02.573400"
"scroll","","1831.199951171875","2025-07-04 17:12:02.590100"
"scroll","","1820","2025-07-04 17:12:02.607000"
"scroll","","1810.4000244140625","2025-07-04 17:12:02.623300"
"scroll","","1800.800048828125","2025-07-04 17:12:02.640500"
"scroll","","1792","2025-07-04 17:12:02.658000"
"scroll","","1784.800048828125","2025-07-04 17:12:02.673600"
"scroll","","1776.800048828125","2025-07-04 17:12:02.689500"
"scroll","","1770.4000244140625","2025-07-04 17:12:02.706300"
"scroll","","1763.199951171875","2025-07-04 17:12:02.722900"
"scroll","","1756","2025-07-04 17:12:02.739900"
"scroll","","1750.4000244140625","2025-07-04 17:12:02.756800"
"scroll","","1744","2025-07-04 17:12:02.773700"
"scroll","","1738.4000244140625","2025-07-04 17:12:02.790800"
"scroll","","1732.800048828125","2025-07-04 17:12:02.807100"
"scroll","","1728","2025-07-04 17:12:02.822600"
"scroll","","1723.199951171875","2025-07-04 17:12:02.841700"
"scroll","","1719.199951171875","2025-07-04 17:12:02.856100"
"scroll","","1714.4000244140625","2025-07-04 17:12:02.873500"
"scroll","","1712.800048828125","2025-07-04 17:12:03.244800"
"scroll","","1712","2025-07-04 17:12:03.257500"
"scroll","","1711.199951171875","2025-07-04 17:12:03.272400"
"scroll","","1710.4000244140625","2025-07-04 17:12:03.290800"
"scroll","","1708.800048828125","2025-07-04 17:12:03.358800"
"scroll","","1708","2025-07-04 17:12:04.172500"
"scroll","","1704","2025-07-04 17:12:04.189900"
"scroll","","1692","2025-07-04 17:12:04.205800"
"scroll","","1647.199951171875","2025-07-04 17:12:04.222100"
"scroll","","1604.800048828125","2025-07-04 17:12:04.239600"
"scroll","","1552","2025-07-04 17:12:04.255600"
"scroll","","1530.4000244140625","2025-07-04 17:12:04.316300"
"scroll","","1515.199951171875","2025-07-04 17:12:04.322100"
"scroll","","1502.4000244140625","2025-07-04 17:12:04.339400"
"scroll","","1492","2025-07-04 17:12:04.359300"
"scroll","","1483.199951171875","2025-07-04 17:12:04.372200"
"scroll","","1475.199951171875","2025-07-04 17:12:04.388500"
"scroll","","1468.800048828125","2025-07-04 17:12:04.405200"
"scroll","","1463.199951171875","2025-07-04 17:12:04.423200"
"scroll","","1456.800048828125","2025-07-04 17:12:04.454500"
"scroll","","1452","2025-07-04 17:12:04.471200"
"scroll","","1448","2025-07-04 17:12:04.487800"
"scroll","","1444","2025-07-04 17:12:04.504500"
"scroll","","1440","2025-07-04 17:12:04.520900"
"scroll","","1436.800048828125","2025-07-04 17:12:04.537400"
"scroll","","1434.4000244140625","2025-07-04 17:12:04.554400"
"scroll","","1431.199951171875","2025-07-04 17:12:04.570900"
"scroll","","1428.800048828125","2025-07-04 17:12:04.587400"
"scroll","","1426.4000244140625","2025-07-04 17:12:04.604100"
"scroll","","1424","2025-07-04 17:12:04.621200"
"scroll","","1422.4000244140625","2025-07-04 17:12:04.637700"
"scroll","","1420","2025-07-04 17:12:04.654300"
"scroll","","1419.199951171875","2025-07-04 17:12:04.671800"
"scroll","","1302.4000244140625","2025-07-04 17:12:04.707400"
"scroll","","1234.4000244140625","2025-07-04 17:12:04.737800"
"scroll","","1216.800048828125","2025-07-04 17:12:04.754200"
"scroll","","1195.199951171875","2025-07-04 17:12:04.770900"
"scroll","","1168.800048828125","2025-07-04 17:12:04.788700"
"scroll","","1150.4000244140625","2025-07-04 17:12:04.805100"
"scroll","","1135.199951171875","2025-07-04 17:12:04.821900"
"scroll","","1122.4000244140625","2025-07-04 17:12:04.840000"
"scroll","","1111.199951171875","2025-07-04 17:12:04.854600"
"scroll","","1102.4000244140625","2025-07-04 17:12:04.871600"
"scroll","","1092.800048828125","2025-07-04 17:12:04.888600"
"scroll","","1086.4000244140625","2025-07-04 17:12:04.904800"
"scroll","","1079.199951171875","2025-07-04 17:12:04.922700"
"scroll","","1072.800048828125","2025-07-04 17:12:04.940700"
"scroll","","1067.199951171875","2025-07-04 17:12:04.954300"
"scroll","","1062.4000244140625","2025-07-04 17:12:04.973000"
"scroll","","1056.800048828125","2025-07-04 17:12:04.988600"
"scroll","","1052.800048828125","2025-07-04 17:12:05.005100"
"scroll","","1048.800048828125","2025-07-04 17:12:05.022400"
"scroll","","1044.800048828125","2025-07-04 17:12:05.042100"
"scroll","","1042.4000244140625","2025-07-04 17:12:05.056800"
"scroll","","1038.4000244140625","2025-07-04 17:12:05.071400"
"scroll","","1035.199951171875","2025-07-04 17:12:05.087800"
"scroll","","1032.800048828125","2025-07-04 17:12:05.104900"
"scroll","","1030.4000244140625","2025-07-04 17:12:05.121800"
"scroll","","1028","2025-07-04 17:12:05.138200"
"scroll","","1024.800048828125","2025-07-04 17:12:05.155600"
"scroll","","1023.2000122070312","2025-07-04 17:12:05.172000"
"scroll","","1020.7999877929688","2025-07-04 17:12:05.188100"
"scroll","","1020","2025-07-04 17:12:05.204700"
"scroll","","1019.2000122070312","2025-07-04 17:12:05.438900"
"scroll","","1018.4000244140625","2025-07-04 17:12:05.454900"
"scroll","","1016.7999877929688","2025-07-04 17:12:05.489300"
"scroll","","1016","2025-07-04 17:12:05.839100"
"scroll","","1015.2000122070312","2025-07-04 17:12:05.971200"
"scroll","","1012.7999877929688","2025-07-04 17:12:06.004700"
"scroll","","1012","2025-07-04 17:12:06.020700"
"scroll","","1011.2000122070312","2025-07-04 17:12:06.037200"
"scroll","","1008","2025-07-04 17:12:06.054800"
"scroll","","1006.4000244140625","2025-07-04 17:12:06.071000"
"scroll","","1004","2025-07-04 17:12:06.088900"
"scroll","","1002.4000244140625","2025-07-04 17:12:06.103900"
"scroll","","1000.7999877929688","2025-07-04 17:12:06.120100"
"scroll","","1000","2025-07-04 17:12:06.138100"
"scroll","","999.2000122070312","2025-07-04 17:12:06.153800"
"scroll","","998.4000244140625","2025-07-04 17:12:06.170500"
"scroll","","996.7999877929688","2025-07-04 17:12:06.187700"
"scroll","","996","2025-07-04 17:12:06.289100"
"scroll","","995.2000122070312","2025-07-04 17:12:06.520900"
"scroll","","992.7999877929688","2025-07-04 17:12:06.537100"
"scroll","","980.7999877929688","2025-07-04 17:12:06.555000"
"scroll","","950.4000244140625","2025-07-04 17:12:06.586100"
"scroll","","907.2000122070312","2025-07-04 17:12:06.602800"
"scroll","","863.2000122070312","2025-07-04 17:12:06.619500"
"scroll","","834.4000244140625","2025-07-04 17:12:06.653900"
"scroll","","815.2000122070312","2025-07-04 17:12:06.669700"
"scroll","","799.2000122070312","2025-07-04 17:12:06.686100"
"scroll","","786.4000244140625","2025-07-04 17:12:06.702800"
"scroll","","774.4000244140625","2025-07-04 17:12:06.719400"
"scroll","","764","2025-07-04 17:12:06.736300"
"scroll","","754.4000244140625","2025-07-04 17:12:06.752700"
"scroll","","747.2000122070312","2025-07-04 17:12:06.770000"
"scroll","","739.2000122070312","2025-07-04 17:12:06.785900"
"scroll","","732.7999877929688","2025-07-04 17:12:06.802700"
"scroll","","727.2000122070312","2025-07-04 17:12:06.819100"
"scroll","","720.7999877929688","2025-07-04 17:12:06.835800"
"scroll","","716","2025-07-04 17:12:06.852900"
"scroll","","711.2000122070312","2025-07-04 17:12:06.869500"
"scroll","","707.2000122070312","2025-07-04 17:12:06.886000"
"scroll","","703.2000122070312","2025-07-04 17:12:06.902500"
"scroll","","699.2000122070312","2025-07-04 17:12:06.919200"
"scroll","","696","2025-07-04 17:12:06.935900"
"scroll","","692","2025-07-04 17:12:06.952400"
"scroll","","688.7999877929688","2025-07-04 17:12:06.970200"
"scroll","","686.4000244140625","2025-07-04 17:12:06.990800"
"scroll","","683.2000122070312","2025-07-04 17:12:07.003600"
"scroll","","680.7999877929688","2025-07-04 17:12:07.019100"
"scroll","","679.2000122070312","2025-07-04 17:12:07.035800"
"scroll","","676","2025-07-04 17:12:07.053300"
"scroll","","674.4000244140625","2025-07-04 17:12:07.068900"
"scroll","","672.7999877929688","2025-07-04 17:12:07.085500"
"scroll","","671.2000122070312","2025-07-04 17:12:07.102100"
"scroll","","668.7999877929688","2025-07-04 17:12:07.118900"
"scroll","","667.2000122070312","2025-07-04 17:12:07.135700"
"scroll","","666.4000244140625","2025-07-04 17:12:07.152900"
"scroll","","664.7999877929688","2025-07-04 17:12:07.169100"
"scroll","","663.2000122070312","2025-07-04 17:12:07.185700"
"scroll","","662.4000244140625","2025-07-04 17:12:07.202200"
"scroll","","660.7999877929688","2025-07-04 17:12:07.219200"
"scroll","","660","2025-07-04 17:12:07.235400"
"scroll","","659.2000122070312","2025-07-04 17:12:07.252200"
"scroll","","658.4000244140625","2025-07-04 17:12:07.268800"
"scroll","","656.7999877929688","2025-07-04 17:12:07.285600"
"scroll","","656","2025-07-04 17:12:07.303800"
"scroll","","655.2000122070312","2025-07-04 17:12:07.320200"
"scroll","","654.4000244140625","2025-07-04 17:12:07.354600"
"scroll","","652.7999877929688","2025-07-04 17:12:07.386600"
"scroll","","652","2025-07-04 17:12:07.420300"
"scroll","","651.2000122070312","2025-07-04 17:12:07.486500"
"scroll","","650.4000244140625","2025-07-04 17:12:07.570400"
"scroll","","640","2025-07-04 17:12:08.241800"
"scroll","","630.4000244140625","2025-07-04 17:12:08.253900"
"scroll","","618.4000244140625","2025-07-04 17:12:08.270600"
"scroll","","600.7999877929688","2025-07-04 17:12:08.285700"
"scroll","","588.7999877929688","2025-07-04 17:12:08.304400"
"scroll","","576","2025-07-04 17:12:08.318800"
"scroll","","560.7999877929688","2025-07-04 17:12:08.336300"
"scroll","","550.4000244140625","2025-07-04 17:12:08.352600"
"scroll","","540","2025-07-04 17:12:08.368400"
"scroll","","536","2025-07-04 17:12:08.386200"
"scroll","","534.4000244140625","2025-07-04 17:12:08.403900"
"scroll","","530.4000244140625","2025-07-04 17:12:08.435200"
"scroll","","527.2000122070312","2025-07-04 17:12:08.453900"
"scroll","","526.4000244140625","2025-07-04 17:12:08.470000"
"scroll","","524","2025-07-04 17:12:08.485200"
"scroll","","523.2000122070312","2025-07-04 17:12:08.519300"
"scroll","","522.4000244140625","2025-07-04 17:12:08.619900"
"scroll","","543.2000122070312","2025-07-04 17:12:09.024500"
"scroll","","584.7999877929688","2025-07-04 17:12:09.035900"
"scroll","","650.4000244140625","2025-07-04 17:12:09.051800"
"scroll","","703.2000122070312","2025-07-04 17:12:09.068800"
"scroll","","744","2025-07-04 17:12:09.084700"
"scroll","","794.4000244140625","2025-07-04 17:12:09.101400"
"scroll","","799.2000122070312","2025-07-04 17:12:09.118400"
"scroll","","816","2025-07-04 17:12:09.152200"
"scroll","","828","2025-07-04 17:12:09.168200"
"scroll","","838.4000244140625","2025-07-04 17:12:09.187600"
"scroll","","844.7999877929688","2025-07-04 17:12:09.201900"
"scroll","","851.2000122070312","2025-07-04 17:12:09.218300"
"scroll","","856.7999877929688","2025-07-04 17:12:09.235700"
"scroll","","860.7999877929688","2025-07-04 17:12:09.254500"
"scroll","","864.7999877929688","2025-07-04 17:12:09.269000"
"scroll","","868.7999877929688","2025-07-04 17:12:09.287300"
"scroll","","872","2025-07-04 17:12:09.317100"
"scroll","","875.2000122070312","2025-07-04 17:12:09.334000"
"scroll","","878.4000244140625","2025-07-04 17:12:09.350600"
"scroll","","880","2025-07-04 17:12:09.367300"
"scroll","","882.4000244140625","2025-07-04 17:12:09.384000"
"scroll","","884","2025-07-04 17:12:09.400200"
"scroll","","884.7999877929688","2025-07-04 17:12:09.416900"
"scroll","","887.2000122070312","2025-07-04 17:12:09.433800"
"scroll","","888","2025-07-04 17:12:09.450400"
"scroll","","888.7999877929688","2025-07-04 17:12:09.467300"
"scroll","","890.4000244140625","2025-07-04 17:12:09.483900"
"scroll","","891.2000122070312","2025-07-04 17:12:09.500600"
"scroll","","892","2025-07-04 17:12:09.517400"
"scroll","","892.7999877929688","2025-07-04 17:12:09.533500"
"scroll","","894.4000244140625","2025-07-04 17:12:09.553600"
"scroll","","895.2000122070312","2025-07-04 17:12:09.584500"
"scroll","","896","2025-07-04 17:12:09.618200"
"scroll","","896.7999877929688","2025-07-04 17:12:09.720200"
"move","680","1210.7999877929688","2025-07-04 17:12:10.179900"
"move","680","1211.7999877929688","2025-07-04 17:12:10.188200"
"move","680","1215.7999877929688","2025-07-04 17:12:10.202800"
"move","677","1221.7999877929688","2025-07-04 17:12:10.226000"
"move","675","1231.7999877929688","2025-07-04 17:12:10.251900"
"move","672","1239.7999877929688","2025-07-04 17:12:10.268200"
"move","669","1243.7999877929688","2025-07-04 17:12:10.284100"
"move","663","1258.7999877929688","2025-07-04 17:12:10.303500"
"move","660","1263.7999877929688","2025-07-04 17:12:10.320300"
"move","655","1275.7999877929688","2025-07-04 17:12:10.336400"
"move","652","1279.7999877929688","2025-07-04 17:12:10.349900"
"move","649","1285.7999877929688","2025-07-04 17:12:10.366600"
"move","646","1291.7999877929688","2025-07-04 17:12:10.383600"
"move","641","1303.7999877929688","2025-07-04 17:12:10.400300"
"move","640","1312.7999877929688","2025-07-04 17:12:10.417300"
"move","636","1325.7999877929688","2025-07-04 17:12:10.434700"
"move","636","1338.7999877929688","2025-07-04 17:12:10.453500"
"move","636","1356.7999877929688","2025-07-04 17:12:10.466700"
"move","636","1382.7999877929688","2025-07-04 17:12:10.483100"
"move","636","1399.7999877929688","2025-07-04 17:12:10.500100"
"move","638","1415.7999877929688","2025-07-04 17:12:10.517200"
"move","639","1431.7999877929688","2025-07-04 17:12:10.533600"
"move","641","1440.7999877929688","2025-07-04 17:12:10.549900"
"move","643","1446.7999877929688","2025-07-04 17:12:10.566500"
"scroll","","931.2000122070312","2025-07-04 17:12:10.805600"
"scroll","","968.7999877929688","2025-07-04 17:12:10.817100"
"scroll","","1016.7999877929688","2025-07-04 17:12:10.833000"
"scroll","","1044.800048828125","2025-07-04 17:12:10.851400"
"scroll","","1064","2025-07-04 17:12:10.866500"
"scroll","","1072","2025-07-04 17:12:10.883500"
"scroll","","1084","2025-07-04 17:12:10.917200"
"scroll","","1092.800048828125","2025-07-04 17:12:10.933200"
"scroll","","1099.199951171875","2025-07-04 17:12:10.950000"
"scroll","","1104","2025-07-04 17:12:10.966200"
"scroll","","1108","2025-07-04 17:12:10.984800"
"scroll","","1112","2025-07-04 17:12:10.999800"
"scroll","","1115.199951171875","2025-07-04 17:12:11.017100"
"scroll","","1116.800048828125","2025-07-04 17:12:11.034500"
"scroll","","1119.199951171875","2025-07-04 17:12:11.050300"
"scroll","","1120.800048828125","2025-07-04 17:12:11.069000"
"scroll","","1123.199951171875","2025-07-04 17:12:11.083400"
"scroll","","1124","2025-07-04 17:12:11.100300"
"scroll","","1124.800048828125","2025-07-04 17:12:11.116600"
"scroll","","1126.4000244140625","2025-07-04 17:12:11.133100"
"scroll","","1127.199951171875","2025-07-04 17:12:11.150500"
"scroll","","1128","2025-07-04 17:12:11.166600"
"scroll","","1128.800048828125","2025-07-04 17:12:11.183600"
"scroll","","1130.4000244140625","2025-07-04 17:12:11.217300"
"scroll","","1131.199951171875","2025-07-04 17:12:11.283700"
"scroll","","1132","2025-07-04 17:12:11.820800"
"scroll","","1155.199951171875","2025-07-04 17:12:11.833300"
"scroll","","1183.199951171875","2025-07-04 17:12:11.849800"
"scroll","","1230.4000244140625","2025-07-04 17:12:11.866500"
"scroll","","1262.4000244140625","2025-07-04 17:12:11.882400"
"scroll","","1274.4000244140625","2025-07-04 17:12:11.902300"
"scroll","","1288","2025-07-04 17:12:11.915700"
"scroll","","1292.800048828125","2025-07-04 17:12:11.933600"
"scroll","","1303.199951171875","2025-07-04 17:12:11.966200"
"scroll","","1308.800048828125","2025-07-04 17:12:11.983600"
"scroll","","1314.4000244140625","2025-07-04 17:12:12.000100"
"scroll","","1318.4000244140625","2025-07-04 17:12:12.016000"
"scroll","","1320.800048828125","2025-07-04 17:12:12.033100"
"scroll","","1323.199951171875","2025-07-04 17:12:12.050600"
"scroll","","1324.800048828125","2025-07-04 17:12:12.066500"
"scroll","","1327.199951171875","2025-07-04 17:12:12.082200"
"scroll","","1328","2025-07-04 17:12:12.099700"
"scroll","","1330.4000244140625","2025-07-04 17:12:12.116300"
"scroll","","1331.199951171875","2025-07-04 17:12:12.150000"
"scroll","","1332","2025-07-04 17:12:12.165600"
"scroll","","1332.800048828125","2025-07-04 17:12:12.199200"
"scroll","","1334.4000244140625","2025-07-04 17:12:12.266700"
"scroll","","1372","2025-07-04 17:12:12.365500"
"scroll","","1394.4000244140625","2025-07-04 17:12:12.382900"
"scroll","","1427.199951171875","2025-07-04 17:12:12.399500"
"scroll","","1439.199951171875","2025-07-04 17:12:12.416400"
"scroll","","1442.4000244140625","2025-07-04 17:12:12.432400"
"scroll","","1450.4000244140625","2025-07-04 17:12:12.449400"
"scroll","","1456","2025-07-04 17:12:12.482600"
"scroll","","1459.199951171875","2025-07-04 17:12:12.499000"
"scroll","","1460.800048828125","2025-07-04 17:12:12.516300"
"scroll","","1463.199951171875","2025-07-04 17:12:12.532300"
"scroll","","1464","2025-07-04 17:12:12.550400"
"scroll","","1464.800048828125","2025-07-04 17:12:12.581600"
"scroll","","1466.4000244140625","2025-07-04 17:12:12.597900"
"scroll","","1467.199951171875","2025-07-04 17:12:12.699600"
"scroll","","1487.199951171875","2025-07-04 17:12:14.086800"
"scroll","","1532.800048828125","2025-07-04 17:12:14.098700"
"scroll","","1571.199951171875","2025-07-04 17:12:14.114800"
"scroll","","1600","2025-07-04 17:12:14.147000"
"scroll","","1632","2025-07-04 17:12:14.163600"
"scroll","","1636.800048828125","2025-07-04 17:12:14.180100"
"scroll","","1639.199951171875","2025-07-04 17:12:14.196500"
"scroll","","1647.199951171875","2025-07-04 17:12:14.215700"
"scroll","","1652","2025-07-04 17:12:14.246700"
"scroll","","1656","2025-07-04 17:12:14.263500"
"scroll","","1659.199951171875","2025-07-04 17:12:14.280000"
"scroll","","1662.4000244140625","2025-07-04 17:12:14.296700"
"scroll","","1663.199951171875","2025-07-04 17:12:14.313500"
"scroll","","1664.800048828125","2025-07-04 17:12:14.329900"
"scroll","","1666.4000244140625","2025-07-04 17:12:14.346600"
"scroll","","1667.199951171875","2025-07-04 17:12:14.417600"
"scroll","","1668.800048828125","2025-07-04 17:12:14.430300"
"scroll","","1670.4000244140625","2025-07-04 17:12:14.464300"
"scroll","","1671.199951171875","2025-07-04 17:12:14.871000"
"scroll","","1680.800048828125","2025-07-04 17:12:14.880900"
"scroll","","1712.800048828125","2025-07-04 17:12:14.912900"
"scroll","","1767.199951171875","2025-07-04 17:12:14.929500"
"scroll","","1802.4000244140625","2025-07-04 17:12:14.946300"
"scroll","","1836.800048828125","2025-07-04 17:12:14.962800"
"scroll","","1863.199951171875","2025-07-04 17:12:14.979500"
"scroll","","1867.199951171875","2025-07-04 17:12:14.995900"
"scroll","","1880","2025-07-04 17:12:15.014400"
"scroll","","1890.4000244140625","2025-07-04 17:12:15.030600"
"scroll","","1896.800048828125","2025-07-04 17:12:15.046500"
"scroll","","1902.4000244140625","2025-07-04 17:12:15.064000"
"scroll","","1907.199951171875","2025-07-04 17:12:15.080700"
"scroll","","1911.199951171875","2025-07-04 17:12:15.101800"
"scroll","","1915.199951171875","2025-07-04 17:12:15.114200"
"scroll","","1918.4000244140625","2025-07-04 17:12:15.130700"
"scroll","","1920","2025-07-04 17:12:15.146700"
"scroll","","1922.4000244140625","2025-07-04 17:12:15.163600"
"scroll","","1924","2025-07-04 17:12:15.180500"
"scroll","","1926.4000244140625","2025-07-04 17:12:15.197100"
"scroll","","1927.199951171875","2025-07-04 17:12:15.214000"
"scroll","","1928.800048828125","2025-07-04 17:12:15.246300"
"scroll","","1930.4000244140625","2025-07-04 17:12:15.262400"
"scroll","","1931.199951171875","2025-07-04 17:12:15.279300"
"scroll","","1932","2025-07-04 17:12:15.296800"
"scroll","","1932.800048828125","2025-07-04 17:12:15.314900"
"scroll","","1934.4000244140625","2025-07-04 17:12:15.346800"
"scroll","","1935.199951171875","2025-07-04 17:12:15.417300"
"scroll","","1970.4000244140625","2025-07-04 17:12:15.770000"
"scroll","","2004","2025-07-04 17:12:15.780800"
"scroll","","2048.800048828125","2025-07-04 17:12:15.797000"
"scroll","","2079.199951171875","2025-07-04 17:12:15.812800"
"scroll","","2102.39990234375","2025-07-04 17:12:15.830100"
"scroll","","2111.199951171875","2025-07-04 17:12:15.846600"
"scroll","","2122.39990234375","2025-07-04 17:12:15.880400"
"scroll","","2128.800048828125","2025-07-04 17:12:15.896500"
"scroll","","2134.39990234375","2025-07-04 17:12:15.913100"
"scroll","","2139.199951171875","2025-07-04 17:12:15.930600"
"scroll","","2142.39990234375","2025-07-04 17:12:15.946500"
"scroll","","2144.800048828125","2025-07-04 17:12:15.962500"
"scroll","","2147.199951171875","2025-07-04 17:12:15.980200"
"scroll","","2148.800048828125","2025-07-04 17:12:15.997800"
"scroll","","2151.199951171875","2025-07-04 17:12:16.012600"
"scroll","","2152","2025-07-04 17:12:16.030400"
"scroll","","2154.39990234375","2025-07-04 17:12:16.047900"
"scroll","","2155.199951171875","2025-07-04 17:12:16.062900"
"scroll","","2156","2025-07-04 17:12:16.096500"
"scroll","","2156.800048828125","2025-07-04 17:12:16.112300"
"scroll","","2158.39990234375","2025-07-04 17:12:16.146200"
"scroll","","2159.199951171875","2025-07-04 17:12:16.313800"
"move","643","2708.199951171875","2025-07-04 17:12:20.134700"
"move","643","2707.199951171875","2025-07-04 17:12:20.149200"
"move","643","2706.199951171875","2025-07-04 17:12:20.169300"
"move","643","2705.199951171875","2025-07-04 17:12:20.209100"
"move","643","2703.199951171875","2025-07-04 17:12:20.225700"
"move","643","2702.199951171875","2025-07-04 17:12:20.245600"
"move","643","2700.199951171875","2025-07-04 17:12:20.292300"
"move","643","2698.199951171875","2025-07-04 17:12:20.308800"
"move","644","2695.199951171875","2025-07-04 17:12:20.325200"
"move","644","2694.199951171875","2025-07-04 17:12:20.342800"
"move","644","2691.199951171875","2025-07-04 17:12:20.359100"
"move","645","2688.199951171875","2025-07-04 17:12:20.375900"
"move","645","2684.199951171875","2025-07-04 17:12:20.392400"
"move","646","2680.199951171875","2025-07-04 17:12:20.408700"
"move","646","2678.199951171875","2025-07-04 17:12:20.427600"
"move","646","2676.199951171875","2025-07-04 17:12:20.442000"
"move","646","2674.199951171875","2025-07-04 17:12:20.458800"
"move","647","2673.199951171875","2025-07-04 17:12:20.475600"
"move","647","2671.199951171875","2025-07-04 17:12:20.492400"
"move","649","2668.199951171875","2025-07-04 17:12:20.509900"
"move","649","2666.199951171875","2025-07-04 17:12:20.526700"
"move","652","2661.199951171875","2025-07-04 17:12:20.542000"
"move","653","2656.199951171875","2025-07-04 17:12:20.558600"
"move","655","2652.199951171875","2025-07-04 17:12:20.575900"
"move","657","2646.199951171875","2025-07-04 17:12:20.592000"
"move","659","2642.199951171875","2025-07-04 17:12:20.608700"
"move","660","2639.199951171875","2025-07-04 17:12:20.625600"
"move","661","2635.199951171875","2025-07-04 17:12:20.643000"
"move","664","2634.199951171875","2025-07-04 17:12:20.658500"
"move","665","2630.199951171875","2025-07-04 17:12:20.675200"
"move","668","2627.199951171875","2025-07-04 17:12:20.691700"
"move","670","2624.199951171875","2025-07-04 17:12:20.708400"
"move","672","2621.199951171875","2025-07-04 17:12:20.725200"
"move","676","2616.199951171875","2025-07-04 17:12:20.742000"
"move","678","2613.199951171875","2025-07-04 17:12:20.758500"
"move","680","2609.199951171875","2025-07-04 17:12:20.775300"
"move","681","2607.199951171875","2025-07-04 17:12:20.793900"
"move","682","2606.199951171875","2025-07-04 17:12:20.808600"
"move","682","2605.199951171875","2025-07-04 17:12:20.825300"
"move","683","2605.199951171875","2025-07-04 17:12:20.841800"
"move","683","2604.199951171875","2025-07-04 17:12:20.858800"
"move","684","2602.199951171875","2025-07-04 17:12:20.875500"
"move","684","2601.199951171875","2025-07-04 17:12:20.999400"
"move","686","2598.199951171875","2025-07-04 17:12:27.099400"
"move","687","2596.199951171875","2025-07-04 17:12:27.108200"
"move","688","2592.199951171875","2025-07-04 17:12:27.120200"
"move","692","2584.199951171875","2025-07-04 17:12:27.137000"
"move","693","2581.199951171875","2025-07-04 17:12:27.153400"
"move","696","2578.199951171875","2025-07-04 17:12:27.170000"
"move","696","2577.199951171875","2025-07-04 17:12:27.186800"
"move","698","2574.199951171875","2025-07-04 17:12:27.204200"
"move","702","2570.199951171875","2025-07-04 17:12:27.220100"
"move","704","2569.199951171875","2025-07-04 17:12:27.238300"
"move","712","2560.199951171875","2025-07-04 17:12:27.254900"
"move","718","2552.199951171875","2025-07-04 17:12:27.269800"
"move","722","2544.199951171875","2025-07-04 17:12:27.286400"
"move","726","2538.199951171875","2025-07-04 17:12:27.303000"
"move","727","2535.199951171875","2025-07-04 17:12:27.320300"
"move","727","2534.199951171875","2025-07-04 17:12:27.337100"
"move","727","2533.199951171875","2025-07-04 17:12:27.353200"
"move","728","2533.199951171875","2025-07-04 17:12:27.370100"
"move","728","2531.199951171875","2025-07-04 17:12:27.386600"
"move","732","2530.199951171875","2025-07-04 17:12:27.403400"
"move","733","2528.199951171875","2025-07-04 17:12:27.420200"
"move","740","2524.199951171875","2025-07-04 17:12:27.436500"
"move","742","2522.199951171875","2025-07-04 17:12:27.453200"
"move","746","2521.199951171875","2025-07-04 17:12:27.471000"
"move","750","2519.199951171875","2025-07-04 17:12:27.489100"
"move","752","2517.199951171875","2025-07-04 17:12:27.503200"
"move","753","2515.199951171875","2025-07-04 17:12:27.519900"
"move","755","2515.199951171875","2025-07-04 17:12:27.536300"
"move","755","2514.199951171875","2025-07-04 17:12:27.553100"
"move","756","2514.199951171875","2025-07-04 17:12:27.570200"
"move","757","2514.199951171875","2025-07-04 17:12:27.586600"
"move","758","2513.199951171875","2025-07-04 17:12:27.646100"
"move","758","2512.199951171875","2025-07-04 17:12:27.686600"
"move","759","2511.199951171875","2025-07-04 17:12:27.703000"
"move","759","2510.199951171875","2025-07-04 17:12:27.719500"
"move","760","2510.199951171875","2025-07-04 17:12:27.738500"
"move","760","2509.199951171875","2025-07-04 17:12:27.786100"
"move","760","2508.199951171875","2025-07-04 17:12:27.808800"
"move","761","2508.199951171875","2025-07-04 17:12:27.852700"
"move","761","2506.199951171875","2025-07-04 17:12:27.871200"
"move","763","2505.199951171875","2025-07-04 17:12:27.928000"
"move","763","2504.199951171875","2025-07-04 17:12:27.969400"
"move","764","2503.199951171875","2025-07-04 17:12:27.986300"
"move","764","2502.199951171875","2025-07-04 17:12:28.035600"
"move","765","2502.199951171875","2025-07-04 17:12:28.091100"
"move","765","2500.199951171875","2025-07-04 17:12:28.144900"
"move","765","2500.199951171875","2025-07-04 17:12:28.622100"
"click","765","2500.199951171875","2025-07-04 17:12:28.706100"
"move","765","2502.199951171875","2025-07-04 17:12:29.269200"
"move","762","2507.199951171875","2025-07-04 17:12:29.285000"
"move","758","2511.199951171875","2025-07-04 17:12:29.302300"
"move","755","2515.199951171875","2025-07-04 17:12:29.318400"
"move","750","2520.199951171875","2025-07-04 17:12:29.335300"
"move","747","2525.199951171875","2025-07-04 17:12:29.351800"
"move","743","2530.199951171875","2025-07-04 17:12:29.368300"
"move","740","2534.199951171875","2025-07-04 17:12:29.384900"
"move","732","2542.199951171875","2025-07-04 17:12:29.401900"
"move","727","2546.199951171875","2025-07-04 17:12:29.422000"
"move","720","2551.199951171875","2025-07-04 17:12:29.435200"
"move","712","2558.199951171875","2025-07-04 17:12:29.451700"
"move","707","2561.199951171875","2025-07-04 17:12:29.468300"
"move","701","2565.199951171875","2025-07-04 17:12:29.485100"
"move","692","2570.199951171875","2025-07-04 17:12:29.501700"
"move","685","2574.199951171875","2025-07-04 17:12:29.518400"
"move","678","2578.199951171875","2025-07-04 17:12:29.535800"
"move","670","2582.199951171875","2025-07-04 17:12:29.551800"
"move","664","2583.199951171875","2025-07-04 17:12:29.572100"
"move","661","2585.199951171875","2025-07-04 17:12:29.585000"
"move","658","2587.199951171875","2025-07-04 17:12:29.601700"
"move","653","2589.199951171875","2025-07-04 17:12:29.618300"
"move","644","2593.199951171875","2025-07-04 17:12:29.635300"
"move","636","2595.199951171875","2025-07-04 17:12:29.651700"
"move","630","2596.199951171875","2025-07-04 17:12:29.668300"
"move","627","2597.199951171875","2025-07-04 17:12:29.685000"
"move","623","2597.199951171875","2025-07-04 17:12:29.701600"
"move","620","2597.199951171875","2025-07-04 17:12:29.718200"
"move","618","2597.199951171875","2025-07-04 17:12:29.734800"
"move","616","2597.199951171875","2025-07-04 17:12:29.751700"
"move","607","2592.199951171875","2025-07-04 17:12:29.778700"
"move","598","2588.199951171875","2025-07-04 17:12:29.801400"
"move","591","2585.199951171875","2025-07-04 17:12:29.818600"
"move","587","2583.199951171875","2025-07-04 17:12:29.835500"
"move","584","2580.199951171875","2025-07-04 17:12:29.852500"
"move","580","2578.199951171875","2025-07-04 17:12:29.870800"
"move","579","2577.199951171875","2025-07-04 17:12:29.884500"
"move","577","2576.199951171875","2025-07-04 17:12:29.901100"
"move","576","2575.199951171875","2025-07-04 17:12:29.917900"
"move","576","2574.199951171875","2025-07-04 17:12:29.943800"
"move","575","2574.199951171875","2025-07-04 17:12:29.956700"
"move","574","2574.199951171875","2025-07-04 17:12:30.001500"
"move","574","2573.199951171875","2025-07-04 17:12:30.018100"
"move","574","2572.199951171875","2025-07-04 17:12:30.118100"
"move","573","2572.199951171875","2025-07-04 17:12:30.145500"
"move","573","2571.199951171875","2025-07-04 17:12:30.166600"
"move","572","2571.199951171875","2025-07-04 17:12:30.204800"
"move","572","2570.199951171875","2025-07-04 17:12:30.251800"
"move","573","2570.199951171875","2025-07-04 17:12:30.322100"
"move","574","2570.199951171875","2025-07-04 17:12:30.344800"
"move","576","2570.199951171875","2025-07-04 17:12:30.369000"
"move","577","2570.199951171875","2025-07-04 17:12:30.391700"
"move","578","2570.199951171875","2025-07-04 17:12:30.406000"
"move","579","2570.199951171875","2025-07-04 17:12:30.427200"
"move","580","2570.199951171875","2025-07-04 17:12:30.448200"
"move","582","2570.199951171875","2025-07-04 17:12:30.505500"
"move","583","2570.199951171875","2025-07-04 17:12:30.561100"
"move","584","2570.199951171875","2025-07-04 17:12:30.601000"
"move","585","2570.199951171875","2025-07-04 17:12:30.743200"
"move","586","2570.199951171875","2025-07-04 17:12:30.756700"
"move","588","2570.199951171875","2025-07-04 17:12:30.800400"
"move","590","2570.199951171875","2025-07-04 17:12:30.850400"
"move","591","2570.199951171875","2025-07-04 17:12:30.876000"
"move","593","2570.199951171875","2025-07-04 17:12:30.900400"
"move","594","2570.199951171875","2025-07-04 17:12:30.917500"
"move","596","2570.199951171875","2025-07-04 17:12:30.934800"
"move","598","2570.199951171875","2025-07-04 17:12:30.955200"
"move","601","2570.199951171875","2025-07-04 17:12:30.971000"
"move","603","2570.199951171875","2025-07-04 17:12:30.983600"
"move","608","2570.199951171875","2025-07-04 17:12:31.002400"
"move","609","2569.199951171875","2025-07-04 17:12:31.016900"
"move","612","2568.199951171875","2025-07-04 17:12:31.033600"
"move","616","2568.199951171875","2025-07-04 17:12:31.051600"
"move","621","2566.199951171875","2025-07-04 17:12:31.069900"
"move","624","2566.199951171875","2025-07-04 17:12:31.084800"
"move","628","2566.199951171875","2025-07-04 17:12:31.100400"
"move","631","2566.199951171875","2025-07-04 17:12:31.116900"
"move","635","2566.199951171875","2025-07-04 17:12:31.133800"
"move","640","2565.199951171875","2025-07-04 17:12:31.150300"
"move","644","2565.199951171875","2025-07-04 17:12:31.167600"
"move","647","2565.199951171875","2025-07-04 17:12:31.183800"
"move","652","2564.199951171875","2025-07-04 17:12:31.200200"
"move","655","2563.199951171875","2025-07-04 17:12:31.217100"
"move","658","2563.199951171875","2025-07-04 17:12:31.233800"
"move","662","2563.199951171875","2025-07-04 17:12:31.250200"
"move","664","2562.199951171875","2025-07-04 17:12:31.267000"
"move","668","2562.199951171875","2025-07-04 17:12:31.283600"
"move","670","2559.199951171875","2025-07-04 17:12:31.300300"
"move","672","2558.199951171875","2025-07-04 17:12:31.316900"
"move","676","2557.199951171875","2025-07-04 17:12:31.333400"
"move","676","2556.199951171875","2025-07-04 17:12:31.350100"
"move","680","2555.199951171875","2025-07-04 17:12:31.366700"
"move","683","2552.199951171875","2025-07-04 17:12:31.393500"
"move","685","2550.199951171875","2025-07-04 17:12:31.416900"
"move","687","2550.199951171875","2025-07-04 17:12:31.433700"
"move","688","2549.199951171875","2025-07-04 17:12:31.450300"
"move","689","2546.199951171875","2025-07-04 17:12:31.466900"
"move","690","2546.199951171875","2025-07-04 17:12:31.483500"
"move","693","2545.199951171875","2025-07-04 17:12:31.499900"
"move","695","2545.199951171875","2025-07-04 17:12:31.516800"
"move","695","2544.199951171875","2025-07-04 17:12:31.535700"
"move","696","2544.199951171875","2025-07-04 17:12:31.550000"
"move","697","2544.199951171875","2025-07-04 17:12:31.612800"
"move","698","2544.199951171875","2025-07-04 17:12:31.649800"
"move","698","2543.199951171875","2025-07-04 17:12:31.753600"
"move","692","2546.199951171875","2025-07-04 17:12:32.196300"
"move","673","2551.199951171875","2025-07-04 17:12:32.216100"
"move","661","2557.199951171875","2025-07-04 17:12:32.233000"
"move","648","2560.199951171875","2025-07-04 17:12:32.249500"
"move","631","2563.199951171875","2025-07-04 17:12:32.266200"
"move","620","2566.199951171875","2025-07-04 17:12:32.282800"
"move","615","2567.199951171875","2025-07-04 17:12:32.299600"
"move","603","2569.199951171875","2025-07-04 17:12:32.315900"
"move","594","2570.199951171875","2025-07-04 17:12:32.332800"
"move","585","2570.199951171875","2025-07-04 17:12:32.349600"
"move","573","2572.199951171875","2025-07-04 17:12:32.366400"
"move","567","2574.199951171875","2025-07-04 17:12:32.382800"
"move","555","2578.199951171875","2025-07-04 17:12:32.399300"
"move","544","2581.199951171875","2025-07-04 17:12:32.416100"
"move","535","2584.199951171875","2025-07-04 17:12:32.432700"
"move","524","2585.199951171875","2025-07-04 17:12:32.449300"
"move","520","2585.199951171875","2025-07-04 17:12:32.467100"
"move","516","2585.199951171875","2025-07-04 17:12:32.483100"
"move","512","2585.199951171875","2025-07-04 17:12:32.499600"
"move","509","2584.199951171875","2025-07-04 17:12:32.516000"
"move","504","2580.199951171875","2025-07-04 17:12:32.534700"
"move","503","2579.199951171875","2025-07-04 17:12:32.549300"
"move","501","2578.199951171875","2025-07-04 17:12:32.566000"
"move","499","2575.199951171875","2025-07-04 17:12:32.582500"
"move","497","2575.199951171875","2025-07-04 17:12:32.599400"
"move","496","2574.199951171875","2025-07-04 17:12:32.616000"
"move","496","2573.199951171875","2025-07-04 17:12:35.789300"
"move","498","2571.199951171875","2025-07-04 17:12:35.813200"
"move","500","2570.199951171875","2025-07-04 17:12:35.830200"
"move","503","2567.199951171875","2025-07-04 17:12:35.846500"
"move","504","2566.199951171875","2025-07-04 17:12:35.863700"
"move","505","2566.199951171875","2025-07-04 17:12:35.888400"
"move","508","2566.199951171875","2025-07-04 17:12:35.916300"
"move","508","2565.199951171875","2025-07-04 17:12:35.930800"
"move","509","2565.199951171875","2025-07-04 17:12:35.979900"
"move","510","2565.199951171875","2025-07-04 17:12:35.996600"
"move","511","2565.199951171875","2025-07-04 17:12:36.021200"
"move","512","2565.199951171875","2025-07-04 17:12:36.113000"
"move","512","2564.199951171875","2025-07-04 17:12:36.129600"
"move","513","2564.199951171875","2025-07-04 17:12:36.331900"
"move","514","2564.199951171875","2025-07-04 17:12:36.346300"
"move","515","2562.199951171875","2025-07-04 17:12:36.362900"
"move","518","2561.199951171875","2025-07-04 17:12:36.379700"
"move","520","2560.199951171875","2025-07-04 17:12:36.396800"
"move","523","2559.199951171875","2025-07-04 17:12:36.412900"
"move","528","2558.199951171875","2025-07-04 17:12:36.429400"
"move","530","2558.199951171875","2025-07-04 17:12:36.447800"
"move","533","2557.199951171875","2025-07-04 17:12:36.462800"
"move","537","2555.199951171875","2025-07-04 17:12:36.479200"
"move","540","2554.199951171875","2025-07-04 17:12:36.497000"
"move","541","2554.199951171875","2025-07-04 17:12:36.513900"
"move","542","2554.199951171875","2025-07-04 17:12:36.533000"
"move","543","2554.199951171875","2025-07-04 17:12:36.549900"
"move","544","2554.199951171875","2025-07-04 17:12:36.568600"
"move","544","2553.199951171875","2025-07-04 17:12:36.624900"
"scroll","","2160","2025-07-04 17:12:39.040700"
"scroll","","2202.39990234375","2025-07-04 17:12:39.062000"
"scroll","","2234.39990234375","2025-07-04 17:12:39.078800"
"scroll","","2260.800048828125","2025-07-04 17:12:39.096700"
"scroll","","2295.199951171875","2025-07-04 17:12:39.111600"
"scroll","","2300.800048828125","2025-07-04 17:12:39.128800"
"scroll","","2312.800048828125","2025-07-04 17:12:39.161600"
"scroll","","2320.800048828125","2025-07-04 17:12:39.177400"
"scroll","","2327.199951171875","2025-07-04 17:12:39.196500"
"scroll","","2332","2025-07-04 17:12:39.211000"
"scroll","","2336","2025-07-04 17:12:39.229400"
"scroll","","2339.199951171875","2025-07-04 17:12:39.248900"
"scroll","","2342.39990234375","2025-07-04 17:12:39.261200"
"scroll","","2344.800048828125","2025-07-04 17:12:39.277900"
"scroll","","2347.199951171875","2025-07-04 17:12:39.295500"
"scroll","","2348","2025-07-04 17:12:39.312900"
"scroll","","2350.39990234375","2025-07-04 17:12:39.343900"
"scroll","","2351.199951171875","2025-07-04 17:12:39.360400"
"scroll","","2352","2025-07-04 17:12:39.377100"
"scroll","","2352.800048828125","2025-07-04 17:12:39.393700"
"scroll","","2354.39990234375","2025-07-04 17:12:39.410300"
"scroll","","2355.199951171875","2025-07-04 17:12:39.428900"
"scroll","","2356","2025-07-04 17:12:39.461100"
"scroll","","2356.800048828125","2025-07-04 17:12:39.513400"
"scroll","","2384","2025-07-04 17:12:39.883400"
"scroll","","2416","2025-07-04 17:12:39.895800"
"scroll","","2455.199951171875","2025-07-04 17:12:39.911100"
"scroll","","2476.800048828125","2025-07-04 17:12:39.929700"
"scroll","","2486.39990234375","2025-07-04 17:12:39.946400"
"scroll","","2499.199951171875","2025-07-04 17:12:39.978200"
"scroll","","2508","2025-07-04 17:12:39.993700"
"scroll","","2516","2025-07-04 17:12:40.010400"
"scroll","","2522.39990234375","2025-07-04 17:12:40.027700"
"scroll","","2526.39990234375","2025-07-04 17:12:40.044000"
"scroll","","2530.39990234375","2025-07-04 17:12:40.060500"
"scroll","","2534.39990234375","2025-07-04 17:12:40.077900"
"scroll","","2536.800048828125","2025-07-04 17:12:40.094500"
"scroll","","2539.199951171875","2025-07-04 17:12:40.110700"
"scroll","","2542.39990234375","2025-07-04 17:12:40.130600"
"scroll","","2546.39990234375","2025-07-04 17:12:40.177500"
"scroll","","2548","2025-07-04 17:12:40.194400"
"scroll","","2548.800048828125","2025-07-04 17:12:40.211400"
"scroll","","2550.39990234375","2025-07-04 17:12:40.243700"
"scroll","","2551.199951171875","2025-07-04 17:12:40.261500"
"scroll","","2552","2025-07-04 17:12:40.294100"
"scroll","","2552.800048828125","2025-07-04 17:12:40.346600"
"move","554","2955.800048828125","2025-07-04 17:12:40.510700"
"move","562","2967.800048828125","2025-07-04 17:12:40.526500"
"move","571","2979.800048828125","2025-07-04 17:12:40.543100"
"move","579","2993.800048828125","2025-07-04 17:12:40.559700"
"move","583","3004.800048828125","2025-07-04 17:12:40.576500"
"move","585","3017.800048828125","2025-07-04 17:12:40.593400"
"move","585","3024.800048828125","2025-07-04 17:12:40.610000"
"move","585","3031.800048828125","2025-07-04 17:12:40.626500"
"move","586","3056.800048828125","2025-07-04 17:12:40.650900"
"move","584","3071.800048828125","2025-07-04 17:12:40.677500"
"move","582","3080.800048828125","2025-07-04 17:12:40.694300"
"move","580","3087.800048828125","2025-07-04 17:12:40.709600"
"move","578","3095.800048828125","2025-07-04 17:12:40.727600"
"scroll","","2554.39990234375","2025-07-04 17:12:40.932400"
"scroll","","2568.800048828125","2025-07-04 17:12:40.944200"
"scroll","","2580","2025-07-04 17:12:40.959400"
"scroll","","2594.39990234375","2025-07-04 17:12:40.977300"
"scroll","","2612.800048828125","2025-07-04 17:12:40.992800"
"scroll","","2624.800048828125","2025-07-04 17:12:41.010400"
"scroll","","2632.800048828125","2025-07-04 17:12:41.028200"
"scroll","","2636.800048828125","2025-07-04 17:12:41.043600"
"scroll","","2642.39990234375","2025-07-04 17:12:41.077400"
"scroll","","2644.800048828125","2025-07-04 17:12:41.092800"
"scroll","","2646.39990234375","2025-07-04 17:12:41.110700"
"scroll","","2648","2025-07-04 17:12:41.126800"
"scroll","","2648.800048828125","2025-07-04 17:12:41.142800"
"scroll","","2650.39990234375","2025-07-04 17:12:41.179300"
"move","581","3191.39990234375","2025-07-04 17:12:41.744000"
"move","590","3181.39990234375","2025-07-04 17:12:41.758900"
"move","602","3169.39990234375","2025-07-04 17:12:41.779200"
"move","607","3163.39990234375","2025-07-04 17:12:41.792700"
"move","613","3157.39990234375","2025-07-04 17:12:41.808800"
"move","620","3152.39990234375","2025-07-04 17:12:41.826800"
"move","630","3145.39990234375","2025-07-04 17:12:41.842000"
"move","635","3141.39990234375","2025-07-04 17:12:41.859400"
"move","638","3138.39990234375","2025-07-04 17:12:41.875900"
"move","643","3135.39990234375","2025-07-04 17:12:41.892900"
"move","646","3133.39990234375","2025-07-04 17:12:41.908500"
"move","650","3129.39990234375","2025-07-04 17:12:41.925100"
"move","654","3126.39990234375","2025-07-04 17:12:41.942100"
"move","657","3123.39990234375","2025-07-04 17:12:41.958700"
"move","662","3119.39990234375","2025-07-04 17:12:41.976900"
"move","666","3116.39990234375","2025-07-04 17:12:41.992000"
"move","669","3114.39990234375","2025-07-04 17:12:42.009500"
"move","675","3111.39990234375","2025-07-04 17:12:42.025100"
"move","678","3109.39990234375","2025-07-04 17:12:42.041800"
"move","683","3108.39990234375","2025-07-04 17:12:42.058400"
"move","685","3105.39990234375","2025-07-04 17:12:42.075800"
"move","690","3102.39990234375","2025-07-04 17:12:42.091700"
"move","698","3097.39990234375","2025-07-04 17:12:42.108700"
"move","707","3091.39990234375","2025-07-04 17:12:42.132400"
"move","710","3089.39990234375","2025-07-04 17:12:42.144200"
"move","719","3084.39990234375","2025-07-04 17:12:42.158500"
"move","724","3080.39990234375","2025-07-04 17:12:42.175100"
"move","732","3076.39990234375","2025-07-04 17:12:42.192400"
"move","737","3073.39990234375","2025-07-04 17:12:42.208300"
"move","742","3070.39990234375","2025-07-04 17:12:42.225200"
"move","748","3069.39990234375","2025-07-04 17:12:42.242500"
"move","755","3067.39990234375","2025-07-04 17:12:42.259200"
"move","758","3065.39990234375","2025-07-04 17:12:42.275900"
"move","763","3064.39990234375","2025-07-04 17:12:42.292000"
"move","767","3064.39990234375","2025-07-04 17:12:42.310200"
"move","771","3064.39990234375","2025-07-04 17:12:42.324900"
"move","776","3064.39990234375","2025-07-04 17:12:42.341300"
"move","780","3064.39990234375","2025-07-04 17:12:42.358000"
"move","786","3064.39990234375","2025-07-04 17:12:42.374900"
"move","791","3064.39990234375","2025-07-04 17:12:42.391600"
"move","796","3064.39990234375","2025-07-04 17:12:42.408500"
"move","800","3064.39990234375","2025-07-04 17:12:42.424600"
"move","804","3064.39990234375","2025-07-04 17:12:42.441900"
"move","807","3063.39990234375","2025-07-04 17:12:42.458100"
"move","812","3062.39990234375","2025-07-04 17:12:42.483900"
"move","819","3057.39990234375","2025-07-04 17:12:42.509200"
"move","823","3055.39990234375","2025-07-04 17:12:42.525900"
"move","824","3053.39990234375","2025-07-04 17:12:42.541500"
"move","826","3051.39990234375","2025-07-04 17:12:42.558100"
"scroll","","2651.199951171875","2025-07-04 17:12:48.630400"
"scroll","","2658.39990234375","2025-07-04 17:12:48.637400"
"scroll","","2678.39990234375","2025-07-04 17:12:48.654100"
"scroll","","2699.199951171875","2025-07-04 17:12:48.671200"
"scroll","","2724.800048828125","2025-07-04 17:12:48.688100"
"scroll","","2738.39990234375","2025-07-04 17:12:48.704500"
"scroll","","2748","2025-07-04 17:12:48.721000"
"scroll","","2758.39990234375","2025-07-04 17:12:48.737400"
"scroll","","2759.199951171875","2025-07-04 17:12:48.754200"
"scroll","","2764.800048828125","2025-07-04 17:12:48.787300"
"scroll","","2768.800048828125","2025-07-04 17:12:48.803900"
"scroll","","2772","2025-07-04 17:12:48.820500"
"scroll","","2774.39990234375","2025-07-04 17:12:48.839000"
"scroll","","2775.199951171875","2025-07-04 17:12:48.854100"
"scroll","","2776.800048828125","2025-07-04 17:12:48.871000"
"scroll","","2778.39990234375","2025-07-04 17:12:48.903500"
"scroll","","2779.199951171875","2025-07-04 17:12:48.937700"
"scroll","","2782.39990234375","2025-07-04 17:12:49.341500"
"scroll","","2787.199951171875","2025-07-04 17:12:49.353600"
"scroll","","2788","2025-07-04 17:12:49.370300"
"scroll","","2788.800048828125","2025-07-04 17:12:49.387700"
"scroll","","2790.39990234375","2025-07-04 17:12:49.420300"
"scroll","","2791.199951171875","2025-07-04 17:12:49.599100"
"move","826","3190.199951171875","2025-07-04 17:12:50.826600"
"move","826","3188.199951171875","2025-07-04 17:12:50.835700"
"move","827","3181.199951171875","2025-07-04 17:12:50.852900"
"move","828","3175.199951171875","2025-07-04 17:12:50.868700"
"move","828","3171.199951171875","2025-07-04 17:12:50.884900"
"move","828","3168.199951171875","2025-07-04 17:12:50.901400"
"move","828","3166.199951171875","2025-07-04 17:12:50.919000"
"move","828","3165.199951171875","2025-07-04 17:12:50.938800"
"move","828","3164.199951171875","2025-07-04 17:12:50.953200"
"move","828","3162.199951171875","2025-07-04 17:12:50.985700"
"move","828","3161.199951171875","2025-07-04 17:12:51.009800"
"move","828","3160.199951171875","2025-07-04 17:12:51.018600"
"move","829","3159.199951171875","2025-07-04 17:12:51.035000"
"move","829","3157.199951171875","2025-07-04 17:12:51.051700"
"move","829","3155.199951171875","2025-07-04 17:12:51.068000"
"move","829","3154.199951171875","2025-07-04 17:12:51.085000"
"move","829","3151.199951171875","2025-07-04 17:12:51.102100"
"move","829","3150.199951171875","2025-07-04 17:12:51.118100"
"move","829","3149.199951171875","2025-07-04 17:12:51.134800"
"move","829","3146.199951171875","2025-07-04 17:12:51.151900"
"move","829","3145.199951171875","2025-07-04 17:12:51.167900"
"move","829","3142.199951171875","2025-07-04 17:12:51.184400"
"move","829","3139.199951171875","2025-07-04 17:12:51.201200"
"move","829","3136.199951171875","2025-07-04 17:12:51.218600"
"move","829","3131.199951171875","2025-07-04 17:12:51.234500"
"move","828","3128.199951171875","2025-07-04 17:12:51.251900"
"move","828","3118.199951171875","2025-07-04 17:12:51.269300"
"move","827","3109.199951171875","2025-07-04 17:12:51.285100"
"move","826","3103.199951171875","2025-07-04 17:12:51.304500"
"move","825","3098.199951171875","2025-07-04 17:12:51.322300"
"move","824","3095.199951171875","2025-07-04 17:12:51.334500"
"move","824","3092.199951171875","2025-07-04 17:12:51.351900"
"move","822","3084.199951171875","2025-07-04 17:12:51.367700"
"move","821","3077.199951171875","2025-07-04 17:12:51.384800"
"move","818","3069.199951171875","2025-07-04 17:12:51.402400"
"move","816","3062.199951171875","2025-07-04 17:12:51.417700"
"move","815","3058.199951171875","2025-07-04 17:12:51.434300"
"move","812","3053.199951171875","2025-07-04 17:12:51.451000"
"move","805","3037.199951171875","2025-07-04 17:12:51.467900"
"move","799","3023.199951171875","2025-07-04 17:12:51.488600"
"move","797","3019.199951171875","2025-07-04 17:12:51.501000"
"move","793","3017.199951171875","2025-07-04 17:12:51.518000"
"move","792","3014.199951171875","2025-07-04 17:12:51.536600"
"move","790","3010.199951171875","2025-07-04 17:12:51.551400"
"move","789","3009.199951171875","2025-07-04 17:12:51.568100"
"move","788","3008.199951171875","2025-07-04 17:12:51.584400"
"move","788","3006.199951171875","2025-07-04 17:12:51.634100"
"move","787","3006.199951171875","2025-07-04 17:12:51.662300"
"move","786","3006.199951171875","2025-07-04 17:12:51.683300"
"move","785","3005.199951171875","2025-07-04 17:12:51.696900"
"move","785","3004.199951171875","2025-07-04 17:12:51.711000"
"move","780","3000.199951171875","2025-07-04 17:12:51.737900"
"move","778","2996.199951171875","2025-07-04 17:12:51.750800"
"move","772","2990.199951171875","2025-07-04 17:12:51.769100"
"move","771","2987.199951171875","2025-07-04 17:12:51.784300"
"move","769","2985.199951171875","2025-07-04 17:12:51.800900"
"move","768","2982.199951171875","2025-07-04 17:12:51.817300"
"move","767","2981.199951171875","2025-07-04 17:12:51.834200"
"move","766","2979.199951171875","2025-07-04 17:12:51.850600"
"move","765","2978.199951171875","2025-07-04 17:12:51.867900"
"move","765","2977.199951171875","2025-07-04 17:12:51.883900"
"move","765","2976.199951171875","2025-07-04 17:12:51.902600"
"move","764","2976.199951171875","2025-07-04 17:12:51.917800"
"move","764","2975.199951171875","2025-07-04 17:12:51.967300"
"move","764","2974.199951171875","2025-07-04 17:12:51.984000"
"move","764","2973.199951171875","2025-07-04 17:12:52.006700"
"move","764","2972.199951171875","2025-07-04 17:12:52.050300"
"move","764","2971.199951171875","2025-07-04 17:12:52.118500"
"move","764","2970.199951171875","2025-07-04 17:12:52.167200"
"move","765","2970.199951171875","2025-07-04 17:12:52.307600"
"move","766","2970.199951171875","2025-07-04 17:12:52.328700"
"move","767","2970.199951171875","2025-07-04 17:12:52.367200"
"move","768","2970.199951171875","2025-07-04 17:12:52.397700"
"move","769","2970.199951171875","2025-07-04 17:12:52.476200"
"move","769","2970.199951171875","2025-07-04 17:12:52.949900"
"move","769","2970.199951171875","2025-07-04 17:12:52.968300"
"click","769","2970.199951171875","2025-07-04 17:12:53.120600"
"move","769","2971.199951171875","2025-07-04 17:12:53.640800"
"move","769","2978.199951171875","2025-07-04 17:12:53.649000"
"move","769","2988.199951171875","2025-07-04 17:12:53.666300"
"move","769","2999.199951171875","2025-07-04 17:12:53.682400"
"move","768","3014.199951171875","2025-07-04 17:12:53.699400"
"move","768","3029.199951171875","2025-07-04 17:12:53.716900"
"move","767","3046.199951171875","2025-07-04 17:12:53.733700"
"move","765","3054.199951171875","2025-07-04 17:12:53.749900"
"move","764","3062.199951171875","2025-07-04 17:12:53.766200"
"move","763","3078.199951171875","2025-07-04 17:12:53.784800"
"move","760","3090.199951171875","2025-07-04 17:12:53.800900"
"move","760","3095.199951171875","2025-07-04 17:12:53.815900"
"move","759","3101.199951171875","2025-07-04 17:12:53.832700"
"move","758","3107.199951171875","2025-07-04 17:12:53.860500"
"move","758","3110.199951171875","2025-07-04 17:12:53.882400"
"move","758","3111.199951171875","2025-07-04 17:12:53.899500"
"move","758","3112.199951171875","2025-07-04 17:12:53.916100"
"move","757","3113.199951171875","2025-07-04 17:12:53.936500"
"scroll","","2822.39990234375","2025-07-04 17:12:54.468300"
"scroll","","2852.800048828125","2025-07-04 17:12:54.484200"
"scroll","","2908.800048828125","2025-07-04 17:12:54.499500"
"scroll","","2938.39990234375","2025-07-04 17:12:54.516200"
"scroll","","2962.39990234375","2025-07-04 17:12:54.535000"
"scroll","","2980","2025-07-04 17:12:54.549600"
"scroll","","2992.800048828125","2025-07-04 17:12:54.583400"
"scroll","","3002.39990234375","2025-07-04 17:12:54.600100"
"scroll","","3008.800048828125","2025-07-04 17:12:54.616100"
"scroll","","3015.199951171875","2025-07-04 17:12:54.633500"
"scroll","","3019.199951171875","2025-07-04 17:12:54.649300"
"scroll","","3023.199951171875","2025-07-04 17:12:54.666400"
"scroll","","3026.39990234375","2025-07-04 17:12:54.686100"
"scroll","","3028.800048828125","2025-07-04 17:12:54.699500"
"scroll","","3032","2025-07-04 17:12:54.716400"
"scroll","","3034.39990234375","2025-07-04 17:12:54.733500"
"scroll","","3036","2025-07-04 17:12:54.749200"
"scroll","","3036.800048828125","2025-07-04 17:12:54.765900"
"scroll","","3039.199951171875","2025-07-04 17:12:54.784200"
"scroll","","3040","2025-07-04 17:12:54.799100"
"scroll","","3040.800048828125","2025-07-04 17:12:54.816200"
"scroll","","3042.39990234375","2025-07-04 17:12:54.833000"
"scroll","","3043.199951171875","2025-07-04 17:12:54.866500"
"scroll","","3044","2025-07-04 17:12:54.883000"
"scroll","","3044.800048828125","2025-07-04 17:12:54.932700"
"scroll","","3051.199951171875","2025-07-04 17:12:55.082400"
"scroll","","3056","2025-07-04 17:12:55.100400"
"scroll","","3064","2025-07-04 17:12:55.131400"
"scroll","","3066.39990234375","2025-07-04 17:12:55.148500"
"scroll","","3055.199951171875","2025-07-04 17:12:55.517000"
"scroll","","3018.39990234375","2025-07-04 17:12:55.535900"
"scroll","","2986.39990234375","2025-07-04 17:12:55.550500"
"scroll","","2929.60009765625","2025-07-04 17:12:55.568100"
"scroll","","2889.60009765625","2025-07-04 17:12:55.583500"
"scroll","","2842.39990234375","2025-07-04 17:12:55.600900"
"scroll","","2823.199951171875","2025-07-04 17:12:55.615900"
"scroll","","2791.199951171875","2025-07-04 17:12:55.648400"
"scroll","","2767.199951171875","2025-07-04 17:12:55.665600"
"scroll","","2748.800048828125","2025-07-04 17:12:55.682500"
"scroll","","2732.800048828125","2025-07-04 17:12:55.698700"
"scroll","","2718.39990234375","2025-07-04 17:12:55.716400"
"scroll","","2706.39990234375","2025-07-04 17:12:55.731600"
"scroll","","2695.199951171875","2025-07-04 17:12:55.748000"
"scroll","","2685.60009765625","2025-07-04 17:12:55.766100"
"scroll","","2676.800048828125","2025-07-04 17:12:55.781200"
"scroll","","2668.800048828125","2025-07-04 17:12:55.799400"
"scroll","","2660.800048828125","2025-07-04 17:12:55.815500"
"scroll","","2653.60009765625","2025-07-04 17:12:55.831600"
"scroll","","2647.199951171875","2025-07-04 17:12:55.848900"
"scroll","","2641.60009765625","2025-07-04 17:12:55.864900"
"scroll","","2635.199951171875","2025-07-04 17:12:55.882900"
"scroll","","2630.39990234375","2025-07-04 17:12:55.899000"
"scroll","","2625.60009765625","2025-07-04 17:12:55.914700"
"scroll","","2620.800048828125","2025-07-04 17:12:55.931900"
"scroll","","2616.800048828125","2025-07-04 17:12:55.948200"
"scroll","","2612.800048828125","2025-07-04 17:12:55.966800"
"scroll","","2608.800048828125","2025-07-04 17:12:55.982000"
"scroll","","2605.60009765625","2025-07-04 17:12:55.998100"
"scroll","","2601.60009765625","2025-07-04 17:12:56.015300"
"scroll","","2598.39990234375","2025-07-04 17:12:56.031400"
"scroll","","2595.199951171875","2025-07-04 17:12:56.048300"
"scroll","","2592.800048828125","2025-07-04 17:12:56.065600"
"scroll","","2590.39990234375","2025-07-04 17:12:56.081800"
"scroll","","2587.199951171875","2025-07-04 17:12:56.100900"
"scroll","","2585.60009765625","2025-07-04 17:12:56.115600"
"scroll","","2583.199951171875","2025-07-04 17:12:56.132100"
"scroll","","2581.60009765625","2025-07-04 17:12:56.148100"
"scroll","","2579.199951171875","2025-07-04 17:12:56.165400"
"scroll","","2577.60009765625","2025-07-04 17:12:56.181000"
"scroll","","2575.199951171875","2025-07-04 17:12:56.198900"
"scroll","","2573.60009765625","2025-07-04 17:12:56.215000"
"scroll","","2572.800048828125","2025-07-04 17:12:56.232200"
"move","755","2914.800048828125","2025-07-04 17:12:56.264800"
"move","749","2943.800048828125","2025-07-04 17:12:56.285000"
"move","741","2970.800048828125","2025-07-04 17:12:56.297000"
"move","733","2991.800048828125","2025-07-04 17:12:56.313900"
"move","723","3021.800048828125","2025-07-04 17:12:56.330800"
"move","719","3039.800048828125","2025-07-04 17:12:56.347500"
"move","716","3049.800048828125","2025-07-04 17:12:56.365200"
"move","712","3056.800048828125","2025-07-04 17:12:56.380800"
"move","711","3061.800048828125","2025-07-04 17:12:56.397200"
"move","708","3070.800048828125","2025-07-04 17:12:56.414800"
"move","708","3081.800048828125","2025-07-04 17:12:56.432200"
"move","708","3086.800048828125","2025-07-04 17:12:56.447200"
"move","708","3087.800048828125","2025-07-04 17:12:56.464000"
"move","708","3089.800048828125","2025-07-04 17:12:56.481000"
"move","708","3090.800048828125","2025-07-04 17:12:56.497600"
"move","706","3092.800048828125","2025-07-04 17:12:57.389900"
"move","672","3114.800048828125","2025-07-04 17:12:57.414300"
"move","656","3120.800048828125","2025-07-04 17:12:57.433500"
"move","624","3134.800048828125","2025-07-04 17:12:57.446700"
"move","606","3139.800048828125","2025-07-04 17:12:57.463400"
"move","592","3147.800048828125","2025-07-04 17:12:57.482300"
"move","572","3156.800048828125","2025-07-04 17:12:57.501800"
"move","561","3159.800048828125","2025-07-04 17:12:57.512900"
"move","555","3161.800048828125","2025-07-04 17:12:57.530000"
"move","548","3164.800048828125","2025-07-04 17:12:57.546500"
"move","546","3165.800048828125","2025-07-04 17:12:57.580400"
"move","544","3165.800048828125","2025-07-04 17:12:57.596500"
"move","544","3166.800048828125","2025-07-04 17:12:57.614100"
"move","543","3166.800048828125","2025-07-04 17:12:57.635200"
"move","543","3167.800048828125","2025-07-04 17:12:57.680500"
"move","542","3167.800048828125","2025-07-04 17:12:57.699800"
"move","541","3167.800048828125","2025-07-04 17:12:57.746300"
"move","542","3167.800048828125","2025-07-04 17:12:57.799700"
"move","547","3168.800048828125","2025-07-04 17:12:57.823000"
"move","554","3170.800048828125","2025-07-04 17:12:57.848100"
"move","556","3170.800048828125","2025-07-04 17:12:57.863200"
"move","559","3170.800048828125","2025-07-04 17:12:57.879600"
"move","562","3171.800048828125","2025-07-04 17:12:57.896100"
"move","564","3171.800048828125","2025-07-04 17:12:57.912500"
"move","566","3171.800048828125","2025-07-04 17:12:57.929400"
"move","568","3171.800048828125","2025-07-04 17:12:57.945800"
"move","569","3171.800048828125","2025-07-04 17:12:57.964700"
"move","570","3171.800048828125","2025-07-04 17:12:57.981100"
"move","572","3171.800048828125","2025-07-04 17:12:57.999300"
"move","573","3171.800048828125","2025-07-04 17:12:58.012800"
"move","580","3171.800048828125","2025-07-04 17:12:58.029100"
"move","588","3171.800048828125","2025-07-04 17:12:58.045900"
"move","598","3168.800048828125","2025-07-04 17:12:58.063400"
"move","615","3166.800048828125","2025-07-04 17:12:58.079700"
"move","626","3163.800048828125","2025-07-04 17:12:58.096400"
"move","640","3162.800048828125","2025-07-04 17:12:58.112600"
"move","662","3157.800048828125","2025-07-04 17:12:58.130100"
"move","680","3155.800048828125","2025-07-04 17:12:58.146200"
"move","707","3151.800048828125","2025-07-04 17:12:58.163900"
"move","728","3147.800048828125","2025-07-04 17:12:58.183500"
"move","736","3147.800048828125","2025-07-04 17:12:58.196400"
"move","760","3143.800048828125","2025-07-04 17:12:58.212700"
"move","772","3139.800048828125","2025-07-04 17:12:58.230200"
"move","785","3135.800048828125","2025-07-04 17:12:58.245800"
"move","805","3132.800048828125","2025-07-04 17:12:58.262600"
"move","815","3131.800048828125","2025-07-04 17:12:58.279000"
"move","827","3128.800048828125","2025-07-04 17:12:58.295500"
"move","834","3127.800048828125","2025-07-04 17:12:58.312700"
"move","841","3126.800048828125","2025-07-04 17:12:58.328900"
"move","849","3125.800048828125","2025-07-04 17:12:58.345400"
"move","856","3125.800048828125","2025-07-04 17:12:58.362600"
"move","864","3124.800048828125","2025-07-04 17:12:58.379200"
"move","875","3124.800048828125","2025-07-04 17:12:58.396200"
"move","886","3123.800048828125","2025-07-04 17:12:58.412600"
"move","904","3121.800048828125","2025-07-04 17:12:58.428900"
"move","918","3119.800048828125","2025-07-04 17:12:58.454000"
"move","940","3116.800048828125","2025-07-04 17:12:58.479400"
"move","948","3114.800048828125","2025-07-04 17:12:58.496000"
"move","956","3112.800048828125","2025-07-04 17:12:58.512300"
"move","967","3111.800048828125","2025-07-04 17:12:58.528700"
"move","975","3110.800048828125","2025-07-04 17:12:58.546500"
"move","981","3110.800048828125","2025-07-04 17:12:58.562200"
"move","988","3111.800048828125","2025-07-04 17:12:58.579300"
"move","990","3111.800048828125","2025-07-04 17:12:58.596200"
"move","994","3111.800048828125","2025-07-04 17:12:58.612300"
"move","996","3111.800048828125","2025-07-04 17:12:58.630100"
"move","996","3110.800048828125","2025-07-04 17:13:07.780800"
"scroll","","2576.800048828125","2025-07-04 17:13:07.878400"
"scroll","","2579.199951171875","2025-07-04 17:13:07.891400"
"scroll","","2581.60009765625","2025-07-04 17:13:07.905600"
"scroll","","2583.199951171875","2025-07-04 17:13:07.921900"
"scroll","","2585.60009765625","2025-07-04 17:13:07.941400"
"scroll","","2587.199951171875","2025-07-04 17:13:07.955000"
"scroll","","2588.800048828125","2025-07-04 17:13:07.973600"
"scroll","","2590.39990234375","2025-07-04 17:13:07.989400"
"scroll","","2591.199951171875","2025-07-04 17:13:08.005000"
"scroll","","2592.800048828125","2025-07-04 17:13:08.022400"
"scroll","","2593.60009765625","2025-07-04 17:13:08.055900"
"scroll","","2594.39990234375","2025-07-04 17:13:08.123400"
"scroll","","2595.199951171875","2025-07-04 17:13:08.222400"
"scroll","","2596.800048828125","2025-07-04 17:13:08.258000"
"scroll","","2597.60009765625","2025-07-04 17:13:08.339900"
"scroll","","2598.39990234375","2025-07-04 17:13:13.789700"
"scroll","","2605.60009765625","2025-07-04 17:13:13.817400"
"scroll","","2617.60009765625","2025-07-04 17:13:13.833300"
"scroll","","2624.800048828125","2025-07-04 17:13:13.849900"
"scroll","","2629.60009765625","2025-07-04 17:13:13.866600"
"scroll","","2633.60009765625","2025-07-04 17:13:13.883300"
"scroll","","2635.199951171875","2025-07-04 17:13:13.899900"
"scroll","","2638.39990234375","2025-07-04 17:13:13.916600"
"scroll","","2639.199951171875","2025-07-04 17:13:13.933600"
"scroll","","2640.800048828125","2025-07-04 17:13:13.950100"
"scroll","","2641.60009765625","2025-07-04 17:13:13.967800"
"scroll","","2642.39990234375","2025-07-04 17:13:14.066700"
"scroll","","2643.199951171875","2025-07-04 17:13:14.751800"
"scroll","","2645.60009765625","2025-07-04 17:13:14.784900"
"scroll","","2648.800048828125","2025-07-04 17:13:14.801200"
"scroll","","2649.60009765625","2025-07-04 17:13:14.817100"
"scroll","","2652.800048828125","2025-07-04 17:13:14.833900"
"scroll","","2654.39990234375","2025-07-04 17:13:14.850400"
"scroll","","2656.800048828125","2025-07-04 17:13:14.870500"
"scroll","","2657.60009765625","2025-07-04 17:13:14.883600"
"scroll","","2659.199951171875","2025-07-04 17:13:14.900000"
"scroll","","2660.800048828125","2025-07-04 17:13:14.917400"
"scroll","","2661.60009765625","2025-07-04 17:13:14.936300"
"scroll","","2662.39990234375","2025-07-04 17:13:14.949800"
"move","998","3200.39990234375","2025-07-04 17:13:15.557000"
"move","1004","3203.39990234375","2025-07-04 17:13:15.583200"
"move","1006","3204.39990234375","2025-07-04 17:13:15.598700"
"move","1011","3207.39990234375","2025-07-04 17:13:15.615800"
"move","1012","3208.39990234375","2025-07-04 17:13:15.632200"
"move","1017","3210.39990234375","2025-07-04 17:13:15.652100"
"move","1020","3211.39990234375","2025-07-04 17:13:15.667200"
"move","1024","3212.39990234375","2025-07-04 17:13:15.681800"
"move","1028","3213.39990234375","2025-07-04 17:13:15.698600"
"move","1031","3213.39990234375","2025-07-04 17:13:15.715300"
"move","1034","3213.39990234375","2025-07-04 17:13:15.732100"
"move","1039","3213.39990234375","2025-07-04 17:13:15.748700"
"move","1040","3213.39990234375","2025-07-04 17:13:15.765700"
"move","1042","3213.39990234375","2025-07-04 17:13:15.782100"
"move","1045","3210.39990234375","2025-07-04 17:13:15.799600"
"move","1051","3205.39990234375","2025-07-04 17:13:15.819500"
"move","1052","3205.39990234375","2025-07-04 17:13:15.831900"
"move","1055","3200.39990234375","2025-07-04 17:13:15.848500"
"move","1059","3187.39990234375","2025-07-04 17:13:16.432400"
"move","1069","3162.39990234375","2025-07-04 17:13:16.461000"
"move","1075","3154.39990234375","2025-07-04 17:13:16.482400"
"move","1078","3149.39990234375","2025-07-04 17:13:16.498100"
"move","1079","3148.39990234375","2025-07-04 17:13:16.514700"
"move","1080","3145.39990234375","2025-07-04 17:13:16.531500"
"move","1082","3143.39990234375","2025-07-04 17:13:16.548400"
"move","1082","3141.39990234375","2025-07-04 17:13:16.565400"
"move","1082","3140.39990234375","2025-07-04 17:13:16.585000"
"move","1085","3140.39990234375","2025-07-04 17:13:22.403100"
"move","1120","3133.39990234375","2025-07-04 17:13:22.431300"
"move","1128","3131.39990234375","2025-07-04 17:13:22.444000"
"move","1159","3125.39990234375","2025-07-04 17:13:22.460200"
"move","1182","3121.39990234375","2025-07-04 17:13:22.476900"
"move","1212","3114.39990234375","2025-07-04 17:13:22.493700"
"move","1235","3110.39990234375","2025-07-04 17:13:22.510700"
"move","1248","3105.39990234375","2025-07-04 17:13:22.527000"
"move","1270","3099.39990234375","2025-07-04 17:13:22.544100"
"move","1284","3093.39990234375","2025-07-04 17:13:22.560800"
"move","1295","3087.39990234375","2025-07-04 17:13:22.581500"
"move","1300","3085.39990234375","2025-07-04 17:13:22.593300"
"move","1306","3081.39990234375","2025-07-04 17:13:22.609600"
"move","1312","3077.39990234375","2025-07-04 17:13:22.630300"
"move","1316","3076.39990234375","2025-07-04 17:13:22.643200"
"move","1317","3076.39990234375","2025-07-04 17:13:22.660100"
"move","1318","3076.39990234375","2025-07-04 17:13:22.676600"
"move","1319","3076.39990234375","2025-07-04 17:13:22.693400"
"move","1320","3076.39990234375","2025-07-04 17:13:22.724300"
"move","1322","3076.39990234375","2025-07-04 17:13:22.751800"
"move","1328","3077.39990234375","2025-07-04 17:13:22.786400"
"move","1330","3081.39990234375","2025-07-04 17:13:22.809400"
"move","1332","3082.39990234375","2025-07-04 17:13:22.826500"
"move","1333","3085.39990234375","2025-07-04 17:13:22.843000"
"move","1335","3087.39990234375","2025-07-04 17:13:22.859500"
"move","1335","3088.39990234375","2025-07-04 17:13:22.876300"
"move","1338","3092.39990234375","2025-07-04 17:13:22.892900"
"move","1341","3096.39990234375","2025-07-04 17:13:22.909500"
"move","1345","3099.39990234375","2025-07-04 17:13:22.926600"
"move","1350","3102.39990234375","2025-07-04 17:13:22.943000"
"move","1352","3104.39990234375","2025-07-04 17:13:22.965700"
"move","1353","3104.39990234375","2025-07-04 17:13:22.976100"
"move","1355","3104.39990234375","2025-07-04 17:13:22.993100"
"move","1356","3104.39990234375","2025-07-04 17:13:23.009700"
"move","1357","3104.39990234375","2025-07-04 17:13:23.067500"
"move","1358","3104.39990234375","2025-07-04 17:13:23.076500"
"move","1360","3101.39990234375","2025-07-04 17:13:23.092600"
"move","1362","3099.39990234375","2025-07-04 17:13:23.109400"
"move","1364","3096.39990234375","2025-07-04 17:13:23.126400"
"move","1364","3095.39990234375","2025-07-04 17:13:23.142400"
"move","1364","3094.39990234375","2025-07-04 17:13:23.159300"
"move","1364","3093.39990234375","2025-07-04 17:13:23.187100"
"move","1365","3093.39990234375","2025-07-04 17:13:23.201000"
"move","1367","3092.39990234375","2025-07-04 17:13:23.209400"
"move","1367","3090.39990234375","2025-07-04 17:13:23.225700"
"move","1368","3089.39990234375","2025-07-04 17:13:23.242700"
"move","1368","3088.39990234375","2025-07-04 17:13:23.272600"
"move","1369","3087.39990234375","2025-07-04 17:13:23.308800"
"move","1369","3087.39990234375","2025-07-04 17:13:23.593500"
"move","1369","3087.39990234375","2025-07-04 17:13:23.610300"
"click","1369","3087.39990234375","2025-07-04 17:13:23.700400"
"move","1380","3069.39990234375","2025-07-04 17:13:24.004100"
"move","1380","3068.39990234375","2025-07-04 17:13:24.047300"
"move","1381","3066.39990234375","2025-07-04 17:13:24.066000"
"move","1383","3065.39990234375","2025-07-04 17:13:24.081600"
"move","1384","3065.39990234375","2025-07-04 17:13:24.117100"
"move","1384","3064.39990234375","2025-07-04 17:13:24.131700"
"move","1385","3064.39990234375","2025-07-04 17:13:24.175300"
"move","1385","3064.39990234375","2025-07-04 17:13:24.369700"
"move","1385","3064.39990234375","2025-07-04 17:13:24.381000"
"move","1385","3064.39990234375","2025-07-04 17:13:24.410100"
"move","1385","3064.39990234375","2025-07-04 17:13:24.458700"
"move","1385","3064.39990234375","2025-07-04 17:13:24.638600"
"click","1385","3064.39990234375","2025-07-04 17:13:24.640200"
"move","1374","3089.39990234375","2025-07-04 17:13:25.312900"
"move","1373","3089.39990234375","2025-07-04 17:13:25.324200"
"move","1371","3092.39990234375","2025-07-04 17:13:25.343200"
"move","1370","3093.39990234375","2025-07-04 17:13:25.357700"
"move","1363","3101.39990234375","2025-07-04 17:13:25.380800"
"move","1360","3104.39990234375","2025-07-04 17:13:25.396600"
"move","1352","3114.39990234375","2025-07-04 17:13:25.408000"
"move","1345","3121.39990234375","2025-07-04 17:13:25.424500"
"move","1340","3129.39990234375","2025-07-04 17:13:25.440800"
"move","1337","3134.39990234375","2025-07-04 17:13:25.457900"
"move","1336","3137.39990234375","2025-07-04 17:13:25.474200"
"move","1333","3142.39990234375","2025-07-04 17:13:25.491100"
"move","1330","3147.39990234375","2025-07-04 17:13:25.507500"
"move","1325","3154.39990234375","2025-07-04 17:13:25.526700"
"move","1321","3159.39990234375","2025-07-04 17:13:25.547200"
"move","1318","3165.39990234375","2025-07-04 17:13:25.557800"
"move","1313","3170.39990234375","2025-07-04 17:13:25.574600"
"move","1309","3178.39990234375","2025-07-04 17:13:25.590900"
"move","1303","3186.39990234375","2025-07-04 17:13:25.615500"
"move","1295","3200.39990234375","2025-07-04 17:13:25.631300"
"move","1290","3210.39990234375","2025-07-04 17:13:25.645700"
"move","1288","3215.39990234375","2025-07-04 17:13:25.658100"
"move","1283","3226.39990234375","2025-07-04 17:13:25.674700"
"move","1278","3233.39990234375","2025-07-04 17:13:25.693300"
"move","1270","3245.39990234375","2025-07-04 17:13:25.707900"
"move","1262","3257.39990234375","2025-07-04 17:13:25.724800"
"move","1257","3267.39990234375","2025-07-04 17:13:25.741500"
"move","1253","3273.39990234375","2025-07-04 17:13:25.757900"
"move","1252","3277.39990234375","2025-07-04 17:13:25.774400"
"move","1250","3279.39990234375","2025-07-04 17:13:25.791300"
"move","1248","3281.39990234375","2025-07-04 17:13:25.807600"
"move","1248","3282.39990234375","2025-07-04 17:13:25.824200"
"move","1248","3284.39990234375","2025-07-04 17:13:25.841100"
"move","1247","3284.39990234375","2025-07-04 17:13:25.861300"
"move","1247","3285.39990234375","2025-07-04 17:13:25.876300"
"move","1246","3285.39990234375","2025-07-04 17:13:25.891000"
"move","1247","3285.39990234375","2025-07-04 17:13:26.073800"
"move","1253","3281.39990234375","2025-07-04 17:13:26.090900"
"move","1261","3278.39990234375","2025-07-04 17:13:26.108200"
"move","1276","3270.39990234375","2025-07-04 17:13:26.131700"
"move","1277","3269.39990234375","2025-07-04 17:13:26.141300"
"move","1283","3265.39990234375","2025-07-04 17:13:26.160800"
"move","1287","3262.39990234375","2025-07-04 17:13:26.174000"
"move","1290","3261.39990234375","2025-07-04 17:13:26.190600"
"move","1293","3259.39990234375","2025-07-04 17:13:26.207100"
"move","1296","3257.39990234375","2025-07-04 17:13:26.224100"
"move","1297","3256.39990234375","2025-07-04 17:13:26.241200"
"move","1299","3255.39990234375","2025-07-04 17:13:26.257200"
"move","1300","3255.39990234375","2025-07-04 17:13:26.273700"
"move","1302","3255.39990234375","2025-07-04 17:13:26.296400"
"move","1303","3255.39990234375","2025-07-04 17:13:26.307900"
"move","1303","3254.39990234375","2025-07-04 17:13:26.324100"
"move","1303","3253.39990234375","2025-07-04 17:13:26.353100"
"move","1303","3254.39990234375","2025-07-04 17:13:26.880200"
"move","1302","3255.39990234375","2025-07-04 17:13:26.889800"
"move","1301","3257.39990234375","2025-07-04 17:13:26.906800"
"move","1300","3258.39990234375","2025-07-04 17:13:26.928400"
"move","1300","3259.39990234375","2025-07-04 17:13:26.940000"
"move","1300","3260.39990234375","2025-07-04 17:13:26.957100"
"move","1299","3261.39990234375","2025-07-04 17:13:26.974100"
"move","1298","3261.39990234375","2025-07-04 17:13:26.990100"
"move","1297","3262.39990234375","2025-07-04 17:13:27.006600"
"move","1297","3263.39990234375","2025-07-04 17:13:27.023300"
"move","1296","3263.39990234375","2025-07-04 17:13:27.039800"
"move","1296","3264.39990234375","2025-07-04 17:13:27.056600"
"move","1296","3265.39990234375","2025-07-04 17:13:27.153400"
"move","1295","3265.39990234375","2025-07-04 17:13:27.293900"
"move","1294","3265.39990234375","2025-07-04 17:13:27.340600"
"move","1295","3265.39990234375","2025-07-04 17:13:27.799900"
"move","1297","3264.39990234375","2025-07-04 17:13:27.828300"
"move","1298","3264.39990234375","2025-07-04 17:13:27.839300"
"move","1298","3263.39990234375","2025-07-04 17:13:27.856100"
"move","1299","3263.39990234375","2025-07-04 17:13:27.872300"
"move","1300","3262.39990234375","2025-07-04 17:13:27.888900"
"move","1299","3262.39990234375","2025-07-04 17:13:28.074100"
"move","1297","3262.39990234375","2025-07-04 17:13:28.089400"
"move","1296","3262.39990234375","2025-07-04 17:13:28.109600"
"move","1294","3262.39990234375","2025-07-04 17:13:28.123000"
"move","1292","3262.39990234375","2025-07-04 17:13:28.139900"
"move","1291","3262.39990234375","2025-07-04 17:13:28.157800"
"move","1290","3262.39990234375","2025-07-04 17:13:28.205300"
"move","1289","3261.39990234375","2025-07-04 17:13:28.222800"
"move","1288","3260.39990234375","2025-07-04 17:13:28.238900"
"move","1287","3260.39990234375","2025-07-04 17:13:28.255500"
"move","1284","3258.39990234375","2025-07-04 17:13:28.272400"
"move","1284","3257.39990234375","2025-07-04 17:13:28.289300"
"move","1283","3257.39990234375","2025-07-04 17:13:28.339300"
"move","1282","3255.39990234375","2025-07-04 17:13:28.355700"
"move","1281","3253.39990234375","2025-07-04 17:13:28.372600"
"move","1280","3253.39990234375","2025-07-04 17:13:28.389000"
"move","1278","3251.39990234375","2025-07-04 17:13:28.406100"
"move","1277","3250.39990234375","2025-07-04 17:13:28.422500"
"move","1276","3249.39990234375","2025-07-04 17:13:28.439700"
"move","1276","3248.39990234375","2025-07-04 17:13:28.460200"
"move","1276","3247.39990234375","2025-07-04 17:13:28.505700"
"move","1276","3247.39990234375","2025-07-04 17:13:28.742400"
"click","1276","3247.39990234375","2025-07-04 17:13:28.967400"
"move","1280","3241.39990234375","2025-07-04 17:13:29.297600"
"move","1300","3205.39990234375","2025-07-04 17:13:29.321300"
"move","1317","3174.39990234375","2025-07-04 17:13:29.337900"
"move","1332","3156.39990234375","2025-07-04 17:13:29.354500"
"move","1343","3143.39990234375","2025-07-04 17:13:29.371100"
"move","1354","3131.39990234375","2025-07-04 17:13:29.388400"
"move","1358","3126.39990234375","2025-07-04 17:13:29.405000"
"move","1361","3123.39990234375","2025-07-04 17:13:29.421100"
"move","1367","3120.39990234375","2025-07-04 17:13:29.438800"
"move","1368","3118.39990234375","2025-07-04 17:13:29.455100"
"move","1370","3117.39990234375","2025-07-04 17:13:29.473900"
"move","1372","3116.39990234375","2025-07-04 17:13:29.488100"
"move","1372","3115.39990234375","2025-07-04 17:13:29.504600"
"move","1374","3113.39990234375","2025-07-04 17:13:29.521100"
"move","1375","3113.39990234375","2025-07-04 17:13:29.541100"
"move","1376","3113.39990234375","2025-07-04 17:13:29.554500"
"move","1376","3112.39990234375","2025-07-04 17:13:29.575700"
"move","1377","3112.39990234375","2025-07-04 17:13:29.632100"
"move","1380","3109.39990234375","2025-07-04 17:13:29.654900"
"move","1381","3108.39990234375","2025-07-04 17:13:29.672500"
"move","1384","3106.39990234375","2025-07-04 17:13:29.689000"
"move","1385","3105.39990234375","2025-07-04 17:13:29.704200"
"move","1386","3105.39990234375","2025-07-04 17:13:29.721000"
"move","1388","3103.39990234375","2025-07-04 17:13:29.737400"
"move","1388","3101.39990234375","2025-07-04 17:13:29.754100"
"move","1389","3100.39990234375","2025-07-04 17:13:29.773800"
"move","1391","3098.39990234375","2025-07-04 17:13:29.788000"
"move","1392","3097.39990234375","2025-07-04 17:13:29.805400"
"move","1392","3096.39990234375","2025-07-04 17:13:29.820800"
"move","1392","3095.39990234375","2025-07-04 17:13:29.837400"
"move","1393","3094.39990234375","2025-07-04 17:13:29.854500"
"move","1394","3094.39990234375","2025-07-04 17:13:29.877700"
"move","1394","3094.39990234375","2025-07-04 17:13:30.173400"
"move","1394","3094.39990234375","2025-07-04 17:13:30.189000"
"move","1394","3094.39990234375","2025-07-04 17:13:30.272500"
"click","1394","3094.39990234375","2025-07-04 17:13:30.289500"