type,x,y,timestamp
"move","772","477","2025-07-14 01:54:26.573200"
"move","756","479","2025-07-14 01:54:26.587599"
"move","746","479","2025-07-14 01:54:26.601300"
"move","693","474","2025-07-14 01:54:26.648500"
"move","604","439","2025-07-14 01:54:26.738099"
"move","496","386","2025-07-14 01:54:26.874200"
"move","420","383","2025-07-14 01:54:26.933400"
"move","380","399","2025-07-14 01:54:27.017200"
"move","364","410","2025-07-14 01:54:27.048000"
"move","363","410","2025-07-14 01:54:27.068900"
"move","356","410","2025-07-14 01:54:27.313599"
"move","349","410","2025-07-14 01:54:27.326200"
"move","344","410","2025-07-14 01:54:27.343400"
"move","340","409","2025-07-14 01:54:27.359900"
"move","337","409","2025-07-14 01:54:27.377700"
"move","336","409","2025-07-14 01:54:27.394099"
"move","334","409","2025-07-14 01:54:27.455900"
"move","332","409","2025-07-14 01:54:27.476500"
"move","326","411","2025-07-14 01:54:27.493500"
"move","318","412","2025-07-14 01:54:27.511300"
"move","310","415","2025-07-14 01:54:27.526099"
"move","308","415","2025-07-14 01:54:27.544000"
"move","307","415","2025-07-14 01:54:27.559500"
"move","304","415","2025-07-14 01:54:27.577599"
"move","302","415","2025-07-14 01:54:27.628200"
"move","302","414","2025-07-14 01:54:27.643599"
"move","302","412","2025-07-14 01:54:27.660099"
"move","301","408","2025-07-14 01:54:27.676800"
"move","301","403","2025-07-14 01:54:27.694000"
"move","301","396","2025-07-14 01:54:27.710099"
"move","301","393","2025-07-14 01:54:27.726900"
"move","301","389","2025-07-14 01:54:27.743099"
"move","301","387","2025-07-14 01:54:27.759800"
"move","300","390","2025-07-14 01:54:27.839200"
"move","297","410","2025-07-14 01:54:27.860400"
"move","296","421","2025-07-14 01:54:27.876700"
"move","293","431","2025-07-14 01:54:27.893400"
"move","289","461","2025-07-14 01:54:27.909700"
"move","286","472","2025-07-14 01:54:27.926099"
"move","284","476","2025-07-14 01:54:27.943300"
"move","283","480","2025-07-14 01:54:27.959500"
"move","281","487","2025-07-14 01:54:27.975800"
"move","281","493","2025-07-14 01:54:27.992400"
"move","281","495","2025-07-14 01:54:28.009700"
"move","281","496","2025-07-14 01:54:28.026500"
"move","281","499","2025-07-14 01:54:28.042800"
"move","281","500","2025-07-14 01:54:28.063400"
"move","281","501","2025-07-14 01:54:28.075800"
"move","282","501","2025-07-14 01:54:28.151300"
"move","282","500","2025-07-14 01:54:28.160500"
"move","284","499","2025-07-14 01:54:28.178800"
"move","287","497","2025-07-14 01:54:28.193500"
"move","288","496","2025-07-14 01:54:28.209500"
"move","289","495","2025-07-14 01:54:28.225500"
"move","290","494","2025-07-14 01:54:28.242900"
"move","293","493","2025-07-14 01:54:28.259599"
"move","295","493","2025-07-14 01:54:28.276500"
"move","296","493","2025-07-14 01:54:28.292500"
"move","299","493","2025-07-14 01:54:28.309599"
"move","300","493","2025-07-14 01:54:28.333400"
"move","301","493","2025-07-14 01:54:28.388800"
"move","302","493","2025-07-14 01:54:28.442700"
"move","303","493","2025-07-14 01:54:28.466700"
"move","304","493","2025-07-14 01:54:28.532400"
"move","305","493","2025-07-14 01:54:28.576000"
"move","305","494","2025-07-14 01:54:28.626000"
"move","306","494","2025-07-14 01:54:28.642800"
"move","307","494","2025-07-14 01:54:28.670800"
"move","307","495","2025-07-14 01:54:28.708400"
"move","308","495","2025-07-14 01:54:28.735599"
"move","311","494","2025-07-14 01:54:32.173000"
"move","313","494","2025-07-14 01:54:32.188099"
"move","319","493","2025-07-14 01:54:32.204900"
"move","321","492","2025-07-14 01:54:32.222099"
"move","327","491","2025-07-14 01:54:32.239800"
"move","329","491","2025-07-14 01:54:32.255099"
"move","333","491","2025-07-14 01:54:32.271599"
"move","335","491","2025-07-14 01:54:32.289000"
"move","336","491","2025-07-14 01:54:32.305700"
"move","337","491","2025-07-14 01:54:32.375099"
"move","338","491","2025-07-14 01:54:32.388599"
"move","339","491","2025-07-14 01:54:32.406400"
"move","340","491","2025-07-14 01:54:32.422300"
"move","341","491","2025-07-14 01:54:32.439000"
"move","343","491","2025-07-14 01:54:32.455700"
"move","344","491","2025-07-14 01:54:32.471200"
"move","345","491","2025-07-14 01:54:32.488099"
"move","346","491","2025-07-14 01:54:32.505099"
"move","348","491","2025-07-14 01:54:32.521800"
"move","350","491","2025-07-14 01:54:32.539500"
"move","351","491","2025-07-14 01:54:32.555300"
"move","352","491","2025-07-14 01:54:32.572700"
"move","352","492","2025-07-14 01:54:32.589000"
"move","354","493","2025-07-14 01:54:32.605200"
"move","356","494","2025-07-14 01:54:32.621400"
"move","356","495","2025-07-14 01:54:32.638000"
"move","358","496","2025-07-14 01:54:32.654900"
"move","359","497","2025-07-14 01:54:32.671099"
"move","360","498","2025-07-14 01:54:32.688099"
"move","361","498","2025-07-14 01:54:32.704700"
"move","362","499","2025-07-14 01:54:32.722400"
"move","363","500","2025-07-14 01:54:32.739000"
"move","364","501","2025-07-14 01:54:32.759000"
"move","367","503","2025-07-14 01:54:32.773900"
"move","368","503","2025-07-14 01:54:32.789599"
"move","369","503","2025-07-14 01:54:32.805900"
"move","369","504","2025-07-14 01:54:32.822200"
"move","370","504","2025-07-14 01:54:32.838800"
"move","371","504","2025-07-14 01:54:32.854599"
"move","373","505","2025-07-14 01:54:32.871099"
"move","374","507","2025-07-14 01:54:32.889200"
"move","376","507","2025-07-14 01:54:32.906500"
"move","377","507","2025-07-14 01:54:32.922400"
"move","378","508","2025-07-14 01:54:32.938700"
"move","380","509","2025-07-14 01:54:32.955599"
"move","381","509","2025-07-14 01:54:32.977000"
"move","382","510","2025-07-14 01:54:32.988800"
"move","383","510","2025-07-14 01:54:33.004700"
"move","384","511","2025-07-14 01:54:33.021800"
"move","385","511","2025-07-14 01:54:33.042800"
"move","386","511","2025-07-14 01:54:33.055700"
"move","386","512","2025-07-14 01:54:33.079700"
"move","387","512","2025-07-14 01:54:33.103000"
"move","388","512","2025-07-14 01:54:33.154300"
"move","390","512","2025-07-14 01:54:33.296400"
"move","391","512","2025-07-14 01:54:33.381900"
"move","392","512","2025-07-14 01:54:33.420599"
"move","393","512","2025-07-14 01:54:33.939000"
"move","394","512","2025-07-14 01:54:33.962300"
"move","396","512","2025-07-14 01:54:33.987800"
"move","397","512","2025-07-14 01:54:34.038099"
"move","399","512","2025-07-14 01:54:34.055099"
"move","400","512","2025-07-14 01:54:34.071000"
"move","401","512","2025-07-14 01:54:34.089500"
"move","403","512","2025-07-14 01:54:34.104400"
"move","404","512","2025-07-14 01:54:34.120900"
"move","408","512","2025-07-14 01:54:34.137800"
"move","410","512","2025-07-14 01:54:34.159400"
"move","412","512","2025-07-14 01:54:34.172099"
"move","414","512","2025-07-14 01:54:34.189200"
"move","415","512","2025-07-14 01:54:34.203900"
"move","417","512","2025-07-14 01:54:34.220700"
"move","420","512","2025-07-14 01:54:34.236599"
"move","421","512","2025-07-14 01:54:34.260800"
"move","422","512","2025-07-14 01:54:34.279800"
"move","423","512","2025-07-14 01:54:34.289099"
"move","424","513","2025-07-14 01:54:34.305900"
"move","425","513","2025-07-14 01:54:34.321300"
"move","427","513","2025-07-14 01:54:34.338300"
"move","428","513","2025-07-14 01:54:34.354800"
"move","432","514","2025-07-14 01:54:34.370700"
"move","434","514","2025-07-14 01:54:34.387500"
"move","437","514","2025-07-14 01:54:34.408700"
"move","441","514","2025-07-14 01:54:34.420599"
"move","446","514","2025-07-14 01:54:34.436700"
"move","448","514","2025-07-14 01:54:34.453200"
"move","452","514","2025-07-14 01:54:34.470700"
"move","454","514","2025-07-14 01:54:34.487599"
"move","455","514","2025-07-14 01:54:34.505400"
"move","457","514","2025-07-14 01:54:34.521500"
"move","459","514","2025-07-14 01:54:34.538099"
"move","460","514","2025-07-14 01:54:34.589500"
"move","462","514","2025-07-14 01:54:34.973500"
"move","464","514","2025-07-14 01:54:34.987099"
"move","468","514","2025-07-14 01:54:35.003200"
"move","472","514","2025-07-14 01:54:35.020200"
"move","476","513","2025-07-14 01:54:35.037400"
"move","482","513","2025-07-14 01:54:35.053500"
"move","485","513","2025-07-14 01:54:35.070300"
"move","490","512","2025-07-14 01:54:35.087700"
"move","492","512","2025-07-14 01:54:35.104400"
"move","495","512","2025-07-14 01:54:35.120599"
"move","496","512","2025-07-14 01:54:35.136200"
"move","497","512","2025-07-14 01:54:35.186800"
"move","498","512","2025-07-14 01:54:35.237099"
"move","499","512","2025-07-14 01:54:35.259500"
"move","500","512","2025-07-14 01:54:35.422000"
"move","504","512","2025-07-14 01:54:45.068300"
"move","506","512","2025-07-14 01:54:45.078500"
"move","516","512","2025-07-14 01:54:45.094500"
"move","522","512","2025-07-14 01:54:45.111700"
"move","528","512","2025-07-14 01:54:45.128400"
"move","535","512","2025-07-14 01:54:45.146099"
"move","537","512","2025-07-14 01:54:45.162800"
"move","542","512","2025-07-14 01:54:45.180500"
"move","548","512","2025-07-14 01:54:45.196700"
"move","548","511","2025-07-14 01:54:45.214500"
"move","556","511","2025-07-14 01:54:45.229700"
"move","567","509","2025-07-14 01:54:45.245900"
"move","572","508","2025-07-14 01:54:45.262000"
"move","575","508","2025-07-14 01:54:45.277900"
"move","583","506","2025-07-14 01:54:45.295300"
"move","588","505","2025-07-14 01:54:45.311500"
"move","593","505","2025-07-14 01:54:45.328900"
"move","600","504","2025-07-14 01:54:45.345300"
"move","604","504","2025-07-14 01:54:45.362500"
"move","608","504","2025-07-14 01:54:45.378400"
"move","612","504","2025-07-14 01:54:45.395599"
"move","616","504","2025-07-14 01:54:45.412000"
"move","618","504","2025-07-14 01:54:45.429000"
"move","620","504","2025-07-14 01:54:45.445200"
"move","621","505","2025-07-14 01:54:45.461300"
"move","621","506","2025-07-14 01:54:45.484800"
"move","622","506","2025-07-14 01:54:45.499099"
"move","623","507","2025-07-14 01:54:45.513200"
"move","624","508","2025-07-14 01:54:45.528300"
"move","626","510","2025-07-14 01:54:45.545500"
"move","628","510","2025-07-14 01:54:45.563400"
"move","628","511","2025-07-14 01:54:45.579400"
"move","632","513","2025-07-14 01:54:45.596200"
"move","633","513","2025-07-14 01:54:53.272099"
"move","635","513","2025-07-14 01:54:53.283599"
"move","637","513","2025-07-14 01:54:53.306400"
"move","640","512","2025-07-14 01:54:53.323500"
"move","641","512","2025-07-14 01:54:53.339500"
"move","642","512","2025-07-14 01:54:53.355200"
"move","643","512","2025-07-14 01:54:53.372400"
"move","644","512","2025-07-14 01:54:53.432599"
"move","645","512","2025-07-14 01:54:53.473500"
"move","646","511","2025-07-14 01:54:53.503700"
"move","649","511","2025-07-14 01:54:53.529099"
"move","650","510","2025-07-14 01:54:53.539500"
"move","651","510","2025-07-14 01:54:53.556099"
"move","652","510","2025-07-14 01:54:53.575099"
"move","653","510","2025-07-14 01:54:53.679400"
"move","656","510","2025-07-14 01:55:00.468300"
"move","663","511","2025-07-14 01:55:00.482900"
"move","671","514","2025-07-14 01:55:00.500400"
"move","684","515","2025-07-14 01:55:00.518000"
"move","698","519","2025-07-14 01:55:00.533300"
"move","705","521","2025-07-14 01:55:00.549700"
"move","716","522","2025-07-14 01:55:00.566900"
"move","730","523","2025-07-14 01:55:00.582700"
"move","738","523","2025-07-14 01:55:00.599800"
"move","743","523","2025-07-14 01:55:00.616400"
"move","753","523","2025-07-14 01:55:00.633500"
"move","764","523","2025-07-14 01:55:00.649700"
"move","772","523","2025-07-14 01:55:00.667900"
"move","781","521","2025-07-14 01:55:00.694200"
"move","786","521","2025-07-14 01:55:00.707700"
"move","817","520","2025-07-14 01:55:00.775800"
"move","823","519","2025-07-14 01:55:00.800099"
"move","824","519","2025-07-14 01:55:00.817500"
"move","825","515","2025-07-14 01:55:00.833400"
"move","828","514","2025-07-14 01:55:00.849599"
"move","828","512","2025-07-14 01:55:00.867200"
"move","827","509","2025-07-14 01:55:00.883200"
"move","817","502","2025-07-14 01:55:00.900300"
"move","802","495","2025-07-14 01:55:00.916300"
"move","793","493","2025-07-14 01:55:00.933400"
"move","785","491","2025-07-14 01:55:00.949700"
"move","779","490","2025-07-14 01:55:00.967300"
"move","773","488","2025-07-14 01:55:00.983300"
"move","766","486","2025-07-14 01:55:01.000000"
"move","764","485","2025-07-14 01:55:01.017200"
"move","761","483","2025-07-14 01:55:01.034000"
"move","759","483","2025-07-14 01:55:01.048900"
"move","757","482","2025-07-14 01:55:01.065700"
"move","756","482","2025-07-14 01:55:01.082599"
"move","756","481","2025-07-14 01:55:01.099200"
"move","755","480","2025-07-14 01:55:01.115500"
"move","754","480","2025-07-14 01:55:01.132300"
"move","754","479","2025-07-14 01:55:01.149300"
"move","752","479","2025-07-14 01:55:01.166700"
"move","752","478","2025-07-14 01:55:01.186800"
"move","751","477","2025-07-14 01:55:01.205500"
"move","750","477","2025-07-14 01:55:01.222700"
"move","750","476","2025-07-14 01:55:01.242200"
"move","750","475","2025-07-14 01:55:01.282800"
"move","749","475","2025-07-14 01:55:01.299000"
"move","749","474","2025-07-14 01:55:01.349400"
"move","749","473","2025-07-14 01:55:01.398900"
"move","749","472","2025-07-14 01:55:01.454000"
"move","749","471","2025-07-14 01:55:01.482099"
"move","749","470","2025-07-14 01:55:01.591000"
"move","749","470","2025-07-14 01:55:01.939099"
"move","749","470","2025-07-14 01:55:01.951500"
"click","749","470","2025-07-14 01:55:02.045200"
"move","746","473","2025-07-14 01:55:02.531500"
"move","732","484","2025-07-14 01:55:02.550300"
"move","708","499","2025-07-14 01:55:02.579700"
"move","698","504","2025-07-14 01:55:02.599700"
"move","683","511","2025-07-14 01:55:02.617800"
"move","668","518","2025-07-14 01:55:02.631800"
"move","664","519","2025-07-14 01:55:02.650000"
"move","661","520","2025-07-14 01:55:02.666900"
"move","660","522","2025-07-14 01:55:02.681800"
"move","658","522","2025-07-14 01:55:02.698300"
"move","656","523","2025-07-14 01:55:02.715400"
"move","655","523","2025-07-14 01:55:02.780400"
"move","655","524","2025-07-14 01:55:02.831700"
"move","654","524","2025-07-14 01:55:02.864099"
"move","653","525","2025-07-14 01:55:02.931599"
"move","652","525","2025-07-14 01:55:02.957200"
"move","652","526","2025-07-14 01:55:02.970200"
"move","651","527","2025-07-14 01:55:02.981900"
"move","650","527","2025-07-14 01:55:02.998400"
"move","646","528","2025-07-14 01:55:03.014200"
"move","643","530","2025-07-14 01:55:03.032200"
"move","638","531","2025-07-14 01:55:03.048400"
"move","631","531","2025-07-14 01:55:03.064000"
"move","628","531","2025-07-14 01:55:03.081900"
"move","623","531","2025-07-14 01:55:03.098500"
"move","620","531","2025-07-14 01:55:03.114500"
"move","619","531","2025-07-14 01:55:03.132900"
"move","617","531","2025-07-14 01:55:03.148599"
"move","616","531","2025-07-14 01:55:03.164599"
"move","614","531","2025-07-14 01:55:03.181599"
"move","613","531","2025-07-14 01:55:03.199000"
"move","612","531","2025-07-14 01:55:03.215800"
"move","611","529","2025-07-14 01:55:03.233000"
"move","611","528","2025-07-14 01:55:03.250500"
"move","610","528","2025-07-14 01:55:03.266599"
"move","609","528","2025-07-14 01:55:03.280700"
"move","609","527","2025-07-14 01:55:03.298599"
"move","608","527","2025-07-14 01:55:03.314800"
"move","608","526","2025-07-14 01:55:03.332400"
"move","606","525","2025-07-14 01:55:03.348000"
"move","605","523","2025-07-14 01:55:03.364599"
"move","604","523","2025-07-14 01:55:03.383400"
"move","604","522","2025-07-14 01:55:03.398700"
"move","604","521","2025-07-14 01:55:03.448300"
"move","604","520","2025-07-14 01:55:03.464500"
"move","603","520","2025-07-14 01:55:03.483200"
"move","603","519","2025-07-14 01:55:03.532599"
"move","602","519","2025-07-14 01:55:03.561000"
"move","601","519","2025-07-14 01:55:03.597900"
"move","603","519","2025-07-14 01:55:05.641400"
"move","608","517","2025-07-14 01:55:05.663300"
"move","612","517","2025-07-14 01:55:05.679900"
"move","615","517","2025-07-14 01:55:05.696800"
"move","616","517","2025-07-14 01:55:05.714000"
"move","617","517","2025-07-14 01:55:05.735099"
"scroll","","28.799999237060547","2025-07-14 01:55:06.152200"
"scroll","","52","2025-07-14 01:55:06.164400"
"scroll","","75.19999694824219","2025-07-14 01:55:06.181900"
"scroll","","106.4000015258789","2025-07-14 01:55:06.198200"
"scroll","","124.80000305175781","2025-07-14 01:55:06.215000"
"scroll","","140","2025-07-14 01:55:06.230400"
"scroll","","158.39999389648438","2025-07-14 01:55:06.248400"
"scroll","","164.8000030517578","2025-07-14 01:55:06.264200"
"scroll","","171.1999969482422","2025-07-14 01:55:06.281200"
"scroll","","176","2025-07-14 01:55:06.299300"
"scroll","","180","2025-07-14 01:55:06.314000"
"scroll","","183.1999969482422","2025-07-14 01:55:06.332800"
"scroll","","184","2025-07-14 01:55:06.348099"
"scroll","","184.8000030517578","2025-07-14 01:55:06.364300"
"scroll","","186.39999389648438","2025-07-14 01:55:06.380500"
"scroll","","187.1999969482422","2025-07-14 01:55:06.413900"
"move","614","704.1999969482422","2025-07-14 01:55:06.780500"
"move","603","704.1999969482422","2025-07-14 01:55:06.795700"
"move","591","704.1999969482422","2025-07-14 01:55:06.813300"
"move","578","706.1999969482422","2025-07-14 01:55:06.828000"
"move","571","708.1999969482422","2025-07-14 01:55:06.846599"
"move","560","710.1999969482422","2025-07-14 01:55:06.862500"
"move","548","710.1999969482422","2025-07-14 01:55:06.882500"
"move","538","710.1999969482422","2025-07-14 01:55:06.898300"
"move","536","710.1999969482422","2025-07-14 01:55:06.912200"
"move","532","710.1999969482422","2025-07-14 01:55:06.931599"
"move","531","710.1999969482422","2025-07-14 01:55:06.953000"
"move","530","710.1999969482422","2025-07-14 01:55:06.962700"
"move","529","710.1999969482422","2025-07-14 01:55:06.979200"
"move","528","710.1999969482422","2025-07-14 01:55:06.995300"
"move","527","710.1999969482422","2025-07-14 01:55:07.011599"
"move","524","710.1999969482422","2025-07-14 01:55:07.029700"
"move","522","710.1999969482422","2025-07-14 01:55:07.045000"
"move","516","710.1999969482422","2025-07-14 01:55:07.062200"
"move","511","710.1999969482422","2025-07-14 01:55:07.080300"
"move","506","710.1999969482422","2025-07-14 01:55:07.095400"
"move","499","710.1999969482422","2025-07-14 01:55:07.112400"
"move","495","710.1999969482422","2025-07-14 01:55:07.127900"
"move","493","710.1999969482422","2025-07-14 01:55:07.144900"
"move","491","709.1999969482422","2025-07-14 01:55:07.167000"
"move","489","709.1999969482422","2025-07-14 01:55:07.180000"
"move","488","709.1999969482422","2025-07-14 01:55:07.195099"
"move","487","709.1999969482422","2025-07-14 01:55:07.211599"
"move","489","709.1999969482422","2025-07-14 01:55:15.873900"
"move","497","709.1999969482422","2025-07-14 01:55:15.887500"
"move","504","709.1999969482422","2025-07-14 01:55:15.905400"
"move","512","709.1999969482422","2025-07-14 01:55:15.920900"
"move","520","709.1999969482422","2025-07-14 01:55:15.937500"
"move","527","709.1999969482422","2025-07-14 01:55:15.956400"
"move","532","708.1999969482422","2025-07-14 01:55:15.971300"
"move","537","708.1999969482422","2025-07-14 01:55:15.989400"
"move","542","708.1999969482422","2025-07-14 01:55:16.005599"
"move","544","708.1999969482422","2025-07-14 01:55:16.025400"
"move","546","708.1999969482422","2025-07-14 01:55:16.040200"
"move","547","708.1999969482422","2025-07-14 01:55:16.058400"
"move","548","708.1999969482422","2025-07-14 01:55:16.071599"
"move","549","708.1999969482422","2025-07-14 01:55:16.120700"
"move","550","708.1999969482422","2025-07-14 01:55:16.140400"
"move","548","710.1999969482422","2025-07-14 01:55:16.221700"
"move","537","713.1999969482422","2025-07-14 01:55:16.241599"
"move","493","720.1999969482422","2025-07-14 01:55:16.263500"
"move","464","722.1999969482422","2025-07-14 01:55:16.288500"
"move","456","723.1999969482422","2025-07-14 01:55:16.304900"
"move","448","723.1999969482422","2025-07-14 01:55:16.321200"
"move","440","724.1999969482422","2025-07-14 01:55:16.337800"
"move","435","725.1999969482422","2025-07-14 01:55:16.355200"
"move","429","725.1999969482422","2025-07-14 01:55:16.371500"
"move","428","725.1999969482422","2025-07-14 01:55:16.388500"
"move","426","725.1999969482422","2025-07-14 01:55:16.404800"
"move","424","725.1999969482422","2025-07-14 01:55:16.421300"
"move","423","725.1999969482422","2025-07-14 01:55:16.452200"
"move","422","725.1999969482422","2025-07-14 01:55:16.547700"
"move","421","725.1999969482422","2025-07-14 01:55:16.566200"
"move","420","725.1999969482422","2025-07-14 01:55:16.579400"
"move","418","726.1999969482422","2025-07-14 01:55:16.591400"
"move","415","726.1999969482422","2025-07-14 01:55:16.604700"
"move","412","726.1999969482422","2025-07-14 01:55:16.622099"
"move","404","726.1999969482422","2025-07-14 01:55:16.637900"
"move","394","726.1999969482422","2025-07-14 01:55:16.655099"
"move","389","725.1999969482422","2025-07-14 01:55:16.671599"
"move","383","725.1999969482422","2025-07-14 01:55:16.688700"
"move","380","725.1999969482422","2025-07-14 01:55:16.704300"
"move","377","725.1999969482422","2025-07-14 01:55:16.721099"
"move","376","725.1999969482422","2025-07-14 01:55:16.737099"
"move","374","725.1999969482422","2025-07-14 01:55:16.754099"
"move","373","725.1999969482422","2025-07-14 01:55:16.772099"
"move","372","725.1999969482422","2025-07-14 01:55:16.821800"
"move","371","725.1999969482422","2025-07-14 01:55:31.040700"
"move","369","726.1999969482422","2025-07-14 01:55:31.054200"
"move","366","728.1999969482422","2025-07-14 01:55:31.076700"
"move","364","728.1999969482422","2025-07-14 01:55:31.093900"
"move","361","729.1999969482422","2025-07-14 01:55:31.109800"
"move","358","729.1999969482422","2025-07-14 01:55:31.126700"
"move","355","730.1999969482422","2025-07-14 01:55:31.143599"
"move","352","730.1999969482422","2025-07-14 01:55:31.159400"
"move","351","731.1999969482422","2025-07-14 01:55:31.175700"
"move","350","731.1999969482422","2025-07-14 01:55:31.191900"
"move","348","731.1999969482422","2025-07-14 01:55:31.208900"
"move","347","731.1999969482422","2025-07-14 01:55:31.259300"
"move","346","731.1999969482422","2025-07-14 01:55:31.288200"
"move","349","731.1999969482422","2025-07-14 01:55:31.439300"
"move","362","731.1999969482422","2025-07-14 01:55:31.459800"
"move","372","728.1999969482422","2025-07-14 01:55:31.478400"
"move","385","726.1999969482422","2025-07-14 01:55:31.493400"
"move","407","722.1999969482422","2025-07-14 01:55:31.508700"
"move","416","720.1999969482422","2025-07-14 01:55:31.525300"
"move","424","718.1999969482422","2025-07-14 01:55:31.543300"
"move","433","718.1999969482422","2025-07-14 01:55:31.559000"
"move","438","718.1999969482422","2025-07-14 01:55:31.575800"
"move","440","718.1999969482422","2025-07-14 01:55:31.593000"
"move","442","718.1999969482422","2025-07-14 01:55:31.611200"
"move","444","718.1999969482422","2025-07-14 01:55:31.626000"
"move","446","718.1999969482422","2025-07-14 01:55:31.642599"
"move","449","718.1999969482422","2025-07-14 01:55:31.659099"
"move","452","718.1999969482422","2025-07-14 01:55:31.676200"
"move","458","720.1999969482422","2025-07-14 01:55:31.692500"
"move","461","720.1999969482422","2025-07-14 01:55:31.709300"
"move","464","720.1999969482422","2025-07-14 01:55:31.726200"
"move","472","721.1999969482422","2025-07-14 01:55:31.742900"
"move","476","722.1999969482422","2025-07-14 01:55:31.761400"
"move","484","723.1999969482422","2025-07-14 01:55:31.779200"
"move","488","723.1999969482422","2025-07-14 01:55:31.794800"
"move","531","728.1999969482422","2025-07-14 01:55:31.860900"
"move","536","729.1999969482422","2025-07-14 01:55:31.876300"
"move","543","730.1999969482422","2025-07-14 01:55:31.893500"
"move","544","730.1999969482422","2025-07-14 01:55:31.910400"
"move","550","732.1999969482422","2025-07-14 01:55:31.925900"
"move","552","732.1999969482422","2025-07-14 01:55:31.943700"
"move","553","732.1999969482422","2025-07-14 01:55:32.450099"
"move","557","731.1999969482422","2025-07-14 01:55:32.476200"
"move","562","730.1999969482422","2025-07-14 01:55:32.492700"
"move","564","729.1999969482422","2025-07-14 01:55:32.510300"
"move","570","728.1999969482422","2025-07-14 01:55:32.527000"
"move","580","725.1999969482422","2025-07-14 01:55:32.542800"
"move","584","724.1999969482422","2025-07-14 01:55:32.558800"
"move","590","723.1999969482422","2025-07-14 01:55:32.576800"
"move","593","723.1999969482422","2025-07-14 01:55:32.592200"
"move","600","722.1999969482422","2025-07-14 01:55:32.608800"
"move","605","722.1999969482422","2025-07-14 01:55:32.625300"
"move","609","722.1999969482422","2025-07-14 01:55:32.641599"
"move","614","722.1999969482422","2025-07-14 01:55:32.658700"
"move","615","722.1999969482422","2025-07-14 01:55:32.675400"
"move","618","722.1999969482422","2025-07-14 01:55:32.691900"
"move","620","722.1999969482422","2025-07-14 01:55:32.709599"
"move","621","722.1999969482422","2025-07-14 01:55:32.763400"
"move","622","722.1999969482422","2025-07-14 01:55:32.835099"
"move","624","722.1999969482422","2025-07-14 01:55:32.846099"
"move","626","722.1999969482422","2025-07-14 01:55:32.867200"
"move","627","722.1999969482422","2025-07-14 01:55:32.884200"
"move","630","722.1999969482422","2025-07-14 01:55:32.908800"
"move","631","722.1999969482422","2025-07-14 01:55:32.925400"
"move","632","722.1999969482422","2025-07-14 01:55:32.942000"
"move","633","722.1999969482422","2025-07-14 01:55:32.968800"
"move","634","722.1999969482422","2025-07-14 01:55:33.008500"
"move","635","722.1999969482422","2025-07-14 01:55:33.041800"
"move","636","722.1999969482422","2025-07-14 01:55:33.092099"
"move","635","722.1999969482422","2025-07-14 01:55:36.552400"
"move","632","722.1999969482422","2025-07-14 01:55:36.565500"
"move","628","722.1999969482422","2025-07-14 01:55:36.589500"
"move","624","722.1999969482422","2025-07-14 01:55:36.605099"
"move","623","722.1999969482422","2025-07-14 01:55:36.629500"
"move","622","722.1999969482422","2025-07-14 01:55:36.639800"
"move","620","722.1999969482422","2025-07-14 01:55:36.656700"
"move","619","722.1999969482422","2025-07-14 01:55:36.682400"
"move","618","722.1999969482422","2025-07-14 01:55:36.722099"
"move","617","722.1999969482422","2025-07-14 01:55:36.771599"
"move","618","722.1999969482422","2025-07-14 01:55:39.247099"
"move","624","720.1999969482422","2025-07-14 01:55:39.269599"
"move","632","717.1999969482422","2025-07-14 01:55:39.285900"
"move","638","716.1999969482422","2025-07-14 01:55:39.302200"
"move","645","714.1999969482422","2025-07-14 01:55:39.319000"
"move","649","714.1999969482422","2025-07-14 01:55:39.335800"
"move","655","714.1999969482422","2025-07-14 01:55:39.352700"
"move","662","714.1999969482422","2025-07-14 01:55:39.369900"
"move","667","714.1999969482422","2025-07-14 01:55:39.388000"
"move","671","714.1999969482422","2025-07-14 01:55:39.403800"
"move","674","714.1999969482422","2025-07-14 01:55:39.420400"
"move","677","714.1999969482422","2025-07-14 01:55:39.437000"
"move","682","714.1999969482422","2025-07-14 01:55:39.453900"
"move","686","714.1999969482422","2025-07-14 01:55:39.470099"
"move","690","714.1999969482422","2025-07-14 01:55:39.488300"
"move","694","714.1999969482422","2025-07-14 01:55:39.502500"
"move","696","714.1999969482422","2025-07-14 01:55:39.518900"
"move","698","713.1999969482422","2025-07-14 01:55:39.536400"
"move","700","713.1999969482422","2025-07-14 01:55:39.552700"
"move","704","713.1999969482422","2025-07-14 01:55:39.569700"
"move","708","711.1999969482422","2025-07-14 01:55:39.588000"
"move","712","710.1999969482422","2025-07-14 01:55:39.604099"
"move","715","710.1999969482422","2025-07-14 01:55:39.621300"
"move","720","708.1999969482422","2025-07-14 01:55:39.636900"
"move","723","706.1999969482422","2025-07-14 01:55:39.653599"
"move","727","706.1999969482422","2025-07-14 01:55:39.671200"
"move","731","705.1999969482422","2025-07-14 01:55:39.686000"
"move","733","705.1999969482422","2025-07-14 01:55:39.703000"
"move","735","704.1999969482422","2025-07-14 01:55:39.719700"
"move","736","704.1999969482422","2025-07-14 01:55:39.737300"
"move","736","703.1999969482422","2025-07-14 01:55:40.170300"
"move","739","701.1999969482422","2025-07-14 01:55:40.185900"
"move","740","697.1999969482422","2025-07-14 01:55:40.202900"
"move","743","694.1999969482422","2025-07-14 01:55:40.219300"
"move","743","693.1999969482422","2025-07-14 01:55:40.236700"
"move","744","690.1999969482422","2025-07-14 01:55:40.251900"
"move","744","688.1999969482422","2025-07-14 01:55:40.268400"
"move","744","686.1999969482422","2025-07-14 01:55:40.284900"
"move","744","684.1999969482422","2025-07-14 01:55:40.301800"
"move","744","682.1999969482422","2025-07-14 01:55:40.318700"
"move","744","681.1999969482422","2025-07-14 01:55:40.341900"
"move","745","680.1999969482422","2025-07-14 01:55:40.355200"
"move","746","678.1999969482422","2025-07-14 01:55:40.370800"
"move","746","677.1999969482422","2025-07-14 01:55:40.385300"
"move","747","675.1999969482422","2025-07-14 01:55:40.402500"
"move","747","673.1999969482422","2025-07-14 01:55:40.419800"
"move","747","672.1999969482422","2025-07-14 01:55:40.434900"
"move","747","671.1999969482422","2025-07-14 01:55:40.451400"
"move","748","670.1999969482422","2025-07-14 01:55:40.468000"
"move","749","670.1999969482422","2025-07-14 01:55:40.486700"
"move","750","669.1999969482422","2025-07-14 01:55:40.536700"
"move","751","669.1999969482422","2025-07-14 01:55:40.551900"
"move","752","668.1999969482422","2025-07-14 01:55:40.569099"
"move","752","666.1999969482422","2025-07-14 01:55:40.586000"
"move","753","666.1999969482422","2025-07-14 01:55:40.602300"
"move","755","663.1999969482422","2025-07-14 01:55:40.619800"
"move","757","662.1999969482422","2025-07-14 01:55:40.636900"
"move","760","658.1999969482422","2025-07-14 01:55:40.652300"
"move","761","656.1999969482422","2025-07-14 01:55:40.668599"
"move","761","655.1999969482422","2025-07-14 01:55:40.695200"
"move","763","654.1999969482422","2025-07-14 01:55:40.743900"
"move","763","653.1999969482422","2025-07-14 01:55:40.867300"
"move","764","653.1999969482422","2025-07-14 01:55:41.630900"
"move","764","652.1999969482422","2025-07-14 01:55:41.667300"
"move","764","651.1999969482422","2025-07-14 01:55:41.736800"
"move","764","650.1999969482422","2025-07-14 01:55:41.783599"
"move","765","650.1999969482422","2025-07-14 01:55:41.813200"
"move","765","649.1999969482422","2025-07-14 01:55:41.856099"
"move","765","648.1999969482422","2025-07-14 01:55:41.950599"
"move","765","648.1999969482422","2025-07-14 01:55:42.522700"
"move","765","648.1999969482422","2025-07-14 01:55:42.535700"
"click","765","648.1999969482422","2025-07-14 01:55:42.552700"
"move","765","650.1999969482422","2025-07-14 01:55:43.138900"
"move","764","651.1999969482422","2025-07-14 01:55:43.150200"
"move","764","657.1999969482422","2025-07-14 01:55:43.168599"
"move","762","659.1999969482422","2025-07-14 01:55:43.184500"
"move","760","664.1999969482422","2025-07-14 01:55:43.200200"
"move","759","666.1999969482422","2025-07-14 01:55:43.215900"
"move","758","668.1999969482422","2025-07-14 01:55:43.234200"
"move","758","669.1999969482422","2025-07-14 01:55:43.250500"
"move","756","670.1999969482422","2025-07-14 01:55:43.267099"
"move","755","672.1999969482422","2025-07-14 01:55:43.283800"
"move","753","674.1999969482422","2025-07-14 01:55:43.302300"
"move","751","674.1999969482422","2025-07-14 01:55:43.318800"
"move","748","675.1999969482422","2025-07-14 01:55:43.336800"
"move","744","675.1999969482422","2025-07-14 01:55:43.350400"
"move","743","675.1999969482422","2025-07-14 01:55:43.367599"
"move","738","675.1999969482422","2025-07-14 01:55:43.386000"
"move","736","675.1999969482422","2025-07-14 01:55:43.400500"
"move","735","675.1999969482422","2025-07-14 01:55:43.416000"
"move","732","675.1999969482422","2025-07-14 01:55:43.432700"
"move","731","675.1999969482422","2025-07-14 01:55:43.460200"
"move","728","675.1999969482422","2025-07-14 01:55:43.484000"
"move","727","675.1999969482422","2025-07-14 01:55:43.499599"
"move","726","675.1999969482422","2025-07-14 01:55:43.517099"
"move","724","676.1999969482422","2025-07-14 01:55:43.533500"
"move","723","676.1999969482422","2025-07-14 01:55:43.550200"
"move","720","676.1999969482422","2025-07-14 01:55:43.567099"
"move","719","677.1999969482422","2025-07-14 01:55:43.584300"
"move","717","678.1999969482422","2025-07-14 01:55:43.600500"
"move","715","678.1999969482422","2025-07-14 01:55:43.617000"
"move","712","680.1999969482422","2025-07-14 01:55:43.634300"
"move","708","682.1999969482422","2025-07-14 01:55:43.650000"
"move","704","682.1999969482422","2025-07-14 01:55:43.667099"
"move","701","683.1999969482422","2025-07-14 01:55:43.683900"
"move","700","683.1999969482422","2025-07-14 01:55:43.700500"
"move","696","685.1999969482422","2025-07-14 01:55:43.716700"
"move","693","687.1999969482422","2025-07-14 01:55:43.733300"
"move","692","688.1999969482422","2025-07-14 01:55:43.751000"
"move","688","689.1999969482422","2025-07-14 01:55:43.767500"
"move","687","690.1999969482422","2025-07-14 01:55:43.783300"
"move","685","690.1999969482422","2025-07-14 01:55:43.799800"
"move","684","690.1999969482422","2025-07-14 01:55:43.817800"
"move","683","690.1999969482422","2025-07-14 01:55:43.867099"
"move","682","691.1999969482422","2025-07-14 01:55:46.877400"
"move","680","694.1999969482422","2025-07-14 01:55:46.886500"
"move","680","695.1999969482422","2025-07-14 01:55:46.897500"
"move","676","701.1999969482422","2025-07-14 01:55:46.914300"
"move","675","702.1999969482422","2025-07-14 01:55:46.931200"
"move","673","705.1999969482422","2025-07-14 01:55:46.948099"
"move","672","706.1999969482422","2025-07-14 01:55:46.965200"
"move","671","707.1999969482422","2025-07-14 01:55:46.981800"
"move","668","710.1999969482422","2025-07-14 01:55:46.997900"
"move","667","712.1999969482422","2025-07-14 01:55:47.014500"
"move","666","713.1999969482422","2025-07-14 01:55:47.030500"
"move","666","714.1999969482422","2025-07-14 01:55:47.049400"
"move","664","716.1999969482422","2025-07-14 01:55:47.064300"
"move","663","717.1999969482422","2025-07-14 01:55:47.080000"
"move","663","718.1999969482422","2025-07-14 01:55:47.096400"
"move","662","718.1999969482422","2025-07-14 01:55:47.114099"
"move","661","719.1999969482422","2025-07-14 01:55:47.129700"
"move","661","720.1999969482422","2025-07-14 01:55:47.149000"
"move","660","720.1999969482422","2025-07-14 01:55:47.196900"
"move","656","722.1999969482422","2025-07-14 01:55:59.966500"
"move","649","726.1999969482422","2025-07-14 01:55:59.981000"
"move","632","735.1999969482422","2025-07-14 01:56:00.003599"
"move","622","741.1999969482422","2025-07-14 01:56:00.020099"
"move","610","746.1999969482422","2025-07-14 01:56:00.036500"
"move","590","754.1999969482422","2025-07-14 01:56:00.053400"
"move","584","755.1999969482422","2025-07-14 01:56:00.072800"
"move","576","758.1999969482422","2025-07-14 01:56:00.088400"
"move","567","760.1999969482422","2025-07-14 01:56:00.103900"
"move","553","762.1999969482422","2025-07-14 01:56:00.121099"
"move","540","766.1999969482422","2025-07-14 01:56:00.136700"
"move","528","771.1999969482422","2025-07-14 01:56:00.154099"
"move","520","775.1999969482422","2025-07-14 01:56:00.170700"
"move","501","782.1999969482422","2025-07-14 01:56:00.186500"
"move","492","783.1999969482422","2025-07-14 01:56:00.203800"
"move","486","783.1999969482422","2025-07-14 01:56:00.224300"
"move","482","783.1999969482422","2025-07-14 01:56:00.236700"
"move","479","783.1999969482422","2025-07-14 01:56:00.253400"
"move","478","782.1999969482422","2025-07-14 01:56:00.271200"
"move","476","782.1999969482422","2025-07-14 01:56:00.288099"
"move","476","781.1999969482422","2025-07-14 01:56:00.304200"
"move","473","778.1999969482422","2025-07-14 01:56:00.321099"
"move","472","777.1999969482422","2025-07-14 01:56:00.337400"
"move","472","774.1999969482422","2025-07-14 01:56:00.354000"
"move","471","773.1999969482422","2025-07-14 01:56:00.370300"
"move","471","770.1999969482422","2025-07-14 01:56:00.387000"
"move","470","767.1999969482422","2025-07-14 01:56:00.403900"
"move","468","764.1999969482422","2025-07-14 01:56:00.420800"
"move","467","761.1999969482422","2025-07-14 01:56:00.436800"
"move","467","758.1999969482422","2025-07-14 01:56:00.453700"
"move","466","757.1999969482422","2025-07-14 01:56:00.470300"
"move","465","756.1999969482422","2025-07-14 01:56:00.488400"
"move","464","754.1999969482422","2025-07-14 01:56:00.503000"
"move","463","751.1999969482422","2025-07-14 01:56:00.521000"
"move","462","750.1999969482422","2025-07-14 01:56:00.536800"
"move","460","749.1999969482422","2025-07-14 01:56:00.555400"
"move","459","746.1999969482422","2025-07-14 01:56:00.571300"
"move","458","744.1999969482422","2025-07-14 01:56:00.587099"
"move","456","743.1999969482422","2025-07-14 01:56:00.603700"
"move","456","742.1999969482422","2025-07-14 01:56:00.622300"
"move","454","739.1999969482422","2025-07-14 01:56:00.637000"
"move","454","738.1999969482422","2025-07-14 01:56:00.653400"
"move","452","736.1999969482422","2025-07-14 01:56:00.671400"
"move","452","734.1999969482422","2025-07-14 01:56:00.686500"
"move","451","732.1999969482422","2025-07-14 01:56:00.703200"
"move","448","730.1999969482422","2025-07-14 01:56:00.720200"
"move","448","728.1999969482422","2025-07-14 01:56:00.736700"
"move","447","726.1999969482422","2025-07-14 01:56:00.753400"
"move","446","726.1999969482422","2025-07-14 01:56:00.770300"
"move","445","725.1999969482422","2025-07-14 01:56:00.787400"
"move","445","724.1999969482422","2025-07-14 01:56:00.804599"
"move","444","722.1999969482422","2025-07-14 01:56:00.818900"
"move","443","722.1999969482422","2025-07-14 01:56:00.881800"
"move","442","722.1999969482422","2025-07-14 01:56:00.918900"
"move","441","722.1999969482422","2025-07-14 01:56:01.024200"
"move","441","723.1999969482422","2025-07-14 01:56:05.700000"
"move","440","726.1999969482422","2025-07-14 01:56:05.714900"
"move","429","732.1999969482422","2025-07-14 01:56:05.731900"
"move","420","737.1999969482422","2025-07-14 01:56:05.748599"
"move","413","740.1999969482422","2025-07-14 01:56:05.765099"
"move","411","740.1999969482422","2025-07-14 01:56:05.783700"
"move","410","740.1999969482422","2025-07-14 01:56:05.799400"
"move","409","740.1999969482422","2025-07-14 01:56:05.815599"
"scroll","","192.8000030517578","2025-07-14 01:56:06.104300"
"scroll","","200","2025-07-14 01:56:06.116800"
"scroll","","210.39999389648438","2025-07-14 01:56:06.133400"
"scroll","","227.1999969482422","2025-07-14 01:56:06.149500"
"scroll","","256.79998779296875","2025-07-14 01:56:06.199700"
"scroll","","263.20001220703125","2025-07-14 01:56:06.215800"
"scroll","","268.79998779296875","2025-07-14 01:56:06.232000"
"scroll","","272.79998779296875","2025-07-14 01:56:06.249000"
"scroll","","274.3999938964844","2025-07-14 01:56:06.266800"
"scroll","","276","2025-07-14 01:56:06.300900"
"scroll","","276.79998779296875","2025-07-14 01:56:06.315700"
"scroll","","278.3999938964844","2025-07-14 01:56:06.348900"
"scroll","","291.20001220703125","2025-07-14 01:56:06.836599"
"scroll","","314.3999938964844","2025-07-14 01:56:06.850500"
"scroll","","344","2025-07-14 01:56:06.868800"
"scroll","","362.3999938964844","2025-07-14 01:56:06.884200"
"scroll","","392","2025-07-14 01:56:07.153400"
"move","408","943","2025-07-14 01:56:07.430500"
"move","400","935","2025-07-14 01:56:07.448800"
"move","392","921","2025-07-14 01:56:07.465099"
"move","379","899","2025-07-14 01:56:07.482200"
"move","374","889","2025-07-14 01:56:07.499599"
"move","370","879","2025-07-14 01:56:07.515500"
"move","365","871","2025-07-14 01:56:07.532900"
"move","362","868","2025-07-14 01:56:07.549000"
"move","361","867","2025-07-14 01:56:07.566000"
"move","360","866","2025-07-14 01:56:07.632099"
"move","359","865","2025-07-14 01:56:07.648700"
"move","357","864","2025-07-14 01:56:07.664700"
"move","354","863","2025-07-14 01:56:07.681200"
"move","344","859","2025-07-14 01:56:07.697700"
"move","338","856","2025-07-14 01:56:07.715200"
"move","333","853","2025-07-14 01:56:07.731500"
"move","327","851","2025-07-14 01:56:07.748200"
"move","324","851","2025-07-14 01:56:07.763700"
"move","322","851","2025-07-14 01:56:07.780800"
"move","321","851","2025-07-14 01:56:07.798800"
"move","320","851","2025-07-14 01:56:07.816200"
"move","319","851","2025-07-14 01:56:07.864300"
"move","318","851","2025-07-14 01:56:07.885099"
"move","318","852","2025-07-14 01:56:07.932500"
"move","319","854","2025-07-14 01:56:18.517400"
"move","321","855","2025-07-14 01:56:18.532200"
"move","332","861","2025-07-14 01:56:18.556000"
"move","336","863","2025-07-14 01:56:18.571700"
"move","341","865","2025-07-14 01:56:18.588700"
"move","344","867","2025-07-14 01:56:18.605400"
"move","346","868","2025-07-14 01:56:18.621400"
"move","348","869","2025-07-14 01:56:18.638099"
"move","349","870","2025-07-14 01:56:18.655099"
"move","350","871","2025-07-14 01:56:18.672700"
"move","352","874","2025-07-14 01:56:18.688500"
"move","355","876","2025-07-14 01:56:18.705700"
"move","356","878","2025-07-14 01:56:18.722300"
"move","358","880","2025-07-14 01:56:18.740500"
"move","359","882","2025-07-14 01:56:18.757500"
"move","360","883","2025-07-14 01:56:18.772000"
"move","361","883","2025-07-14 01:56:18.821800"
"move","368","881","2025-07-14 01:56:18.839300"
"move","380","875","2025-07-14 01:56:18.855200"
"move","400","865","2025-07-14 01:56:18.871400"
"move","412","862","2025-07-14 01:56:18.888099"
"move","430","856","2025-07-14 01:56:18.905500"
"move","452","850","2025-07-14 01:56:18.923200"
"move","460","847","2025-07-14 01:56:18.939200"
"move","484","843","2025-07-14 01:56:18.988700"
"move","488","843","2025-07-14 01:56:19.005599"
"move","492","843","2025-07-14 01:56:19.022900"
"move","496","843","2025-07-14 01:56:19.038599"
"move","499","843","2025-07-14 01:56:19.055700"
"move","504","844","2025-07-14 01:56:19.072300"
"move","508","847","2025-07-14 01:56:19.088000"
"move","512","848","2025-07-14 01:56:19.106099"
"move","516","850","2025-07-14 01:56:19.121700"
"move","520","851","2025-07-14 01:56:19.138200"
"move","521","852","2025-07-14 01:56:19.154599"
"move","523","852","2025-07-14 01:56:19.171300"
"move","524","853","2025-07-14 01:56:19.187900"
"move","526","853","2025-07-14 01:56:19.708900"
"move","528","853","2025-07-14 01:56:19.721300"
"move","534","851","2025-07-14 01:56:19.737400"
"move","536","851","2025-07-14 01:56:19.754400"
"move","537","851","2025-07-14 01:56:19.770700"
"move","539","851","2025-07-14 01:56:19.787700"
"move","540","851","2025-07-14 01:56:19.806099"
"move","541","851","2025-07-14 01:56:19.820599"
"move","544","851","2025-07-14 01:56:19.837500"
"move","547","850","2025-07-14 01:56:19.855000"
"move","553","850","2025-07-14 01:56:19.870700"
"move","558","850","2025-07-14 01:56:19.888300"
"move","560","850","2025-07-14 01:56:19.905400"
"move","562","850","2025-07-14 01:56:19.922400"
"move","564","850","2025-07-14 01:56:19.940000"
"move","565","850","2025-07-14 01:56:19.954500"
"move","567","850","2025-07-14 01:56:19.970500"
"move","568","850","2025-07-14 01:56:19.987099"
"move","569","850","2025-07-14 01:56:20.005000"
"move","570","850","2025-07-14 01:56:20.029000"
"move","572","850","2025-07-14 01:56:20.038300"
"move","575","850","2025-07-14 01:56:23.544900"
"move","576","850","2025-07-14 01:56:23.555800"
"move","584","851","2025-07-14 01:56:23.567800"
"move","592","851","2025-07-14 01:56:23.584599"
"move","604","854","2025-07-14 01:56:23.602400"
"move","610","855","2025-07-14 01:56:23.618099"
"move","622","855","2025-07-14 01:56:23.634900"
"move","635","855","2025-07-14 01:56:23.651900"
"move","642","855","2025-07-14 01:56:23.667599"
"move","646","855","2025-07-14 01:56:23.685200"
"move","653","855","2025-07-14 01:56:23.701400"
"move","654","855","2025-07-14 01:56:23.718200"
"move","662","855","2025-07-14 01:56:23.939200"
"move","673","853","2025-07-14 01:56:23.951400"
"move","694","851","2025-07-14 01:56:23.967200"
"move","704","849","2025-07-14 01:56:23.984000"
"move","714","845","2025-07-14 01:56:24.000500"
"move","723","844","2025-07-14 01:56:24.017000"
"move","728","843","2025-07-14 01:56:24.033599"
"move","732","843","2025-07-14 01:56:24.050700"
"move","736","842","2025-07-14 01:56:24.067599"
"move","740","841","2025-07-14 01:56:24.084599"
"move","744","839","2025-07-14 01:56:24.100500"
"move","749","837","2025-07-14 01:56:24.117200"
"move","753","836","2025-07-14 01:56:24.134900"
"move","756","835","2025-07-14 01:56:24.151599"
"move","758","835","2025-07-14 01:56:24.167700"
"move","760","835","2025-07-14 01:56:24.184099"
"move","762","835","2025-07-14 01:56:24.204099"
"move","763","835","2025-07-14 01:56:24.217700"
"move","764","834","2025-07-14 01:56:24.234099"
"move","767","831","2025-07-14 01:56:24.250700"
"move","769","831","2025-07-14 01:56:24.268599"
"move","772","829","2025-07-14 01:56:24.285000"
"move","776","828","2025-07-14 01:56:24.301500"
"move","779","827","2025-07-14 01:56:24.317700"
"move","781","827","2025-07-14 01:56:24.335700"
"move","782","827","2025-07-14 01:56:24.362200"
"move","783","827","2025-07-14 01:56:24.400900"
"move","784","827","2025-07-14 01:56:24.421400"
"move","785","827","2025-07-14 01:56:24.510200"
"move","787","827","2025-07-14 01:56:24.577300"
"move","788","827","2025-07-14 01:56:24.628700"
"move","788","826","2025-07-14 01:56:24.683500"
"move","788","825","2025-07-14 01:56:24.733300"
"move","788","824","2025-07-14 01:56:24.757300"
"move","788","823","2025-07-14 01:56:24.800599"
"move","788","822","2025-07-14 01:56:24.916400"
"move","788","822","2025-07-14 01:56:25.271099"
"move","788","822","2025-07-14 01:56:25.285400"
"click","788","822","2025-07-14 01:56:25.396099"
"move","785","823","2025-07-14 01:56:25.881599"
"move","776","831","2025-07-14 01:56:25.900400"
"move","765","836","2025-07-14 01:56:25.916000"
"move","742","850","2025-07-14 01:56:25.932300"
"move","724","855","2025-07-14 01:56:25.949700"
"move","711","860","2025-07-14 01:56:25.967099"
"move","698","863","2025-07-14 01:56:25.983200"
"move","685","864","2025-07-14 01:56:25.999900"
"move","672","867","2025-07-14 01:56:26.016800"
"move","666","867","2025-07-14 01:56:26.032800"
"move","660","868","2025-07-14 01:56:26.049700"
"move","656","868","2025-07-14 01:56:26.066099"
"move","652","868","2025-07-14 01:56:26.082500"
"move","645","867","2025-07-14 01:56:26.098800"
"move","636","865","2025-07-14 01:56:26.116300"
"move","628","863","2025-07-14 01:56:26.132700"
"move","624","862","2025-07-14 01:56:26.149300"
"move","617","859","2025-07-14 01:56:26.165599"
"move","614","859","2025-07-14 01:56:26.182599"
"move","611","859","2025-07-14 01:56:26.198800"
"move","609","859","2025-07-14 01:56:26.215300"
"move","608","859","2025-07-14 01:56:26.232099"
"move","603","861","2025-07-14 01:56:26.248800"
"move","597","863","2025-07-14 01:56:26.265400"
"move","593","866","2025-07-14 01:56:26.283700"
"move","588","869","2025-07-14 01:56:26.299000"
"move","582","871","2025-07-14 01:56:26.315900"
"move","580","871","2025-07-14 01:56:26.332500"
"move","580","872","2025-07-14 01:56:26.350200"
"move","578","873","2025-07-14 01:56:26.366500"
"move","577","875","2025-07-14 01:56:26.820500"
"move","576","880","2025-07-14 01:56:26.832700"
"move","572","884","2025-07-14 01:56:26.849099"
"move","570","889","2025-07-14 01:56:26.865700"
"move","568","893","2025-07-14 01:56:26.881599"
"move","565","897","2025-07-14 01:56:26.898700"
"move","563","899","2025-07-14 01:56:26.916099"
"move","560","903","2025-07-14 01:56:26.932700"
"move","559","906","2025-07-14 01:56:26.949099"
"move","557","907","2025-07-14 01:56:26.965900"
"move","556","908","2025-07-14 01:56:26.981700"
"move","555","909","2025-07-14 01:56:26.998599"
"move","555","910","2025-07-14 01:56:27.023000"
"move","555","911","2025-07-14 01:56:27.065800"
"move","555","908","2025-07-14 01:56:27.892000"
"move","557","901","2025-07-14 01:56:27.900200"
"move","560","894","2025-07-14 01:56:27.915800"
"move","562","883","2025-07-14 01:56:27.933099"
"move","563","881","2025-07-14 01:56:27.950500"
"move","563","879","2025-07-14 01:56:27.967500"
"move","563","876","2025-07-14 01:56:27.982400"
"move","563","875","2025-07-14 01:56:27.998200"
"move","563","874","2025-07-14 01:56:28.057599"
"move","563","873","2025-07-14 01:56:28.098700"
"move","562","873","2025-07-14 01:56:28.214000"
"move","555","874","2025-07-14 01:56:28.231200"
"move","546","875","2025-07-14 01:56:28.248099"
"move","533","876","2025-07-14 01:56:28.265400"
"move","521","876","2025-07-14 01:56:28.281700"
"move","512","876","2025-07-14 01:56:28.298800"
"move","504","876","2025-07-14 01:56:28.315400"
"move","502","876","2025-07-14 01:56:28.332800"
"move","500","876","2025-07-14 01:56:28.348400"
"move","499","876","2025-07-14 01:56:28.371000"
"move","497","876","2025-07-14 01:56:31.611800"
"move","495","876","2025-07-14 01:56:31.629700"
"move","492","876","2025-07-14 01:56:31.646099"
"move","489","876","2025-07-14 01:56:31.663599"
"move","488","876","2025-07-14 01:56:31.679300"
"move","487","876","2025-07-14 01:56:31.696800"
"move","484","876","2025-07-14 01:56:31.713500"
"move","483","876","2025-07-14 01:56:31.735200"
"move","482","876","2025-07-14 01:56:31.746599"
"move","480","876","2025-07-14 01:56:31.762599"
"move","479","876","2025-07-14 01:56:31.779200"
"move","477","876","2025-07-14 01:56:31.795800"
"move","476","876","2025-07-14 01:56:31.816400"
"move","474","876","2025-07-14 01:56:31.916200"
"move","473","876","2025-07-14 01:56:31.962099"
"move","472","876","2025-07-14 01:56:32.015500"
"move","471","876","2025-07-14 01:56:32.069300"
"move","470","877","2025-07-14 01:56:32.084800"
"move","469","877","2025-07-14 01:56:32.107300"
"move","468","878","2025-07-14 01:56:32.125599"
"move","467","879","2025-07-14 01:56:32.161900"
"move","466","879","2025-07-14 01:56:32.179400"
"move","465","879","2025-07-14 01:56:32.196000"
"move","464","880","2025-07-14 01:56:32.211900"
"move","461","882","2025-07-14 01:56:32.228599"
"move","460","882","2025-07-14 01:56:32.245099"
"move","460","883","2025-07-14 01:56:32.262000"
"move","459","883","2025-07-14 01:56:32.311700"
"move","458","883","2025-07-14 01:56:32.340200"
"move","457","883","2025-07-14 01:56:32.356300"
"move","456","883","2025-07-14 01:56:32.375400"
"move","454","883","2025-07-14 01:56:32.411000"
"move","453","883","2025-07-14 01:56:32.432400"
"move","452","883","2025-07-14 01:56:32.445099"
"move","452","882","2025-07-14 01:56:32.495700"
"move","450","881","2025-07-14 01:56:32.511800"
"move","450","880","2025-07-14 01:56:32.528400"
"move","450","879","2025-07-14 01:56:32.544900"
"move","449","879","2025-07-14 01:56:32.565000"
"move","448","879","2025-07-14 01:56:32.610599"
"move","448","878","2025-07-14 01:56:32.642400"
"move","448","877","2025-07-14 01:56:32.707900"
"move","448","876","2025-07-14 01:56:32.744700"
"move","448","875","2025-07-14 01:56:32.794300"
"move","450","875","2025-07-14 01:56:33.516300"
"move","451","875","2025-07-14 01:56:33.528500"
"move","455","875","2025-07-14 01:56:33.544300"
"move","460","876","2025-07-14 01:56:33.560599"
"move","463","876","2025-07-14 01:56:33.577200"
"move","466","876","2025-07-14 01:56:33.593200"
"move","469","877","2025-07-14 01:56:33.609700"
"move","472","878","2025-07-14 01:56:33.628200"
"move","475","878","2025-07-14 01:56:33.644599"
"move","476","879","2025-07-14 01:56:33.660599"
"move","477","879","2025-07-14 01:56:33.677500"
"move","480","879","2025-07-14 01:56:33.693700"
"move","481","879","2025-07-14 01:56:33.721300"
"move","482","879","2025-07-14 01:56:33.735400"
"move","483","879","2025-07-14 01:56:33.746800"
"move","484","879","2025-07-14 01:56:33.763700"
"move","485","879","2025-07-14 01:56:33.785099"
"move","486","879","2025-07-14 01:56:33.794800"
"move","487","879","2025-07-14 01:56:33.811200"
"move","488","879","2025-07-14 01:56:33.827099"
"move","489","879","2025-07-14 01:56:33.847700"
"move","490","879","2025-07-14 01:56:33.862599"
"move","491","879","2025-07-14 01:56:33.877099"
"move","492","879","2025-07-14 01:56:33.894000"
"move","493","879","2025-07-14 01:56:33.947500"
"move","494","879","2025-07-14 01:56:33.993000"
"move","495","879","2025-07-14 01:56:36.885500"
"move","496","879","2025-07-14 01:56:36.895599"
"move","498","879","2025-07-14 01:56:36.908200"
"move","501","878","2025-07-14 01:56:36.924800"
"move","504","877","2025-07-14 01:56:36.941099"
"move","505","876","2025-07-14 01:56:36.961800"
"move","508","875","2025-07-14 01:56:36.975200"
"move","509","875","2025-07-14 01:56:36.996900"
"move","510","875","2025-07-14 01:56:37.009000"
"move","511","875","2025-07-14 01:56:37.024700"
"move","512","875","2025-07-14 01:56:37.041300"
"move","513","875","2025-07-14 01:56:37.057800"
"move","514","875","2025-07-14 01:56:37.080700"
"move","515","875","2025-07-14 01:56:37.124500"
"move","516","875","2025-07-14 01:56:37.197900"
"move","516","874","2025-07-14 01:56:38.182599"
"move","516","873","2025-07-14 01:56:38.714900"
"move","516","872","2025-07-14 01:56:38.944500"
"move","516","871","2025-07-14 01:56:40.720200"
"move","517","871","2025-07-14 01:56:40.797599"
"move","518","871","2025-07-14 01:56:40.812800"
"move","519","871","2025-07-14 01:56:40.822700"
"move","520","868","2025-07-14 01:56:40.838000"
"move","525","866","2025-07-14 01:56:40.856400"
"move","527","866","2025-07-14 01:56:40.872400"
"move","528","866","2025-07-14 01:56:40.889099"
"move","529","865","2025-07-14 01:56:40.905300"
"move","532","865","2025-07-14 01:56:40.920800"
"move","532","864","2025-07-14 01:56:40.938800"
"move","534","863","2025-07-14 01:56:40.955200"
"move","537","861","2025-07-14 01:56:40.971700"
"move","540","860","2025-07-14 01:56:40.987400"
"move","542","860","2025-07-14 01:56:41.005599"
"move","544","859","2025-07-14 01:56:41.022000"
"move","546","858","2025-07-14 01:56:41.037900"
"move","548","858","2025-07-14 01:56:41.054400"
"move","551","857","2025-07-14 01:56:41.073500"
"move","552","856","2025-07-14 01:56:41.089900"
"move","554","856","2025-07-14 01:56:41.106099"
"move","570","851","2025-07-14 01:56:41.173200"
"move","571","851","2025-07-14 01:56:41.188300"
"move","572","851","2025-07-14 01:56:41.204500"
"move","575","851","2025-07-14 01:56:41.221500"
"move","576","851","2025-07-14 01:56:41.238099"
"move","577","850","2025-07-14 01:56:41.254500"
"move","579","850","2025-07-14 01:56:41.271300"
"move","581","850","2025-07-14 01:56:41.288099"
"move","583","850","2025-07-14 01:56:41.305000"
"move","585","850","2025-07-14 01:56:41.321599"
"move","590","850","2025-07-14 01:56:41.338599"
"move","592","850","2025-07-14 01:56:41.355200"
"move","596","850","2025-07-14 01:56:41.372000"
"move","599","851","2025-07-14 01:56:41.388599"
"move","601","851","2025-07-14 01:56:41.405500"
"move","603","851","2025-07-14 01:56:41.420700"
"move","605","851","2025-07-14 01:56:41.438099"
"move","608","851","2025-07-14 01:56:41.454599"
"move","609","851","2025-07-14 01:56:41.471200"
"move","610","851","2025-07-14 01:56:41.488800"
"move","611","851","2025-07-14 01:56:41.504500"
"move","612","851","2025-07-14 01:56:41.521599"
"scroll","","396","2025-07-14 01:56:42.860200"
"scroll","","408","2025-07-14 01:56:42.871900"
"scroll","","424","2025-07-14 01:56:42.888099"
"scroll","","448","2025-07-14 01:56:42.904500"
"scroll","","458.3999938964844","2025-07-14 01:56:42.921700"
"scroll","","471.20001220703125","2025-07-14 01:56:42.937900"
"scroll","","476.79998779296875","2025-07-14 01:56:42.954400"
"scroll","","480","2025-07-14 01:56:42.973500"
"scroll","","483.20001220703125","2025-07-14 01:56:43.005900"
"scroll","","486.3999938964844","2025-07-14 01:56:43.022300"
"scroll","","487.20001220703125","2025-07-14 01:56:43.039500"
"scroll","","488","2025-07-14 01:56:43.056200"
"scroll","","488.79998779296875","2025-07-14 01:56:43.092599"
"scroll","","498.3999938964844","2025-07-14 01:56:43.491300"
"scroll","","548.7999877929688","2025-07-14 01:56:43.505800"
"scroll","","575.2000122070312","2025-07-14 01:56:43.522599"
"scroll","","603.2000122070312","2025-07-14 01:56:43.538300"
"scroll","","631.2000122070312","2025-07-14 01:56:43.553300"
"scroll","","632","2025-07-14 01:56:43.569700"
"scroll","","648","2025-07-14 01:56:43.602599"
"scroll","","660","2025-07-14 01:56:43.620800"
"scroll","","668","2025-07-14 01:56:43.636000"
"scroll","","676","2025-07-14 01:56:43.653000"
"scroll","","682.4000244140625","2025-07-14 01:56:43.671900"
"scroll","","687.2000122070312","2025-07-14 01:56:43.688599"
"scroll","","691.2000122070312","2025-07-14 01:56:43.705700"
"scroll","","695.2000122070312","2025-07-14 01:56:43.719900"
"scroll","","698.4000244140625","2025-07-14 01:56:43.736599"
"scroll","","700.7999877929688","2025-07-14 01:56:43.752500"
"scroll","","704","2025-07-14 01:56:43.769200"
"scroll","","706.4000244140625","2025-07-14 01:56:43.786900"
"scroll","","708","2025-07-14 01:56:43.804099"
"scroll","","710.4000244140625","2025-07-14 01:56:43.819500"
"scroll","","712","2025-07-14 01:56:43.836700"
"scroll","","712.7999877929688","2025-07-14 01:56:43.852700"
"scroll","","715.2000122070312","2025-07-14 01:56:43.869599"
"scroll","","716","2025-07-14 01:56:43.885700"
"scroll","","716.7999877929688","2025-07-14 01:56:43.903099"
"scroll","","718.4000244140625","2025-07-14 01:56:43.920900"
"scroll","","719.2000122070312","2025-07-14 01:56:43.936700"
"scroll","","730.4000244140625","2025-07-14 01:56:44.068900"
"scroll","","735.2000122070312","2025-07-14 01:56:44.085800"
"scroll","","736","2025-07-14 01:56:44.102400"
"scroll","","736.7999877929688","2025-07-14 01:56:44.119300"
"move","612","1196.7999877929688","2025-07-14 01:56:44.554200"
"move","612","1198.7999877929688","2025-07-14 01:56:44.570000"
"move","610","1203.7999877929688","2025-07-14 01:56:44.586300"
"move","606","1207.7999877929688","2025-07-14 01:56:44.603000"
"move","604","1215.7999877929688","2025-07-14 01:56:44.618300"
"move","602","1219.7999877929688","2025-07-14 01:56:44.635300"
"move","600","1220.7999877929688","2025-07-14 01:56:44.652900"
"move","599","1221.7999877929688","2025-07-14 01:56:44.669599"
"move","598","1223.7999877929688","2025-07-14 01:56:44.686000"
"move","598","1225.7999877929688","2025-07-14 01:56:44.702400"
"move","597","1226.7999877929688","2025-07-14 01:56:44.719700"
"move","597","1227.7999877929688","2025-07-14 01:56:44.735700"
"move","596","1227.7999877929688","2025-07-14 01:56:44.752200"
"move","596","1228.7999877929688","2025-07-14 01:56:44.771900"
"move","596","1229.7999877929688","2025-07-14 01:56:44.785200"
"move","592","1233.7999877929688","2025-07-14 01:56:44.802599"
"move","592","1235.7999877929688","2025-07-14 01:56:44.818800"
"move","596","1235.7999877929688","2025-07-14 01:56:47.841800"
"move","599","1235.7999877929688","2025-07-14 01:56:47.851800"
"move","607","1235.7999877929688","2025-07-14 01:56:47.865599"
"move","616","1235.7999877929688","2025-07-14 01:56:47.882400"
"move","628","1235.7999877929688","2025-07-14 01:56:47.900000"
"move","637","1235.7999877929688","2025-07-14 01:56:47.916599"
"move","650","1235.7999877929688","2025-07-14 01:56:47.932500"
"move","660","1237.7999877929688","2025-07-14 01:56:47.949099"
"move","668","1238.7999877929688","2025-07-14 01:56:47.966200"
"move","674","1239.7999877929688","2025-07-14 01:56:47.982400"
"move","676","1239.7999877929688","2025-07-14 01:56:47.998300"
"move","677","1239.7999877929688","2025-07-14 01:56:48.015099"
"move","678","1239.7999877929688","2025-07-14 01:56:48.031700"
"move","679","1239.7999877929688","2025-07-14 01:56:48.049900"
"move","680","1239.7999877929688","2025-07-14 01:56:51.092000"
"move","681","1239.7999877929688","2025-07-14 01:56:51.100400"
"move","684","1237.7999877929688","2025-07-14 01:56:51.114500"
"move","688","1235.7999877929688","2025-07-14 01:56:51.131099"
"move","691","1231.7999877929688","2025-07-14 01:56:51.146800"
"move","693","1230.7999877929688","2025-07-14 01:56:51.163900"
"move","696","1228.7999877929688","2025-07-14 01:56:51.179700"
"move","700","1225.7999877929688","2025-07-14 01:56:51.196900"
"move","703","1223.7999877929688","2025-07-14 01:56:51.214300"
"move","707","1222.7999877929688","2025-07-14 01:56:51.230700"
"move","711","1219.7999877929688","2025-07-14 01:56:51.246800"
"move","713","1219.7999877929688","2025-07-14 01:56:51.264800"
"move","715","1219.7999877929688","2025-07-14 01:56:51.279800"
"move","717","1219.7999877929688","2025-07-14 01:56:51.296700"
"move","718","1219.7999877929688","2025-07-14 01:56:51.313900"
"move","720","1219.7999877929688","2025-07-14 01:56:51.329700"
"move","722","1219.7999877929688","2025-07-14 01:56:51.346500"
"move","726","1220.7999877929688","2025-07-14 01:56:51.364000"
"move","730","1222.7999877929688","2025-07-14 01:56:51.379800"
"move","733","1224.7999877929688","2025-07-14 01:56:51.397300"
"move","738","1227.7999877929688","2025-07-14 01:56:51.413300"
"move","748","1232.7999877929688","2025-07-14 01:56:51.430099"
"move","755","1238.7999877929688","2025-07-14 01:56:51.447300"
"move","764","1243.7999877929688","2025-07-14 01:56:51.463400"
"move","781","1255.7999877929688","2025-07-14 01:56:51.481000"
"move","792","1263.7999877929688","2025-07-14 01:56:51.497500"
"move","800","1269.7999877929688","2025-07-14 01:56:51.512500"
"move","803","1272.7999877929688","2025-07-14 01:56:51.529800"
"move","804","1272.7999877929688","2025-07-14 01:56:51.546500"
"move","812","1271.7999877929688","2025-07-14 01:56:51.888500"
"move","819","1268.7999877929688","2025-07-14 01:56:51.897599"
"move","839","1262.7999877929688","2025-07-14 01:56:51.913500"
"move","853","1259.7999877929688","2025-07-14 01:56:51.930099"
"move","871","1255.7999877929688","2025-07-14 01:56:51.946500"
"move","890","1251.7999877929688","2025-07-14 01:56:51.963300"
"move","901","1250.7999877929688","2025-07-14 01:56:51.979599"
"move","903","1250.7999877929688","2025-07-14 01:56:51.996000"
"move","904","1250.7999877929688","2025-07-14 01:56:52.462599"
"move","912","1252.7999877929688","2025-07-14 01:56:52.480099"
"move","916","1253.7999877929688","2025-07-14 01:56:52.496400"
"move","920","1254.7999877929688","2025-07-14 01:56:52.513099"
"move","923","1255.7999877929688","2025-07-14 01:56:52.529200"
"move","924","1256.7999877929688","2025-07-14 01:56:52.546800"
"move","925","1256.7999877929688","2025-07-14 01:56:57.995099"
"move","928","1256.7999877929688","2025-07-14 01:56:58.008900"
"move","931","1256.7999877929688","2025-07-14 01:56:58.025700"
"move","933","1256.7999877929688","2025-07-14 01:56:58.042200"
"move","935","1256.7999877929688","2025-07-14 01:56:58.059400"
"move","940","1256.7999877929688","2025-07-14 01:56:58.075500"
"move","942","1255.7999877929688","2025-07-14 01:56:58.092000"
"move","944","1255.7999877929688","2025-07-14 01:56:58.108500"
"move","946","1255.7999877929688","2025-07-14 01:56:58.126000"
"move","947","1255.7999877929688","2025-07-14 01:56:58.142099"
"move","949","1255.7999877929688","2025-07-14 01:56:58.158000"
"move","951","1255.7999877929688","2025-07-14 01:56:58.175400"
"move","952","1255.7999877929688","2025-07-14 01:56:58.191700"
"move","953","1255.7999877929688","2025-07-14 01:56:58.218400"
"move","954","1255.7999877929688","2025-07-14 01:56:58.234900"
"move","955","1255.7999877929688","2025-07-14 01:56:58.249800"
"move","956","1255.7999877929688","2025-07-14 01:56:58.259900"
"move","957","1255.7999877929688","2025-07-14 01:56:58.308599"
"move","958","1255.7999877929688","2025-07-14 01:56:58.361400"
"move","959","1255.7999877929688","2025-07-14 01:56:58.384500"
"move","962","1255.7999877929688","2025-07-14 01:56:58.424099"
"move","964","1254.7999877929688","2025-07-14 01:56:58.441099"
"move","965","1254.7999877929688","2025-07-14 01:56:58.460500"
"move","968","1254.7999877929688","2025-07-14 01:56:58.476000"
"move","969","1253.7999877929688","2025-07-14 01:56:58.491200"
"move","971","1253.7999877929688","2025-07-14 01:56:58.508599"
"move","973","1252.7999877929688","2025-07-14 01:56:58.524500"
"move","975","1252.7999877929688","2025-07-14 01:56:58.541300"
"move","976","1252.7999877929688","2025-07-14 01:56:58.558099"
"move","977","1252.7999877929688","2025-07-14 01:56:58.576099"
"move","979","1252.7999877929688","2025-07-14 01:56:58.594800"
"move","980","1252.7999877929688","2025-07-14 01:56:58.608300"
"move","981","1252.7999877929688","2025-07-14 01:56:58.638400"
"move","982","1252.7999877929688","2025-07-14 01:56:58.675099"
"move","983","1252.7999877929688","2025-07-14 01:56:58.692800"
"move","984","1252.7999877929688","2025-07-14 01:56:58.709099"
"move","985","1252.7999877929688","2025-07-14 01:56:58.740800"
"move","986","1252.7999877929688","2025-07-14 01:56:58.759500"
"move","987","1252.7999877929688","2025-07-14 01:56:58.821700"
"move","988","1252.7999877929688","2025-07-14 01:56:58.869800"
"move","991","1252.7999877929688","2025-07-14 01:57:13.071700"
"move","996","1252.7999877929688","2025-07-14 01:57:13.080800"
"move","1006","1253.7999877929688","2025-07-14 01:57:13.097400"
"move","1017","1254.7999877929688","2025-07-14 01:57:13.113099"
"move","1026","1255.7999877929688","2025-07-14 01:57:13.129400"
"move","1035","1255.7999877929688","2025-07-14 01:57:13.146300"
"move","1047","1256.7999877929688","2025-07-14 01:57:13.162400"
"move","1060","1256.7999877929688","2025-07-14 01:57:13.179500"
"move","1066","1256.7999877929688","2025-07-14 01:57:13.196200"
"move","1068","1256.7999877929688","2025-07-14 01:57:13.212900"
"move","1078","1256.7999877929688","2025-07-14 01:57:13.230200"
"move","1086","1255.7999877929688","2025-07-14 01:57:13.247500"
"move","1103","1254.7999877929688","2025-07-14 01:57:13.263500"
"move","1108","1254.7999877929688","2025-07-14 01:57:13.279800"
"move","1115","1253.7999877929688","2025-07-14 01:57:13.296400"
"move","1122","1253.7999877929688","2025-07-14 01:57:13.313300"
"move","1124","1252.7999877929688","2025-07-14 01:57:13.330099"
"move","1127","1252.7999877929688","2025-07-14 01:57:13.346300"
"move","1128","1252.7999877929688","2025-07-14 01:57:13.363300"
"move","1129","1252.7999877929688","2025-07-14 01:57:13.379900"
"move","1120","1246.7999877929688","2025-07-14 01:57:13.430400"
"move","1076","1242.7999877929688","2025-07-14 01:57:13.447300"
"move","1034","1242.7999877929688","2025-07-14 01:57:13.462900"
"move","1000","1243.7999877929688","2025-07-14 01:57:13.479599"
"move","963","1246.7999877929688","2025-07-14 01:57:13.495300"
"move","943","1246.7999877929688","2025-07-14 01:57:13.512300"
"move","936","1246.7999877929688","2025-07-14 01:57:13.529400"
"move","925","1244.7999877929688","2025-07-14 01:57:13.546200"
"move","916","1242.7999877929688","2025-07-14 01:57:13.563099"
"move","910","1240.7999877929688","2025-07-14 01:57:13.579599"
"move","900","1238.7999877929688","2025-07-14 01:57:13.595500"
"move","893","1237.7999877929688","2025-07-14 01:57:13.612700"
"move","888","1235.7999877929688","2025-07-14 01:57:13.629900"
"move","879","1233.7999877929688","2025-07-14 01:57:13.645599"
"move","873","1231.7999877929688","2025-07-14 01:57:13.662700"
"move","867","1227.7999877929688","2025-07-14 01:57:13.681099"
"move","857","1224.7999877929688","2025-07-14 01:57:13.697300"
"move","854","1223.7999877929688","2025-07-14 01:57:13.713700"
"move","849","1219.7999877929688","2025-07-14 01:57:13.729300"
"move","848","1219.7999877929688","2025-07-14 01:57:13.746800"
"move","843","1217.7999877929688","2025-07-14 01:57:13.763200"
"move","836","1215.7999877929688","2025-07-14 01:57:13.780000"
"move","824","1211.7999877929688","2025-07-14 01:57:13.797300"
"move","819","1211.7999877929688","2025-07-14 01:57:13.813300"
"move","814","1211.7999877929688","2025-07-14 01:57:13.830099"
"move","812","1211.7999877929688","2025-07-14 01:57:13.846599"
"move","810","1211.7999877929688","2025-07-14 01:57:13.865300"
"move","808","1211.7999877929688","2025-07-14 01:57:13.881400"
"move","806","1211.7999877929688","2025-07-14 01:57:13.896500"
"move","805","1211.7999877929688","2025-07-14 01:57:13.913300"
"move","803","1211.7999877929688","2025-07-14 01:57:13.929700"
"move","802","1211.7999877929688","2025-07-14 01:57:13.946200"
"move","800","1211.7999877929688","2025-07-14 01:57:13.962500"
"move","799","1211.7999877929688","2025-07-14 01:57:13.979599"
"move","798","1211.7999877929688","2025-07-14 01:57:13.997900"
"move","796","1210.7999877929688","2025-07-14 01:57:14.012200"
"move","792","1209.7999877929688","2025-07-14 01:57:14.030099"
"move","791","1209.7999877929688","2025-07-14 01:57:14.048700"
"move","788","1209.7999877929688","2025-07-14 01:57:14.065300"
"move","784","1208.7999877929688","2025-07-14 01:57:14.079200"
"move","778","1207.7999877929688","2025-07-14 01:57:14.095599"
"move","776","1207.7999877929688","2025-07-14 01:57:14.111800"
"move","774","1207.7999877929688","2025-07-14 01:57:14.128200"
"move","772","1206.7999877929688","2025-07-14 01:57:14.146200"
"move","771","1206.7999877929688","2025-07-14 01:57:14.174900"
"move","771","1205.7999877929688","2025-07-14 01:57:14.220900"
"move","770","1205.7999877929688","2025-07-14 01:57:14.262099"
"move","770","1204.7999877929688","2025-07-14 01:57:14.311599"
"move","770","1203.7999877929688","2025-07-14 01:57:14.361700"
"move","768","1203.7999877929688","2025-07-14 01:57:14.448800"
"move","768","1203.7999877929688","2025-07-14 01:57:14.630500"
"move","768","1203.7999877929688","2025-07-14 01:57:14.697000"
"move","768","1203.7999877929688","2025-07-14 01:57:14.713900"
"click","768","1203.7999877929688","2025-07-14 01:57:14.839000"
"move","768","1207.7999877929688","2025-07-14 01:57:15.215500"
"move","767","1213.7999877929688","2025-07-14 01:57:15.229900"
"move","764","1235.7999877929688","2025-07-14 01:57:15.247900"
"move","764","1240.7999877929688","2025-07-14 01:57:15.263300"
"move","761","1249.7999877929688","2025-07-14 01:57:15.278700"
"move","760","1251.7999877929688","2025-07-14 01:57:15.295099"
"move","760","1252.7999877929688","2025-07-14 01:57:15.311700"
"move","760","1254.7999877929688","2025-07-14 01:57:15.328500"
"scroll","","754.4000244140625","2025-07-14 01:57:15.582500"
"scroll","","808.7999877929688","2025-07-14 01:57:15.596400"
"scroll","","854.4000244140625","2025-07-14 01:57:15.612800"
"scroll","","887.2000122070312","2025-07-14 01:57:15.629200"
"scroll","","924.7999877929688","2025-07-14 01:57:15.645400"
"scroll","","952.7999877929688","2025-07-14 01:57:15.694800"
"scroll","","955.2000122070312","2025-07-14 01:57:15.709800"
"scroll","","962.4000244140625","2025-07-14 01:57:15.729099"
"scroll","","966.4000244140625","2025-07-14 01:57:15.746200"
"scroll","","968.7999877929688","2025-07-14 01:57:15.761200"
"scroll","","972","2025-07-14 01:57:15.779300"
"scroll","","974.4000244140625","2025-07-14 01:57:15.796900"
"scroll","","975.2000122070312","2025-07-14 01:57:15.813200"
"scroll","","976","2025-07-14 01:57:15.830500"
"scroll","","976.7999877929688","2025-07-14 01:57:15.846900"
"scroll","","978.4000244140625","2025-07-14 01:57:15.863000"
"scroll","","979.2000122070312","2025-07-14 01:57:15.912300"
"move","753","1499.2000122070312","2025-07-14 01:57:16.294800"
"move","740","1502.2000122070312","2025-07-14 01:57:16.309700"
"move","708","1506.2000122070312","2025-07-14 01:57:16.326300"
"move","686","1506.2000122070312","2025-07-14 01:57:16.344500"
"move","643","1504.2000122070312","2025-07-14 01:57:16.360200"
"move","629","1502.2000122070312","2025-07-14 01:57:16.377400"
"move","622","1502.2000122070312","2025-07-14 01:57:16.394099"
"move","615","1500.2000122070312","2025-07-14 01:57:16.410500"
"move","608","1499.2000122070312","2025-07-14 01:57:16.427000"
"move","601","1498.2000122070312","2025-07-14 01:57:16.443000"
"move","596","1497.2000122070312","2025-07-14 01:57:16.460000"
"move","592","1496.2000122070312","2025-07-14 01:57:16.477000"
"move","588","1495.2000122070312","2025-07-14 01:57:16.493200"
"move","585","1494.2000122070312","2025-07-14 01:57:16.511400"
"move","583","1494.2000122070312","2025-07-14 01:57:16.527800"
"move","579","1493.2000122070312","2025-07-14 01:57:16.543599"
"move","575","1493.2000122070312","2025-07-14 01:57:16.562200"
"move","572","1493.2000122070312","2025-07-14 01:57:16.577900"
"move","571","1493.2000122070312","2025-07-14 01:57:16.594400"
"move","569","1493.2000122070312","2025-07-14 01:57:16.609900"
"move","568","1493.2000122070312","2025-07-14 01:57:16.628000"
"move","567","1493.2000122070312","2025-07-14 01:57:16.643400"
"move","566","1493.2000122070312","2025-07-14 01:57:16.670099"
"move","568","1492.2000122070312","2025-07-14 01:57:40.862900"
"move","577","1488.2000122070312","2025-07-14 01:57:40.878099"
"move","586","1483.2000122070312","2025-07-14 01:57:40.892000"
"move","594","1482.2000122070312","2025-07-14 01:57:40.908700"
"move","603","1480.2000122070312","2025-07-14 01:57:40.924200"
"move","608","1478.2000122070312","2025-07-14 01:57:40.942800"
"move","612","1477.2000122070312","2025-07-14 01:57:40.958800"
"move","615","1476.2000122070312","2025-07-14 01:57:40.976300"
"move","620","1474.2000122070312","2025-07-14 01:57:40.992400"
"move","626","1473.2000122070312","2025-07-14 01:57:41.009300"
"move","632","1471.2000122070312","2025-07-14 01:57:41.025900"
"move","641","1467.2000122070312","2025-07-14 01:57:41.041599"
"move","649","1466.2000122070312","2025-07-14 01:57:41.058200"
"move","658","1462.2000122070312","2025-07-14 01:57:41.074500"
"move","664","1458.2000122070312","2025-07-14 01:57:41.091800"
"move","673","1455.2000122070312","2025-07-14 01:57:41.108300"
"move","686","1447.2000122070312","2025-07-14 01:57:41.125300"
"move","694","1444.2000122070312","2025-07-14 01:57:41.142000"
"move","703","1440.2000122070312","2025-07-14 01:57:41.157500"
"move","709","1438.2000122070312","2025-07-14 01:57:41.175599"
"move","716","1435.2000122070312","2025-07-14 01:57:41.191700"
"move","723","1432.2000122070312","2025-07-14 01:57:41.208000"
"move","734","1427.2000122070312","2025-07-14 01:57:41.225400"
"move","740","1424.2000122070312","2025-07-14 01:57:41.244700"
"move","744","1423.2000122070312","2025-07-14 01:57:41.258500"
"move","747","1422.2000122070312","2025-07-14 01:57:41.275300"
"move","753","1417.2000122070312","2025-07-14 01:57:41.327599"
"move","755","1416.2000122070312","2025-07-14 01:57:41.341599"
"move","760","1412.2000122070312","2025-07-14 01:57:41.357900"
"move","763","1409.2000122070312","2025-07-14 01:57:41.374200"
"move","765","1408.2000122070312","2025-07-14 01:57:41.391300"
"move","768","1406.2000122070312","2025-07-14 01:57:41.408700"
"move","769","1406.2000122070312","2025-07-14 01:57:41.458500"
"move","769","1407.2000122070312","2025-07-14 01:57:41.540200"
"move","769","1408.2000122070312","2025-07-14 01:57:41.558400"
"move","768","1409.2000122070312","2025-07-14 01:57:41.575800"
"move","765","1412.2000122070312","2025-07-14 01:57:41.590500"
"move","764","1413.2000122070312","2025-07-14 01:57:41.607700"
"move","762","1415.2000122070312","2025-07-14 01:57:41.624599"
"move","758","1419.2000122070312","2025-07-14 01:57:41.640599"
"move","757","1420.2000122070312","2025-07-14 01:57:41.657700"
"move","756","1422.2000122070312","2025-07-14 01:57:41.674200"
"move","755","1422.2000122070312","2025-07-14 01:57:41.690900"
"move","753","1423.2000122070312","2025-07-14 01:57:41.707000"
"move","753","1424.2000122070312","2025-07-14 01:57:41.725599"
"move","752","1424.2000122070312","2025-07-14 01:57:41.742099"
"move","752","1425.2000122070312","2025-07-14 01:57:41.757599"
"move","751","1426.2000122070312","2025-07-14 01:57:41.774099"
"move","750","1426.2000122070312","2025-07-14 01:57:41.811200"
"move","749","1426.2000122070312","2025-07-14 01:57:41.839700"
"move","749","1426.2000122070312","2025-07-14 01:57:42.111000"
"move","749","1426.2000122070312","2025-07-14 01:57:42.126300"
"move","749","1426.2000122070312","2025-07-14 01:57:42.310099"
"click","749","1426.2000122070312","2025-07-14 01:57:42.330300"
"move","745","1430.2000122070312","2025-07-14 01:57:42.683599"
"move","730","1441.2000122070312","2025-07-14 01:57:42.706300"
"move","716","1454.2000122070312","2025-07-14 01:57:42.723700"
"move","696","1471.2000122070312","2025-07-14 01:57:42.740200"
"move","688","1478.2000122070312","2025-07-14 01:57:42.756599"
"move","684","1482.2000122070312","2025-07-14 01:57:42.773200"
"move","680","1485.2000122070312","2025-07-14 01:57:42.790500"
"move","679","1486.2000122070312","2025-07-14 01:57:42.807400"
"move","677","1486.2000122070312","2025-07-14 01:57:42.823099"
"move","675","1487.2000122070312","2025-07-14 01:57:42.841200"
"move","674","1487.2000122070312","2025-07-14 01:57:42.857300"
"move","673","1487.2000122070312","2025-07-14 01:57:42.873599"
"move","672","1489.2000122070312","2025-07-14 01:57:42.890300"
"move","671","1490.2000122070312","2025-07-14 01:57:42.907599"
"move","668","1491.2000122070312","2025-07-14 01:57:42.923599"
"move","667","1492.2000122070312","2025-07-14 01:57:42.943099"
"move","666","1492.2000122070312","2025-07-14 01:57:42.956099"
"move","664","1494.2000122070312","2025-07-14 01:57:42.972400"
"move","663","1496.2000122070312","2025-07-14 01:57:42.989000"
"move","662","1496.2000122070312","2025-07-14 01:57:43.005800"
"scroll","","980","2025-07-14 01:57:46.115900"
"scroll","","991.2000122070312","2025-07-14 01:57:46.123900"
"scroll","","1018.4000244140625","2025-07-14 01:57:46.137800"
"scroll","","1079.199951171875","2025-07-14 01:57:46.155400"
"scroll","","1122.4000244140625","2025-07-14 01:57:46.173200"
"scroll","","1164.800048828125","2025-07-14 01:57:46.189200"
"scroll","","1236","2025-07-14 01:57:46.203700"
"scroll","","1262.4000244140625","2025-07-14 01:57:46.222400"
"scroll","","1278.4000244140625","2025-07-14 01:57:46.239099"
"scroll","","1279.199951171875","2025-07-14 01:57:46.256099"
"scroll","","1296.800048828125","2025-07-14 01:57:46.270400"
"scroll","","1310.4000244140625","2025-07-14 01:57:46.289000"
"scroll","","1320.800048828125","2025-07-14 01:57:46.304400"
"scroll","","1328.800048828125","2025-07-14 01:57:46.321900"
"scroll","","1336.800048828125","2025-07-14 01:57:46.340099"
"scroll","","1348.800048828125","2025-07-14 01:57:46.373099"
"scroll","","1352.800048828125","2025-07-14 01:57:46.388900"
"scroll","","1358.4000244140625","2025-07-14 01:57:46.404099"
"scroll","","1362.4000244140625","2025-07-14 01:57:46.422300"
"scroll","","1364.800048828125","2025-07-14 01:57:46.439200"
"scroll","","1368","2025-07-14 01:57:46.456400"
"scroll","","1371.199951171875","2025-07-14 01:57:46.472400"
"scroll","","1372.800048828125","2025-07-14 01:57:46.490700"
"scroll","","1376","2025-07-14 01:57:46.507000"
"scroll","","1379.199951171875","2025-07-14 01:57:46.553200"
"scroll","","1380.800048828125","2025-07-14 01:57:46.569500"
"scroll","","1383.199951171875","2025-07-14 01:57:46.586200"
"scroll","","1384","2025-07-14 01:57:46.602700"
"scroll","","1384.800048828125","2025-07-14 01:57:46.619400"
"scroll","","1386.4000244140625","2025-07-14 01:57:46.637200"
"scroll","","1388","2025-07-14 01:57:46.652500"
"scroll","","1388.800048828125","2025-07-14 01:57:46.672400"
"scroll","","1390.4000244140625","2025-07-14 01:57:46.689099"
"scroll","","1391.199951171875","2025-07-14 01:57:46.707099"
"scroll","","1392","2025-07-14 01:57:46.739200"
"scroll","","1392.800048828125","2025-07-14 01:57:46.773099"
"scroll","","1394.4000244140625","2025-07-14 01:57:46.821300"
"scroll","","1395.199951171875","2025-07-14 01:57:47.021400"
"move","660","1915.199951171875","2025-07-14 01:57:47.037200"
"move","656","1921.199951171875","2025-07-14 01:57:47.054099"
"move","650","1929.199951171875","2025-07-14 01:57:47.070099"
"move","640","1942.199951171875","2025-07-14 01:57:47.086400"
"move","635","1952.199951171875","2025-07-14 01:57:47.102000"
"move","633","1955.199951171875","2025-07-14 01:57:47.118900"
"move","632","1958.199951171875","2025-07-14 01:57:47.135599"
"move","631","1960.199951171875","2025-07-14 01:57:47.152099"
"move","630","1962.199951171875","2025-07-14 01:57:47.169500"
"move","628","1962.199951171875","2025-07-14 01:57:47.186000"
"move","627","1965.199951171875","2025-07-14 01:57:47.202700"
"move","627","1967.199951171875","2025-07-14 01:57:47.218599"
"move","625","1969.199951171875","2025-07-14 01:57:47.235599"
"move","624","1970.199951171875","2025-07-14 01:57:47.252500"
"move","624","1971.199951171875","2025-07-14 01:57:47.268900"
"scroll","","1396","2025-07-14 01:57:47.492200"
"scroll","","1407.199951171875","2025-07-14 01:57:47.504800"
"scroll","","1420","2025-07-14 01:57:47.520599"
"scroll","","1440.800048828125","2025-07-14 01:57:47.536000"
"scroll","","1448.800048828125","2025-07-14 01:57:47.552599"
"scroll","","1452","2025-07-14 01:57:47.569400"
"scroll","","1458.4000244140625","2025-07-14 01:57:47.585700"
"scroll","","1459.199951171875","2025-07-14 01:57:47.604000"
"scroll","","1460","2025-07-14 01:57:47.637000"
"scroll","","1460.800048828125","2025-07-14 01:57:47.654400"
"move","623","2036.800048828125","2025-07-14 01:57:48.046099"
"move","615","2034.800048828125","2025-07-14 01:57:48.068400"
"move","609","2033.800048828125","2025-07-14 01:57:48.084900"
"move","606","2032.800048828125","2025-07-14 01:57:48.101400"
"move","602","2031.800048828125","2025-07-14 01:57:48.118099"
"move","600","2029.800048828125","2025-07-14 01:57:48.136099"
"move","598","2028.800048828125","2025-07-14 01:57:48.152500"
"move","596","2028.800048828125","2025-07-14 01:57:48.168500"
"move","595","2027.800048828125","2025-07-14 01:57:48.186000"
"move","593","2027.800048828125","2025-07-14 01:57:48.202099"
"move","592","2027.800048828125","2025-07-14 01:57:48.219400"
"move","591","2027.800048828125","2025-07-14 01:57:48.235200"
"move","590","2027.800048828125","2025-07-14 01:57:48.308599"
"move","592","2026.800048828125","2025-07-14 01:57:53.054099"
"move","600","2025.800048828125","2025-07-14 01:57:53.069300"
"move","606","2023.800048828125","2025-07-14 01:57:53.083400"
"move","609","2023.800048828125","2025-07-14 01:57:53.099000"
"move","614","2023.800048828125","2025-07-14 01:57:53.115500"
"move","616","2023.800048828125","2025-07-14 01:57:53.132500"
"move","618","2023.800048828125","2025-07-14 01:57:53.149300"
"move","619","2023.800048828125","2025-07-14 01:57:53.165400"
"move","623","2023.800048828125","2025-07-14 01:57:53.182700"
"move","626","2023.800048828125","2025-07-14 01:57:53.199200"
"move","630","2023.800048828125","2025-07-14 01:57:53.215599"
"move","634","2023.800048828125","2025-07-14 01:57:53.232200"
"move","639","2023.800048828125","2025-07-14 01:57:53.249200"
"move","645","2023.800048828125","2025-07-14 01:57:53.266099"
"move","650","2023.800048828125","2025-07-14 01:57:53.282400"
"move","655","2023.800048828125","2025-07-14 01:57:53.299000"
"move","671","2017.800048828125","2025-07-14 01:57:53.315400"
"move","683","2010.800048828125","2025-07-14 01:57:53.332900"
"move","695","2003.800048828125","2025-07-14 01:57:53.349099"
"move","704","1996.800048828125","2025-07-14 01:57:53.367599"
"move","711","1992.800048828125","2025-07-14 01:57:53.381500"
"move","720","1988.800048828125","2025-07-14 01:57:53.397800"
"move","724","1985.800048828125","2025-07-14 01:57:53.416099"
"move","732","1982.800048828125","2025-07-14 01:57:53.433000"
"move","739","1981.800048828125","2025-07-14 01:57:53.449900"
"move","741","1980.800048828125","2025-07-14 01:57:53.466500"
"move","744","1979.800048828125","2025-07-14 01:57:53.481800"
"move","748","1978.800048828125","2025-07-14 01:57:53.498900"
"move","749","1977.800048828125","2025-07-14 01:57:53.516400"
"move","751","1977.800048828125","2025-07-14 01:57:53.531500"
"move","753","1977.800048828125","2025-07-14 01:57:53.548500"
"move","754","1977.800048828125","2025-07-14 01:57:53.565300"
"move","756","1977.800048828125","2025-07-14 01:57:53.581700"
"move","757","1977.800048828125","2025-07-14 01:57:53.598400"
"move","760","1977.800048828125","2025-07-14 01:57:53.614300"
"move","765","1975.800048828125","2025-07-14 01:57:53.631500"
"move","766","1975.800048828125","2025-07-14 01:57:54.101099"
"move","767","1978.800048828125","2025-07-14 01:57:54.115400"
"move","768","1983.800048828125","2025-07-14 01:57:54.131300"
"move","768","1989.800048828125","2025-07-14 01:57:54.147900"
"move","768","1991.800048828125","2025-07-14 01:57:54.165400"
"move","769","1996.800048828125","2025-07-14 01:57:54.181300"
"move","769","1999.800048828125","2025-07-14 01:57:54.200000"
"move","769","2003.800048828125","2025-07-14 01:57:54.214700"
"move","770","2005.800048828125","2025-07-14 01:57:54.232099"
"move","772","2009.800048828125","2025-07-14 01:57:54.248200"
"move","772","2013.800048828125","2025-07-14 01:57:54.264599"
"move","773","2017.800048828125","2025-07-14 01:57:54.281000"
"move","774","2025.800048828125","2025-07-14 01:57:54.298300"
"move","776","2023.800048828125","2025-07-14 01:58:24.261099"
"move","778","2017.800048828125","2025-07-14 01:58:24.275500"
"move","781","2011.800048828125","2025-07-14 01:58:24.290700"
"move","786","2003.800048828125","2025-07-14 01:58:24.309000"
"move","792","1993.800048828125","2025-07-14 01:58:24.324599"
"move","795","1987.800048828125","2025-07-14 01:58:24.341500"
"move","797","1983.800048828125","2025-07-14 01:58:24.357900"
"move","800","1979.800048828125","2025-07-14 01:58:24.374500"
"move","800","1977.800048828125","2025-07-14 01:58:24.390900"
"move","800","1976.800048828125","2025-07-14 01:58:24.407400"
"move","800","1975.800048828125","2025-07-14 01:58:24.424099"
"move","801","1975.800048828125","2025-07-14 01:58:24.442900"
"move","801","1974.800048828125","2025-07-14 01:58:24.506599"
"move","801","1973.800048828125","2025-07-14 01:58:24.623700"
"move","800","1972.800048828125","2025-07-14 01:58:24.641000"
"move","798","1971.800048828125","2025-07-14 01:58:24.657900"
"move","797","1971.800048828125","2025-07-14 01:58:24.674200"
"move","796","1971.800048828125","2025-07-14 01:58:24.692000"
"move","795","1971.800048828125","2025-07-14 01:58:24.708000"
"move","794","1971.800048828125","2025-07-14 01:58:24.723300"
"move","793","1971.800048828125","2025-07-14 01:58:24.740300"
"move","792","1971.800048828125","2025-07-14 01:58:24.770099"
"move","792","1969.800048828125","2025-07-14 01:58:24.860300"
"move","792","1968.800048828125","2025-07-14 01:58:24.907300"
"move","792","1967.800048828125","2025-07-14 01:58:24.964300"
"move","791","1967.800048828125","2025-07-14 01:58:24.977000"
"move","790","1967.800048828125","2025-07-14 01:58:25.023599"
"move","790","1965.800048828125","2025-07-14 01:58:25.042200"
"move","789","1965.800048828125","2025-07-14 01:58:25.056500"
"move","789","1964.800048828125","2025-07-14 01:58:25.094700"
"move","788","1964.800048828125","2025-07-14 01:58:25.117700"
"move","788","1963.800048828125","2025-07-14 01:58:25.138700"
"move","787","1963.800048828125","2025-07-14 01:58:25.190800"
"move","787","1962.800048828125","2025-07-14 01:58:25.332599"
"move","787","1961.800048828125","2025-07-14 01:58:25.484400"
"move","787","1961.800048828125","2025-07-14 01:58:25.814200"
"move","787","1961.800048828125","2025-07-14 01:58:25.855400"
"click","787","1961.800048828125","2025-07-14 01:58:26.029400"
"move","787","1962.800048828125","2025-07-14 01:58:26.708400"
"move","787","1963.800048828125","2025-07-14 01:58:26.722800"
"move","786","1963.800048828125","2025-07-14 01:58:26.737900"
"move","785","1964.800048828125","2025-07-14 01:58:26.755700"
"move","784","1967.800048828125","2025-07-14 01:58:26.772300"
"move","783","1969.800048828125","2025-07-14 01:58:26.789099"
"move","780","1974.800048828125","2025-07-14 01:58:26.805099"
"move","775","1979.800048828125","2025-07-14 01:58:26.822099"
"move","769","1983.800048828125","2025-07-14 01:58:26.839000"
"move","758","1990.800048828125","2025-07-14 01:58:26.856099"
"move","753","1991.800048828125","2025-07-14 01:58:26.871800"
"move","748","1993.800048828125","2025-07-14 01:58:26.888000"
"move","745","1995.800048828125","2025-07-14 01:58:26.905200"
"move","740","1997.800048828125","2025-07-14 01:58:26.921700"
"move","734","1998.800048828125","2025-07-14 01:58:26.938800"
"move","728","1999.800048828125","2025-07-14 01:58:26.956000"
"move","722","2001.800048828125","2025-07-14 01:58:26.972599"
"move","713","2003.800048828125","2025-07-14 01:58:26.989099"
"move","709","2004.800048828125","2025-07-14 01:58:27.005900"
"move","708","2005.800048828125","2025-07-14 01:58:27.022500"
"move","706","2006.800048828125","2025-07-14 01:58:27.039099"
"move","702","2007.800048828125","2025-07-14 01:58:27.056099"
"move","700","2008.800048828125","2025-07-14 01:58:27.071800"
"move","698","2008.800048828125","2025-07-14 01:58:27.087599"
"move","696","2009.800048828125","2025-07-14 01:58:27.104700"
"move","696","2011.800048828125","2025-07-14 01:58:27.121200"
"move","692","2011.800048828125","2025-07-14 01:58:27.138000"
"move","691","2012.800048828125","2025-07-14 01:58:27.155000"
"move","689","2013.800048828125","2025-07-14 01:58:27.171500"
"move","686","2015.800048828125","2025-07-14 01:58:27.188599"
"move","684","2015.800048828125","2025-07-14 01:58:27.205700"
"move","682","2016.800048828125","2025-07-14 01:58:27.221700"
"move","680","2018.800048828125","2025-07-14 01:58:27.239300"
"move","679","2018.800048828125","2025-07-14 01:58:27.255200"
"move","678","2018.800048828125","2025-07-14 01:58:27.270900"
"move","676","2019.800048828125","2025-07-14 01:58:27.287599"
"move","675","2019.800048828125","2025-07-14 01:58:27.384200"
"move","674","2019.800048828125","2025-07-14 01:58:27.423400"
"move","673","2021.800048828125","2025-07-14 01:58:29.812900"
"move","672","2021.800048828125","2025-07-14 01:58:29.821400"
"move","669","2023.800048828125","2025-07-14 01:58:29.838000"
"move","662","2024.800048828125","2025-07-14 01:58:29.855099"
"move","659","2026.800048828125","2025-07-14 01:58:29.870200"
"move","656","2027.800048828125","2025-07-14 01:58:29.886300"
"move","652","2027.800048828125","2025-07-14 01:58:29.903300"
"move","648","2030.800048828125","2025-07-14 01:58:29.920900"
"move","644","2031.800048828125","2025-07-14 01:58:29.936300"
"move","641","2033.800048828125","2025-07-14 01:58:29.952400"
"move","639","2035.800048828125","2025-07-14 01:58:29.970000"
"move","634","2038.800048828125","2025-07-14 01:58:29.986000"
"move","632","2039.800048828125","2025-07-14 01:58:30.003400"
"move","632","2040.800048828125","2025-07-14 01:58:30.020300"
"move","630","2040.800048828125","2025-07-14 01:58:30.037000"
"move","629","2040.800048828125","2025-07-14 01:58:30.052099"
"move","628","2040.800048828125","2025-07-14 01:58:30.069599"
"move","628","2041.800048828125","2025-07-14 01:58:30.086200"
"move","627","2041.800048828125","2025-07-14 01:58:30.102599"
"move","626","2041.800048828125","2025-07-14 01:58:30.119800"
"move","624","2041.800048828125","2025-07-14 01:58:30.136700"
"move","620","2041.800048828125","2025-07-14 01:58:30.153800"
"move","616","2041.800048828125","2025-07-14 01:58:30.170300"
"move","611","2041.800048828125","2025-07-14 01:58:30.186400"
"move","607","2041.800048828125","2025-07-14 01:58:30.203300"
"move","604","2041.800048828125","2025-07-14 01:58:30.219400"
"move","593","2041.800048828125","2025-07-14 01:58:30.235500"
"move","588","2041.800048828125","2025-07-14 01:58:30.252000"
"move","578","2040.800048828125","2025-07-14 01:58:30.268500"
"move","576","2040.800048828125","2025-07-14 01:58:30.285400"
"move","573","2040.800048828125","2025-07-14 01:58:30.301900"
"move","571","2040.800048828125","2025-07-14 01:58:30.319099"
"move","569","2040.800048828125","2025-07-14 01:58:30.335500"
"move","568","2040.800048828125","2025-07-14 01:58:30.352000"
"move","569","2039.800048828125","2025-07-14 01:58:31.850000"
"move","573","2036.800048828125","2025-07-14 01:58:31.869200"
"move","579","2033.800048828125","2025-07-14 01:58:31.885200"
"move","583","2031.800048828125","2025-07-14 01:58:31.901800"
"move","584","2031.800048828125","2025-07-14 01:58:31.917599"
"move","585","2030.800048828125","2025-07-14 01:58:31.933700"
"move","587","2030.800048828125","2025-07-14 01:58:31.950500"
"move","589","2030.800048828125","2025-07-14 01:58:31.967099"
"move","592","2030.800048828125","2025-07-14 01:58:31.983700"
"move","594","2030.800048828125","2025-07-14 01:58:32.000800"
"move","596","2030.800048828125","2025-07-14 01:58:32.017099"
"move","597","2029.800048828125","2025-07-14 01:58:32.035800"
"move","599","2029.800048828125","2025-07-14 01:58:32.051099"
"move","600","2029.800048828125","2025-07-14 01:58:32.067200"
"move","601","2029.800048828125","2025-07-14 01:58:32.084000"
"move","602","2029.800048828125","2025-07-14 01:58:32.101400"
"move","603","2029.800048828125","2025-07-14 01:58:32.150300"
"move","604","2029.800048828125","2025-07-14 01:58:32.175800"
"move","607","2028.800048828125","2025-07-14 01:58:32.709500"
"move","608","2028.800048828125","2025-07-14 01:58:32.718500"
"move","612","2027.800048828125","2025-07-14 01:58:32.733599"
"move","616","2027.800048828125","2025-07-14 01:58:32.750800"
"move","619","2027.800048828125","2025-07-14 01:58:32.767900"
"move","621","2027.800048828125","2025-07-14 01:58:32.784099"
"move","623","2027.800048828125","2025-07-14 01:58:32.800700"
"move","624","2027.800048828125","2025-07-14 01:58:32.817300"
"move","626","2027.800048828125","2025-07-14 01:58:32.833599"
"move","628","2027.800048828125","2025-07-14 01:58:32.851000"
"move","631","2027.800048828125","2025-07-14 01:58:32.867700"
"move","633","2027.800048828125","2025-07-14 01:58:32.884500"
"move","636","2027.800048828125","2025-07-14 01:58:32.900500"
"move","639","2027.800048828125","2025-07-14 01:58:32.918099"
"move","642","2027.800048828125","2025-07-14 01:58:32.934300"
"move","645","2027.800048828125","2025-07-14 01:58:32.950200"
"move","648","2027.800048828125","2025-07-14 01:58:32.966300"
"move","652","2026.800048828125","2025-07-14 01:58:32.983300"
"move","656","2026.800048828125","2025-07-14 01:58:33.000599"
"move","660","2026.800048828125","2025-07-14 01:58:33.017099"
"move","663","2025.800048828125","2025-07-14 01:58:33.033400"
"move","669","2025.800048828125","2025-07-14 01:58:33.050700"
"move","676","2024.800048828125","2025-07-14 01:58:33.067700"
"move","685","2022.800048828125","2025-07-14 01:58:33.083200"
"move","692","2021.800048828125","2025-07-14 01:58:33.100599"
"move","698","2020.800048828125","2025-07-14 01:58:33.117400"
"move","708","2019.800048828125","2025-07-14 01:58:33.132800"
"move","713","2019.800048828125","2025-07-14 01:58:33.149599"
"move","721","2018.800048828125","2025-07-14 01:58:33.166200"
"move","725","2017.800048828125","2025-07-14 01:58:33.182900"
"move","729","2016.800048828125","2025-07-14 01:58:33.200599"
"move","732","2016.800048828125","2025-07-14 01:58:33.216099"
"move","735","2016.800048828125","2025-07-14 01:58:33.234400"
"move","736","2016.800048828125","2025-07-14 01:58:33.249900"
"move","737","2016.800048828125","2025-07-14 01:58:33.270400"
"move","740","2015.800048828125","2025-07-14 01:58:33.734900"
"move","745","2014.800048828125","2025-07-14 01:58:33.750400"
"move","750","2013.800048828125","2025-07-14 01:58:33.767000"
"move","753","2012.800048828125","2025-07-14 01:58:33.783099"
"move","756","2012.800048828125","2025-07-14 01:58:33.799500"
"move","761","2011.800048828125","2025-07-14 01:58:33.816300"
"move","766","2011.800048828125","2025-07-14 01:58:33.833200"
"move","768","2011.800048828125","2025-07-14 01:58:33.849900"
"move","773","2011.800048828125","2025-07-14 01:58:33.867099"
"move","775","2011.800048828125","2025-07-14 01:58:33.885000"
"move","776","2011.800048828125","2025-07-14 01:58:33.899400"
"move","777","2011.800048828125","2025-07-14 01:58:33.917000"
"move","781","2009.800048828125","2025-07-14 01:58:33.934200"
"move","785","2009.800048828125","2025-07-14 01:58:33.950599"
"move","788","2009.800048828125","2025-07-14 01:58:33.967599"
"move","791","2009.800048828125","2025-07-14 01:58:33.984400"
"move","792","2009.800048828125","2025-07-14 01:58:34.001000"
"move","793","2009.800048828125","2025-07-14 01:58:34.017200"
"move","795","2009.800048828125","2025-07-14 01:58:34.035599"
"move","796","2009.800048828125","2025-07-14 01:58:34.050200"
"move","797","2009.800048828125","2025-07-14 01:58:34.072200"
"move","798","2009.800048828125","2025-07-14 01:58:34.084700"
"move","800","2009.800048828125","2025-07-14 01:58:34.100300"
"move","802","2009.800048828125","2025-07-14 01:58:34.116099"
"move","804","2009.800048828125","2025-07-14 01:58:34.132900"
"move","805","2009.800048828125","2025-07-14 01:58:34.188300"
"move","806","2009.800048828125","2025-07-14 01:58:34.227000"
"move","807","2009.800048828125","2025-07-14 01:58:34.287300"
"move","808","2009.800048828125","2025-07-14 01:58:34.303500"
"move","809","2009.800048828125","2025-07-14 01:58:34.349099"
"move","810","2009.800048828125","2025-07-14 01:58:34.378800"
"move","810","2010.800048828125","2025-07-14 01:58:34.449599"
"move","811","2010.800048828125","2025-07-14 01:58:34.466200"
"move","811","2011.800048828125","2025-07-14 01:58:34.485000"
"move","812","2011.800048828125","2025-07-14 01:58:34.500500"
"move","812","2012.800048828125","2025-07-14 01:58:34.526599"
"move","812","2015.800048828125","2025-07-14 01:58:34.549099"
"move","807","2020.800048828125","2025-07-14 01:58:34.565000"
"move","795","2028.800048828125","2025-07-14 01:58:34.582000"
"move","777","2035.800048828125","2025-07-14 01:58:34.598599"
"move","768","2036.800048828125","2025-07-14 01:58:34.615800"
"move","756","2039.800048828125","2025-07-14 01:58:34.633099"
"move","736","2039.800048828125","2025-07-14 01:58:34.651000"
"move","720","2039.800048828125","2025-07-14 01:58:34.665400"
"move","713","2039.800048828125","2025-07-14 01:58:34.682800"
"move","701","2039.800048828125","2025-07-14 01:58:34.698500"
"move","682","2038.800048828125","2025-07-14 01:58:34.715800"
"move","674","2038.800048828125","2025-07-14 01:58:34.731599"
"move","664","2038.800048828125","2025-07-14 01:58:34.748900"
"move","654","2039.800048828125","2025-07-14 01:58:34.765000"
"move","642","2039.800048828125","2025-07-14 01:58:34.782000"
"move","629","2041.800048828125","2025-07-14 01:58:34.798500"
"move","623","2042.800048828125","2025-07-14 01:58:34.816500"
"move","616","2042.800048828125","2025-07-14 01:58:34.831800"
"move","608","2042.800048828125","2025-07-14 01:58:34.850000"
"move","605","2042.800048828125","2025-07-14 01:58:34.866900"
"move","602","2042.800048828125","2025-07-14 01:58:34.883599"
"move","600","2042.800048828125","2025-07-14 01:58:34.900099"
"move","597","2043.800048828125","2025-07-14 01:58:34.915800"
"move","595","2043.800048828125","2025-07-14 01:58:34.932300"
"move","592","2043.800048828125","2025-07-14 01:58:34.948700"
"move","588","2043.800048828125","2025-07-14 01:58:34.965300"
"move","582","2043.800048828125","2025-07-14 01:58:34.981599"
"move","579","2043.800048828125","2025-07-14 01:58:34.999500"
"move","574","2043.800048828125","2025-07-14 01:58:35.015700"
"move","568","2043.800048828125","2025-07-14 01:58:35.031800"
"move","564","2043.800048828125","2025-07-14 01:58:35.049400"
"move","563","2042.800048828125","2025-07-14 01:58:35.066099"
"move","560","2042.800048828125","2025-07-14 01:58:35.082800"
"move","559","2041.800048828125","2025-07-14 01:58:35.098300"
"move","557","2041.800048828125","2025-07-14 01:58:35.115800"
"move","556","2040.800048828125","2025-07-14 01:58:35.131800"
"move","555","2040.800048828125","2025-07-14 01:58:35.152300"
"move","555","2039.800048828125","2025-07-14 01:58:35.198000"
"move","554","2039.800048828125","2025-07-14 01:58:35.215800"
"move","553","2039.800048828125","2025-07-14 01:58:35.264400"
"move","552","2039.800048828125","2025-07-14 01:58:35.292000"
"move","550","2039.800048828125","2025-07-14 01:58:35.332000"
"move","548","2039.800048828125","2025-07-14 01:58:35.348900"
"move","545","2039.800048828125","2025-07-14 01:58:35.365400"
"move","536","2039.800048828125","2025-07-14 01:58:35.381700"
"move","524","2039.800048828125","2025-07-14 01:58:35.399000"
"move","507","2038.800048828125","2025-07-14 01:58:35.415800"
"move","500","2036.800048828125","2025-07-14 01:58:35.431599"
"move","494","2035.800048828125","2025-07-14 01:58:35.448099"
"move","487","2032.800048828125","2025-07-14 01:58:35.465500"
"move","481","2031.800048828125","2025-07-14 01:58:35.481099"
"move","479","2029.800048828125","2025-07-14 01:58:35.498900"
"move","472","2026.800048828125","2025-07-14 01:58:35.516099"
"move","470","2026.800048828125","2025-07-14 01:58:35.532099"
"move","469","2024.800048828125","2025-07-14 01:58:35.549300"
"move","468","2023.800048828125","2025-07-14 01:58:35.565300"
"move","466","2023.800048828125","2025-07-14 01:58:35.581700"
"move","464","2023.800048828125","2025-07-14 01:58:35.597500"
"move","463","2023.800048828125","2025-07-14 01:58:35.989700"
"move","461","2023.800048828125","2025-07-14 01:58:35.998400"
"move","456","2023.800048828125","2025-07-14 01:58:36.015400"
"move","445","2022.800048828125","2025-07-14 01:58:36.031099"
"move","437","2022.800048828125","2025-07-14 01:58:36.048700"
"move","432","2022.800048828125","2025-07-14 01:58:36.063900"
"move","429","2021.800048828125","2025-07-14 01:58:36.081300"
"move","428","2021.800048828125","2025-07-14 01:58:36.097700"
"move","426","2021.800048828125","2025-07-14 01:58:36.115200"
"move","424","2021.800048828125","2025-07-14 01:58:36.132300"
"move","423","2021.800048828125","2025-07-14 01:58:36.159300"
"move","419","2021.800048828125","2025-07-14 01:58:36.181900"
"move","416","2021.800048828125","2025-07-14 01:58:36.199500"
"move","412","2021.800048828125","2025-07-14 01:58:36.216200"
"move","409","2021.800048828125","2025-07-14 01:58:36.232700"
"move","406","2021.800048828125","2025-07-14 01:58:36.247700"
"move","404","2021.800048828125","2025-07-14 01:58:36.264500"
"move","402","2021.800048828125","2025-07-14 01:58:36.281099"
"move","400","2021.800048828125","2025-07-14 01:58:36.298000"
"move","399","2020.800048828125","2025-07-14 01:58:36.314500"
"move","396","2020.800048828125","2025-07-14 01:58:36.332000"
"move","395","2020.800048828125","2025-07-14 01:58:36.348599"
"move","394","2019.800048828125","2025-07-14 01:58:36.364900"
"move","392","2019.800048828125","2025-07-14 01:58:36.381599"
"move","391","2019.800048828125","2025-07-14 01:58:36.400900"
"move","389","2018.800048828125","2025-07-14 01:58:36.414800"
"move","388","2015.800048828125","2025-07-14 01:58:36.431000"
"move","387","2015.800048828125","2025-07-14 01:58:36.447599"
"move","386","2015.800048828125","2025-07-14 01:58:36.464500"
"move","385","2015.800048828125","2025-07-14 01:58:36.481300"
"move","385","2014.800048828125","2025-07-14 01:58:36.498000"
"move","384","2014.800048828125","2025-07-14 01:58:36.519400"
"move","388","2014.800048828125","2025-07-14 01:58:36.606800"
"move","401","2014.800048828125","2025-07-14 01:58:36.630300"
"move","408","2014.800048828125","2025-07-14 01:58:36.647599"
"move","416","2015.800048828125","2025-07-14 01:58:36.663700"
"move","420","2015.800048828125","2025-07-14 01:58:36.680800"
"move","424","2015.800048828125","2025-07-14 01:58:36.696900"
"move","428","2015.800048828125","2025-07-14 01:58:36.713800"
"move","437","2019.800048828125","2025-07-14 01:58:36.731800"
"move","445","2019.800048828125","2025-07-14 01:58:36.748000"
"move","459","2022.800048828125","2025-07-14 01:58:36.765200"
"move","463","2022.800048828125","2025-07-14 01:58:36.781400"
"move","473","2023.800048828125","2025-07-14 01:58:36.796800"
"move","479","2023.800048828125","2025-07-14 01:58:36.814599"
"move","488","2024.800048828125","2025-07-14 01:58:36.832200"
"move","501","2024.800048828125","2025-07-14 01:58:36.848099"
"move","509","2025.800048828125","2025-07-14 01:58:36.865200"
"move","519","2025.800048828125","2025-07-14 01:58:36.882599"
"move","523","2025.800048828125","2025-07-14 01:58:36.951500"
"move","575","2023.800048828125","2025-07-14 01:58:36.965400"
"move","583","2023.800048828125","2025-07-14 01:58:36.981900"
"move","595","2022.800048828125","2025-07-14 01:58:36.997800"
"move","604","2022.800048828125","2025-07-14 01:58:37.014300"
"move","613","2022.800048828125","2025-07-14 01:58:37.030800"
"move","621","2022.800048828125","2025-07-14 01:58:37.047099"
"move","635","2022.800048828125","2025-07-14 01:58:37.064500"
"move","646","2022.800048828125","2025-07-14 01:58:37.080700"
"move","656","2023.800048828125","2025-07-14 01:58:37.097300"
"move","668","2024.800048828125","2025-07-14 01:58:37.114300"
"move","685","2025.800048828125","2025-07-14 01:58:37.131400"
"move","708","2027.800048828125","2025-07-14 01:58:37.162300"
"move","730","2027.800048828125","2025-07-14 01:58:37.180700"
"move","743","2026.800048828125","2025-07-14 01:58:37.197900"
"move","751","2024.800048828125","2025-07-14 01:58:37.215200"
"move","767","2022.800048828125","2025-07-14 01:58:37.230800"
"move","776","2020.800048828125","2025-07-14 01:58:37.247700"
"move","781","2020.800048828125","2025-07-14 01:58:37.264099"
"move","783","2020.800048828125","2025-07-14 01:58:37.280200"
"move","785","2020.800048828125","2025-07-14 01:58:37.747000"
"move","792","2020.800048828125","2025-07-14 01:58:37.763800"
"move","800","2020.800048828125","2025-07-14 01:58:37.781500"
"move","808","2020.800048828125","2025-07-14 01:58:37.798000"
"move","814","2020.800048828125","2025-07-14 01:58:37.813700"
"move","819","2019.800048828125","2025-07-14 01:58:37.830300"
"move","823","2019.800048828125","2025-07-14 01:58:37.847400"
"move","828","2019.800048828125","2025-07-14 01:58:37.862900"
"move","832","2019.800048828125","2025-07-14 01:58:37.879099"
"move","836","2019.800048828125","2025-07-14 01:58:37.896099"
"move","837","2019.800048828125","2025-07-14 01:58:37.912900"
"move","840","2018.800048828125","2025-07-14 01:58:37.929700"
"move","842","2018.800048828125","2025-07-14 01:58:37.946800"
"move","844","2018.800048828125","2025-07-14 01:58:37.963599"
"move","845","2018.800048828125","2025-07-14 01:58:37.980500"
"move","849","2017.800048828125","2025-07-14 01:58:37.996300"
"move","851","2016.800048828125","2025-07-14 01:58:38.013599"
"move","853","2016.800048828125","2025-07-14 01:58:38.033099"
"move","858","2015.800048828125","2025-07-14 01:58:38.046599"
"move","862","2015.800048828125","2025-07-14 01:58:38.063400"
"move","866","2013.800048828125","2025-07-14 01:58:38.078900"
"move","868","2013.800048828125","2025-07-14 01:58:38.096700"
"move","870","2013.800048828125","2025-07-14 01:58:38.112800"
"move","872","2013.800048828125","2025-07-14 01:58:38.129500"
"move","874","2013.800048828125","2025-07-14 01:58:38.147700"
"move","876","2013.800048828125","2025-07-14 01:58:38.162900"
"move","878","2013.800048828125","2025-07-14 01:58:38.179500"
"move","880","2013.800048828125","2025-07-14 01:58:38.196900"
"move","881","2013.800048828125","2025-07-14 01:58:38.220599"
"move","882","2013.800048828125","2025-07-14 01:58:38.235800"
"move","883","2013.800048828125","2025-07-14 01:58:38.255300"
"move","884","2013.800048828125","2025-07-14 01:58:38.296800"
"move","885","2013.800048828125","2025-07-14 01:58:38.312700"
"move","886","2013.800048828125","2025-07-14 01:58:38.330200"
"move","887","2013.800048828125","2025-07-14 01:58:38.346700"
"move","888","2013.800048828125","2025-07-14 01:58:38.363000"
"move","889","2013.800048828125","2025-07-14 01:58:38.392900"
"move","892","2013.800048828125","2025-07-14 01:58:38.412300"
"move","893","2013.800048828125","2025-07-14 01:58:38.428700"
"move","896","2013.800048828125","2025-07-14 01:58:38.445400"
"move","899","2013.800048828125","2025-07-14 01:58:38.462000"
"move","900","2013.800048828125","2025-07-14 01:58:38.478900"
"move","901","2013.800048828125","2025-07-14 01:58:38.496200"
"move","904","2013.800048828125","2025-07-14 01:58:38.513500"
"move","905","2013.800048828125","2025-07-14 01:58:38.529300"
"move","907","2013.800048828125","2025-07-14 01:58:38.546700"
"move","911","2013.800048828125","2025-07-14 01:58:38.563300"
"move","912","2013.800048828125","2025-07-14 01:58:38.580099"
"move","916","2013.800048828125","2025-07-14 01:58:38.596900"
"move","919","2013.800048828125","2025-07-14 01:58:38.612599"
"move","921","2013.800048828125","2025-07-14 01:58:38.628900"
"move","924","2013.800048828125","2025-07-14 01:58:38.645900"
"move","925","2013.800048828125","2025-07-14 01:58:38.674900"
"move","927","2012.800048828125","2025-07-14 01:58:38.696099"
"move","928","2012.800048828125","2025-07-14 01:58:42.661099"
"move","932","2012.800048828125","2025-07-14 01:58:42.678700"
"move","939","2012.800048828125","2025-07-14 01:58:42.693000"
"move","947","2012.800048828125","2025-07-14 01:58:42.709700"
"move","955","2013.800048828125","2025-07-14 01:58:42.726599"
"move","959","2014.800048828125","2025-07-14 01:58:42.743400"
"move","963","2015.800048828125","2025-07-14 01:58:42.758599"
"move","965","2015.800048828125","2025-07-14 01:58:42.775500"
"move","968","2016.800048828125","2025-07-14 01:58:42.791900"
"move","972","2018.800048828125","2025-07-14 01:58:42.809000"
"move","979","2020.800048828125","2025-07-14 01:58:42.825500"
"move","988","2023.800048828125","2025-07-14 01:58:42.842099"
"move","992","2023.800048828125","2025-07-14 01:58:42.859700"
"move","996","2023.800048828125","2025-07-14 01:58:42.877099"
"move","998","2024.800048828125","2025-07-14 01:58:42.892500"
"move","1004","2024.800048828125","2025-07-14 01:58:42.909400"
"move","1008","2024.800048828125","2025-07-14 01:58:42.926500"
"move","1021","2024.800048828125","2025-07-14 01:58:42.942599"
"move","1027","2023.800048828125","2025-07-14 01:58:42.959599"
"move","1048","2012.800048828125","2025-07-14 01:58:42.976500"
"move","1096","1979.800048828125","2025-07-14 01:58:42.992300"
"move","1122","1962.800048828125","2025-07-14 01:58:43.009599"
"move","1155","1939.800048828125","2025-07-14 01:58:43.026800"
"move","1181","1924.800048828125","2025-07-14 01:58:43.042400"
"move","1196","1916.800048828125","2025-07-14 01:58:43.058400"
"move","1203","1912.800048828125","2025-07-14 01:58:43.075300"
"move","1209","1908.800048828125","2025-07-14 01:58:43.091700"
"move","1210","1908.800048828125","2025-07-14 01:58:43.109599"
"move","1218","1907.800048828125","2025-07-14 01:58:43.381400"
"move","1227","1907.800048828125","2025-07-14 01:58:43.392300"
"move","1240","1907.800048828125","2025-07-14 01:58:43.408800"
"move","1258","1907.800048828125","2025-07-14 01:58:43.425000"
"move","1272","1907.800048828125","2025-07-14 01:58:43.441900"
"move","1285","1908.800048828125","2025-07-14 01:58:43.458700"
"move","1299","1909.800048828125","2025-07-14 01:58:43.475300"
"move","1310","1909.800048828125","2025-07-14 01:58:43.492400"
"move","1320","1909.800048828125","2025-07-14 01:58:43.508500"
"move","1331","1909.800048828125","2025-07-14 01:58:43.525099"
"move","1336","1909.800048828125","2025-07-14 01:58:43.541700"
"move","1340","1909.800048828125","2025-07-14 01:58:43.558500"
"move","1342","1909.800048828125","2025-07-14 01:58:43.577700"
"move","1343","1909.800048828125","2025-07-14 01:58:43.592700"
"move","1344","1909.800048828125","2025-07-14 01:58:43.608300"
"move","1345","1909.800048828125","2025-07-14 01:58:43.658000"
"move","1346","1909.800048828125","2025-07-14 01:58:43.675800"
"move","1347","1910.800048828125","2025-07-14 01:58:43.692500"
"move","1348","1911.800048828125","2025-07-14 01:58:43.708400"
"move","1351","1911.800048828125","2025-07-14 01:58:43.725300"
"move","1352","1911.800048828125","2025-07-14 01:58:43.742500"
"move","1352","1912.800048828125","2025-07-14 01:58:43.758200"
"move","1353","1913.800048828125","2025-07-14 01:58:43.784400"
"move","1353","1914.800048828125","2025-07-14 01:58:43.824800"
"move","1353","1915.800048828125","2025-07-14 01:58:43.854500"
"move","1355","1915.800048828125","2025-07-14 01:58:43.878599"
"move","1355","1916.800048828125","2025-07-14 01:58:43.899000"
"move","1356","1916.800048828125","2025-07-14 01:58:43.908500"
"move","1356","1917.800048828125","2025-07-14 01:58:43.940400"
"move","1357","1918.800048828125","2025-07-14 01:58:43.976300"
"move","1357","1918.800048828125","2025-07-14 01:58:44.210200"
"move","1357","1918.800048828125","2025-07-14 01:58:44.226200"
"move","1357","1918.800048828125","2025-07-14 01:58:44.274200"
"move","1357","1918.800048828125","2025-07-14 01:58:44.290800"
"click","1357","1918.800048828125","2025-07-14 01:58:44.404800"