type,x,y,timestamp
"move","459","322","2025-07-04 17:18:43.984800"
"move","423","270","2025-07-04 17:18:44.007200"
"move","402","248","2025-07-04 17:18:44.044000"
"move","392","242","2025-07-04 17:18:44.118000"
"move","392","243","2025-07-04 17:18:44.494400"
"move","391","246","2025-07-04 17:18:44.508800"
"move","391","252","2025-07-04 17:18:44.526000"
"move","390","256","2025-07-04 17:18:44.543500"
"move","389","260","2025-07-04 17:18:44.558600"
"move","389","263","2025-07-04 17:18:44.574900"
"move","388","267","2025-07-04 17:18:44.592100"
"move","387","276","2025-07-04 17:18:44.609200"
"move","386","283","2025-07-04 17:18:44.625700"
"move","386","288","2025-07-04 17:18:44.642200"
"move","385","295","2025-07-04 17:18:44.659100"
"move","384","297","2025-07-04 17:18:44.675200"
"move","384","302","2025-07-04 17:18:44.691500"
"move","383","308","2025-07-04 17:18:44.708300"
"move","383","312","2025-07-04 17:18:44.724900"
"move","383","323","2025-07-04 17:18:44.743400"
"move","383","331","2025-07-04 17:18:44.759100"
"move","382","338","2025-07-04 17:18:44.776200"
"move","382","351","2025-07-04 17:18:44.792200"
"move","382","364","2025-07-04 17:18:44.808900"
"move","381","389","2025-07-04 17:18:44.824500"
"move","381","399","2025-07-04 17:18:44.841000"
"move","381","411","2025-07-04 17:18:44.859500"
"move","381","428","2025-07-04 17:18:44.875900"
"move","382","435","2025-07-04 17:18:44.892800"
"move","382","437","2025-07-04 17:18:44.908400"
"move","411","437","2025-07-04 17:18:45.244200"
"move","514","441","2025-07-04 17:18:45.259900"
"move","640","470","2025-07-04 17:18:45.276500"
"move","728","506","2025-07-04 17:18:45.294800"
"move","820","556","2025-07-04 17:18:45.309800"
"move","930","617","2025-07-04 17:18:45.327900"
"move","983","646","2025-07-04 17:18:45.343800"
"move","1015","664","2025-07-04 17:18:45.358100"
"move","1031","676","2025-07-04 17:18:45.374500"
"move","1037","683","2025-07-04 17:18:45.393400"
"move","1041","688","2025-07-04 17:18:45.408700"
"move","1041","690","2025-07-04 17:18:45.425100"
"move","1052","692","2025-07-04 17:18:45.642300"
"move","1060","693","2025-07-04 17:18:45.659600"
"move","1074","694","2025-07-04 17:18:45.678100"
"move","1078","694","2025-07-04 17:18:45.688500"
"move","1377","31","2025-07-04 17:18:49.621700"
"move","1374","35","2025-07-04 17:18:50.940800"
"move","1360","51","2025-07-04 17:18:50.952500"
"move","1335","80","2025-07-04 17:18:50.969500"
"move","1308","109","2025-07-04 17:18:50.986100"
"move","1248","161","2025-07-04 17:18:51.003100"
"move","1189","204","2025-07-04 17:18:51.021900"
"move","1149","233","2025-07-04 17:18:51.038600"
"move","1075","269","2025-07-04 17:18:51.054200"
"move","997","310","2025-07-04 17:18:51.071700"
"move","968","325","2025-07-04 17:18:51.087500"
"move","891","347","2025-07-04 17:18:51.103100"
"move","816","364","2025-07-04 17:18:51.121600"
"move","753","383","2025-07-04 17:18:51.136700"
"move","727","393","2025-07-04 17:18:51.155000"
"move","667","403","2025-07-04 17:18:51.175300"
"move","643","404","2025-07-04 17:18:51.186900"
"move","621","403","2025-07-04 17:18:51.203700"
"move","612","399","2025-07-04 17:18:51.222600"
"move","600","392","2025-07-04 17:18:51.236700"
"move","593","385","2025-07-04 17:18:51.253900"
"move","591","382","2025-07-04 17:18:51.269500"
"move","588","380","2025-07-04 17:18:51.287500"
"move","579","385","2025-07-04 17:18:51.581800"
"move","526","406","2025-07-04 17:18:51.607200"
"move","468","419","2025-07-04 17:18:51.622900"
"move","438","425","2025-07-04 17:18:51.636100"
"move","391","432","2025-07-04 17:18:51.654600"
"move","371","435","2025-07-04 17:18:51.670800"
"move","328","437","2025-07-04 17:18:51.687100"
"move","316","439","2025-07-04 17:18:51.705100"
"move","295","444","2025-07-04 17:18:51.725000"
"move","285","446","2025-07-04 17:18:51.736400"
"move","281","447","2025-07-04 17:18:51.753000"
"move","280","447","2025-07-04 17:18:51.769900"
"move","278","447","2025-07-04 17:18:51.785800"
"move","277","447","2025-07-04 17:18:51.853200"
"move","276","447","2025-07-04 17:18:51.877000"
"move","276","446","2025-07-04 17:18:51.974300"
"move","275","445","2025-07-04 17:18:52.020100"
"move","274","445","2025-07-04 17:18:52.216800"
"move","274","444","2025-07-04 17:18:52.289200"
"move","279","440","2025-07-04 17:18:52.302200"
"move","286","437","2025-07-04 17:18:52.319000"
"move","295","433","2025-07-04 17:18:52.336300"
"move","303","431","2025-07-04 17:18:52.352500"
"move","316","427","2025-07-04 17:18:52.369400"
"move","348","420","2025-07-04 17:18:52.385600"
"move","381","415","2025-07-04 17:18:52.402600"
"move","412","415","2025-07-04 17:18:52.419600"
"move","439","415","2025-07-04 17:18:52.436600"
"move","455","415","2025-07-04 17:18:52.453100"
"move","462","415","2025-07-04 17:18:52.469800"
"move","468","415","2025-07-04 17:18:52.486000"
"move","470","415","2025-07-04 17:18:52.506300"
"move","471","415","2025-07-04 17:18:52.518800"
"move","472","415","2025-07-04 17:18:52.547000"
"move","470","415","2025-07-04 17:19:01.956400"
"move","467","412","2025-07-04 17:19:01.977800"
"move","464","408","2025-07-04 17:19:01.995600"
"move","462","406","2025-07-04 17:19:02.011500"
"move","460","403","2025-07-04 17:19:02.028200"
"move","459","402","2025-07-04 17:19:02.045200"
"move","458","400","2025-07-04 17:19:02.061400"
"move","456","399","2025-07-04 17:19:02.078100"
"move","456","394","2025-07-04 17:19:02.095100"
"move","454","388","2025-07-04 17:19:02.111100"
"move","452","385","2025-07-04 17:19:02.127800"
"move","450","378","2025-07-04 17:19:02.145100"
"move","440","359","2025-07-04 17:19:02.161500"
"move","433","349","2025-07-04 17:19:02.178900"
"move","432","347","2025-07-04 17:19:02.194500"
"move","430","345","2025-07-04 17:19:02.210800"
"move","429","345","2025-07-04 17:19:02.227900"
"move","428","344","2025-07-04 17:19:02.244100"
"move","432","344","2025-07-04 17:19:02.299100"
"move","436","347","2025-07-04 17:19:02.311600"
"move","455","362","2025-07-04 17:19:02.328300"
"move","474","375","2025-07-04 17:19:02.344100"
"move","496","384","2025-07-04 17:19:02.361400"
"move","502","386","2025-07-04 17:19:02.377900"
"move","584","412","2025-07-04 17:19:02.428600"
"move","601","417","2025-07-04 17:19:02.444700"
"move","620","423","2025-07-04 17:19:02.461100"
"move","628","424","2025-07-04 17:19:02.480200"
"move","633","425","2025-07-04 17:19:02.494800"
"move","639","425","2025-07-04 17:19:02.511600"
"move","612","432","2025-07-04 17:19:03.313200"
"move","589","434","2025-07-04 17:19:03.326900"
"move","576","436","2025-07-04 17:19:03.343900"
"move","536","439","2025-07-04 17:19:03.361200"
"move","523","439","2025-07-04 17:19:03.376900"
"move","503","440","2025-07-04 17:19:03.394400"
"move","480","441","2025-07-04 17:19:03.410300"
"move","470","442","2025-07-04 17:19:03.427100"
"move","457","444","2025-07-04 17:19:03.443600"
"move","448","447","2025-07-04 17:19:03.462700"
"move","444","447","2025-07-04 17:19:03.476800"
"move","445","447","2025-07-04 17:19:41.203200"
"move","448","445","2025-07-04 17:19:41.214200"
"move","460","438","2025-07-04 17:19:41.230300"
"move","467","433","2025-07-04 17:19:41.248900"
"move","475","427","2025-07-04 17:19:41.264600"
"move","494","417","2025-07-04 17:19:41.282400"
"move","509","411","2025-07-04 17:19:41.298100"
"move","523","408","2025-07-04 17:19:41.314200"
"move","528","407","2025-07-04 17:19:41.330700"
"move","535","406","2025-07-04 17:19:41.347700"
"move","550","405","2025-07-04 17:19:41.364000"
"move","564","405","2025-07-04 17:19:41.380800"
"move","581","405","2025-07-04 17:19:41.398200"
"move","599","409","2025-07-04 17:19:41.414600"
"move","619","417","2025-07-04 17:19:41.430900"
"move","640","427","2025-07-04 17:19:41.447600"
"move","658","433","2025-07-04 17:19:41.464400"
"move","670","438","2025-07-04 17:19:41.480700"
"move","679","442","2025-07-04 17:19:41.498500"
"move","682","444","2025-07-04 17:19:41.513900"
"move","684","444","2025-07-04 17:19:41.530900"
"move","684","443","2025-07-04 17:19:41.762100"
"move","691","424","2025-07-04 17:19:41.781700"
"move","696","413","2025-07-04 17:19:41.798700"
"move","700","393","2025-07-04 17:19:41.819000"
"move","703","387","2025-07-04 17:19:41.831000"
"move","709","370","2025-07-04 17:19:41.848300"
"move","717","355","2025-07-04 17:19:41.864000"
"move","722","347","2025-07-04 17:19:41.881200"
"move","726","344","2025-07-04 17:19:41.898100"
"move","732","338","2025-07-04 17:19:41.913100"
"move","738","332","2025-07-04 17:19:41.930300"
"move","744","328","2025-07-04 17:19:41.946500"
"move","750","326","2025-07-04 17:19:41.963600"
"move","765","321","2025-07-04 17:19:41.981000"
"move","775","319","2025-07-04 17:19:41.997100"
"move","782","319","2025-07-04 17:19:42.014400"
"move","789","319","2025-07-04 17:19:42.030500"
"move","792","319","2025-07-04 17:19:42.046800"
"move","796","319","2025-07-04 17:19:42.063000"
"move","797","319","2025-07-04 17:19:42.085200"
"move","798","319","2025-07-04 17:19:42.099900"
"move","799","319","2025-07-04 17:19:42.127300"
"move","799","321","2025-07-04 17:19:42.214700"
"move","799","323","2025-07-04 17:19:42.230300"
"move","799","324","2025-07-04 17:19:42.248100"
"move","799","327","2025-07-04 17:19:42.263500"
"move","797","332","2025-07-04 17:19:42.280900"
"move","792","341","2025-07-04 17:19:42.296800"
"move","788","346","2025-07-04 17:19:42.312700"
"move","785","348","2025-07-04 17:19:42.329300"
"move","783","350","2025-07-04 17:19:42.346400"
"move","782","352","2025-07-04 17:19:42.362200"
"move","781","352","2025-07-04 17:19:42.378900"
"move","780","353","2025-07-04 17:19:42.397300"
"move","780","354","2025-07-04 17:19:42.462200"
"move","780","353","2025-07-04 17:19:42.603100"
"move","781","352","2025-07-04 17:19:42.617900"
"move","781","351","2025-07-04 17:19:42.629000"
"move","783","351","2025-07-04 17:19:42.645800"
"move","784","350","2025-07-04 17:19:42.662300"
"move","784","349","2025-07-04 17:19:42.679100"
"move","785","348","2025-07-04 17:19:42.695600"
"move","786","348","2025-07-04 17:19:42.715100"
"move","787","348","2025-07-04 17:19:42.729700"
"move","787","347","2025-07-04 17:19:42.757800"
"move","788","347","2025-07-04 17:19:43.100300"
"move","788","347","2025-07-04 17:19:43.128600"
"move","788","347","2025-07-04 17:19:43.178700"
"click","788","347","2025-07-04 17:19:43.318900"
"move","784","350","2025-07-04 17:19:43.608300"
"move","768","361","2025-07-04 17:19:43.629900"
"move","748","379","2025-07-04 17:19:43.646100"
"move","724","400","2025-07-04 17:19:43.662700"
"move","704","413","2025-07-04 17:19:43.680100"
"move","684","427","2025-07-04 17:19:43.698000"
"move","667","439","2025-07-04 17:19:43.712600"
"move","656","447","2025-07-04 17:19:43.728500"
"move","649","453","2025-07-04 17:19:43.746400"
"move","648","454","2025-07-04 17:19:43.762500"
"scroll","","0.800000011920929","2025-07-04 17:19:44.235100"
"scroll","","3.200000047683716","2025-07-04 17:19:44.246700"
"scroll","","4","2025-07-04 17:19:44.261500"
"scroll","","4.800000190734863","2025-07-04 17:19:44.278500"
"scroll","","6.400000095367432","2025-07-04 17:19:44.295500"
"scroll","","7.199999809265137","2025-07-04 17:19:44.346100"
"scroll","","11.199999809265137","2025-07-04 17:19:44.495600"
"scroll","","20.799999237060547","2025-07-04 17:19:44.512100"
"scroll","","59.20000076293945","2025-07-04 17:19:44.527900"
"scroll","","104","2025-07-04 17:19:44.545400"
"scroll","","140.8000030517578","2025-07-04 17:19:44.561800"
"scroll","","223.1999969482422","2025-07-04 17:19:44.578100"
"scroll","","258.3999938964844","2025-07-04 17:19:44.597500"
"scroll","","259.20001220703125","2025-07-04 17:19:44.613700"
"scroll","","292","2025-07-04 17:19:44.628000"
"scroll","","316.79998779296875","2025-07-04 17:19:44.645000"
"scroll","","336.79998779296875","2025-07-04 17:19:44.661800"
"scroll","","354.3999938964844","2025-07-04 17:19:44.678200"
"scroll","","368","2025-07-04 17:19:44.694800"
"scroll","","380.79998779296875","2025-07-04 17:19:44.711300"
"scroll","","392.79998779296875","2025-07-04 17:19:44.728100"
"scroll","","403.20001220703125","2025-07-04 17:19:44.746200"
"scroll","","412","2025-07-04 17:19:44.761700"
"scroll","","420.79998779296875","2025-07-04 17:19:44.778700"
"scroll","","428.79998779296875","2025-07-04 17:19:44.795600"
"scroll","","436","2025-07-04 17:19:44.811200"
"scroll","","443.20001220703125","2025-07-04 17:19:44.827800"
"scroll","","450.3999938964844","2025-07-04 17:19:44.844800"
"scroll","","456","2025-07-04 17:19:44.877100"
"scroll","","460.79998779296875","2025-07-04 17:19:44.893800"
"scroll","","467.20001220703125","2025-07-04 17:19:44.910400"
"scroll","","471.20001220703125","2025-07-04 17:19:44.927100"
"scroll","","476","2025-07-04 17:19:44.943600"
"scroll","","480","2025-07-04 17:19:44.960100"
"scroll","","480.79998779296875","2025-07-04 17:19:45.377500"
"scroll","","484","2025-07-04 17:19:45.393600"
"scroll","","488","2025-07-04 17:19:45.410500"
"scroll","","495.20001220703125","2025-07-04 17:19:45.427000"
"scroll","","500","2025-07-04 17:19:45.448600"
"scroll","","506.3999938964844","2025-07-04 17:19:45.461600"
"scroll","","515.2000122070312","2025-07-04 17:19:45.477900"
"scroll","","520.7999877929688","2025-07-04 17:19:45.494500"
"scroll","","528","2025-07-04 17:19:45.511800"
"scroll","","534.4000244140625","2025-07-04 17:19:45.528700"
"scroll","","536.7999877929688","2025-07-04 17:19:45.559700"
"scroll","","539.2000122070312","2025-07-04 17:19:45.576300"
"scroll","","540","2025-07-04 17:19:45.593600"
"scroll","","540.7999877929688","2025-07-04 17:19:45.609800"
"scroll","","563.2000122070312","2025-07-04 17:19:45.995300"
"scroll","","584","2025-07-04 17:19:46.012300"
"scroll","","592","2025-07-04 17:19:46.028500"
"scroll","","596","2025-07-04 17:19:46.044400"
"scroll","","599.2000122070312","2025-07-04 17:19:46.060600"
"scroll","","600","2025-07-04 17:19:46.144800"
"move","644","1057","2025-07-04 17:19:46.458000"
"move","633","1064","2025-07-04 17:19:46.477000"
"move","615","1075","2025-07-04 17:19:46.493300"
"move","588","1087","2025-07-04 17:19:46.510200"
"move","575","1091","2025-07-04 17:19:46.527400"
"move","552","1100","2025-07-04 17:19:46.544800"
"move","528","1106","2025-07-04 17:19:46.560700"
"move","518","1111","2025-07-04 17:19:46.576300"
"move","504","1117","2025-07-04 17:19:46.592600"
"move","498","1119","2025-07-04 17:19:46.609600"
"move","492","1121","2025-07-04 17:19:46.627800"
"move","487","1123","2025-07-04 17:19:46.646100"
"move","484","1123","2025-07-04 17:19:46.659900"
"move","482","1124","2025-07-04 17:19:46.676500"
"move","480","1125","2025-07-04 17:19:46.692700"
"move","479","1126","2025-07-04 17:19:46.709900"
"move","478","1126","2025-07-04 17:19:46.726100"
"move","476","1127","2025-07-04 17:19:46.745500"
"move","476","1126","2025-07-04 17:19:47.816200"
"move","477","1123","2025-07-04 17:19:47.825800"
"move","479","1116","2025-07-04 17:19:47.841900"
"move","479","1112","2025-07-04 17:19:47.858300"
"move","480","1109","2025-07-04 17:19:47.875200"
"move","480","1106","2025-07-04 17:19:47.892700"
"move","480","1104","2025-07-04 17:19:47.913400"
"move","480","1103","2025-07-04 17:19:47.925800"
"move","480","1102","2025-07-04 17:19:47.941500"
"move","480","1100","2025-07-04 17:19:47.967800"
"move","480","1099","2025-07-04 17:19:47.976300"
"move","481","1099","2025-07-04 17:19:47.997800"
"move","481","1098","2025-07-04 17:19:48.009700"
"move","482","1096","2025-07-04 17:19:48.026200"
"move","482","1095","2025-07-04 17:19:48.041900"
"move","483","1093","2025-07-04 17:19:48.058900"
"move","484","1091","2025-07-04 17:19:48.075400"
"move","484","1090","2025-07-04 17:19:48.092400"
"move","484","1088","2025-07-04 17:19:48.108900"
"move","485","1087","2025-07-04 17:19:48.125600"
"move","485","1085","2025-07-04 17:19:48.142700"
"move","485","1083","2025-07-04 17:19:48.159000"
"move","486","1083","2025-07-04 17:19:48.176900"
"move","486","1082","2025-07-04 17:19:48.192000"
"move","486","1081","2025-07-04 17:19:48.208100"
"move","486","1080","2025-07-04 17:19:48.235000"
"move","486","1079","2025-07-04 17:19:48.276000"
"move","487","1079","2025-07-04 17:19:48.309300"
"move","488","1079","2025-07-04 17:19:48.937000"
"move","493","1081","2025-07-04 17:19:48.960600"
"move","496","1085","2025-07-04 17:19:48.974700"
"move","501","1091","2025-07-04 17:19:48.993800"
"move","506","1095","2025-07-04 17:19:49.008000"
"move","512","1101","2025-07-04 17:19:49.024300"
"move","516","1104","2025-07-04 17:19:49.041300"
"move","525","1111","2025-07-04 17:19:49.058200"
"move","532","1114","2025-07-04 17:19:49.074500"
"move","538","1114","2025-07-04 17:19:49.091400"
"move","553","1113","2025-07-04 17:19:49.107500"
"move","563","1110","2025-07-04 17:19:49.124000"
"move","577","1107","2025-07-04 17:19:49.140600"
"move","583","1104","2025-07-04 17:19:49.157600"
"move","589","1102","2025-07-04 17:19:49.174100"
"move","599","1099","2025-07-04 17:19:49.190700"
"move","603","1096","2025-07-04 17:19:49.209200"
"move","606","1095","2025-07-04 17:19:49.224800"
"move","609","1095","2025-07-04 17:19:49.242100"
"move","610","1095","2025-07-04 17:19:49.258300"
"move","615","1094","2025-07-04 17:20:15.747900"
"move","634","1091","2025-07-04 17:20:15.770600"
"move","644","1091","2025-07-04 17:20:15.786900"
"move","654","1091","2025-07-04 17:20:15.803600"
"move","663","1091","2025-07-04 17:20:15.820900"
"move","672","1091","2025-07-04 17:20:15.836700"
"move","690","1091","2025-07-04 17:20:15.853700"
"move","697","1091","2025-07-04 17:20:15.871000"
"move","703","1091","2025-07-04 17:20:15.887200"
"move","716","1088","2025-07-04 17:20:15.903000"
"move","725","1085","2025-07-04 17:20:15.919900"
"move","736","1081","2025-07-04 17:20:15.936300"
"move","743","1077","2025-07-04 17:20:15.953100"
"move","749","1071","2025-07-04 17:20:15.970600"
"move","760","1061","2025-07-04 17:20:15.986400"
"move","768","1055","2025-07-04 17:20:16.003700"
"move","774","1048","2025-07-04 17:20:16.020800"
"move","783","1042","2025-07-04 17:20:16.036700"
"move","788","1039","2025-07-04 17:20:16.053000"
"move","795","1033","2025-07-04 17:20:16.069500"
"move","797","1030","2025-07-04 17:20:16.088100"
"move","802","1026","2025-07-04 17:20:16.103700"
"move","809","1021","2025-07-04 17:20:16.120900"
"move","812","1017","2025-07-04 17:20:16.136700"
"move","816","1015","2025-07-04 17:20:16.153300"
"move","818","1011","2025-07-04 17:20:16.169600"
"move","819","1011","2025-07-04 17:20:16.186400"
"move","820","1011","2025-07-04 17:20:16.204300"
"move","821","1010","2025-07-04 17:20:16.220600"
"move","818","1010","2025-07-04 17:20:16.270900"
"move","810","1010","2025-07-04 17:20:16.286700"
"move","798","1012","2025-07-04 17:20:16.302400"
"move","785","1019","2025-07-04 17:20:16.319700"
"move","779","1022","2025-07-04 17:20:16.337300"
"move","773","1025","2025-07-04 17:20:16.353600"
"move","769","1027","2025-07-04 17:20:16.371200"
"move","768","1027","2025-07-04 17:20:16.385800"
"move","766","1027","2025-07-04 17:20:16.402300"
"move","765","1027","2025-07-04 17:20:16.447900"
"move","764","1027","2025-07-04 17:20:16.485900"
"move","764","1026","2025-07-04 17:20:16.624600"
"move","764","1025","2025-07-04 17:20:16.636700"
"move","764","1023","2025-07-04 17:20:16.652300"
"move","764","1022","2025-07-04 17:20:16.669100"
"move","764","1021","2025-07-04 17:20:16.685500"
"move","764","1020","2025-07-04 17:20:16.701900"
"move","764","1019","2025-07-04 17:20:16.773300"
"move","765","1019","2025-07-04 17:20:16.799300"
"move","765","1018","2025-07-04 17:20:16.842100"
"move","766","1017","2025-07-04 17:20:16.885800"
"move","766","1016","2025-07-04 17:20:16.919300"
"move","767","1016","2025-07-04 17:20:16.935200"
"move","767","1016","2025-07-04 17:20:17.271300"
"move","767","1016","2025-07-04 17:20:17.321000"
"move","767","1016","2025-07-04 17:20:17.336900"
"click","767","1016","2025-07-04 17:20:17.439400"
"move","763","1019","2025-07-04 17:20:17.979100"
"move","752","1026","2025-07-04 17:20:17.989200"
"move","735","1032","2025-07-04 17:20:18.001700"
"move","722","1037","2025-07-04 17:20:18.018500"
"move","703","1041","2025-07-04 17:20:18.034700"
"move","678","1047","2025-07-04 17:20:18.051400"
"move","667","1050","2025-07-04 17:20:18.070400"
"move","650","1052","2025-07-04 17:20:18.085700"
"move","628","1059","2025-07-04 17:20:18.101700"
"move","617","1063","2025-07-04 17:20:18.118600"
"move","604","1067","2025-07-04 17:20:18.135000"
"move","596","1069","2025-07-04 17:20:18.152400"
"move","588","1070","2025-07-04 17:20:18.168000"
"move","583","1071","2025-07-04 17:20:18.185200"
"move","580","1071","2025-07-04 17:20:18.203000"
"move","584","1070","2025-07-04 17:20:19.089200"
"move","596","1067","2025-07-04 17:20:19.100800"
"move","623","1057","2025-07-04 17:20:19.117400"
"move","655","1045","2025-07-04 17:20:19.134900"
"move","674","1040","2025-07-04 17:20:19.151600"
"move","692","1033","2025-07-04 17:20:19.168000"
"move","704","1026","2025-07-04 17:20:19.184200"
"move","710","1018","2025-07-04 17:20:19.200900"
"scroll","","578.4000244140625","2025-07-04 17:20:19.390300"
"scroll","","520","2025-07-04 17:20:19.401900"
"scroll","","444.79998779296875","2025-07-04 17:20:19.419100"
"scroll","","330.3999938964844","2025-07-04 17:20:19.433900"
"scroll","","275.20001220703125","2025-07-04 17:20:19.450800"
"scroll","","264.79998779296875","2025-07-04 17:20:19.466700"
"scroll","","218.39999389648438","2025-07-04 17:20:19.500700"
"scroll","","183.1999969482422","2025-07-04 17:20:19.517700"
"scroll","","155.1999969482422","2025-07-04 17:20:19.533700"
"scroll","","131.1999969482422","2025-07-04 17:20:19.551800"
"scroll","","110.4000015258789","2025-07-04 17:20:19.567300"
"scroll","","92","2025-07-04 17:20:19.583900"
"scroll","","75.19999694824219","2025-07-04 17:20:19.600700"
"scroll","","60","2025-07-04 17:20:19.616900"
"scroll","","46.400001525878906","2025-07-04 17:20:19.634100"
"scroll","","32.79999923706055","2025-07-04 17:20:19.650500"
"scroll","","20","2025-07-04 17:20:19.670000"
"scroll","","8.800000190734863","2025-07-04 17:20:19.684200"
"scroll","","","2025-07-04 17:20:19.701700"
"move","719","415","2025-07-04 17:20:19.773300"
"move","816","405","2025-07-04 17:20:19.819400"
"move","864","405","2025-07-04 17:20:19.835500"
"move","908","412","2025-07-04 17:20:19.850900"
"move","933","419","2025-07-04 17:20:19.866700"
"move","966","431","2025-07-04 17:20:19.883500"
"move","987","439","2025-07-04 17:20:19.900200"
"move","1000","445","2025-07-04 17:20:19.916700"
"move","1016","457","2025-07-04 17:20:19.934200"
"move","1023","464","2025-07-04 17:20:19.951800"
"move","1030","476","2025-07-04 17:20:19.967000"
"move","1031","487","2025-07-04 17:20:19.985800"
"move","1031","491","2025-07-04 17:20:20.002600"
"scroll","","28.799999237060547","2025-07-04 17:20:20.204600"
"scroll","","91.19999694824219","2025-07-04 17:20:20.217800"
"scroll","","143.1999969482422","2025-07-04 17:20:20.233800"
"scroll","","222.39999389648438","2025-07-04 17:20:20.265800"
"scroll","","252","2025-07-04 17:20:20.282700"
"scroll","","275.20001220703125","2025-07-04 17:20:20.300800"
"scroll","","283.20001220703125","2025-07-04 17:20:20.315600"
"scroll","","292","2025-07-04 17:20:20.333400"
"scroll","","296.79998779296875","2025-07-04 17:20:20.351300"
"scroll","","300.79998779296875","2025-07-04 17:20:20.366600"
"scroll","","304","2025-07-04 17:20:20.383600"
"scroll","","307.20001220703125","2025-07-04 17:20:20.402200"
"scroll","","308.79998779296875","2025-07-04 17:20:20.418800"
"scroll","","310.3999938964844","2025-07-04 17:20:20.432800"
"scroll","","311.20001220703125","2025-07-04 17:20:20.450200"
"scroll","","312","2025-07-04 17:20:20.466800"
"scroll","","312.79998779296875","2025-07-04 17:20:20.483200"
"scroll","","314.3999938964844","2025-07-04 17:20:20.500200"
"scroll","","315.20001220703125","2025-07-04 17:20:20.534700"
"scroll","","316","2025-07-04 17:20:20.669500"
"scroll","","306.3999938964844","2025-07-04 17:20:20.749900"
"scroll","","295.20001220703125","2025-07-04 17:20:20.767700"
"scroll","","283.20001220703125","2025-07-04 17:20:20.784200"
"scroll","","276","2025-07-04 17:20:20.799600"
"scroll","","268","2025-07-04 17:20:20.816000"
"scroll","","264","2025-07-04 17:20:20.833500"
"scroll","","262.3999938964844","2025-07-04 17:20:20.851300"
"scroll","","260","2025-07-04 17:20:20.882200"
"scroll","","259.20001220703125","2025-07-04 17:20:20.899100"
"move","1031","742.2000122070312","2025-07-04 17:20:21.267000"
"move","1032","717.2000122070312","2025-07-04 17:20:21.283500"
"move","1033","680.2000122070312","2025-07-04 17:20:21.299900"
"move","1036","654.2000122070312","2025-07-04 17:20:21.316600"
"move","1036","630.2000122070312","2025-07-04 17:20:21.332400"
"move","1038","613.2000122070312","2025-07-04 17:20:21.349400"
"move","1040","599.2000122070312","2025-07-04 17:20:21.366100"
"move","1042","585.2000122070312","2025-07-04 17:20:21.383500"
"move","1044","574.2000122070312","2025-07-04 17:20:21.400800"
"move","1046","566.2000122070312","2025-07-04 17:20:21.416600"
"move","1046","562.2000122070312","2025-07-04 17:20:21.432800"
"move","1049","552.2000122070312","2025-07-04 17:20:21.449400"
"move","1052","542.2000122070312","2025-07-04 17:20:21.465700"
"move","1055","534.2000122070312","2025-07-04 17:20:21.482300"
"move","1057","526.2000122070312","2025-07-04 17:20:21.498700"
"move","1059","521.2000122070312","2025-07-04 17:20:21.515700"
"move","1060","518.2000122070312","2025-07-04 17:20:21.533100"
"move","1067","506.20001220703125","2025-07-04 17:20:21.550500"
"move","1071","493.20001220703125","2025-07-04 17:20:21.565700"
"move","1078","468.20001220703125","2025-07-04 17:20:21.582800"
"move","1082","453.20001220703125","2025-07-04 17:20:21.599100"
"move","1090","423.20001220703125","2025-07-04 17:20:21.615400"
"move","1094","403.20001220703125","2025-07-04 17:20:21.631900"
"move","1100","386.20001220703125","2025-07-04 17:20:21.648700"
"move","1105","367.20001220703125","2025-07-04 17:20:21.667000"
"move","1112","354.20001220703125","2025-07-04 17:20:21.681900"
"move","1116","350.20001220703125","2025-07-04 17:20:21.698800"
"move","1119","346.20001220703125","2025-07-04 17:20:21.715300"
"move","1120","344.20001220703125","2025-07-04 17:20:21.731600"
"move","1120","343.20001220703125","2025-07-04 17:20:21.749000"
"move","1120","342.20001220703125","2025-07-04 17:20:21.777500"
"move","1121","342.20001220703125","2025-07-04 17:20:21.813500"
"move","1120","346.20001220703125","2025-07-04 17:20:22.269000"
"move","1120","348.20001220703125","2025-07-04 17:20:22.281100"
"move","1117","362.20001220703125","2025-07-04 17:20:22.298800"
"move","1116","370.20001220703125","2025-07-04 17:20:22.316000"
"move","1115","385.20001220703125","2025-07-04 17:20:22.332200"
"move","1114","415.20001220703125","2025-07-04 17:20:22.349900"
"move","1112","438.20001220703125","2025-07-04 17:20:22.365200"
"move","1111","480.20001220703125","2025-07-04 17:20:22.381400"
"move","1107","510.20001220703125","2025-07-04 17:20:22.398800"
"move","1104","537.2000122070312","2025-07-04 17:20:22.414600"
"move","1102","577.2000122070312","2025-07-04 17:20:22.431600"
"move","1102","597.2000122070312","2025-07-04 17:20:22.448100"
"move","1102","606.2000122070312","2025-07-04 17:20:22.465700"
"move","1102","621.2000122070312","2025-07-04 17:20:22.483300"
"move","1102","625.2000122070312","2025-07-04 17:20:22.498500"
"move","1102","629.2000122070312","2025-07-04 17:20:22.516200"
"scroll","","272.79998779296875","2025-07-04 17:20:22.719900"
"scroll","","284","2025-07-04 17:20:22.748200"
"scroll","","298.3999938964844","2025-07-04 17:20:22.763800"
"scroll","","304.79998779296875","2025-07-04 17:20:22.780300"
"scroll","","312.79998779296875","2025-07-04 17:20:22.797000"
"scroll","","318.3999938964844","2025-07-04 17:20:22.813900"
"scroll","","322.3999938964844","2025-07-04 17:20:22.830500"
"scroll","","328","2025-07-04 17:20:22.846900"
"scroll","","331.20001220703125","2025-07-04 17:20:22.864000"
"scroll","","334.3999938964844","2025-07-04 17:20:22.880600"
"scroll","","336","2025-07-04 17:20:22.899100"
"scroll","","336.79998779296875","2025-07-04 17:20:22.914900"
"scroll","","338.3999938964844","2025-07-04 17:20:22.949900"
"scroll","","355.20001220703125","2025-07-04 17:20:23.248400"
"scroll","","366.3999938964844","2025-07-04 17:20:23.264800"
"scroll","","378.3999938964844","2025-07-04 17:20:23.282000"
"scroll","","386.3999938964844","2025-07-04 17:20:23.298100"
"scroll","","394.3999938964844","2025-07-04 17:20:23.314900"
"scroll","","400.79998779296875","2025-07-04 17:20:23.334300"
"scroll","","404","2025-07-04 17:20:23.348200"
"scroll","","406.3999938964844","2025-07-04 17:20:23.364000"
"scroll","","408","2025-07-04 17:20:23.397800"
"scroll","","408.79998779296875","2025-07-04 17:20:23.413900"
"scroll","","410.3999938964844","2025-07-04 17:20:23.481900"
"move","1102","782.3999938964844","2025-07-04 17:20:27.121200"
"move","1102","785.3999938964844","2025-07-04 17:20:27.131000"
"move","1102","791.3999938964844","2025-07-04 17:20:27.144600"
"move","1102","798.3999938964844","2025-07-04 17:20:27.161500"
"move","1102","809.3999938964844","2025-07-04 17:20:27.177700"
"move","1102","818.3999938964844","2025-07-04 17:20:27.194200"
"move","1102","830.3999938964844","2025-07-04 17:20:27.211100"
"move","1102","841.3999938964844","2025-07-04 17:20:27.229500"
"move","1102","849.3999938964844","2025-07-04 17:20:27.249900"
"move","1102","858.3999938964844","2025-07-04 17:20:27.265100"
"move","1102","872.3999938964844","2025-07-04 17:20:27.278400"
"move","1102","877.3999938964844","2025-07-04 17:20:27.295400"
"move","1102","885.3999938964844","2025-07-04 17:20:27.310600"
"move","1102","889.3999938964844","2025-07-04 17:20:27.328100"
"move","1102","892.3999938964844","2025-07-04 17:20:27.344000"
"move","1102","894.3999938964844","2025-07-04 17:20:27.360800"
"move","1102","895.3999938964844","2025-07-04 17:20:27.379000"
"move","1102","897.3999938964844","2025-07-04 17:20:27.394400"
"scroll","","411.20001220703125","2025-07-04 17:20:29.347700"
"scroll","","412","2025-07-04 17:20:29.443100"
"scroll","","412.79998779296875","2025-07-04 17:20:29.776600"
"scroll","","414.3999938964844","2025-07-04 17:20:29.810000"
"scroll","","415.20001220703125","2025-07-04 17:20:29.893900"
"scroll","","416","2025-07-04 17:20:30.308400"
"scroll","","416.79998779296875","2025-07-04 17:20:30.392800"
"scroll","","418.3999938964844","2025-07-04 17:20:34.690300"
"scroll","","420","2025-07-04 17:20:34.723200"
"scroll","","422.3999938964844","2025-07-04 17:20:34.739100"
"scroll","","424","2025-07-04 17:20:34.756100"
"scroll","","424.79998779296875","2025-07-04 17:20:34.773900"
"scroll","","427.20001220703125","2025-07-04 17:20:34.788000"
"scroll","","428","2025-07-04 17:20:34.821600"
"scroll","","428.79998779296875","2025-07-04 17:20:34.973200"
"scroll","","430.3999938964844","2025-07-04 17:20:36.008100"
"scroll","","432","2025-07-04 17:20:36.023800"
"scroll","","435.20001220703125","2025-07-04 17:20:36.037900"
"scroll","","436","2025-07-04 17:20:36.054500"
"scroll","","436.79998779296875","2025-07-04 17:20:36.072200"
"scroll","","439.20001220703125","2025-07-04 17:20:36.088300"
"scroll","","440","2025-07-04 17:20:36.105200"
"scroll","","440.79998779296875","2025-07-04 17:20:36.121200"
"scroll","","444.79998779296875","2025-07-04 17:20:36.137000"
"scroll","","447.20001220703125","2025-07-04 17:20:36.154100"
"scroll","","452.79998779296875","2025-07-04 17:20:36.170300"
"scroll","","456.79998779296875","2025-07-04 17:20:36.187600"
"scroll","","462.3999938964844","2025-07-04 17:20:36.206500"
"scroll","","471.20001220703125","2025-07-04 17:20:36.221100"
"scroll","","476.79998779296875","2025-07-04 17:20:36.237800"
"scroll","","484","2025-07-04 17:20:36.254100"
"scroll","","495.20001220703125","2025-07-04 17:20:36.270800"
"scroll","","500.79998779296875","2025-07-04 17:20:36.287400"
"scroll","","507.20001220703125","2025-07-04 17:20:36.304200"
"scroll","","510.3999938964844","2025-07-04 17:20:36.355800"
"scroll","","511.20001220703125","2025-07-04 17:20:36.371500"
"scroll","","512","2025-07-04 17:20:36.387400"
"scroll","","512.7999877929688","2025-07-04 17:20:36.421900"
"move","1102","1001.7999877929688","2025-07-04 17:20:36.733600"
"move","1100","1011.7999877929688","2025-07-04 17:20:36.754200"
"move","1099","1018.7999877929688","2025-07-04 17:20:36.770200"
"move","1097","1025.7999877929688","2025-07-04 17:20:36.787600"
"move","1096","1034.7999877929688","2025-07-04 17:20:36.803500"
"move","1093","1042.7999877929688","2025-07-04 17:20:36.820400"
"move","1092","1052.7999877929688","2025-07-04 17:20:36.838700"
"move","1089","1063.7999877929688","2025-07-04 17:20:36.855000"
"move","1088","1069.7999877929688","2025-07-04 17:20:36.871400"
"move","1086","1075.7999877929688","2025-07-04 17:20:36.887900"
"move","1085","1077.7999877929688","2025-07-04 17:20:36.903600"
"move","1084","1080.7999877929688","2025-07-04 17:20:36.920600"
"move","1084","1083.7999877929688","2025-07-04 17:20:36.937000"
"move","1084","1084.7999877929688","2025-07-04 17:20:36.954200"
"move","1084","1086.7999877929688","2025-07-04 17:20:36.972300"
"move","1084","1087.7999877929688","2025-07-04 17:20:36.987400"
"move","1084","1089.7999877929688","2025-07-04 17:20:37.004000"
"move","1084","1090.7999877929688","2025-07-04 17:20:37.020500"
"move","1083","1090.7999877929688","2025-07-04 17:20:37.037400"
"scroll","","514.4000244140625","2025-07-04 17:20:37.441700"
"scroll","","524.7999877929688","2025-07-04 17:20:37.456100"
"scroll","","539.2000122070312","2025-07-04 17:20:37.470500"
"scroll","","546.4000244140625","2025-07-04 17:20:37.487700"
"scroll","","550.4000244140625","2025-07-04 17:20:37.503500"
"scroll","","556.7999877929688","2025-07-04 17:20:37.519700"
"scroll","","560","2025-07-04 17:20:37.537100"
"scroll","","564","2025-07-04 17:20:37.569300"
"scroll","","566.4000244140625","2025-07-04 17:20:37.585700"
"scroll","","567.2000122070312","2025-07-04 17:20:37.602300"
"scroll","","568.7999877929688","2025-07-04 17:20:37.619900"
"scroll","","570.4000244140625","2025-07-04 17:20:37.636400"
"scroll","","572.7999877929688","2025-07-04 17:20:40.356400"
"scroll","","582.4000244140625","2025-07-04 17:20:40.368700"
"scroll","","596","2025-07-04 17:20:40.384900"
"scroll","","602.4000244140625","2025-07-04 17:20:40.400800"
"scroll","","607.2000122070312","2025-07-04 17:20:40.418200"
"scroll","","612","2025-07-04 17:20:40.435700"
"scroll","","614.4000244140625","2025-07-04 17:20:40.451600"
"scroll","","615.2000122070312","2025-07-04 17:20:40.468600"
"scroll","","618.4000244140625","2025-07-04 17:20:40.484500"
"scroll","","619.2000122070312","2025-07-04 17:20:40.500700"
"scroll","","620","2025-07-04 17:20:40.519000"
"scroll","","620.7999877929688","2025-07-04 17:20:40.550600"
"scroll","","622.4000244140625","2025-07-04 17:20:40.585500"
"scroll","","626.4000244140625","2025-07-04 17:20:41.321700"
"scroll","","632","2025-07-04 17:20:41.333400"
"scroll","","634.4000244140625","2025-07-04 17:20:41.350400"
"scroll","","636","2025-07-04 17:20:41.368000"
"scroll","","636.7999877929688","2025-07-04 17:20:41.384100"
"scroll","","638.4000244140625","2025-07-04 17:20:41.450500"
"move","1084","1216.4000244140625","2025-07-04 17:20:46.442200"
"move","1092","1216.4000244140625","2025-07-04 17:20:46.463500"
"move","1100","1216.4000244140625","2025-07-04 17:20:46.479200"
"move","1108","1216.4000244140625","2025-07-04 17:20:46.496200"
"move","1117","1215.4000244140625","2025-07-04 17:20:46.513500"
"move","1131","1213.4000244140625","2025-07-04 17:20:46.529600"
"move","1137","1213.4000244140625","2025-07-04 17:20:46.546900"
"move","1143","1213.4000244140625","2025-07-04 17:20:46.563400"
"move","1146","1213.4000244140625","2025-07-04 17:20:46.580800"
"move","1148","1213.4000244140625","2025-07-04 17:20:46.596100"
"move","1150","1213.4000244140625","2025-07-04 17:20:46.613700"
"scroll","","614.4000244140625","2025-07-04 17:20:46.902200"
"scroll","","580.7999877929688","2025-07-04 17:20:46.915400"
"scroll","","528.7999877929688","2025-07-04 17:20:46.929300"
"scroll","","496.79998779296875","2025-07-04 17:20:46.945300"
"scroll","","452","2025-07-04 17:20:46.962500"
"scroll","","444.79998779296875","2025-07-04 17:20:46.979300"
"scroll","","424.79998779296875","2025-07-04 17:20:47.012900"
"scroll","","411.20001220703125","2025-07-04 17:20:47.032200"
"scroll","","400","2025-07-04 17:20:47.048600"
"scroll","","391.20001220703125","2025-07-04 17:20:47.062300"
"scroll","","383.20001220703125","2025-07-04 17:20:47.081000"
"scroll","","376","2025-07-04 17:20:47.095300"
"scroll","","370.3999938964844","2025-07-04 17:20:47.113400"
"scroll","","364.79998779296875","2025-07-04 17:20:47.129300"
"scroll","","360","2025-07-04 17:20:47.147200"
"scroll","","356","2025-07-04 17:20:47.163100"
"scroll","","352.79998779296875","2025-07-04 17:20:47.179700"
"scroll","","348.79998779296875","2025-07-04 17:20:47.198000"
"scroll","","346.3999938964844","2025-07-04 17:20:47.211900"
"scroll","","344","2025-07-04 17:20:47.228500"
"scroll","","340.79998779296875","2025-07-04 17:20:47.247200"
"scroll","","339.20001220703125","2025-07-04 17:20:47.262400"
"scroll","","336.79998779296875","2025-07-04 17:20:47.279200"
"scroll","","335.20001220703125","2025-07-04 17:20:47.296000"
"scroll","","332.79998779296875","2025-07-04 17:20:47.312100"
"scroll","","332","2025-07-04 17:20:47.330000"
"scroll","","330.3999938964844","2025-07-04 17:20:47.346400"
"scroll","","328.79998779296875","2025-07-04 17:20:47.361900"
"scroll","","328","2025-07-04 17:20:47.379100"
"scroll","","327.20001220703125","2025-07-04 17:20:47.396200"
"scroll","","326.3999938964844","2025-07-04 17:20:47.412600"
"scroll","","324.79998779296875","2025-07-04 17:20:47.447100"
"scroll","","324","2025-07-04 17:20:47.460800"
"scroll","","323.20001220703125","2025-07-04 17:20:47.480100"
"scroll","","322.3999938964844","2025-07-04 17:20:47.495000"
"scroll","","320.79998779296875","2025-07-04 17:20:47.529300"
"move","1149","890.7999877929688","2025-07-04 17:20:47.628700"
"move","1144","867.7999877929688","2025-07-04 17:20:47.645400"
"move","1140","855.7999877929688","2025-07-04 17:20:47.662100"
"move","1138","847.7999877929688","2025-07-04 17:20:47.678700"
"move","1132","831.7999877929688","2025-07-04 17:20:47.695500"
"move","1128","822.7999877929688","2025-07-04 17:20:47.712000"
"move","1124","811.7999877929688","2025-07-04 17:20:47.728400"
"move","1122","805.7999877929688","2025-07-04 17:20:47.745300"
"move","1120","802.7999877929688","2025-07-04 17:20:47.762400"
"move","1120","799.7999877929688","2025-07-04 17:20:47.779100"
"move","1119","798.7999877929688","2025-07-04 17:20:47.796000"
"move","1118","795.7999877929688","2025-07-04 17:20:47.812400"
"move","1116","791.7999877929688","2025-07-04 17:20:47.828900"
"move","1115","787.7999877929688","2025-07-04 17:20:47.845200"
"move","1113","783.7999877929688","2025-07-04 17:20:47.861600"
"move","1113","781.7999877929688","2025-07-04 17:20:47.878800"
"move","1112","779.7999877929688","2025-07-04 17:20:47.896700"
"move","1112","775.7999877929688","2025-07-04 17:20:47.912800"
"move","1110","773.7999877929688","2025-07-04 17:20:47.928800"
"move","1110","772.7999877929688","2025-07-04 17:20:47.945600"
"move","1110","771.7999877929688","2025-07-04 17:20:47.962200"
"move","1109","769.7999877929688","2025-07-04 17:20:47.978400"
"move","1108","767.7999877929688","2025-07-04 17:20:47.994600"
"move","1108","766.7999877929688","2025-07-04 17:20:48.011700"
"move","1107","763.7999877929688","2025-07-04 17:20:48.028600"
"move","1106","762.7999877929688","2025-07-04 17:20:48.046200"
"move","1105","761.7999877929688","2025-07-04 17:20:48.063300"
"move","1104","759.7999877929688","2025-07-04 17:20:48.079500"
"move","1100","754.7999877929688","2025-07-04 17:20:48.095800"
"move","1096","747.7999877929688","2025-07-04 17:20:48.115100"
"move","1094","744.7999877929688","2025-07-04 17:20:48.128200"
"move","1092","742.7999877929688","2025-07-04 17:20:48.144800"
"move","1092","741.7999877929688","2025-07-04 17:20:48.163100"
"move","1089","739.7999877929688","2025-07-04 17:20:48.179700"
"move","1088","738.7999877929688","2025-07-04 17:20:48.195500"
"move","1087","737.7999877929688","2025-07-04 17:20:48.211800"
"move","1084","735.7999877929688","2025-07-04 17:20:48.227700"
"move","1083","734.7999877929688","2025-07-04 17:20:48.247500"
"move","1081","734.7999877929688","2025-07-04 17:20:48.262100"
"move","1081","733.7999877929688","2025-07-04 17:20:48.277800"
"move","1080","733.7999877929688","2025-07-04 17:20:48.310800"
"move","1079","733.7999877929688","2025-07-04 17:20:50.859300"
"move","1074","733.7999877929688","2025-07-04 17:20:50.875900"
"move","1067","735.7999877929688","2025-07-04 17:20:50.892600"
"move","1060","735.7999877929688","2025-07-04 17:20:50.909600"
"move","1056","735.7999877929688","2025-07-04 17:20:50.926200"
"move","1051","736.7999877929688","2025-07-04 17:20:50.947800"
"move","1049","736.7999877929688","2025-07-04 17:20:50.962100"
"move","1048","736.7999877929688","2025-07-04 17:20:50.976300"
"move","1047","736.7999877929688","2025-07-04 17:20:50.992500"
"move","1044","736.7999877929688","2025-07-04 17:20:51.009100"
"move","1043","736.7999877929688","2025-07-04 17:20:51.027300"
"move","1040","736.7999877929688","2025-07-04 17:20:51.042500"
"move","1037","735.7999877929688","2025-07-04 17:20:51.060900"
"move","1036","735.7999877929688","2025-07-04 17:20:51.076900"
"move","1031","733.7999877929688","2025-07-04 17:20:51.093800"
"move","1029","732.7999877929688","2025-07-04 17:20:51.109600"
"move","1028","731.7999877929688","2025-07-04 17:20:51.125900"
"move","1026","731.7999877929688","2025-07-04 17:20:51.142400"
"move","1024","728.7999877929688","2025-07-04 17:20:51.159500"
"move","1022","726.7999877929688","2025-07-04 17:20:51.176300"
"move","1021","725.7999877929688","2025-07-04 17:20:51.196000"
"move","1021","724.7999877929688","2025-07-04 17:20:51.212000"
"move","1020","724.7999877929688","2025-07-04 17:20:51.225700"
"move","1020","723.7999877929688","2025-07-04 17:20:51.242700"
"move","1019","723.7999877929688","2025-07-04 17:20:51.258900"
"move","1019","721.7999877929688","2025-07-04 17:20:51.275300"
"move","1019","719.7999877929688","2025-07-04 17:20:51.293300"
"move","1018","717.7999877929688","2025-07-04 17:20:51.310200"
"move","1017","715.7999877929688","2025-07-04 17:20:51.327500"
"move","1017","714.7999877929688","2025-07-04 17:20:51.344700"
"move","1017","713.7999877929688","2025-07-04 17:20:51.360700"
"move","1017","712.7999877929688","2025-07-04 17:20:51.375300"
"move","1017","711.7999877929688","2025-07-04 17:20:51.405900"
"move","1017","710.7999877929688","2025-07-04 17:20:51.483900"
"move","1017","709.7999877929688","2025-07-04 17:20:51.525100"
"move","1017","708.7999877929688","2025-07-04 17:20:51.575500"
"move","1017","707.7999877929688","2025-07-04 17:20:51.592600"
"move","1017","706.7999877929688","2025-07-04 17:20:51.608900"
"move","1017","700.7999877929688","2025-07-04 17:20:51.625300"
"move","1017","694.7999877929688","2025-07-04 17:20:51.642700"
"move","1018","685.7999877929688","2025-07-04 17:20:51.658500"
"move","1020","670.7999877929688","2025-07-04 17:20:51.675200"
"move","1020","663.7999877929688","2025-07-04 17:20:51.693400"
"move","1024","638.7999877929688","2025-07-04 17:20:51.709100"
"move","1026","620.7999877929688","2025-07-04 17:20:51.726900"
"move","1027","605.7999877929688","2025-07-04 17:20:51.742000"
"move","1032","568.7999877929688","2025-07-04 17:20:51.758600"
"move","1033","551.7999877929688","2025-07-04 17:20:51.776100"
"move","1038","531.7999877929688","2025-07-04 17:20:51.791500"
"move","1046","498.79998779296875","2025-07-04 17:20:51.808600"
"move","1055","469.79998779296875","2025-07-04 17:20:51.829600"
"move","1059","448.79998779296875","2025-07-04 17:20:51.843100"
"move","1060","443.79998779296875","2025-07-04 17:20:51.861000"
"move","1060","441.79998779296875","2025-07-04 17:20:51.875000"
"move","1060","440.79998779296875","2025-07-04 17:20:51.893400"
"move","1061","440.79998779296875","2025-07-04 17:20:51.909000"
"move","1061","441.79998779296875","2025-07-04 17:20:51.924900"
"move","1064","436.79998779296875","2025-07-04 17:20:52.215000"
"move","1065","431.79998779296875","2025-07-04 17:20:52.227400"
"move","1069","423.79998779296875","2025-07-04 17:20:52.241700"
"move","1076","414.79998779296875","2025-07-04 17:20:52.258200"
"move","1083","404.79998779296875","2025-07-04 17:20:52.275200"
"move","1089","394.79998779296875","2025-07-04 17:20:52.291300"
"move","1092","388.79998779296875","2025-07-04 17:20:52.308000"
"move","1095","386.79998779296875","2025-07-04 17:20:52.325600"
"move","1096","383.79998779296875","2025-07-04 17:20:52.341600"
"move","1097","380.79998779296875","2025-07-04 17:20:52.358800"
"move","1098","379.79998779296875","2025-07-04 17:20:52.375100"
"move","1098","378.79998779296875","2025-07-04 17:20:52.391400"
"move","1098","377.79998779296875","2025-07-04 17:20:52.408400"
"move","1099","375.79998779296875","2025-07-04 17:20:52.424600"
"move","1100","374.79998779296875","2025-07-04 17:20:52.441900"
"move","1101","371.79998779296875","2025-07-04 17:20:52.458300"
"move","1101","370.79998779296875","2025-07-04 17:20:52.475200"
"move","1101","368.79998779296875","2025-07-04 17:20:52.491200"
"move","1102","367.79998779296875","2025-07-04 17:20:52.507800"
"move","1102","366.79998779296875","2025-07-04 17:20:52.531100"
"move","1102","365.79998779296875","2025-07-04 17:20:52.541300"
"move","1102","364.79998779296875","2025-07-04 17:20:52.560500"
"move","1102","363.79998779296875","2025-07-04 17:20:52.579900"
"move","1104","361.79998779296875","2025-07-04 17:20:52.624200"
"move","1104","358.79998779296875","2025-07-04 17:20:52.641000"
"move","1104","355.79998779296875","2025-07-04 17:20:52.657200"
"move","1104","354.79998779296875","2025-07-04 17:20:52.681400"
"move","1104","353.79998779296875","2025-07-04 17:20:52.698100"
"move","1104","351.79998779296875","2025-07-04 17:20:52.740600"
"move","1104","350.79998779296875","2025-07-04 17:20:52.845800"
"move","1105","350.79998779296875","2025-07-04 17:20:52.951000"
"move","1105","350.79998779296875","2025-07-04 17:20:53.309500"
"move","1105","350.79998779296875","2025-07-04 17:20:53.326600"
"click","1105","350.79998779296875","2025-07-04 17:20:53.378400"
"move","1106","355.79998779296875","2025-07-04 17:20:53.829900"
"move","1108","363.79998779296875","2025-07-04 17:20:53.840000"
"move","1111","388.79998779296875","2025-07-04 17:20:53.856800"
"move","1112","406.79998779296875","2025-07-04 17:20:53.874300"
"move","1112","422.79998779296875","2025-07-04 17:20:53.890900"
"move","1112","456.79998779296875","2025-07-04 17:20:53.907200"
"move","1110","478.79998779296875","2025-07-04 17:20:53.923700"
"move","1108","493.79998779296875","2025-07-04 17:20:53.940100"
"move","1101","526.7999877929688","2025-07-04 17:20:53.956600"
"move","1097","539.7999877929688","2025-07-04 17:20:53.973300"
"move","1088","566.7999877929688","2025-07-04 17:20:53.990000"
"move","1080","586.7999877929688","2025-07-04 17:20:54.008300"
"move","1073","597.7999877929688","2025-07-04 17:20:54.024200"
"move","1067","613.7999877929688","2025-07-04 17:20:54.041200"
"move","1058","633.7999877929688","2025-07-04 17:20:54.058400"
"move","1052","643.7999877929688","2025-07-04 17:20:54.074100"
"move","1048","650.7999877929688","2025-07-04 17:20:54.090800"
"move","1048","652.7999877929688","2025-07-04 17:20:54.108100"
"move","1045","655.7999877929688","2025-07-04 17:20:54.123100"
"move","1042","659.7999877929688","2025-07-04 17:20:54.140800"
"move","1037","662.7999877929688","2025-07-04 17:20:54.156900"
"move","1029","668.7999877929688","2025-07-04 17:20:54.174700"
"move","1024","674.7999877929688","2025-07-04 17:20:54.190500"
"move","1017","679.7999877929688","2025-07-04 17:20:54.207000"
"move","1006","688.7999877929688","2025-07-04 17:20:54.224200"
"move","996","695.7999877929688","2025-07-04 17:20:54.239700"
"move","978","704.7999877929688","2025-07-04 17:20:54.256400"
"move","951","719.7999877929688","2025-07-04 17:20:54.274000"
"move","934","729.7999877929688","2025-07-04 17:20:54.291000"
"move","904","747.7999877929688","2025-07-04 17:20:54.307300"
"move","840","776.7999877929688","2025-07-04 17:20:54.324900"
"move","800","795.7999877929688","2025-07-04 17:20:54.341200"
"move","750","830.7999877929688","2025-07-04 17:20:54.358200"
"move","733","839.7999877929688","2025-07-04 17:20:54.373200"
"move","724","845.7999877929688","2025-07-04 17:20:54.389700"
"move","714","851.7999877929688","2025-07-04 17:20:54.407000"
"scroll","","322.3999938964844","2025-07-04 17:20:54.646100"
"scroll","","332","2025-07-04 17:20:54.656900"
"scroll","","430.3999938964844","2025-07-04 17:20:54.672900"
"scroll","","511.20001220703125","2025-07-04 17:20:54.690800"
"scroll","","644.7999877929688","2025-07-04 17:20:54.709500"
"scroll","","735.2000122070312","2025-07-04 17:20:54.723000"
"scroll","","754.4000244140625","2025-07-04 17:20:54.739900"
"scroll","","755.2000122070312","2025-07-04 17:20:54.756300"
"scroll","","812","2025-07-04 17:20:54.772900"
"scroll","","856.7999877929688","2025-07-04 17:20:54.790300"
"scroll","","892.7999877929688","2025-07-04 17:20:54.807200"
"scroll","","923.2000122070312","2025-07-04 17:20:54.823500"
"scroll","","951.2000122070312","2025-07-04 17:20:54.839800"
"scroll","","975.2000122070312","2025-07-04 17:20:54.856100"
"scroll","","996.7999877929688","2025-07-04 17:20:54.872500"
"scroll","","1016.7999877929688","2025-07-04 17:20:54.889200"
"scroll","","1036","2025-07-04 17:20:54.906900"
"scroll","","1054.4000244140625","2025-07-04 17:20:54.923200"
"scroll","","1070.4000244140625","2025-07-04 17:20:54.940100"
"scroll","","1084","2025-07-04 17:20:54.956200"
"scroll","","1099.199951171875","2025-07-04 17:20:54.974100"
"scroll","","1112","2025-07-04 17:20:54.989400"
"scroll","","1124","2025-07-04 17:20:55.007600"
"scroll","","1136","2025-07-04 17:20:55.022400"
"scroll","","1168","2025-07-04 17:20:56.109800"
"scroll","","1215.199951171875","2025-07-04 17:20:56.125900"
"scroll","","1288","2025-07-04 17:20:56.138800"
"scroll","","1318.4000244140625","2025-07-04 17:20:56.156700"
"scroll","","1355.199951171875","2025-07-04 17:20:56.172800"
"scroll","","1392.800048828125","2025-07-04 17:20:56.206200"
"scroll","","1420","2025-07-04 17:20:56.222000"
"scroll","","1443.199951171875","2025-07-04 17:20:56.239100"
"scroll","","1460.800048828125","2025-07-04 17:20:56.255200"
"scroll","","1478.4000244140625","2025-07-04 17:20:56.272100"
"scroll","","1492","2025-07-04 17:20:56.289000"
"scroll","","1504.800048828125","2025-07-04 17:20:56.305200"
"scroll","","1516.800048828125","2025-07-04 17:20:56.322100"
"scroll","","1528","2025-07-04 17:20:56.341300"
"scroll","","1536.800048828125","2025-07-04 17:20:56.355500"
"scroll","","1547.199951171875","2025-07-04 17:20:56.372500"
"scroll","","1555.199951171875","2025-07-04 17:20:56.388500"
"scroll","","1563.199951171875","2025-07-04 17:20:56.405300"
"scroll","","1570.4000244140625","2025-07-04 17:20:56.437700"
"scroll","","1576.800048828125","2025-07-04 17:20:56.454500"
"scroll","","1584","2025-07-04 17:20:56.471000"
"scroll","","1590.4000244140625","2025-07-04 17:20:56.487600"
"scroll","","1595.199951171875","2025-07-04 17:20:56.855300"
"scroll","","1604","2025-07-04 17:20:56.871600"
"scroll","","1611.199951171875","2025-07-04 17:20:56.888300"
"scroll","","1626.4000244140625","2025-07-04 17:20:56.904800"
"scroll","","1634.4000244140625","2025-07-04 17:20:56.921600"
"scroll","","1639.199951171875","2025-07-04 17:20:56.938600"
"scroll","","1643.199951171875","2025-07-04 17:20:56.954200"
"scroll","","1644","2025-07-04 17:20:56.971100"
"scroll","","1644.800048828125","2025-07-04 17:20:57.004900"
"scroll","","1646.4000244140625","2025-07-04 17:20:57.259700"
"scroll","","1644.800048828125","2025-07-04 17:20:57.557200"
"scroll","","1636.800048828125","2025-07-04 17:20:57.570500"
"scroll","","1628","2025-07-04 17:20:57.587000"
"scroll","","1615.199951171875","2025-07-04 17:20:57.604300"
"scroll","","1586.4000244140625","2025-07-04 17:20:57.621200"
"scroll","","1560.800048828125","2025-07-04 17:20:57.637700"
"scroll","","1539.199951171875","2025-07-04 17:20:57.653800"
"scroll","","1502.4000244140625","2025-07-04 17:20:57.671800"
"scroll","","1487.199951171875","2025-07-04 17:20:57.686700"
"scroll","","1475.199951171875","2025-07-04 17:20:57.704000"
"scroll","","1464","2025-07-04 17:20:57.720100"
"scroll","","1458.4000244140625","2025-07-04 17:20:57.737300"
"scroll","","1452.800048828125","2025-07-04 17:20:57.755100"
"scroll","","1450.4000244140625","2025-07-04 17:20:57.771400"
"scroll","","1448","2025-07-04 17:20:57.787300"
"scroll","","1444.800048828125","2025-07-04 17:20:57.803900"
"scroll","","1442.4000244140625","2025-07-04 17:20:57.821100"
"scroll","","1438.4000244140625","2025-07-04 17:20:57.837200"
"scroll","","1428.800048828125","2025-07-04 17:20:57.853400"
"scroll","","1424.800048828125","2025-07-04 17:20:57.870300"
"scroll","","1423.199951171875","2025-07-04 17:20:57.888000"
"scroll","","1419.199951171875","2025-07-04 17:20:57.920500"
"scroll","","1416.800048828125","2025-07-04 17:20:57.936600"
"scroll","","1416","2025-07-04 17:20:57.954300"
"scroll","","1415.199951171875","2025-07-04 17:20:57.970100"
"scroll","","1414.4000244140625","2025-07-04 17:20:58.071500"
"move","714","1943.4000244140625","2025-07-04 17:20:58.428600"
"move","720","1928.4000244140625","2025-07-04 17:20:58.453100"
"move","724","1921.4000244140625","2025-07-04 17:20:58.469700"
"move","727","1917.4000244140625","2025-07-04 17:20:58.486200"
"move","728","1914.4000244140625","2025-07-04 17:20:58.503700"
"move","730","1912.4000244140625","2025-07-04 17:20:58.520300"
"move","730","1911.4000244140625","2025-07-04 17:20:58.537200"
"scroll","","1418.4000244140625","2025-07-04 17:20:58.824400"
"scroll","","1422.4000244140625","2025-07-04 17:20:58.836100"
"scroll","","1424.800048828125","2025-07-04 17:20:58.853000"
"scroll","","1426.4000244140625","2025-07-04 17:20:58.870500"
"scroll","","1428","2025-07-04 17:20:58.888300"
"scroll","","1428.800048828125","2025-07-04 17:20:58.904000"
"scroll","","1431.199951171875","2025-07-04 17:20:58.919500"
"scroll","","1432.800048828125","2025-07-04 17:20:58.936100"
"scroll","","1435.199951171875","2025-07-04 17:20:58.953600"
"scroll","","1439.199951171875","2025-07-04 17:20:58.969400"
"scroll","","1440.800048828125","2025-07-04 17:20:58.987800"
"scroll","","1443.199951171875","2025-07-04 17:20:59.003100"
"scroll","","1444","2025-07-04 17:20:59.020300"
"scroll","","1444.800048828125","2025-07-04 17:20:59.104500"
"move","728","1941.800048828125","2025-07-04 17:21:00.857800"
"move","722","1941.800048828125","2025-07-04 17:21:00.868300"
"move","717","1941.800048828125","2025-07-04 17:21:00.884800"
"move","696","1940.800048828125","2025-07-04 17:21:00.901000"
"move","676","1937.800048828125","2025-07-04 17:21:00.917800"
"move","663","1934.800048828125","2025-07-04 17:21:00.936400"
"move","614","1924.800048828125","2025-07-04 17:21:00.952500"
"move","597","1919.800048828125","2025-07-04 17:21:00.968700"
"move","552","1911.800048828125","2025-07-04 17:21:00.985700"
"move","535","1906.800048828125","2025-07-04 17:21:01.001600"
"move","513","1890.800048828125","2025-07-04 17:21:01.018100"
"move","484","1869.800048828125","2025-07-04 17:21:01.034600"
"move","475","1859.800048828125","2025-07-04 17:21:01.051300"
"move","466","1850.800048828125","2025-07-04 17:21:01.070500"
"move","452","1830.800048828125","2025-07-04 17:21:01.086400"
"move","443","1817.800048828125","2025-07-04 17:21:01.102500"
"move","436","1810.800048828125","2025-07-04 17:21:01.118300"
"move","428","1800.800048828125","2025-07-04 17:21:01.135200"
"move","427","1795.800048828125","2025-07-04 17:21:01.151700"
"move","426","1793.800048828125","2025-07-04 17:21:01.167800"
"move","426","1792.800048828125","2025-07-04 17:21:01.201300"
"move","426","1791.800048828125","2025-07-04 17:21:01.259100"
"move","425","1788.800048828125","2025-07-04 17:21:01.324700"
"move","424","1787.800048828125","2025-07-04 17:21:01.334400"
"move","424","1776.800048828125","2025-07-04 17:21:01.352200"
"move","423","1772.800048828125","2025-07-04 17:21:01.369700"
"move","423","1768.800048828125","2025-07-04 17:21:01.385000"
"move","423","1764.800048828125","2025-07-04 17:21:01.401300"
"move","423","1761.800048828125","2025-07-04 17:21:01.418800"
"move","422","1758.800048828125","2025-07-04 17:21:01.434900"
"move","421","1756.800048828125","2025-07-04 17:21:01.450700"
"move","421","1755.800048828125","2025-07-04 17:21:01.467900"
"move","421","1753.800048828125","2025-07-04 17:21:01.484900"
"move","420","1753.800048828125","2025-07-04 17:21:01.501600"
"move","419","1752.800048828125","2025-07-04 17:21:01.940000"
"move","416","1752.800048828125","2025-07-04 17:21:01.950700"
"move","411","1751.800048828125","2025-07-04 17:21:01.967400"
"move","409","1751.800048828125","2025-07-04 17:21:01.984100"
"move","408","1750.800048828125","2025-07-04 17:21:02.000600"
"move","406","1750.800048828125","2025-07-04 17:21:02.017800"
"move","405","1750.800048828125","2025-07-04 17:21:02.040400"
"move","405","1749.800048828125","2025-07-04 17:21:02.060000"
"move","405","1748.800048828125","2025-07-04 17:21:02.114400"
"move","405","1747.800048828125","2025-07-04 17:21:02.151600"
"move","406","1746.800048828125","2025-07-04 17:21:02.168200"
"move","411","1744.800048828125","2025-07-04 17:21:02.188900"
"move","412","1743.800048828125","2025-07-04 17:21:02.200300"
"move","416","1741.800048828125","2025-07-04 17:21:02.219400"
"move","419","1741.800048828125","2025-07-04 17:21:02.234700"
"move","420","1739.800048828125","2025-07-04 17:21:02.250700"
"move","421","1739.800048828125","2025-07-04 17:21:02.267300"
"move","423","1739.800048828125","2025-07-04 17:21:02.283700"
"move","424","1739.800048828125","2025-07-04 17:21:02.334000"
"move","425","1739.800048828125","2025-07-04 17:21:02.402000"
"move","426","1739.800048828125","2025-07-04 17:21:03.266700"
"move","427","1739.800048828125","2025-07-04 17:21:03.294100"
"move","428","1739.800048828125","2025-07-04 17:21:03.308700"
"move","429","1739.800048828125","2025-07-04 17:21:03.329100"
"move","430","1739.800048828125","2025-07-04 17:21:03.343900"
"move","432","1739.800048828125","2025-07-04 17:21:03.352500"
"move","433","1739.800048828125","2025-07-04 17:21:03.371900"
"move","434","1739.800048828125","2025-07-04 17:21:03.383300"
"move","436","1739.800048828125","2025-07-04 17:21:03.399800"
"move","437","1739.800048828125","2025-07-04 17:21:03.427100"
"move","438","1739.800048828125","2025-07-04 17:21:03.448400"
"move","439","1739.800048828125","2025-07-04 17:21:03.477100"
"move","440","1739.800048828125","2025-07-04 17:21:03.491800"
"move","441","1739.800048828125","2025-07-04 17:21:03.532600"
"move","442","1739.800048828125","2025-07-04 17:21:03.548900"
"move","443","1739.800048828125","2025-07-04 17:21:03.565900"
"move","444","1739.800048828125","2025-07-04 17:21:03.583400"
"move","445","1739.800048828125","2025-07-04 17:21:03.638100"
"move","446","1739.800048828125","2025-07-04 17:21:03.653200"
"move","447","1739.800048828125","2025-07-04 17:21:03.679800"
"move","448","1739.800048828125","2025-07-04 17:21:03.688200"
"move","449","1739.800048828125","2025-07-04 17:21:03.710700"
"move","451","1739.800048828125","2025-07-04 17:21:03.738200"
"move","452","1739.800048828125","2025-07-04 17:21:03.750500"
"move","453","1738.800048828125","2025-07-04 17:21:03.778300"
"move","455","1738.800048828125","2025-07-04 17:21:03.816700"
"move","456","1738.800048828125","2025-07-04 17:21:03.833000"
"move","456","1737.800048828125","2025-07-04 17:21:03.849000"
"move","457","1736.800048828125","2025-07-04 17:21:03.871100"
"move","458","1736.800048828125","2025-07-04 17:21:03.882700"
"move","459","1736.800048828125","2025-07-04 17:21:03.904600"
"move","460","1736.800048828125","2025-07-04 17:21:03.915300"
"move","461","1736.800048828125","2025-07-04 17:21:03.941000"
"move","462","1736.800048828125","2025-07-04 17:21:03.954100"
"move","463","1736.800048828125","2025-07-04 17:21:03.969800"
"move","464","1736.800048828125","2025-07-04 17:21:03.998300"
"move","465","1736.800048828125","2025-07-04 17:21:04.054400"
"move","467","1736.800048828125","2025-07-04 17:21:04.074100"
"move","468","1736.800048828125","2025-07-04 17:21:04.123900"
"move","469","1736.800048828125","2025-07-04 17:21:04.228000"
"move","469","1735.800048828125","2025-07-04 17:21:08.891000"
"move","470","1734.800048828125","2025-07-04 17:21:08.899400"
"move","470","1733.800048828125","2025-07-04 17:21:08.912900"
"move","471","1731.800048828125","2025-07-04 17:21:08.931000"
"move","472","1729.800048828125","2025-07-04 17:21:08.945000"
"move","473","1727.800048828125","2025-07-04 17:21:08.961400"
"move","473","1726.800048828125","2025-07-04 17:21:08.978500"
"move","475","1724.800048828125","2025-07-04 17:21:08.995400"
"move","478","1719.800048828125","2025-07-04 17:21:09.012500"
"move","482","1715.800048828125","2025-07-04 17:21:09.029400"
"move","488","1708.800048828125","2025-07-04 17:21:09.046200"
"move","492","1703.800048828125","2025-07-04 17:21:09.061400"
"move","495","1699.800048828125","2025-07-04 17:21:09.078400"
"move","496","1695.800048828125","2025-07-04 17:21:09.095100"
"move","498","1694.800048828125","2025-07-04 17:21:09.112100"
"move","498","1693.800048828125","2025-07-04 17:21:09.129200"
"move","499","1692.800048828125","2025-07-04 17:21:09.145600"
"move","500","1691.800048828125","2025-07-04 17:21:09.162100"
"move","501","1691.800048828125","2025-07-04 17:21:09.179400"
"move","502","1690.800048828125","2025-07-04 17:21:09.195400"
"move","503","1689.800048828125","2025-07-04 17:21:09.214800"
"move","504","1689.800048828125","2025-07-04 17:21:09.228300"
"move","505","1688.800048828125","2025-07-04 17:21:09.245900"
"move","506","1688.800048828125","2025-07-04 17:21:09.262200"
"move","507","1688.800048828125","2025-07-04 17:21:09.284400"
"move","508","1688.800048828125","2025-07-04 17:21:09.304600"
"move","508","1689.800048828125","2025-07-04 17:21:09.718200"
"move","508","1690.800048828125","2025-07-04 17:21:09.727400"
"move","507","1693.800048828125","2025-07-04 17:21:09.744300"
"move","505","1695.800048828125","2025-07-04 17:21:09.761800"
"move","504","1696.800048828125","2025-07-04 17:21:09.778800"
"move","504","1698.800048828125","2025-07-04 17:21:09.795100"
"move","504","1700.800048828125","2025-07-04 17:21:09.811800"
"move","503","1701.800048828125","2025-07-04 17:21:09.838600"
"move","503","1703.800048828125","2025-07-04 17:21:09.860700"
"move","502","1703.800048828125","2025-07-04 17:21:09.889100"
"move","500","1705.800048828125","2025-07-04 17:21:09.911300"
"move","500","1706.800048828125","2025-07-04 17:21:09.927500"
"move","499","1707.800048828125","2025-07-04 17:21:09.944300"
"move","498","1707.800048828125","2025-07-04 17:21:09.960900"
"move","498","1708.800048828125","2025-07-04 17:21:09.977300"
"move","497","1709.800048828125","2025-07-04 17:21:09.995500"
"move","496","1711.800048828125","2025-07-04 17:21:10.011500"
"move","495","1711.800048828125","2025-07-04 17:21:10.041800"
"move","494","1713.800048828125","2025-07-04 17:21:10.077700"
"move","494","1714.800048828125","2025-07-04 17:21:10.140400"
"move","493","1714.800048828125","2025-07-04 17:21:10.178100"
"move","493","1715.800048828125","2025-07-04 17:21:10.231600"
"move","494","1714.800048828125","2025-07-04 17:21:17.907400"
"move","500","1710.800048828125","2025-07-04 17:21:17.923300"
"move","507","1707.800048828125","2025-07-04 17:21:17.938700"
"move","511","1703.800048828125","2025-07-04 17:21:17.954600"
"move","518","1699.800048828125","2025-07-04 17:21:17.971600"
"move","522","1695.800048828125","2025-07-04 17:21:17.988100"
"move","528","1691.800048828125","2025-07-04 17:21:18.005600"
"move","533","1688.800048828125","2025-07-04 17:21:18.021400"
"move","537","1687.800048828125","2025-07-04 17:21:18.038200"
"move","544","1683.800048828125","2025-07-04 17:21:18.054800"
"move","546","1681.800048828125","2025-07-04 17:21:18.071300"
"move","548","1681.800048828125","2025-07-04 17:21:18.087700"
"move","550","1680.800048828125","2025-07-04 17:21:18.104600"
"move","552","1680.800048828125","2025-07-04 17:21:18.123500"
"move","553","1680.800048828125","2025-07-04 17:21:18.153500"
"move","556","1680.800048828125","2025-07-04 17:21:18.172300"
"move","560","1687.800048828125","2025-07-04 17:21:18.188200"
"move","562","1697.800048828125","2025-07-04 17:21:18.204700"
"move","565","1720.800048828125","2025-07-04 17:21:18.221100"
"move","566","1736.800048828125","2025-07-04 17:21:18.238200"
"move","568","1757.800048828125","2025-07-04 17:21:18.255000"
"move","569","1769.800048828125","2025-07-04 17:21:18.271600"
"move","572","1787.800048828125","2025-07-04 17:21:18.287900"
"move","572","1795.800048828125","2025-07-04 17:21:18.304400"
"move","575","1803.800048828125","2025-07-04 17:21:18.320800"
"move","576","1807.800048828125","2025-07-04 17:21:18.337900"
"move","576","1809.800048828125","2025-07-04 17:21:18.355300"
"move","576","1811.800048828125","2025-07-04 17:21:18.371700"
"move","580","1810.800048828125","2025-07-04 17:21:18.672700"
"move","588","1807.800048828125","2025-07-04 17:21:18.689000"
"move","595","1803.800048828125","2025-07-04 17:21:18.704400"
"move","608","1798.800048828125","2025-07-04 17:21:18.721400"
"move","615","1795.800048828125","2025-07-04 17:21:18.738700"
"move","620","1793.800048828125","2025-07-04 17:21:18.754700"
"move","628","1791.800048828125","2025-07-04 17:21:18.770800"
"move","632","1789.800048828125","2025-07-04 17:21:18.789500"
"move","635","1787.800048828125","2025-07-04 17:21:18.805300"
"move","638","1787.800048828125","2025-07-04 17:21:18.821300"
"move","641","1786.800048828125","2025-07-04 17:21:18.837800"
"move","644","1784.800048828125","2025-07-04 17:21:18.854400"
"move","645","1784.800048828125","2025-07-04 17:21:18.870800"
"move","647","1784.800048828125","2025-07-04 17:21:18.887900"
"move","648","1784.800048828125","2025-07-04 17:21:18.903700"
"move","647","1786.800048828125","2025-07-04 17:21:33.021600"
"move","644","1788.800048828125","2025-07-04 17:21:33.030500"
"move","641","1791.800048828125","2025-07-04 17:21:33.043000"
"move","636","1798.800048828125","2025-07-04 17:21:33.059400"
"move","632","1801.800048828125","2025-07-04 17:21:33.077000"
"move","627","1807.800048828125","2025-07-04 17:21:33.093200"
"move","622","1811.800048828125","2025-07-04 17:21:33.110700"
"move","617","1815.800048828125","2025-07-04 17:21:33.126400"
"move","615","1817.800048828125","2025-07-04 17:21:33.142500"
"move","614","1818.800048828125","2025-07-04 17:21:33.160000"
"move","612","1819.800048828125","2025-07-04 17:21:33.176200"
"move","610","1821.800048828125","2025-07-04 17:21:33.193400"
"move","609","1821.800048828125","2025-07-04 17:21:33.209300"
"move","608","1822.800048828125","2025-07-04 17:21:33.227500"
"move","605","1822.800048828125","2025-07-04 17:21:33.243200"
"move","604","1823.800048828125","2025-07-04 17:21:33.260000"
"move","602","1823.800048828125","2025-07-04 17:21:33.276100"
"move","599","1823.800048828125","2025-07-04 17:21:33.293200"
"move","596","1823.800048828125","2025-07-04 17:21:33.309700"
"move","582","1826.800048828125","2025-07-04 17:21:33.326700"
"move","575","1827.800048828125","2025-07-04 17:21:33.342800"
"move","569","1827.800048828125","2025-07-04 17:21:33.359600"
"move","563","1827.800048828125","2025-07-04 17:21:33.376400"
"move","560","1827.800048828125","2025-07-04 17:21:33.393000"
"move","557","1827.800048828125","2025-07-04 17:21:33.409700"
"move","556","1827.800048828125","2025-07-04 17:21:33.426400"
"move","555","1827.800048828125","2025-07-04 17:21:33.443100"
"move","553","1827.800048828125","2025-07-04 17:21:33.459400"
"move","552","1827.800048828125","2025-07-04 17:21:33.509700"
"move","556","1827.800048828125","2025-07-04 17:21:34.180400"
"move","563","1825.800048828125","2025-07-04 17:21:34.191700"
"move","582","1823.800048828125","2025-07-04 17:21:34.208400"
"move","605","1820.800048828125","2025-07-04 17:21:34.226500"
"move","618","1816.800048828125","2025-07-04 17:21:34.242700"
"move","637","1813.800048828125","2025-07-04 17:21:34.259400"
"move","658","1807.800048828125","2025-07-04 17:21:34.277000"
"move","668","1803.800048828125","2025-07-04 17:21:34.292100"
"move","688","1794.800048828125","2025-07-04 17:21:34.308500"
"move","701","1787.800048828125","2025-07-04 17:21:34.325300"
"move","711","1783.800048828125","2025-07-04 17:21:34.343400"
"move","724","1774.800048828125","2025-07-04 17:21:34.358800"
"move","733","1766.800048828125","2025-07-04 17:21:34.375600"
"move","748","1755.800048828125","2025-07-04 17:21:34.392200"
"move","757","1747.800048828125","2025-07-04 17:21:34.409800"
"move","769","1738.800048828125","2025-07-04 17:21:34.434300"
"move","772","1735.800048828125","2025-07-04 17:21:34.443200"
"move","780","1729.800048828125","2025-07-04 17:21:34.460800"
"move","783","1727.800048828125","2025-07-04 17:21:34.475500"
"move","785","1726.800048828125","2025-07-04 17:21:34.493400"
"move","787","1723.800048828125","2025-07-04 17:21:34.509400"
"move","788","1722.800048828125","2025-07-04 17:21:34.525900"
"move","789","1717.800048828125","2025-07-04 17:21:34.542400"
"move","789","1714.800048828125","2025-07-04 17:21:34.559300"
"move","788","1706.800048828125","2025-07-04 17:21:34.575700"
"move","787","1703.800048828125","2025-07-04 17:21:34.591200"
"move","787","1702.800048828125","2025-07-04 17:21:34.608300"
"move","785","1700.800048828125","2025-07-04 17:21:34.625400"
"move","783","1700.800048828125","2025-07-04 17:21:34.641800"
"move","781","1699.800048828125","2025-07-04 17:21:34.657900"
"move","780","1699.800048828125","2025-07-04 17:21:34.675500"
"move","779","1699.800048828125","2025-07-04 17:21:34.691000"
"move","777","1699.800048828125","2025-07-04 17:21:34.707500"
"move","776","1699.800048828125","2025-07-04 17:21:34.727700"
"move","775","1699.800048828125","2025-07-04 17:21:34.807700"
"move","773","1699.800048828125","2025-07-04 17:21:34.824300"
"move","771","1698.800048828125","2025-07-04 17:21:34.841000"
"move","770","1698.800048828125","2025-07-04 17:21:34.858000"
"move","769","1698.800048828125","2025-07-04 17:21:34.875700"
"move","768","1696.800048828125","2025-07-04 17:21:34.891500"
"move","766","1696.800048828125","2025-07-04 17:21:34.941000"
"move","765","1696.800048828125","2025-07-04 17:21:34.968200"
"move","764","1696.800048828125","2025-07-04 17:21:35.013300"
"move","764","1696.800048828125","2025-07-04 17:21:35.295100"
"move","764","1696.800048828125","2025-07-04 17:21:35.340100"
"move","764","1696.800048828125","2025-07-04 17:21:35.425900"
"click","764","1696.800048828125","2025-07-04 17:21:35.446800"
"move","761","1700.800048828125","2025-07-04 17:21:35.739300"
"move","749","1719.800048828125","2025-07-04 17:21:35.757600"
"move","740","1730.800048828125","2025-07-04 17:21:35.775000"
"move","705","1760.800048828125","2025-07-04 17:21:35.792300"
"move","691","1778.800048828125","2025-07-04 17:21:35.808900"
"move","680","1790.800048828125","2025-07-04 17:21:35.824400"
"move","659","1805.800048828125","2025-07-04 17:21:35.840300"
"move","653","1809.800048828125","2025-07-04 17:21:35.857600"
"move","650","1811.800048828125","2025-07-04 17:21:35.873700"
"move","648","1813.800048828125","2025-07-04 17:21:35.890600"
"scroll","","1448","2025-07-04 17:21:36.170500"
"scroll","","1512.800048828125","2025-07-04 17:21:36.190900"
"scroll","","1568","2025-07-04 17:21:36.207500"
"scroll","","1640.800048828125","2025-07-04 17:21:36.223500"
"scroll","","1660.800048828125","2025-07-04 17:21:36.240800"
"scroll","","1684.800048828125","2025-07-04 17:21:36.257300"
"scroll","","1704","2025-07-04 17:21:36.291500"
"scroll","","1718.4000244140625","2025-07-04 17:21:36.307300"
"scroll","","1728.800048828125","2025-07-04 17:21:36.323500"
"scroll","","1736.800048828125","2025-07-04 17:21:36.339800"
"scroll","","1744.800048828125","2025-07-04 17:21:36.359000"
"scroll","","1751.199951171875","2025-07-04 17:21:36.373300"
"scroll","","1756.800048828125","2025-07-04 17:21:36.390400"
"scroll","","1762.4000244140625","2025-07-04 17:21:36.408100"
"scroll","","1766.4000244140625","2025-07-04 17:21:36.424000"
"scroll","","1770.4000244140625","2025-07-04 17:21:36.441400"
"scroll","","1774.4000244140625","2025-07-04 17:21:36.457000"
"scroll","","1776.800048828125","2025-07-04 17:21:36.473300"
"scroll","","1780","2025-07-04 17:21:36.490500"
"scroll","","1782.4000244140625","2025-07-04 17:21:36.507200"
"scroll","","1784.800048828125","2025-07-04 17:21:36.523800"
"scroll","","1787.199951171875","2025-07-04 17:21:36.540800"
"scroll","","1788.800048828125","2025-07-04 17:21:36.558000"
"scroll","","1790.4000244140625","2025-07-04 17:21:36.573700"
"scroll","","1792","2025-07-04 17:21:36.590600"
"scroll","","1792.800048828125","2025-07-04 17:21:36.606900"
"scroll","","1795.199951171875","2025-07-04 17:21:36.623600"
"scroll","","1796","2025-07-04 17:21:36.640500"
"scroll","","1796.800048828125","2025-07-04 17:21:36.657200"
"scroll","","1798.4000244140625","2025-07-04 17:21:36.674900"
"scroll","","1799.199951171875","2025-07-04 17:21:36.691000"
"scroll","","1800","2025-07-04 17:21:36.707800"
"scroll","","1800.800048828125","2025-07-04 17:21:36.741000"
"scroll","","1804","2025-07-04 17:21:37.042100"
"scroll","","1807.199951171875","2025-07-04 17:21:37.057100"
"scroll","","1808.800048828125","2025-07-04 17:21:37.074900"
"scroll","","1811.199951171875","2025-07-04 17:21:37.090700"
"scroll","","1812","2025-07-04 17:21:37.111300"
"scroll","","1812.800048828125","2025-07-04 17:21:37.139500"
"scroll","","1814.4000244140625","2025-07-04 17:21:37.208100"
"scroll","","1816","2025-07-04 17:21:37.223200"
"scroll","","1819.199951171875","2025-07-04 17:21:37.240700"
"scroll","","1822.4000244140625","2025-07-04 17:21:37.256400"
"scroll","","1824","2025-07-04 17:21:37.273100"
"scroll","","1826.4000244140625","2025-07-04 17:21:37.289600"
"scroll","","1832","2025-07-04 17:21:37.305800"
"scroll","","1838.4000244140625","2025-07-04 17:21:37.323100"
"scroll","","1844.800048828125","2025-07-04 17:21:37.341800"
"scroll","","1852.800048828125","2025-07-04 17:21:37.356500"
"scroll","","1856.800048828125","2025-07-04 17:21:37.373100"
"scroll","","1862.4000244140625","2025-07-04 17:21:37.391900"
"scroll","","1864.800048828125","2025-07-04 17:21:37.406000"
"scroll","","1866.4000244140625","2025-07-04 17:21:37.423200"
"scroll","","1867.199951171875","2025-07-04 17:21:37.439300"
"scroll","","1868","2025-07-04 17:21:37.492400"
"move","647","2238","2025-07-04 17:21:38.114100"
"move","646","2239","2025-07-04 17:21:38.123600"
"move","643","2240","2025-07-04 17:21:38.139900"
"move","638","2242","2025-07-04 17:21:38.157100"
"move","633","2245","2025-07-04 17:21:38.172800"
"move","631","2247","2025-07-04 17:21:38.189500"
"move","626","2248","2025-07-04 17:21:38.206200"
"move","623","2251","2025-07-04 17:21:38.222300"
"move","619","2254","2025-07-04 17:21:38.239300"
"move","612","2258","2025-07-04 17:21:38.255800"
"move","610","2261","2025-07-04 17:21:38.273100"
"move","602","2271","2025-07-04 17:21:38.289300"
"move","600","2274","2025-07-04 17:21:38.305900"
"scroll","","1868.800048828125","2025-07-04 17:21:39.459800"
"scroll","","1870.4000244140625","2025-07-04 17:21:39.472500"
"scroll","","1871.199951171875","2025-07-04 17:21:39.487600"
"scroll","","1872","2025-07-04 17:21:39.504300"
"scroll","","1872.800048828125","2025-07-04 17:21:39.590500"
"scroll","","1874.4000244140625","2025-07-04 17:21:39.690400"
"scroll","","1876","2025-07-04 17:21:39.705000"
"scroll","","1880","2025-07-04 17:21:39.721100"
"scroll","","1884","2025-07-04 17:21:39.739700"
"scroll","","1888","2025-07-04 17:21:39.754000"
"scroll","","1892.800048828125","2025-07-04 17:21:39.770500"
"scroll","","1895.199951171875","2025-07-04 17:21:39.787500"
"scroll","","1896","2025-07-04 17:21:39.806200"
"scroll","","1896.800048828125","2025-07-04 17:21:39.821100"
"scroll","","1898.4000244140625","2025-07-04 17:21:39.903900"
"scroll","","1903.199951171875","2025-07-04 17:21:40.055100"
"scroll","","1910.4000244140625","2025-07-04 17:21:40.071000"
"scroll","","1927.199951171875","2025-07-04 17:21:40.091400"
"scroll","","1944.800048828125","2025-07-04 17:21:40.107200"
"scroll","","1967.199951171875","2025-07-04 17:21:40.120800"
"scroll","","2003.199951171875","2025-07-04 17:21:40.137600"
"scroll","","2020.800048828125","2025-07-04 17:21:40.170000"
"scroll","","2028","2025-07-04 17:21:40.187000"
"scroll","","2030.4000244140625","2025-07-04 17:21:40.203300"
"scroll","","2036","2025-07-04 17:21:40.225000"
"scroll","","2040.800048828125","2025-07-04 17:21:40.237200"
"scroll","","2044","2025-07-04 17:21:40.253600"
"scroll","","2046.4000244140625","2025-07-04 17:21:40.271800"
"scroll","","2048","2025-07-04 17:21:40.287900"
"scroll","","2048.800048828125","2025-07-04 17:21:40.303900"
"scroll","","2050.39990234375","2025-07-04 17:21:40.321100"
"scroll","","2051.199951171875","2025-07-04 17:21:40.338000"
"scroll","","2052","2025-07-04 17:21:40.370900"
"scroll","","2092.800048828125","2025-07-04 17:21:40.570300"
"scroll","","2126.39990234375","2025-07-04 17:21:40.587900"
"scroll","","2164","2025-07-04 17:21:40.604500"
"scroll","","2222.39990234375","2025-07-04 17:21:40.620600"
"scroll","","2250.39990234375","2025-07-04 17:21:40.637000"
"scroll","","2264","2025-07-04 17:21:40.653700"
"scroll","","2283.199951171875","2025-07-04 17:21:40.687300"
"scroll","","2296","2025-07-04 17:21:40.703400"
"scroll","","2307.199951171875","2025-07-04 17:21:40.720200"
"scroll","","2316","2025-07-04 17:21:40.738500"
"scroll","","2323.199951171875","2025-07-04 17:21:40.753900"
"scroll","","2330.39990234375","2025-07-04 17:21:40.770700"
"scroll","","2335.199951171875","2025-07-04 17:21:40.787200"
"scroll","","2340","2025-07-04 17:21:40.803200"
"scroll","","2344","2025-07-04 17:21:40.820400"
"scroll","","2348","2025-07-04 17:21:40.837700"
"scroll","","2352","2025-07-04 17:21:40.854000"
"scroll","","2355.199951171875","2025-07-04 17:21:40.872200"
"scroll","","2358.39990234375","2025-07-04 17:21:40.887200"
"scroll","","2360","2025-07-04 17:21:40.903800"
"scroll","","2362.39990234375","2025-07-04 17:21:40.920000"
"scroll","","2364","2025-07-04 17:21:40.936700"
"scroll","","2366.39990234375","2025-07-04 17:21:40.954600"
"scroll","","2368","2025-07-04 17:21:40.970600"
"scroll","","2368.800048828125","2025-07-04 17:21:40.987000"
"scroll","","2376","2025-07-04 17:21:41.371400"
"scroll","","2395.199951171875","2025-07-04 17:21:41.386300"
"scroll","","2408","2025-07-04 17:21:41.405000"
"scroll","","2416","2025-07-04 17:21:41.420600"
"scroll","","2426.39990234375","2025-07-04 17:21:41.438200"
"scroll","","2432.800048828125","2025-07-04 17:21:41.452900"
"scroll","","2436.800048828125","2025-07-04 17:21:41.469700"
"scroll","","2440","2025-07-04 17:21:41.504900"
"scroll","","2442.39990234375","2025-07-04 17:21:41.519700"
"scroll","","2443.199951171875","2025-07-04 17:21:41.538600"
"scroll","","2444","2025-07-04 17:21:41.553400"
"scroll","","2444.800048828125","2025-07-04 17:21:41.635900"
"move","599","2854.800048828125","2025-07-04 17:21:41.912400"
"move","585","2876.800048828125","2025-07-04 17:21:41.936500"
"move","573","2897.800048828125","2025-07-04 17:21:41.953700"
"move","562","2917.800048828125","2025-07-04 17:21:41.971700"
"move","553","2935.800048828125","2025-07-04 17:21:41.985800"
"move","546","2947.800048828125","2025-07-04 17:21:42.002900"
"move","537","2960.800048828125","2025-07-04 17:21:42.018900"
"move","536","2963.800048828125","2025-07-04 17:21:42.036000"
"scroll","","2458.39990234375","2025-07-04 17:21:42.307800"
"scroll","","2483.199951171875","2025-07-04 17:21:42.319800"
"scroll","","2492.800048828125","2025-07-04 17:21:42.336000"
"scroll","","2503.199951171875","2025-07-04 17:21:42.352400"
"scroll","","2512","2025-07-04 17:21:42.368700"
"scroll","","2516","2025-07-04 17:21:42.387100"
"scroll","","2519.199951171875","2025-07-04 17:21:42.402000"
"scroll","","2522.39990234375","2025-07-04 17:21:42.438700"
"scroll","","2524","2025-07-04 17:21:42.452300"
"scroll","","2524.800048828125","2025-07-04 17:21:42.485000"
"scroll","","2526.39990234375","2025-07-04 17:21:42.501200"
"move","533","3045.39990234375","2025-07-04 17:21:42.943800"
"move","525","3045.39990234375","2025-07-04 17:21:42.968200"
"move","519","3045.39990234375","2025-07-04 17:21:42.985200"
"move","504","3045.39990234375","2025-07-04 17:21:43.002700"
"move","493","3045.39990234375","2025-07-04 17:21:43.019100"
"move","488","3045.39990234375","2025-07-04 17:21:43.035600"
"move","480","3045.39990234375","2025-07-04 17:21:43.051500"
"move","476","3045.39990234375","2025-07-04 17:21:43.068100"
"move","469","3045.39990234375","2025-07-04 17:21:43.084700"
"move","466","3045.39990234375","2025-07-04 17:21:43.102200"
"move","461","3045.39990234375","2025-07-04 17:21:43.118800"
"move","460","3045.39990234375","2025-07-04 17:21:43.135200"
"move","459","3044.39990234375","2025-07-04 17:21:43.152100"
"move","457","3044.39990234375","2025-07-04 17:21:43.168300"
"move","456","3044.39990234375","2025-07-04 17:21:43.218100"
"move","456","3043.39990234375","2025-07-04 17:21:43.380000"
"move","456","3042.39990234375","2025-07-04 17:21:43.436100"
"move","456","3041.39990234375","2025-07-04 17:21:43.484200"
"move","455","3040.39990234375","2025-07-04 17:21:43.507800"
"move","454","3039.39990234375","2025-07-04 17:21:43.518400"
"move","452","3035.39990234375","2025-07-04 17:21:43.537900"
"move","446","3020.39990234375","2025-07-04 17:21:43.558600"
"move","444","3013.39990234375","2025-07-04 17:21:43.568900"
"move","437","2999.39990234375","2025-07-04 17:21:43.584700"
"move","436","2993.39990234375","2025-07-04 17:21:43.601600"
"move","433","2990.39990234375","2025-07-04 17:21:43.618400"
"move","430","2986.39990234375","2025-07-04 17:21:43.634700"
"move","429","2985.39990234375","2025-07-04 17:21:43.651400"
"move","427","2983.39990234375","2025-07-04 17:21:43.668900"
"move","425","2981.39990234375","2025-07-04 17:21:43.686000"
"move","424","2979.39990234375","2025-07-04 17:21:43.702200"
"move","423","2975.39990234375","2025-07-04 17:21:43.718500"
"move","421","2973.39990234375","2025-07-04 17:21:43.734400"
"move","418","2966.39990234375","2025-07-04 17:21:43.754500"
"move","416","2962.39990234375","2025-07-04 17:21:43.768600"
"move","415","2958.39990234375","2025-07-04 17:21:43.787300"
"move","414","2957.39990234375","2025-07-04 17:21:43.807900"
"move","414","2956.39990234375","2025-07-04 17:21:43.853700"
"move","416","2955.39990234375","2025-07-04 17:21:43.906900"
"move","417","2955.39990234375","2025-07-04 17:21:43.918500"
"move","421","2955.39990234375","2025-07-04 17:21:43.935200"
"move","424","2955.39990234375","2025-07-04 17:21:43.951400"
"move","426","2955.39990234375","2025-07-04 17:21:43.968100"
"move","429","2955.39990234375","2025-07-04 17:21:43.985000"
"move","430","2955.39990234375","2025-07-04 17:21:44.003800"
"move","432","2955.39990234375","2025-07-04 17:21:44.017300"
"move","433","2955.39990234375","2025-07-04 17:21:44.035100"
"move","434","2955.39990234375","2025-07-04 17:21:44.051800"
"move","435","2955.39990234375","2025-07-04 17:21:44.103800"
"move","436","2955.39990234375","2025-07-04 17:21:44.151000"
"move","437","2955.39990234375","2025-07-04 17:21:44.237000"
"move","438","2955.39990234375","2025-07-04 17:21:44.283700"
"move","439","2955.39990234375","2025-07-04 17:21:44.334700"
"move","440","2955.39990234375","2025-07-04 17:21:44.847300"
"move","441","2955.39990234375","2025-07-04 17:21:44.870100"
"move","442","2955.39990234375","2025-07-04 17:21:44.884600"
"move","444","2955.39990234375","2025-07-04 17:21:44.901000"
"move","446","2955.39990234375","2025-07-04 17:21:44.916900"
"move","447","2955.39990234375","2025-07-04 17:21:44.938800"
"move","448","2955.39990234375","2025-07-04 17:21:44.950400"
"move","449","2955.39990234375","2025-07-04 17:21:44.974400"
"move","450","2955.39990234375","2025-07-04 17:21:44.987700"
"move","451","2955.39990234375","2025-07-04 17:21:45.001500"
"move","452","2955.39990234375","2025-07-04 17:21:45.017800"
"move","454","2955.39990234375","2025-07-04 17:21:45.067400"
"move","455","2955.39990234375","2025-07-04 17:21:45.083000"
"move","456","2955.39990234375","2025-07-04 17:21:45.099800"
"move","457","2955.39990234375","2025-07-04 17:21:45.122000"
"move","458","2955.39990234375","2025-07-04 17:21:45.134400"
"move","459","2955.39990234375","2025-07-04 17:21:45.150900"
"move","460","2955.39990234375","2025-07-04 17:21:45.167100"
"move","461","2954.39990234375","2025-07-04 17:21:45.197300"
"move","463","2954.39990234375","2025-07-04 17:21:45.212500"
"move","464","2954.39990234375","2025-07-04 17:21:45.250500"
"move","465","2953.39990234375","2025-07-04 17:21:45.302100"
"move","466","2953.39990234375","2025-07-04 17:21:45.317700"
"move","467","2953.39990234375","2025-07-04 17:21:45.333100"
"move","468","2953.39990234375","2025-07-04 17:21:45.403600"
"move","469","2953.39990234375","2025-07-04 17:21:45.458100"
"move","471","2953.39990234375","2025-07-04 17:21:45.977800"
"move","477","2953.39990234375","2025-07-04 17:21:45.999200"
"move","480","2953.39990234375","2025-07-04 17:21:46.016800"
"move","484","2953.39990234375","2025-07-04 17:21:46.033300"
"move","488","2953.39990234375","2025-07-04 17:21:46.050200"
"move","491","2954.39990234375","2025-07-04 17:21:46.067400"
"move","492","2956.39990234375","2025-07-04 17:21:46.082800"
"move","493","2956.39990234375","2025-07-04 17:21:46.100100"
"move","495","2956.39990234375","2025-07-04 17:21:46.120100"
"move","496","2956.39990234375","2025-07-04 17:21:46.132900"
"move","497","2956.39990234375","2025-07-04 17:21:46.237700"
"move","498","2956.39990234375","2025-07-04 17:21:46.475600"
"move","498","2957.39990234375","2025-07-04 17:21:49.172200"
"move","499","2957.39990234375","2025-07-04 17:21:54.680200"
"move","499","2958.39990234375","2025-07-04 17:22:14.569900"
"move","499","2959.39990234375","2025-07-04 17:22:14.624100"
"move","499","2961.39990234375","2025-07-04 17:22:14.661300"
"move","499","2962.39990234375","2025-07-04 17:22:14.677200"
"move","498","2964.39990234375","2025-07-04 17:22:14.694100"
"move","493","2969.39990234375","2025-07-04 17:22:14.710700"
"move","491","2971.39990234375","2025-07-04 17:22:14.727600"
"move","488","2973.39990234375","2025-07-04 17:22:14.743700"
"move","484","2977.39990234375","2025-07-04 17:22:14.760800"
"move","480","2978.39990234375","2025-07-04 17:22:14.777100"
"move","478","2980.39990234375","2025-07-04 17:22:14.793500"
"move","477","2981.39990234375","2025-07-04 17:22:14.811500"
"move","475","2983.39990234375","2025-07-04 17:22:14.827600"
"move","472","2985.39990234375","2025-07-04 17:22:14.843700"
"move","467","2986.39990234375","2025-07-04 17:22:14.861000"
"move","462","2989.39990234375","2025-07-04 17:22:14.877600"
"move","457","2992.39990234375","2025-07-04 17:22:14.893300"
"move","455","2993.39990234375","2025-07-04 17:22:14.910600"
"move","451","2997.39990234375","2025-07-04 17:22:14.926600"
"move","449","2998.39990234375","2025-07-04 17:22:14.943200"
"move","448","2999.39990234375","2025-07-04 17:22:14.961000"
"move","445","3001.39990234375","2025-07-04 17:22:14.977000"
"move","444","3001.39990234375","2025-07-04 17:22:14.994100"
"move","443","3004.39990234375","2025-07-04 17:22:15.010500"
"move","441","3006.39990234375","2025-07-04 17:22:15.028200"
"move","439","3007.39990234375","2025-07-04 17:22:15.043500"
"move","438","3010.39990234375","2025-07-04 17:22:15.060200"
"move","437","3011.39990234375","2025-07-04 17:22:15.076400"
"move","436","3013.39990234375","2025-07-04 17:22:15.093500"
"move","436","3016.39990234375","2025-07-04 17:22:15.110800"
"move","436","3018.39990234375","2025-07-04 17:22:15.127300"
"move","436","3023.39990234375","2025-07-04 17:22:15.143700"
"move","436","3029.39990234375","2025-07-04 17:22:15.160500"
"move","436","3032.39990234375","2025-07-04 17:22:15.177200"
"move","440","3037.39990234375","2025-07-04 17:22:15.193400"
"move","444","3040.39990234375","2025-07-04 17:22:15.209900"
"move","448","3043.39990234375","2025-07-04 17:22:15.226700"
"move","452","3045.39990234375","2025-07-04 17:22:15.244200"
"move","455","3045.39990234375","2025-07-04 17:22:15.261400"
"move","456","3046.39990234375","2025-07-04 17:22:15.277400"
"move","457","3046.39990234375","2025-07-04 17:22:15.293700"
"move","458","3046.39990234375","2025-07-04 17:22:15.310300"
"move","459","3046.39990234375","2025-07-04 17:22:15.326500"
"move","460","3046.39990234375","2025-07-04 17:22:15.376300"
"move","461","3046.39990234375","2025-07-04 17:22:15.393700"
"move","463","3046.39990234375","2025-07-04 17:22:15.411200"
"move","464","3046.39990234375","2025-07-04 17:22:15.426700"
"move","466","3046.39990234375","2025-07-04 17:22:15.443400"
"move","468","3046.39990234375","2025-07-04 17:22:15.460200"
"move","469","3046.39990234375","2025-07-04 17:22:15.479900"
"move","471","3046.39990234375","2025-07-04 17:22:15.493100"
"move","475","3046.39990234375","2025-07-04 17:22:15.509300"
"move","476","3046.39990234375","2025-07-04 17:22:15.527500"
"move","478","3046.39990234375","2025-07-04 17:22:15.544800"
"move","482","3046.39990234375","2025-07-04 17:22:15.565200"
"move","487","3046.39990234375","2025-07-04 17:22:15.579700"
"move","491","3046.39990234375","2025-07-04 17:22:15.593100"
"move","492","3046.39990234375","2025-07-04 17:22:15.610100"
"move","497","3046.39990234375","2025-07-04 17:22:20.072700"
"move","506","3045.39990234375","2025-07-04 17:22:20.090100"
"move","521","3041.39990234375","2025-07-04 17:22:20.106400"
"move","552","3033.39990234375","2025-07-04 17:22:20.122600"
"move","567","3029.39990234375","2025-07-04 17:22:20.138900"
"move","590","3025.39990234375","2025-07-04 17:22:20.155900"
"move","620","3018.39990234375","2025-07-04 17:22:20.173200"
"move","646","3011.39990234375","2025-07-04 17:22:20.189300"
"move","676","3004.39990234375","2025-07-04 17:22:20.207500"
"move","700","2999.39990234375","2025-07-04 17:22:20.224800"
"move","720","2993.39990234375","2025-07-04 17:22:20.244000"
"move","728","2991.39990234375","2025-07-04 17:22:20.256300"
"move","730","2990.39990234375","2025-07-04 17:22:20.272600"
"move","732","2989.39990234375","2025-07-04 17:22:20.289600"
"move","733","2989.39990234375","2025-07-04 17:22:20.306500"
"move","734","2986.39990234375","2025-07-04 17:22:20.629000"
"move","736","2974.39990234375","2025-07-04 17:22:20.643700"
"move","737","2966.39990234375","2025-07-04 17:22:20.655800"
"move","739","2960.39990234375","2025-07-04 17:22:20.673000"
"move","743","2949.39990234375","2025-07-04 17:22:20.694900"
"move","746","2938.39990234375","2025-07-04 17:22:20.705800"
"move","751","2929.39990234375","2025-07-04 17:22:20.722800"
"move","754","2924.39990234375","2025-07-04 17:22:20.738300"
"move","756","2918.39990234375","2025-07-04 17:22:20.754900"
"move","758","2917.39990234375","2025-07-04 17:22:20.773800"
"move","759","2916.39990234375","2025-07-04 17:22:20.803600"
"move","760","2916.39990234375","2025-07-04 17:22:20.817400"
"move","760","2914.39990234375","2025-07-04 17:22:20.838300"
"move","760","2913.39990234375","2025-07-04 17:22:20.871500"
"move","761","2913.39990234375","2025-07-04 17:22:20.893800"
"move","761","2912.39990234375","2025-07-04 17:22:20.938300"
"move","762","2912.39990234375","2025-07-04 17:22:20.955200"
"move","763","2912.39990234375","2025-07-04 17:22:21.637500"
"move","764","2912.39990234375","2025-07-04 17:22:21.666400"
"move","765","2912.39990234375","2025-07-04 17:22:21.779600"
"move","766","2912.39990234375","2025-07-04 17:22:21.820600"
"move","767","2912.39990234375","2025-07-04 17:22:21.838400"
"move","768","2912.39990234375","2025-07-04 17:22:21.854000"
"move","772","2912.39990234375","2025-07-04 17:22:21.870400"
"move","774","2912.39990234375","2025-07-04 17:22:21.887400"
"move","777","2912.39990234375","2025-07-04 17:22:21.908000"
"move","780","2913.39990234375","2025-07-04 17:22:21.920700"
"move","782","2913.39990234375","2025-07-04 17:22:21.937500"
"move","783","2913.39990234375","2025-07-04 17:22:21.953900"
"move","784","2913.39990234375","2025-07-04 17:22:21.970800"
"move","785","2913.39990234375","2025-07-04 17:22:22.039800"
"move","786","2913.39990234375","2025-07-04 17:22:22.054500"
"move","786","2914.39990234375","2025-07-04 17:22:22.103900"
"move","788","2914.39990234375","2025-07-04 17:22:22.120300"
"move","788","2914.39990234375","2025-07-04 17:22:22.390000"
"click","788","2914.39990234375","2025-07-04 17:22:22.576400"
"move","785","2919.39990234375","2025-07-04 17:22:22.858900"
"move","780","2924.39990234375","2025-07-04 17:22:22.869700"
"move","764","2938.39990234375","2025-07-04 17:22:22.886900"
"move","743","2956.39990234375","2025-07-04 17:22:22.903900"
"move","735","2962.39990234375","2025-07-04 17:22:22.920300"
"move","724","2971.39990234375","2025-07-04 17:22:22.937400"
"move","712","2980.39990234375","2025-07-04 17:22:22.954000"
"move","706","2985.39990234375","2025-07-04 17:22:22.971300"
"move","705","2985.39990234375","2025-07-04 17:22:22.987900"
"move","700","2989.39990234375","2025-07-04 17:22:23.003600"
"move","697","2992.39990234375","2025-07-04 17:22:23.022300"
"move","695","2996.39990234375","2025-07-04 17:22:23.038100"
"move","693","3000.39990234375","2025-07-04 17:22:23.055300"
"move","691","3002.39990234375","2025-07-04 17:22:23.070400"
"move","688","3009.39990234375","2025-07-04 17:22:23.086700"
"move","686","3013.39990234375","2025-07-04 17:22:23.103300"
"move","684","3016.39990234375","2025-07-04 17:22:23.119800"
"move","683","3017.39990234375","2025-07-04 17:22:23.136700"
"move","681","3020.39990234375","2025-07-04 17:22:23.154300"
"move","678","3026.39990234375","2025-07-04 17:22:23.170300"
"move","676","3029.39990234375","2025-07-04 17:22:23.187000"
"move","675","3032.39990234375","2025-07-04 17:22:23.203700"
"move","673","3035.39990234375","2025-07-04 17:22:23.221200"
"move","672","3037.39990234375","2025-07-04 17:22:23.237100"
"move","672","3039.39990234375","2025-07-04 17:22:23.254000"
"scroll","","2527.199951171875","2025-07-04 17:22:23.675300"
"scroll","","2531.199951171875","2025-07-04 17:22:23.688700"
"scroll","","2536","2025-07-04 17:22:23.703200"
"scroll","","2538.39990234375","2025-07-04 17:22:23.719800"
"scroll","","2540.800048828125","2025-07-04 17:22:23.737500"
"scroll","","2543.199951171875","2025-07-04 17:22:23.753500"
"scroll","","2544","2025-07-04 17:22:23.771400"
"scroll","","2544.800048828125","2025-07-04 17:22:23.804100"
"scroll","","2546.39990234375","2025-07-04 17:22:23.903300"
"move","674","3059.39990234375","2025-07-04 17:22:24.706700"
"move","676","3058.39990234375","2025-07-04 17:22:24.718700"
"move","687","3058.39990234375","2025-07-04 17:22:24.735300"
"move","696","3058.39990234375","2025-07-04 17:22:24.752200"
"move","702","3058.39990234375","2025-07-04 17:22:24.768600"
"move","710","3058.39990234375","2025-07-04 17:22:24.786600"
"move","714","3059.39990234375","2025-07-04 17:22:24.804100"
"move","724","3061.39990234375","2025-07-04 17:22:24.819300"
"move","728","3061.39990234375","2025-07-04 17:22:24.838300"
"move","733","3061.39990234375","2025-07-04 17:22:24.852800"
"move","740","3062.39990234375","2025-07-04 17:22:24.869100"
"move","743","3062.39990234375","2025-07-04 17:22:24.885300"
"move","746","3063.39990234375","2025-07-04 17:22:24.902000"
"move","754","3063.39990234375","2025-07-04 17:22:24.920100"
"move","759","3063.39990234375","2025-07-04 17:22:24.936800"
"move","766","3063.39990234375","2025-07-04 17:22:24.952900"
"move","776","3063.39990234375","2025-07-04 17:22:24.971400"
"move","781","3063.39990234375","2025-07-04 17:22:24.985200"
"move","786","3063.39990234375","2025-07-04 17:22:25.002100"
"move","788","3063.39990234375","2025-07-04 17:22:25.019000"
"move","789","3063.39990234375","2025-07-04 17:22:25.035300"
"move","792","3063.39990234375","2025-07-04 17:22:25.053400"
"move","793","3063.39990234375","2025-07-04 17:22:25.071700"
"move","795","3063.39990234375","2025-07-04 17:22:25.088900"
"move","796","3064.39990234375","2025-07-04 17:22:25.102200"
"move","798","3064.39990234375","2025-07-04 17:22:25.118700"
"move","800","3064.39990234375","2025-07-04 17:22:25.135400"
"move","804","3064.39990234375","2025-07-04 17:22:25.156300"
"move","807","3064.39990234375","2025-07-04 17:22:25.168300"
"move","812","3064.39990234375","2025-07-04 17:22:25.185500"
"move","814","3064.39990234375","2025-07-04 17:22:25.202100"
"move","817","3063.39990234375","2025-07-04 17:22:25.219400"
"move","821","3063.39990234375","2025-07-04 17:22:25.235300"
"move","825","3061.39990234375","2025-07-04 17:22:25.251600"
"move","829","3060.39990234375","2025-07-04 17:22:25.268800"
"move","832","3060.39990234375","2025-07-04 17:22:25.285000"
"move","834","3059.39990234375","2025-07-04 17:22:25.303700"
"move","838","3057.39990234375","2025-07-04 17:22:25.318700"
"move","840","3057.39990234375","2025-07-04 17:22:25.335600"
"move","844","3057.39990234375","2025-07-04 17:22:25.352300"
"move","848","3055.39990234375","2025-07-04 17:22:25.368500"
"move","852","3053.39990234375","2025-07-04 17:22:25.385100"
"move","856","3053.39990234375","2025-07-04 17:22:25.401400"
"move","858","3053.39990234375","2025-07-04 17:22:25.419500"
"move","860","3053.39990234375","2025-07-04 17:22:25.435700"
"move","864","3052.39990234375","2025-07-04 17:22:25.451500"
"move","868","3052.39990234375","2025-07-04 17:22:25.468600"
"move","870","3052.39990234375","2025-07-04 17:22:25.484900"
"move","873","3050.39990234375","2025-07-04 17:22:25.501300"
"move","876","3050.39990234375","2025-07-04 17:22:25.518000"
"move","880","3050.39990234375","2025-07-04 17:22:25.535700"
"move","885","3050.39990234375","2025-07-04 17:22:25.552800"
"move","891","3050.39990234375","2025-07-04 17:22:25.569200"
"move","896","3051.39990234375","2025-07-04 17:22:25.585600"
"move","902","3053.39990234375","2025-07-04 17:22:25.601700"
"move","907","3056.39990234375","2025-07-04 17:22:25.618100"
"move","914","3059.39990234375","2025-07-04 17:22:25.634500"
"move","916","3061.39990234375","2025-07-04 17:22:25.651900"
"move","918","3060.39990234375","2025-07-04 17:22:26.125000"
"move","920","3053.39990234375","2025-07-04 17:22:26.136100"
"move","922","3049.39990234375","2025-07-04 17:22:26.151700"
"move","926","3041.39990234375","2025-07-04 17:22:26.169100"
"move","927","3038.39990234375","2025-07-04 17:22:26.184700"
"move","929","3033.39990234375","2025-07-04 17:22:26.200800"
"move","932","3029.39990234375","2025-07-04 17:22:26.217100"
"move","932","3028.39990234375","2025-07-04 17:22:26.234000"
"move","932","3027.39990234375","2025-07-04 17:22:26.251700"
"move","932","3026.39990234375","2025-07-04 17:22:26.267600"
"move","932","3025.39990234375","2025-07-04 17:22:26.284800"
"move","932","3024.39990234375","2025-07-04 17:22:26.334200"
"move","932","3023.39990234375","2025-07-04 17:22:26.412900"
"move","932","3022.39990234375","2025-07-04 17:22:26.454900"
"move","932","3021.39990234375","2025-07-04 17:22:26.500400"
"move","931","3018.39990234375","2025-07-04 17:22:26.517800"
"move","929","3014.39990234375","2025-07-04 17:22:26.534200"
"move","928","3010.39990234375","2025-07-04 17:22:26.551700"
"move","927","3006.39990234375","2025-07-04 17:22:26.568100"
"move","926","3001.39990234375","2025-07-04 17:22:26.584700"
"move","925","2997.39990234375","2025-07-04 17:22:26.601500"
"move","924","2992.39990234375","2025-07-04 17:22:26.618400"
"move","924","2988.39990234375","2025-07-04 17:22:26.635100"
"move","924","2985.39990234375","2025-07-04 17:22:26.651000"
"move","924","2983.39990234375","2025-07-04 17:22:26.668100"
"move","924","2982.39990234375","2025-07-04 17:22:26.693400"
"move","924","2981.39990234375","2025-07-04 17:22:26.709900"
"move","924","2980.39990234375","2025-07-04 17:22:26.813200"
"move","924","2979.39990234375","2025-07-04 17:22:26.851600"
"move","925","2979.39990234375","2025-07-04 17:22:28.490900"
"move","929","2978.39990234375","2025-07-04 17:22:28.499400"
"move","936","2977.39990234375","2025-07-04 17:22:28.516500"
"move","940","2977.39990234375","2025-07-04 17:22:28.532900"
"move","947","2975.39990234375","2025-07-04 17:22:28.550100"
"move","952","2975.39990234375","2025-07-04 17:22:28.566400"
"move","958","2975.39990234375","2025-07-04 17:22:28.586200"
"move","960","2975.39990234375","2025-07-04 17:22:28.599200"
"move","964","2975.39990234375","2025-07-04 17:22:28.616400"
"move","967","2975.39990234375","2025-07-04 17:22:28.633000"
"move","968","2975.39990234375","2025-07-04 17:22:28.649500"
"move","970","2975.39990234375","2025-07-04 17:22:28.666300"
"move","971","2975.39990234375","2025-07-04 17:22:28.683500"
"move","972","2975.39990234375","2025-07-04 17:22:28.700000"
"move","973","2975.39990234375","2025-07-04 17:22:28.773600"
"move","974","2975.39990234375","2025-07-04 17:22:28.786700"
"move","975","2975.39990234375","2025-07-04 17:22:28.799500"
"move","977","2977.39990234375","2025-07-04 17:22:28.815700"
"move","979","2977.39990234375","2025-07-04 17:22:28.833700"
"move","983","2977.39990234375","2025-07-04 17:22:28.849200"
"move","985","2978.39990234375","2025-07-04 17:22:28.866900"
"move","988","2978.39990234375","2025-07-04 17:22:28.882600"
"move","992","2980.39990234375","2025-07-04 17:22:28.898700"
"move","993","2981.39990234375","2025-07-04 17:22:28.917100"
"move","996","2981.39990234375","2025-07-04 17:22:28.933400"
"move","999","2983.39990234375","2025-07-04 17:22:28.952000"
"move","1002","2984.39990234375","2025-07-04 17:22:28.966000"
"move","1005","2985.39990234375","2025-07-04 17:22:28.982500"
"move","1008","2985.39990234375","2025-07-04 17:22:28.998800"
"move","1010","2985.39990234375","2025-07-04 17:22:29.015600"
"move","1012","2985.39990234375","2025-07-04 17:22:29.031900"
"move","1012","2986.39990234375","2025-07-04 17:22:30.358800"
"move","1012","2988.39990234375","2025-07-04 17:22:30.382600"
"move","1011","2989.39990234375","2025-07-04 17:22:30.398500"
"move","1009","2993.39990234375","2025-07-04 17:22:30.415800"
"move","1008","2994.39990234375","2025-07-04 17:22:30.432400"
"move","1007","2996.39990234375","2025-07-04 17:22:30.447900"
"move","1006","2998.39990234375","2025-07-04 17:22:30.464300"
"move","1006","3000.39990234375","2025-07-04 17:22:30.481000"
"move","1006","3001.39990234375","2025-07-04 17:22:30.508100"
"move","1005","3001.39990234375","2025-07-04 17:22:30.519300"
"move","1004","3002.39990234375","2025-07-04 17:22:30.564900"
"move","1004","3004.39990234375","2025-07-04 17:22:30.581500"
"move","1004","3006.39990234375","2025-07-04 17:22:30.597500"
"move","1004","3007.39990234375","2025-07-04 17:22:30.614900"
"move","1004","3008.39990234375","2025-07-04 17:22:30.631500"
"move","1003","3010.39990234375","2025-07-04 17:22:30.648000"
"move","1003","3012.39990234375","2025-07-04 17:22:30.664500"
"move","1003","3013.39990234375","2025-07-04 17:22:30.681200"
"move","1003","3015.39990234375","2025-07-04 17:22:30.698100"
"move","1002","3017.39990234375","2025-07-04 17:22:30.714400"
"move","1002","3019.39990234375","2025-07-04 17:22:30.730900"
"move","1002","3021.39990234375","2025-07-04 17:22:30.747700"
"move","1002","3025.39990234375","2025-07-04 17:22:30.765400"
"move","1002","3028.39990234375","2025-07-04 17:22:30.781300"
"move","1002","3031.39990234375","2025-07-04 17:22:30.797800"
"move","1002","3032.39990234375","2025-07-04 17:22:30.814700"
"move","1002","3037.39990234375","2025-07-04 17:22:30.832100"
"move","1002","3038.39990234375","2025-07-04 17:22:30.847900"
"move","1001","3041.39990234375","2025-07-04 17:22:30.864600"
"move","1001","3043.39990234375","2025-07-04 17:22:30.880700"
"move","1001","3045.39990234375","2025-07-04 17:22:30.897700"
"move","1001","3048.39990234375","2025-07-04 17:22:30.915100"
"move","1001","3049.39990234375","2025-07-04 17:22:30.930700"
"move","1001","3052.39990234375","2025-07-04 17:22:30.948300"
"move","1000","3056.39990234375","2025-07-04 17:22:30.967300"
"move","1000","3058.39990234375","2025-07-04 17:22:30.980600"
"move","1000","3064.39990234375","2025-07-04 17:22:30.997200"
"move","1000","3067.39990234375","2025-07-04 17:22:31.013700"
"move","999","3070.39990234375","2025-07-04 17:22:31.030700"
"move","998","3075.39990234375","2025-07-04 17:22:31.048500"
"move","998","3077.39990234375","2025-07-04 17:22:31.065600"
"move","997","3078.39990234375","2025-07-04 17:22:31.081000"
"move","997","3081.39990234375","2025-07-04 17:22:31.097900"
"move","997","3083.39990234375","2025-07-04 17:22:31.114700"
"move","996","3086.39990234375","2025-07-04 17:22:31.130300"
"move","996","3089.39990234375","2025-07-04 17:22:31.157500"
"move","996","3092.39990234375","2025-07-04 17:22:31.181400"
"move","994","3093.39990234375","2025-07-04 17:22:31.201100"
"move","994","3094.39990234375","2025-07-04 17:22:31.214500"
"move","994","3095.39990234375","2025-07-04 17:22:31.230300"
"move","994","3096.39990234375","2025-07-04 17:22:31.247100"
"move","994","3097.39990234375","2025-07-04 17:22:31.272600"
"move","994","3098.39990234375","2025-07-04 17:22:31.314200"
"move","994","3099.39990234375","2025-07-04 17:22:31.333000"
"move","994","3100.39990234375","2025-07-04 17:22:31.348900"
"move","993","3101.39990234375","2025-07-04 17:22:31.363600"
"move","992","3102.39990234375","2025-07-04 17:22:31.380600"
"move","992","3105.39990234375","2025-07-04 17:22:31.396700"
"move","992","3106.39990234375","2025-07-04 17:22:31.418100"
"move","992","3107.39990234375","2025-07-04 17:22:31.440800"
"move","991","3107.39990234375","2025-07-04 17:22:31.453600"
"move","991","3108.39990234375","2025-07-04 17:22:31.465700"
"move","990","3109.39990234375","2025-07-04 17:22:31.530800"
"move","990","3110.39990234375","2025-07-04 17:22:31.553000"
"move","988","3111.39990234375","2025-07-04 17:22:31.596700"
"move","988","3112.39990234375","2025-07-04 17:22:31.613700"
"move","986","3113.39990234375","2025-07-04 17:22:31.629900"
"move","984","3113.39990234375","2025-07-04 17:22:31.646700"
"move","983","3114.39990234375","2025-07-04 17:22:31.664600"
"move","981","3114.39990234375","2025-07-04 17:22:31.681300"
"move","980","3116.39990234375","2025-07-04 17:22:31.697400"
"move","978","3116.39990234375","2025-07-04 17:22:31.713400"
"move","976","3117.39990234375","2025-07-04 17:22:31.730300"
"move","975","3117.39990234375","2025-07-04 17:22:31.754800"
"move","974","3117.39990234375","2025-07-04 17:22:31.797300"
"move","973","3117.39990234375","2025-07-04 17:22:31.825700"
"move","972","3117.39990234375","2025-07-04 17:22:31.909200"
"move","970","3121.39990234375","2025-07-04 17:22:32.407700"
"move","968","3125.39990234375","2025-07-04 17:22:32.430200"
"move","968","3128.39990234375","2025-07-04 17:22:32.446400"
"move","968","3129.39990234375","2025-07-04 17:22:32.464700"
"move","968","3130.39990234375","2025-07-04 17:22:32.486200"
"move","968","3132.39990234375","2025-07-04 17:22:32.496500"
"move","968","3133.39990234375","2025-07-04 17:22:32.515400"
"move","968","3134.39990234375","2025-07-04 17:22:32.591300"
"move","968","3135.39990234375","2025-07-04 17:22:32.601000"
"move","968","3136.39990234375","2025-07-04 17:22:32.613400"
"move","968","3137.39990234375","2025-07-04 17:22:32.629800"
"move","969","3139.39990234375","2025-07-04 17:22:32.646900"
"move","972","3141.39990234375","2025-07-04 17:22:32.662700"
"move","972","3142.39990234375","2025-07-04 17:22:32.679900"
"move","975","3145.39990234375","2025-07-04 17:22:32.695800"
"move","977","3145.39990234375","2025-07-04 17:22:32.712900"
"move","979","3147.39990234375","2025-07-04 17:22:32.730200"
"move","982","3147.39990234375","2025-07-04 17:22:32.747000"
"move","984","3147.39990234375","2025-07-04 17:22:32.763000"
"move","987","3147.39990234375","2025-07-04 17:22:32.779700"
"move","992","3147.39990234375","2025-07-04 17:22:32.800400"
"move","995","3147.39990234375","2025-07-04 17:22:32.813100"
"move","1000","3145.39990234375","2025-07-04 17:22:32.829700"
"move","1001","3144.39990234375","2025-07-04 17:22:32.846500"
"move","1006","3141.39990234375","2025-07-04 17:22:32.863200"
"move","1013","3129.39990234375","2025-07-04 17:22:32.879800"
"move","1018","3113.39990234375","2025-07-04 17:22:32.896900"
"move","1020","3097.39990234375","2025-07-04 17:22:32.913800"
"move","1021","3081.39990234375","2025-07-04 17:22:32.929400"
"move","1024","3069.39990234375","2025-07-04 17:22:32.946500"
"move","1024","3057.39990234375","2025-07-04 17:22:32.962900"
"move","1025","3049.39990234375","2025-07-04 17:22:32.979300"
"move","1027","3047.39990234375","2025-07-04 17:22:32.996300"
"move","1028","3041.39990234375","2025-07-04 17:22:33.013600"
"move","1029","3037.39990234375","2025-07-04 17:22:33.037100"
"move","1031","3032.39990234375","2025-07-04 17:22:33.047600"
"move","1033","3025.39990234375","2025-07-04 17:22:33.066600"
"move","1035","3019.39990234375","2025-07-04 17:22:33.079400"
"move","1036","3016.39990234375","2025-07-04 17:22:33.096200"
"move","1040","3007.39990234375","2025-07-04 17:22:33.112500"
"move","1041","3001.39990234375","2025-07-04 17:22:33.130400"
"move","1045","2995.39990234375","2025-07-04 17:22:33.145800"
"move","1047","2989.39990234375","2025-07-04 17:22:33.162700"
"move","1048","2986.39990234375","2025-07-04 17:22:33.180000"
"move","1052","2978.39990234375","2025-07-04 17:22:33.196700"
"move","1053","2973.39990234375","2025-07-04 17:22:33.212900"
"move","1055","2969.39990234375","2025-07-04 17:22:33.229100"
"move","1056","2964.39990234375","2025-07-04 17:22:33.245600"
"move","1056","2962.39990234375","2025-07-04 17:22:33.263000"
"move","1056","2961.39990234375","2025-07-04 17:22:33.279000"
"move","1056","2959.39990234375","2025-07-04 17:22:33.295900"
"move","1057","2958.39990234375","2025-07-04 17:22:33.313300"
"move","1057","2957.39990234375","2025-07-04 17:22:33.338200"
"move","1060","2957.39990234375","2025-07-04 17:22:33.405700"
"move","1061","2953.39990234375","2025-07-04 17:22:33.428900"
"move","1064","2950.39990234375","2025-07-04 17:22:33.446000"
"move","1067","2945.39990234375","2025-07-04 17:22:33.463300"
"move","1068","2943.39990234375","2025-07-04 17:22:33.480000"
"move","1070","2940.39990234375","2025-07-04 17:22:33.495200"
"move","1072","2938.39990234375","2025-07-04 17:22:33.511600"
"move","1072","2937.39990234375","2025-07-04 17:22:33.528100"
"move","1072","2936.39990234375","2025-07-04 17:22:33.547100"
"move","1073","2933.39990234375","2025-07-04 17:22:33.561900"
"move","1074","2933.39990234375","2025-07-04 17:22:33.578800"
"move","1074","2932.39990234375","2025-07-04 17:22:33.595100"
"move","1075","2932.39990234375","2025-07-04 17:22:33.615700"
"move","1075","2931.39990234375","2025-07-04 17:22:33.628600"
"move","1076","2931.39990234375","2025-07-04 17:22:33.645300"
"move","1076","2930.39990234375","2025-07-04 17:22:33.661400"
"move","1076","2929.39990234375","2025-07-04 17:22:33.680100"
"move","1077","2929.39990234375","2025-07-04 17:22:33.706200"
"move","1077","2928.39990234375","2025-07-04 17:22:33.756400"
"move","1077","2927.39990234375","2025-07-04 17:22:33.795800"
"move","1073","2929.39990234375","2025-07-04 17:22:37.041600"
"move","1060","2937.39990234375","2025-07-04 17:22:37.050500"
"move","1039","2944.39990234375","2025-07-04 17:22:37.061000"
"move","1000","2953.39990234375","2025-07-04 17:22:37.076100"
"move","932","2967.39990234375","2025-07-04 17:22:37.092200"
"move","876","2981.39990234375","2025-07-04 17:22:37.109500"
"move","800","3006.39990234375","2025-07-04 17:22:37.125700"
"move","767","3017.39990234375","2025-07-04 17:22:37.143400"
"move","737","3026.39990234375","2025-07-04 17:22:37.160200"
"move","712","3030.39990234375","2025-07-04 17:22:37.176300"
"move","709","3030.39990234375","2025-07-04 17:22:37.195000"
"move","708","3030.39990234375","2025-07-04 17:22:37.209400"
"move","705","3030.39990234375","2025-07-04 17:22:37.226100"
"move","704","3030.39990234375","2025-07-04 17:22:37.242700"
"move","704","3031.39990234375","2025-07-04 17:22:37.666700"
"move","704","3032.39990234375","2025-07-04 17:22:37.675200"
"move","704","3033.39990234375","2025-07-04 17:22:37.692700"
"move","704","3034.39990234375","2025-07-04 17:22:37.709000"
"move","705","3034.39990234375","2025-07-04 17:22:37.737200"
"move","705","3037.39990234375","2025-07-04 17:22:37.771100"
"move","706","3037.39990234375","2025-07-04 17:22:37.815100"
"move","706","3038.39990234375","2025-07-04 17:22:37.831500"
"move","706","3039.39990234375","2025-07-04 17:22:37.875100"
"move","706","3040.39990234375","2025-07-04 17:22:37.955100"
"move","707","3040.39990234375","2025-07-04 17:22:38.379000"
"move","708","3040.39990234375","2025-07-04 17:22:38.503300"
"move","708","3041.39990234375","2025-07-04 17:22:38.545400"
"move","709","3041.39990234375","2025-07-04 17:22:38.572800"
"move","710","3041.39990234375","2025-07-04 17:22:38.608700"
"move","710","3042.39990234375","2025-07-04 17:22:38.629500"
"move","711","3042.39990234375","2025-07-04 17:22:38.641800"
"scroll","","2548","2025-07-04 17:22:39.179300"
"scroll","","2548.800048828125","2025-07-04 17:22:39.191300"
"scroll","","2550.39990234375","2025-07-04 17:22:39.224600"
"scroll","","2551.199951171875","2025-07-04 17:22:39.274300"
"move","719","3044.199951171875","2025-07-04 17:22:39.725500"
"move","735","3037.199951171875","2025-07-04 17:22:39.741300"
"move","823","2984.199951171875","2025-07-04 17:22:39.791000"
"move","882","2961.199951171875","2025-07-04 17:22:39.807900"
"move","958","2934.199951171875","2025-07-04 17:22:39.824500"
"move","996","2924.199951171875","2025-07-04 17:22:39.842000"
"move","1040","2915.199951171875","2025-07-04 17:22:39.857500"
"move","1079","2909.199951171875","2025-07-04 17:22:39.875300"
"move","1095","2909.199951171875","2025-07-04 17:22:39.891500"
"move","1106","2909.199951171875","2025-07-04 17:22:39.907500"
"move","1108","2909.199951171875","2025-07-04 17:22:39.924200"
"move","1110","2909.199951171875","2025-07-04 17:22:39.941200"
"move","1108","2911.199951171875","2025-07-04 17:22:40.270800"
"move","1105","2913.199951171875","2025-07-04 17:22:40.279900"
"move","1101","2917.199951171875","2025-07-04 17:22:40.291900"
"move","1089","2926.199951171875","2025-07-04 17:22:40.310000"
"move","1078","2931.199951171875","2025-07-04 17:22:40.323300"
"move","1068","2938.199951171875","2025-07-04 17:22:40.340100"
"move","1058","2942.199951171875","2025-07-04 17:22:40.356500"
"move","1053","2945.199951171875","2025-07-04 17:22:40.373600"
"move","1049","2946.199951171875","2025-07-04 17:22:40.389900"
"move","1044","2949.199951171875","2025-07-04 17:22:40.406600"
"move","1038","2950.199951171875","2025-07-04 17:22:40.423900"
"move","1032","2954.199951171875","2025-07-04 17:22:40.440200"
"move","1030","2954.199951171875","2025-07-04 17:22:40.456800"
"move","1025","2956.199951171875","2025-07-04 17:22:40.474000"
"move","1020","2959.199951171875","2025-07-04 17:22:40.490500"
"move","1017","2960.199951171875","2025-07-04 17:22:40.507400"
"move","1014","2961.199951171875","2025-07-04 17:22:40.523800"
"move","1010","2962.199951171875","2025-07-04 17:22:40.540300"
"move","1008","2963.199951171875","2025-07-04 17:22:40.556900"
"move","1006","2963.199951171875","2025-07-04 17:22:40.575700"
"move","1005","2963.199951171875","2025-07-04 17:22:40.591200"
"move","1004","2963.199951171875","2025-07-04 17:22:40.606600"
"move","1003","2963.199951171875","2025-07-04 17:22:40.635700"
"move","1002","2963.199951171875","2025-07-04 17:22:40.707800"
"move","1004","2963.199951171875","2025-07-04 17:22:42.033400"
"move","1012","2963.199951171875","2025-07-04 17:22:42.055300"
"move","1016","2963.199951171875","2025-07-04 17:22:42.072100"
"move","1020","2963.199951171875","2025-07-04 17:22:42.089000"
"move","1024","2963.199951171875","2025-07-04 17:22:42.110500"
"move","1026","2963.199951171875","2025-07-04 17:22:42.123100"
"move","1028","2963.199951171875","2025-07-04 17:22:42.143000"
"move","1032","2963.199951171875","2025-07-04 17:22:42.157900"
"move","1035","2963.199951171875","2025-07-04 17:22:42.172100"
"move","1040","2962.199951171875","2025-07-04 17:22:42.188800"
"move","1044","2961.199951171875","2025-07-04 17:22:42.204800"
"move","1047","2960.199951171875","2025-07-04 17:22:42.222500"
"move","1053","2958.199951171875","2025-07-04 17:22:42.239200"
"move","1056","2958.199951171875","2025-07-04 17:22:42.260000"
"move","1057","2958.199951171875","2025-07-04 17:22:42.273500"
"move","1058","2958.199951171875","2025-07-04 17:22:42.289400"
"move","1059","2958.199951171875","2025-07-04 17:22:42.305700"
"move","1060","2958.199951171875","2025-07-04 17:22:42.328900"
"move","1061","2958.199951171875","2025-07-04 17:22:42.491300"
"move","1062","2958.199951171875","2025-07-04 17:22:42.587700"
"move","1063","2957.199951171875","2025-07-04 17:22:42.630200"
"move","1064","2955.199951171875","2025-07-04 17:22:42.657100"
"move","1066","2954.199951171875","2025-07-04 17:22:42.671900"
"move","1068","2950.199951171875","2025-07-04 17:22:42.688300"
"move","1069","2950.199951171875","2025-07-04 17:22:42.706300"
"move","1072","2948.199951171875","2025-07-04 17:22:42.721600"
"move","1073","2946.199951171875","2025-07-04 17:22:42.737900"
"move","1074","2946.199951171875","2025-07-04 17:22:42.755200"
"move","1076","2944.199951171875","2025-07-04 17:22:42.771600"
"move","1077","2944.199951171875","2025-07-04 17:22:42.822500"
"move","1078","2943.199951171875","2025-07-04 17:22:42.837900"
"move","1078","2942.199951171875","2025-07-04 17:22:42.868700"
"move","1079","2942.199951171875","2025-07-04 17:22:42.911400"
"move","1079","2943.199951171875","2025-07-04 17:22:43.367000"
"move","1079","2944.199951171875","2025-07-04 17:22:43.409800"
"move","1077","2945.199951171875","2025-07-04 17:22:43.454500"
"move","1078","2946.199951171875","2025-07-04 17:22:43.950400"
"move","1080","2947.199951171875","2025-07-04 17:22:43.964500"
"move","1085","2950.199951171875","2025-07-04 17:22:43.987000"
"move","1088","2951.199951171875","2025-07-04 17:22:44.003900"
"move","1089","2952.199951171875","2025-07-04 17:22:44.021800"
"move","1092","2953.199951171875","2025-07-04 17:22:44.039000"
"move","1094","2954.199951171875","2025-07-04 17:22:44.055200"
"move","1100","2957.199951171875","2025-07-04 17:22:44.070900"
"move","1103","2958.199951171875","2025-07-04 17:22:44.087500"
"move","1108","2959.199951171875","2025-07-04 17:22:44.103900"
"move","1114","2961.199951171875","2025-07-04 17:22:44.120300"
"move","1120","2963.199951171875","2025-07-04 17:22:44.137500"
"move","1123","2964.199951171875","2025-07-04 17:22:44.154100"
"move","1128","2966.199951171875","2025-07-04 17:22:44.171400"
"move","1134","2966.199951171875","2025-07-04 17:22:44.187300"
"move","1140","2968.199951171875","2025-07-04 17:22:44.204000"
"move","1145","2972.199951171875","2025-07-04 17:22:44.220900"
"move","1152","2976.199951171875","2025-07-04 17:22:44.237400"
"move","1160","2984.199951171875","2025-07-04 17:22:44.253900"
"move","1166","2990.199951171875","2025-07-04 17:22:44.270200"
"move","1172","2999.199951171875","2025-07-04 17:22:44.287600"
"move","1186","3018.199951171875","2025-07-04 17:22:44.303400"
"move","1190","3029.199951171875","2025-07-04 17:22:44.320300"
"move","1197","3051.199951171875","2025-07-04 17:22:44.337200"
"move","1200","3064.199951171875","2025-07-04 17:22:44.353900"
"move","1202","3075.199951171875","2025-07-04 17:22:44.370300"
"move","1204","3085.199951171875","2025-07-04 17:22:44.387100"
"move","1204","3090.199951171875","2025-07-04 17:22:44.404200"
"move","1204","3091.199951171875","2025-07-04 17:22:44.422400"
"move","1203","3091.199951171875","2025-07-04 17:22:44.834200"
"move","1202","3091.199951171875","2025-07-04 17:22:44.843100"
"move","1201","3091.199951171875","2025-07-04 17:22:44.855700"
"move","1200","3091.199951171875","2025-07-04 17:22:44.871600"
"move","1198","3091.199951171875","2025-07-04 17:22:44.888500"
"move","1197","3091.199951171875","2025-07-04 17:22:44.941900"
"move","1196","3091.199951171875","2025-07-04 17:22:44.986400"
"move","1196","3092.199951171875","2025-07-04 17:22:47.334900"
"move","1194","3093.199951171875","2025-07-04 17:22:47.385000"
"move","1192","3094.199951171875","2025-07-04 17:22:47.401900"
"move","1191","3094.199951171875","2025-07-04 17:22:47.420400"
"move","1190","3095.199951171875","2025-07-04 17:22:47.438400"
"move","1188","3095.199951171875","2025-07-04 17:22:47.451200"
"move","1186","3096.199951171875","2025-07-04 17:22:47.468100"
"move","1185","3098.199951171875","2025-07-04 17:22:47.484600"
"move","1184","3098.199951171875","2025-07-04 17:22:47.506300"
"move","1183","3098.199951171875","2025-07-04 17:22:47.518800"
"move","1182","3098.199951171875","2025-07-04 17:22:47.539100"
"move","1181","3098.199951171875","2025-07-04 17:22:47.552000"
"move","1179","3098.199951171875","2025-07-04 17:22:47.569200"
"move","1176","3098.199951171875","2025-07-04 17:22:47.587600"
"move","1174","3099.199951171875","2025-07-04 17:22:47.601900"
"move","1173","3099.199951171875","2025-07-04 17:22:47.617500"
"move","1172","3099.199951171875","2025-07-04 17:22:47.634600"
"move","1168","3100.199951171875","2025-07-04 17:22:47.651200"
"move","1167","3100.199951171875","2025-07-04 17:22:47.667800"
"move","1166","3100.199951171875","2025-07-04 17:22:47.685200"
"move","1164","3100.199951171875","2025-07-04 17:22:47.702200"
"move","1163","3100.199951171875","2025-07-04 17:22:47.720000"
"move","1161","3100.199951171875","2025-07-04 17:22:47.734000"
"move","1160","3100.199951171875","2025-07-04 17:22:47.755300"
"move","1159","3100.199951171875","2025-07-04 17:22:47.806400"
"move","1159","3099.199951171875","2025-07-04 17:22:47.827100"
"move","1159","3098.199951171875","2025-07-04 17:22:47.867600"
"move","1157","3098.199951171875","2025-07-04 17:22:47.885000"
"move","1157","3097.199951171875","2025-07-04 17:22:48.403100"
"move","1157","3096.199951171875","2025-07-04 17:22:48.417600"
"move","1157","3095.199951171875","2025-07-04 17:22:48.467700"
"move","1157","3094.199951171875","2025-07-04 17:22:48.483800"
"move","1157","3093.199951171875","2025-07-04 17:22:48.500200"
"move","1157","3090.199951171875","2025-07-04 17:22:48.517700"
"move","1157","3089.199951171875","2025-07-04 17:22:48.533400"
"move","1158","3083.199951171875","2025-07-04 17:22:48.549900"
"move","1159","3080.199951171875","2025-07-04 17:22:48.567900"
"move","1160","3077.199951171875","2025-07-04 17:22:48.583400"
"move","1163","3072.199951171875","2025-07-04 17:22:48.602100"
"move","1164","3068.199951171875","2025-07-04 17:22:48.616800"
"move","1167","3063.199951171875","2025-07-04 17:22:48.634100"
"move","1168","3062.199951171875","2025-07-04 17:22:48.650100"
"move","1170","3059.199951171875","2025-07-04 17:22:48.667800"
"move","1171","3056.199951171875","2025-07-04 17:22:48.683100"
"move","1172","3054.199951171875","2025-07-04 17:22:48.700300"
"move","1172","3053.199951171875","2025-07-04 17:22:48.717400"
"move","1173","3049.199951171875","2025-07-04 17:22:48.734500"
"move","1173","3048.199951171875","2025-07-04 17:22:48.750900"
"move","1173","3046.199951171875","2025-07-04 17:22:48.768200"
"move","1173","3044.199951171875","2025-07-04 17:22:48.783700"
"move","1173","3043.199951171875","2025-07-04 17:22:48.800300"
"move","1173","3042.199951171875","2025-07-04 17:22:48.817300"
"move","1173","3041.199951171875","2025-07-04 17:22:48.833900"
"move","1173","3040.199951171875","2025-07-04 17:22:48.850200"
"move","1173","3038.199951171875","2025-07-04 17:22:48.867300"
"move","1172","3037.199951171875","2025-07-04 17:22:48.892300"
"move","1172","3035.199951171875","2025-07-04 17:22:48.917100"
"move","1171","3034.199951171875","2025-07-04 17:22:48.934300"
"move","1169","3034.199951171875","2025-07-04 17:22:48.951100"
"move","1168","3033.199951171875","2025-07-04 17:22:48.966500"
"move","1168","3032.199951171875","2025-07-04 17:22:48.984000"
"move","1167","3031.199951171875","2025-07-04 17:22:49.000400"
"move","1166","3030.199951171875","2025-07-04 17:22:49.016000"
"move","1165","3030.199951171875","2025-07-04 17:22:49.043400"
"move","1165","3029.199951171875","2025-07-04 17:22:49.061500"
"move","1164","3029.199951171875","2025-07-04 17:22:49.110700"
"move","1164","3028.199951171875","2025-07-04 17:22:49.166100"
"move","1163","3028.199951171875","2025-07-04 17:22:49.223200"
"move","1163","3026.199951171875","2025-07-04 17:22:49.292300"
"move","1162","3026.199951171875","2025-07-04 17:22:49.349800"
"move","1161","3026.199951171875","2025-07-04 17:22:49.366500"
"move","1160","3026.199951171875","2025-07-04 17:22:49.390600"
"move","1160","3025.199951171875","2025-07-04 17:22:49.433700"
"move","1159","3025.199951171875","2025-07-04 17:22:49.455000"
"move","1159","3025.199951171875","2025-07-04 17:22:49.683200"
"move","1159","3025.199951171875","2025-07-04 17:22:49.731900"
"click","1159","3025.199951171875","2025-07-04 17:22:49.872500"
"move","1158","3027.199951171875","2025-07-04 17:22:50.178900"
"move","1157","3033.199951171875","2025-07-04 17:22:50.199000"
"move","1157","3036.199951171875","2025-07-04 17:22:50.219100"
"move","1156","3040.199951171875","2025-07-04 17:22:50.233000"
"move","1156","3043.199951171875","2025-07-04 17:22:50.249500"
"move","1156","3046.199951171875","2025-07-04 17:22:50.266600"
"move","1155","3047.199951171875","2025-07-04 17:22:50.284800"
"move","1155","3048.199951171875","2025-07-04 17:22:50.303500"
"move","1155","3050.199951171875","2025-07-04 17:22:50.320800"
"move","1155","3051.199951171875","2025-07-04 17:22:50.336300"
"move","1154","3052.199951171875","2025-07-04 17:22:50.351700"
"move","1154","3053.199951171875","2025-07-04 17:22:50.365500"
"move","1154","3054.199951171875","2025-07-04 17:22:50.423700"
"move","1154","3056.199951171875","2025-07-04 17:22:51.402100"
"move","1153","3056.199951171875","2025-07-04 17:22:51.415000"
"move","1152","3057.199951171875","2025-07-04 17:22:51.431000"
"move","1151","3058.199951171875","2025-07-04 17:22:51.447900"
"move","1148","3061.199951171875","2025-07-04 17:22:51.465700"
"move","1145","3063.199951171875","2025-07-04 17:22:51.481600"
"move","1144","3065.199951171875","2025-07-04 17:22:51.498300"
"move","1141","3066.199951171875","2025-07-04 17:22:51.514600"
"move","1140","3068.199951171875","2025-07-04 17:22:51.531400"
"move","1138","3070.199951171875","2025-07-04 17:22:51.548200"
"move","1137","3070.199951171875","2025-07-04 17:22:51.598300"
"move","1137","3071.199951171875","2025-07-04 17:22:51.614700"
"move","1136","3071.199951171875","2025-07-04 17:22:51.632400"
"move","1135","3072.199951171875","2025-07-04 17:22:51.758400"
"move","1118","3074.199951171875","2025-07-04 17:22:51.781500"
"move","1072","3080.199951171875","2025-07-04 17:22:51.798400"
"move","975","3085.199951171875","2025-07-04 17:22:51.814500"
"move","920","3092.199951171875","2025-07-04 17:22:51.831100"
"move","860","3099.199951171875","2025-07-04 17:22:51.847600"
"move","788","3102.199951171875","2025-07-04 17:22:51.864900"
"move","752","3102.199951171875","2025-07-04 17:22:51.882400"
"move","734","3102.199951171875","2025-07-04 17:22:51.898500"
"move","726","3102.199951171875","2025-07-04 17:22:51.916300"
"move","724","3102.199951171875","2025-07-04 17:22:51.931600"
"move","722","3102.199951171875","2025-07-04 17:22:51.947700"
"scroll","","2574.39990234375","2025-07-04 17:22:52.219100"
"scroll","","2596.800048828125","2025-07-04 17:22:52.232900"
"scroll","","2616.800048828125","2025-07-04 17:22:52.248800"
"scroll","","2648.800048828125","2025-07-04 17:22:52.264300"
"scroll","","2660","2025-07-04 17:22:52.280200"
"scroll","","2672","2025-07-04 17:22:52.297100"
"scroll","","2680","2025-07-04 17:22:52.348600"
"scroll","","2684.800048828125","2025-07-04 17:22:52.365800"
"scroll","","2688","2025-07-04 17:22:52.380900"
"scroll","","2691.199951171875","2025-07-04 17:22:52.397600"
"scroll","","2692.800048828125","2025-07-04 17:22:52.414000"
"scroll","","2694.39990234375","2025-07-04 17:22:52.431300"
"scroll","","2696","2025-07-04 17:22:52.447300"
"scroll","","2696.800048828125","2025-07-04 17:22:52.465100"
"scroll","","2698.39990234375","2025-07-04 17:22:52.497400"
"scroll","","2699.199951171875","2025-07-04 17:22:52.531000"
"scroll","","2712.800048828125","2025-07-04 17:22:52.868500"
"scroll","","2738.39990234375","2025-07-04 17:22:52.880400"
"scroll","","2751.199951171875","2025-07-04 17:22:52.897800"
"scroll","","2764","2025-07-04 17:22:52.915300"
"scroll","","2776.800048828125","2025-07-04 17:22:52.934100"
"scroll","","2780.800048828125","2025-07-04 17:22:52.949000"
"scroll","","2784","2025-07-04 17:22:52.964400"
"scroll","","2786.39990234375","2025-07-04 17:22:52.997900"
"scroll","","2788","2025-07-04 17:22:53.013600"
"scroll","","2788.800048828125","2025-07-04 17:22:53.047800"
"scroll","","2791.199951171875","2025-07-04 17:22:53.836600"
"scroll","","2792","2025-07-04 17:22:53.846200"
"scroll","","2792.800048828125","2025-07-04 17:22:53.878700"
"scroll","","2794.39990234375","2025-07-04 17:22:53.913200"
"scroll","","2796","2025-07-04 17:22:53.996500"
"scroll","","2802.39990234375","2025-07-04 17:22:54.014200"
"scroll","","2814.39990234375","2025-07-04 17:22:54.030400"
"scroll","","2852.800048828125","2025-07-04 17:22:54.046900"
"scroll","","2887.199951171875","2025-07-04 17:22:54.062600"
"scroll","","2932.800048828125","2025-07-04 17:22:54.079300"
"scroll","","3003.199951171875","2025-07-04 17:22:54.096400"
"scroll","","3032","2025-07-04 17:22:54.112600"
"scroll","","3059.199951171875","2025-07-04 17:22:54.146200"
"scroll","","3079.199951171875","2025-07-04 17:22:54.163700"
"scroll","","3094.39990234375","2025-07-04 17:22:54.179700"
"scroll","","3106.39990234375","2025-07-04 17:22:54.196200"
"scroll","","3116.800048828125","2025-07-04 17:22:54.212500"
"scroll","","3127.199951171875","2025-07-04 17:22:54.229600"
"scroll","","3135.199951171875","2025-07-04 17:22:54.245700"
"scroll","","3143.199951171875","2025-07-04 17:22:54.262300"
"scroll","","3150.39990234375","2025-07-04 17:22:54.282200"
"scroll","","3159.199951171875","2025-07-04 17:22:54.311700"
"scroll","","3162.39990234375","2025-07-04 17:22:54.328400"
"scroll","","3167.199951171875","2025-07-04 17:22:54.345000"
"scroll","","3172","2025-07-04 17:22:54.361700"
"scroll","","3176","2025-07-04 17:22:54.378600"
"scroll","","3180.800048828125","2025-07-04 17:22:54.394900"
"scroll","","3184","2025-07-04 17:22:54.424000"
"scroll","","3190.39990234375","2025-07-04 17:22:54.428100"
"scroll","","3191.199951171875","2025-07-04 17:22:54.445100"
"scroll","","3194.39990234375","2025-07-04 17:22:54.461900"
"scroll","","3196.800048828125","2025-07-04 17:22:54.478300"
"scroll","","3200","2025-07-04 17:22:54.495100"
"scroll","","3202.39990234375","2025-07-04 17:22:54.511500"
"scroll","","3204","2025-07-04 17:22:54.530800"
"scroll","","3207.199951171875","2025-07-04 17:22:54.545200"
"scroll","","3208","2025-07-04 17:22:54.561500"
"scroll","","3210.39990234375","2025-07-04 17:22:54.578600"
"scroll","","3212","2025-07-04 17:22:54.594900"
"scroll","","3214.39990234375","2025-07-04 17:22:54.611900"
"scroll","","3215.199951171875","2025-07-04 17:22:54.628100"
"scroll","","3216.800048828125","2025-07-04 17:22:54.644800"
"scroll","","3218.39990234375","2025-07-04 17:22:54.661300"
"scroll","","3219.199951171875","2025-07-04 17:22:54.678100"
"scroll","","3220","2025-07-04 17:22:54.694900"
"scroll","","3220.800048828125","2025-07-04 17:22:54.711500"
"scroll","","3222.39990234375","2025-07-04 17:22:54.727900"
"scroll","","3223.199951171875","2025-07-04 17:22:54.744600"
"scroll","","3224","2025-07-04 17:22:54.761500"
"scroll","","3224.800048828125","2025-07-04 17:22:54.777900"
"scroll","","3226.39990234375","2025-07-04 17:22:54.795600"
"scroll","","3227.199951171875","2025-07-04 17:22:54.814800"
"scroll","","3228","2025-07-04 17:22:55.251100"
"scroll","","3230.39990234375","2025-07-04 17:22:55.263700"
"scroll","","3231.199951171875","2025-07-04 17:22:55.278700"
"scroll","","3232.800048828125","2025-07-04 17:22:55.297400"
"scroll","","3234.39990234375","2025-07-04 17:22:55.313700"
"scroll","","3235.199951171875","2025-07-04 17:22:55.361200"
"move","719","3786.199951171875","2025-07-04 17:22:55.774800"
"move","706","3786.199951171875","2025-07-04 17:22:55.800500"
"move","696","3786.199951171875","2025-07-04 17:22:55.812300"
"move","685","3784.199951171875","2025-07-04 17:22:55.829100"
"move","671","3782.199951171875","2025-07-04 17:22:55.845700"
"move","662","3779.199951171875","2025-07-04 17:22:55.864100"
"move","656","3777.199951171875","2025-07-04 17:22:55.878200"
"move","649","3773.199951171875","2025-07-04 17:22:55.894700"
"move","644","3771.199951171875","2025-07-04 17:22:55.911300"
"move","640","3769.199951171875","2025-07-04 17:22:55.928200"
"move","632","3766.199951171875","2025-07-04 17:22:55.947600"
"move","624","3762.199951171875","2025-07-04 17:22:55.965200"
"move","620","3761.199951171875","2025-07-04 17:22:55.979100"
"move","617","3758.199951171875","2025-07-04 17:22:55.995200"
"move","613","3755.199951171875","2025-07-04 17:22:56.011600"
"move","607","3749.199951171875","2025-07-04 17:22:56.029600"
"move","604","3745.199951171875","2025-07-04 17:22:56.044700"
"move","601","3741.199951171875","2025-07-04 17:22:56.061100"
"move","600","3739.199951171875","2025-07-04 17:22:56.078600"
"move","599","3738.199951171875","2025-07-04 17:22:56.094900"
"move","598","3738.199951171875","2025-07-04 17:22:56.111700"
"scroll","","3248","2025-07-04 17:22:56.933700"
"scroll","","3260","2025-07-04 17:22:56.945500"
"scroll","","3280.800048828125","2025-07-04 17:22:56.960500"
"scroll","","3296","2025-07-04 17:22:56.978000"
"scroll","","3310.39990234375","2025-07-04 17:22:56.993800"
"scroll","","3324","2025-07-04 17:22:57.010900"
"scroll","","3328.800048828125","2025-07-04 17:22:57.027500"
"scroll","","3336.800048828125","2025-07-04 17:22:57.060600"
"scroll","","3342.39990234375","2025-07-04 17:22:57.077100"
"scroll","","3346.39990234375","2025-07-04 17:22:57.093500"
"scroll","","3348.800048828125","2025-07-04 17:22:57.111800"
"scroll","","3352","2025-07-04 17:22:57.126900"
"scroll","","3354.39990234375","2025-07-04 17:22:57.145000"
"scroll","","3355.199951171875","2025-07-04 17:22:57.160200"
"scroll","","3356","2025-07-04 17:22:57.177400"
"scroll","","3356.800048828125","2025-07-04 17:22:57.193600"
"scroll","","3358.39990234375","2025-07-04 17:22:57.209900"
"scroll","","3359.199951171875","2025-07-04 17:22:57.227400"
"scroll","","3360","2025-07-04 17:22:57.276700"
"scroll","","3378.39990234375","2025-07-04 17:22:57.495400"
"scroll","","3392","2025-07-04 17:22:57.509800"
"scroll","","3403.199951171875","2025-07-04 17:22:57.526400"
"scroll","","3415.199951171875","2025-07-04 17:22:57.543600"
"scroll","","3422.39990234375","2025-07-04 17:22:57.563700"
"scroll","","3426.39990234375","2025-07-04 17:22:57.577100"
"scroll","","3430.39990234375","2025-07-04 17:22:57.596100"
"scroll","","3431.199951171875","2025-07-04 17:22:57.610300"
"scroll","","3432.800048828125","2025-07-04 17:22:57.626500"
"scroll","","3434.39990234375","2025-07-04 17:22:57.659600"
"scroll","","3435.199951171875","2025-07-04 17:22:57.986300"
"scroll","","3447.199951171875","2025-07-04 17:22:57.992400"
"scroll","","3471.199951171875","2025-07-04 17:22:58.012100"
"scroll","","3520","2025-07-04 17:22:58.025800"
"scroll","","3555.199951171875","2025-07-04 17:22:58.043500"
"scroll","","3575.199951171875","2025-07-04 17:22:58.060200"
"scroll","","3584","2025-07-04 17:22:58.076800"
"scroll","","3584.800048828125","2025-07-04 17:22:58.093000"
"scroll","","3594.39990234375","2025-07-04 17:22:58.127300"
"scroll","","3600","2025-07-04 17:22:58.143200"
"scroll","","3604","2025-07-04 17:22:58.159200"
"scroll","","3608","2025-07-04 17:22:58.175900"
"scroll","","3610.39990234375","2025-07-04 17:22:58.193600"
"scroll","","3612.800048828125","2025-07-04 17:22:58.210000"
"scroll","","3614.39990234375","2025-07-04 17:22:58.226500"
"scroll","","3616","2025-07-04 17:22:58.242600"
"scroll","","3616.800048828125","2025-07-04 17:22:58.259700"
"scroll","","3618.39990234375","2025-07-04 17:22:58.276200"
"scroll","","3619.199951171875","2025-07-04 17:22:58.309200"
"scroll","","3620","2025-07-04 17:22:58.326200"
"scroll","","3620.800048828125","2025-07-04 17:22:58.394600"
"move","600","4123.800048828125","2025-07-04 17:22:59.882200"
"move","603","4125.800048828125","2025-07-04 17:22:59.891700"
"move","610","4128.800048828125","2025-07-04 17:22:59.908400"
"move","618","4132.800048828125","2025-07-04 17:22:59.924900"
"move","623","4134.800048828125","2025-07-04 17:22:59.942800"
"move","630","4136.800048828125","2025-07-04 17:22:59.958700"
"move","632","4138.800048828125","2025-07-04 17:22:59.975900"
"move","637","4139.800048828125","2025-07-04 17:22:59.991600"
"move","641","4141.800048828125","2025-07-04 17:23:00.008500"
"move","643","4142.800048828125","2025-07-04 17:23:00.024700"
"move","645","4143.800048828125","2025-07-04 17:23:00.041700"
"move","647","4145.800048828125","2025-07-04 17:23:00.058500"
"move","648","4145.800048828125","2025-07-04 17:23:00.075200"
"move","649","4147.800048828125","2025-07-04 17:23:00.091800"
"move","652","4147.800048828125","2025-07-04 17:23:00.109000"
"move","653","4148.800048828125","2025-07-04 17:23:00.124700"
"move","658","4152.800048828125","2025-07-04 17:23:00.144300"
"move","663","4153.800048828125","2025-07-04 17:23:00.158100"
"move","667","4155.800048828125","2025-07-04 17:23:00.174300"
"move","676","4158.800048828125","2025-07-04 17:23:00.192700"
"move","680","4159.800048828125","2025-07-04 17:23:00.207800"
"move","685","4161.800048828125","2025-07-04 17:23:00.224500"
"move","691","4163.800048828125","2025-07-04 17:23:00.242400"
"move","696","4165.800048828125","2025-07-04 17:23:00.257700"
"move","706","4169.800048828125","2025-07-04 17:23:00.274500"
"move","712","4171.800048828125","2025-07-04 17:23:00.290900"
"move","718","4175.800048828125","2025-07-04 17:23:00.308700"
"move","722","4179.800048828125","2025-07-04 17:23:00.324500"
"move","724","4180.800048828125","2025-07-04 17:23:00.341800"
"move","724","4181.800048828125","2025-07-04 17:23:00.358500"
"move","724","4182.800048828125","2025-07-04 17:23:00.374600"
"move","725","4182.800048828125","2025-07-04 17:23:00.701800"
"move","727","4182.800048828125","2025-07-04 17:23:00.710800"
"move","728","4182.800048828125","2025-07-04 17:23:00.724200"
"move","729","4182.800048828125","2025-07-04 17:23:00.745600"
"move","731","4182.800048828125","2025-07-04 17:23:00.757800"
"move","732","4182.800048828125","2025-07-04 17:23:00.785800"
"move","733","4182.800048828125","2025-07-04 17:23:00.835400"
"move","733","4181.800048828125","2025-07-04 17:23:01.010800"
"move","735","4181.800048828125","2025-07-04 17:23:01.551900"
"move","747","4179.800048828125","2025-07-04 17:23:01.573300"
"move","753","4179.800048828125","2025-07-04 17:23:01.590100"
"move","761","4179.800048828125","2025-07-04 17:23:01.608200"
"move","772","4179.800048828125","2025-07-04 17:23:01.625400"
"move","780","4179.800048828125","2025-07-04 17:23:01.641100"
"move","786","4179.800048828125","2025-07-04 17:23:01.660100"
"move","788","4179.800048828125","2025-07-04 17:23:01.674100"
"move","790","4179.800048828125","2025-07-04 17:23:01.690600"
"move","792","4179.800048828125","2025-07-04 17:23:01.706600"
"move","793","4179.800048828125","2025-07-04 17:23:01.813700"
"move","797","4176.800048828125","2025-07-04 17:23:12.885600"
"move","812","4169.800048828125","2025-07-04 17:23:12.899700"
"move","822","4165.800048828125","2025-07-04 17:23:12.914500"
"move","831","4159.800048828125","2025-07-04 17:23:12.931600"
"move","850","4151.800048828125","2025-07-04 17:23:12.948500"
"move","860","4147.800048828125","2025-07-04 17:23:12.969400"
"move","868","4146.800048828125","2025-07-04 17:23:12.981900"
"move","872","4144.800048828125","2025-07-04 17:23:12.998900"
"move","876","4143.800048828125","2025-07-04 17:23:13.019900"
"move","878","4143.800048828125","2025-07-04 17:23:13.031800"
"move","881","4142.800048828125","2025-07-04 17:23:13.047800"
"move","883","4142.800048828125","2025-07-04 17:23:13.064600"
"move","884","4142.800048828125","2025-07-04 17:23:13.081200"
"move","887","4142.800048828125","2025-07-04 17:23:13.098900"
"move","888","4142.800048828125","2025-07-04 17:23:13.151600"
"move","887","4142.800048828125","2025-07-04 17:23:13.247800"
"move","883","4143.800048828125","2025-07-04 17:23:13.265700"
"move","876","4146.800048828125","2025-07-04 17:23:13.282000"
"move","864","4147.800048828125","2025-07-04 17:23:13.298000"
"move","853","4147.800048828125","2025-07-04 17:23:13.315900"
"move","848","4147.800048828125","2025-07-04 17:23:13.332400"
"move","844","4147.800048828125","2025-07-04 17:23:13.348500"
"move","843","4147.800048828125","2025-07-04 17:23:13.365700"
"move","842","4147.800048828125","2025-07-04 17:23:13.381300"
"move","840","4147.800048828125","2025-07-04 17:23:13.398800"
"move","839","4147.800048828125","2025-07-04 17:23:13.448400"
"move","838","4147.800048828125","2025-07-04 17:23:13.469300"
"move","837","4147.800048828125","2025-07-04 17:23:13.494800"
"move","836","4144.800048828125","2025-07-04 17:23:13.514800"
"move","834","4141.800048828125","2025-07-04 17:23:13.532200"
"move","832","4140.800048828125","2025-07-04 17:23:13.547600"
"move","832","4138.800048828125","2025-07-04 17:23:13.564500"
"move","832","4137.800048828125","2025-07-04 17:23:13.614400"
"move","831","4136.800048828125","2025-07-04 17:23:13.631200"
"move","830","4132.800048828125","2025-07-04 17:23:13.647900"
"move","830","4131.800048828125","2025-07-04 17:23:13.665100"
"move","829","4129.800048828125","2025-07-04 17:23:13.681200"
"move","828","4128.800048828125","2025-07-04 17:23:13.697500"
"move","828","4127.800048828125","2025-07-04 17:23:13.748200"
"move","827","4126.800048828125","2025-07-04 17:23:13.797800"
"move","825","4124.800048828125","2025-07-04 17:23:13.814200"
"move","824","4123.800048828125","2025-07-04 17:23:13.830900"
"move","823","4120.800048828125","2025-07-04 17:23:13.848900"
"move","820","4119.800048828125","2025-07-04 17:23:13.864500"
"move","818","4117.800048828125","2025-07-04 17:23:13.880900"
"move","817","4115.800048828125","2025-07-04 17:23:13.897900"
"move","816","4114.800048828125","2025-07-04 17:23:13.915000"
"move","812","4111.800048828125","2025-07-04 17:23:13.931300"
"move","811","4109.800048828125","2025-07-04 17:23:13.947500"
"move","810","4107.800048828125","2025-07-04 17:23:13.964600"
"move","808","4104.800048828125","2025-07-04 17:23:13.982000"
"move","807","4100.800048828125","2025-07-04 17:23:14.000700"
"move","806","4099.800048828125","2025-07-04 17:23:14.014000"
"move","806","4098.800048828125","2025-07-04 17:23:14.030400"
"move","805","4094.800048828125","2025-07-04 17:23:14.047400"
"move","804","4091.800048828125","2025-07-04 17:23:14.064000"
"move","804","4089.800048828125","2025-07-04 17:23:14.081500"
"move","804","4087.800048828125","2025-07-04 17:23:14.097500"
"move","804","4083.800048828125","2025-07-04 17:23:14.114600"
"move","804","4081.800048828125","2025-07-04 17:23:14.130700"
"move","804","4079.800048828125","2025-07-04 17:23:14.147500"
"move","804","4075.800048828125","2025-07-04 17:23:14.163800"
"move","804","4073.800048828125","2025-07-04 17:23:14.180500"
"move","803","4069.800048828125","2025-07-04 17:23:14.196900"
"move","803","4066.800048828125","2025-07-04 17:23:14.213900"
"move","803","4064.800048828125","2025-07-04 17:23:14.230700"
"move","803","4062.800048828125","2025-07-04 17:23:14.247500"
"move","803","4061.800048828125","2025-07-04 17:23:14.264000"
"move","803","4060.800048828125","2025-07-04 17:23:14.328600"
"move","802","4059.800048828125","2025-07-04 17:23:14.428300"
"move","800","4056.800048828125","2025-07-04 17:23:14.463700"
"move","799","4055.800048828125","2025-07-04 17:23:14.480800"
"move","799","4054.800048828125","2025-07-04 17:23:14.496600"
"move","799","4053.800048828125","2025-07-04 17:23:14.514000"
"move","798","4052.800048828125","2025-07-04 17:23:14.564100"
"move","798","4051.800048828125","2025-07-04 17:23:14.634300"
"move","797","4051.800048828125","2025-07-04 17:23:14.659200"
"move","797","4050.800048828125","2025-07-04 17:23:14.696500"
"move","795","4049.800048828125","2025-07-04 17:23:14.713100"
"move","793","4047.800048828125","2025-07-04 17:23:14.729500"
"move","792","4047.800048828125","2025-07-04 17:23:14.746300"
"move","791","4046.800048828125","2025-07-04 17:23:14.779300"
"move","791","4045.800048828125","2025-07-04 17:23:14.806700"
"move","789","4045.800048828125","2025-07-04 17:23:14.846400"
"move","788","4045.800048828125","2025-07-04 17:23:14.877100"
"move","787","4045.800048828125","2025-07-04 17:23:14.998400"
"move","786","4045.800048828125","2025-07-04 17:23:15.046500"
"move","785","4045.800048828125","2025-07-04 17:23:15.100700"
"click","785","4045.800048828125","2025-07-04 17:23:15.533400"
"move","785","4046.800048828125","2025-07-04 17:23:16.522800"
"move","785","4048.800048828125","2025-07-04 17:23:16.553800"
"move","785","4050.800048828125","2025-07-04 17:23:16.567800"
"move","785","4051.800048828125","2025-07-04 17:23:16.578500"
"move","785","4052.800048828125","2025-07-04 17:23:16.597000"
"move","785","4053.800048828125","2025-07-04 17:23:16.612100"
"move","785","4055.800048828125","2025-07-04 17:23:16.628500"
"move","785","4056.800048828125","2025-07-04 17:23:16.645000"
"move","785","4058.800048828125","2025-07-04 17:23:16.662900"
"move","785","4059.800048828125","2025-07-04 17:23:16.678800"
"move","785","4062.800048828125","2025-07-04 17:23:16.695000"
"move","785","4063.800048828125","2025-07-04 17:23:16.711800"
"move","785","4065.800048828125","2025-07-04 17:23:16.728300"
"move","785","4068.800048828125","2025-07-04 17:23:16.745200"
"move","785","4070.800048828125","2025-07-04 17:23:16.762100"
"move","785","4072.800048828125","2025-07-04 17:23:16.779700"
"move","785","4077.800048828125","2025-07-04 17:23:16.795600"
"move","785","4079.800048828125","2025-07-04 17:23:16.813100"
"move","785","4082.800048828125","2025-07-04 17:23:16.828900"
"move","785","4083.800048828125","2025-07-04 17:23:16.845200"
"move","784","4085.800048828125","2025-07-04 17:23:16.861900"
"move","784","4087.800048828125","2025-07-04 17:23:16.878200"
"move","784","4088.800048828125","2025-07-04 17:23:16.895200"
"move","784","4090.800048828125","2025-07-04 17:23:16.911400"
"move","784","4092.800048828125","2025-07-04 17:23:16.929400"
"move","784","4094.800048828125","2025-07-04 17:23:16.945000"
"move","784","4095.800048828125","2025-07-04 17:23:16.962400"
"move","784","4096.800048828125","2025-07-04 17:23:16.978300"
"move","784","4097.800048828125","2025-07-04 17:23:17.004800"
"move","784","4098.800048828125","2025-07-04 17:23:17.025500"
"move","784","4099.800048828125","2025-07-04 17:23:17.061700"
"move","784","4100.800048828125","2025-07-04 17:23:17.172500"
"scroll","","3640","2025-07-04 17:23:21.180200"
"scroll","","3664.800048828125","2025-07-04 17:23:21.192400"
"scroll","","3704","2025-07-04 17:23:21.207800"
"scroll","","3744","2025-07-04 17:23:21.224900"
"scroll","","3772.800048828125","2025-07-04 17:23:21.240800"
"scroll","","3788.800048828125","2025-07-04 17:23:21.260100"
"scroll","","3796","2025-07-04 17:23:21.275300"
"scroll","","3798.39990234375","2025-07-04 17:23:21.292800"
"scroll","","3804.800048828125","2025-07-04 17:23:21.324700"
"scroll","","3810.39990234375","2025-07-04 17:23:21.341400"
"scroll","","3814.39990234375","2025-07-04 17:23:21.358600"
"scroll","","3816.800048828125","2025-07-04 17:23:21.375400"
"scroll","","3819.199951171875","2025-07-04 17:23:21.391000"
"scroll","","3820.800048828125","2025-07-04 17:23:21.408500"
"scroll","","3822.39990234375","2025-07-04 17:23:21.425200"
"scroll","","3823.199951171875","2025-07-04 17:23:21.441700"
"scroll","","3824","2025-07-04 17:23:21.458000"
"scroll","","3824.800048828125","2025-07-04 17:23:21.474200"
"scroll","","3826.39990234375","2025-07-04 17:23:21.524800"
"scroll","","3828","2025-07-04 17:23:21.757500"
"scroll","","3848","2025-07-04 17:23:21.790100"
"scroll","","3876.800048828125","2025-07-04 17:23:21.806700"
"scroll","","3908","2025-07-04 17:23:21.823900"
"scroll","","3928","2025-07-04 17:23:21.840200"
"scroll","","3944","2025-07-04 17:23:21.856800"
"scroll","","3951.199951171875","2025-07-04 17:23:21.873200"
"scroll","","3954.39990234375","2025-07-04 17:23:21.890200"
"scroll","","3960","2025-07-04 17:23:21.907700"
"scroll","","3964","2025-07-04 17:23:21.924100"
"scroll","","3968","2025-07-04 17:23:21.943600"
"scroll","","3970.39990234375","2025-07-04 17:23:21.960100"
"scroll","","3971.199951171875","2025-07-04 17:23:21.975700"
"scroll","","3972.800048828125","2025-07-04 17:23:21.994900"
"scroll","","3974.39990234375","2025-07-04 17:23:22.023300"
"scroll","","3975.199951171875","2025-07-04 17:23:22.044400"
"scroll","","3976","2025-07-04 17:23:22.093800"
"scroll","","4010.39990234375","2025-07-04 17:23:22.225900"
"scroll","","4035.199951171875","2025-07-04 17:23:22.241600"
"scroll","","4066.39990234375","2025-07-04 17:23:22.260900"
"scroll","","4080.800048828125","2025-07-04 17:23:22.277200"
"scroll","","4096","2025-07-04 17:23:22.293900"
"scroll","","4098.39990234375","2025-07-04 17:23:22.307200"
"scroll","","4103.2001953125","2025-07-04 17:23:22.341200"
"scroll","","4107.2001953125","2025-07-04 17:23:22.357200"
"scroll","","4108.7998046875","2025-07-04 17:23:22.374800"
"scroll","","4111.2001953125","2025-07-04 17:23:22.391800"
"scroll","","4112","2025-07-04 17:23:22.409900"
"scroll","","4112.7998046875","2025-07-04 17:23:22.426200"
"scroll","","4114.39990234375","2025-07-04 17:23:22.457200"
"scroll","","4143.2001953125","2025-07-04 17:23:22.739400"
"scroll","","4186.39990234375","2025-07-04 17:23:22.756100"
"scroll","","4210.39990234375","2025-07-04 17:23:22.772700"
"scroll","","4220.7998046875","2025-07-04 17:23:22.789300"
"scroll","","4231.2001953125","2025-07-04 17:23:22.806100"
"scroll","","4232","2025-07-04 17:23:22.823000"
"scroll","","4232.7998046875","2025-07-04 17:23:22.839300"
"scroll","","4236.7998046875","2025-07-04 17:23:22.856300"
"scroll","","4239.2001953125","2025-07-04 17:23:22.872700"
"scroll","","4240.7998046875","2025-07-04 17:23:22.889200"
"scroll","","4242.39990234375","2025-07-04 17:23:22.905800"
"scroll","","4243.2001953125","2025-07-04 17:23:22.922700"
"scroll","","4244","2025-07-04 17:23:22.940200"
"move","783","4726","2025-07-04 17:23:31.173700"
"move","783","4727","2025-07-04 17:23:31.184400"
"move","781","4731","2025-07-04 17:23:31.201000"
"move","780","4733","2025-07-04 17:23:31.217200"
"move","779","4735","2025-07-04 17:23:31.235000"
"move","777","4739","2025-07-04 17:23:31.250300"
"move","776","4741","2025-07-04 17:23:31.267100"
"move","775","4743","2025-07-04 17:23:31.283800"
"move","774","4746","2025-07-04 17:23:31.301400"
"move","772","4747","2025-07-04 17:23:31.319900"
"move","772","4748","2025-07-04 17:23:31.335500"
"move","772","4751","2025-07-04 17:23:31.351500"
"move","771","4751","2025-07-04 17:23:31.370800"
"move","770","4752","2025-07-04 17:23:31.383900"
"move","770","4753","2025-07-04 17:23:31.400500"
"move","768","4754","2025-07-04 17:23:31.417200"
"move","768","4755","2025-07-04 17:23:31.433500"
"move","768","4756","2025-07-04 17:23:31.450400"
"move","766","4757","2025-07-04 17:23:31.467000"
"move","765","4757","2025-07-04 17:23:31.483800"
"move","764","4757","2025-07-04 17:23:31.500500"
"move","764","4758","2025-07-04 17:23:31.517200"
"move","764","4759","2025-07-04 17:23:31.566400"
"move","763","4759","2025-07-04 17:23:31.617000"
"move","762","4759","2025-07-04 17:23:31.712400"
"move","761","4759","2025-07-04 17:23:31.750300"
"move","758","4759","2025-07-04 17:23:31.766800"
"move","750","4763","2025-07-04 17:23:31.786800"
"move","740","4764","2025-07-04 17:23:31.800000"
"move","725","4767","2025-07-04 17:23:31.817100"
"move","705","4767","2025-07-04 17:23:31.833300"
"move","693","4767","2025-07-04 17:23:31.851100"
"move","668","4767","2025-07-04 17:23:31.866700"
"move","646","4767","2025-07-04 17:23:31.883200"
"move","634","4767","2025-07-04 17:23:31.901300"
"move","622","4767","2025-07-04 17:23:31.917300"
"move","612","4767","2025-07-04 17:23:31.933600"
"move","611","4767","2025-07-04 17:23:31.949700"
"move","608","4767","2025-07-04 17:23:31.967000"
"move","609","4767","2025-07-04 17:23:32.105500"
"move","612","4766","2025-07-04 17:23:32.116100"
"move","620","4766","2025-07-04 17:23:32.132500"
"move","634","4766","2025-07-04 17:23:32.150400"
"move","645","4766","2025-07-04 17:23:32.167100"
"move","656","4766","2025-07-04 17:23:32.183500"
"move","668","4767","2025-07-04 17:23:32.199800"
"move","674","4768","2025-07-04 17:23:32.215900"
"move","683","4770","2025-07-04 17:23:32.232800"
"move","688","4771","2025-07-04 17:23:32.249100"
"move","691","4772","2025-07-04 17:23:32.267800"
"move","696","4773","2025-07-04 17:23:32.282900"
"move","697","4774","2025-07-04 17:23:32.299800"
"move","700","4775","2025-07-04 17:23:32.318200"
"move","702","4775","2025-07-04 17:23:32.332600"
"move","705","4776","2025-07-04 17:23:32.349400"
"move","710","4779","2025-07-04 17:23:32.365900"
"move","714","4780","2025-07-04 17:23:32.383800"
"move","716","4781","2025-07-04 17:23:32.399800"
"move","718","4781","2025-07-04 17:23:32.416900"
"move","719","4781","2025-07-04 17:23:32.438300"
"move","719","4782","2025-07-04 17:23:32.448900"
"move","720","4782","2025-07-04 17:23:32.466500"
"move","720","4783","2025-07-04 17:23:32.482600"
"move","723","4779","2025-07-04 17:23:39.388500"
"move","732","4761","2025-07-04 17:23:39.410700"
"move","741","4744","2025-07-04 17:23:39.428800"
"move","752","4730","2025-07-04 17:23:39.444400"
"move","757","4723","2025-07-04 17:23:39.460800"
"move","762","4716","2025-07-04 17:23:39.477000"
"move","768","4709","2025-07-04 17:23:39.493800"
"move","770","4707","2025-07-04 17:23:39.510900"
"move","772","4706","2025-07-04 17:23:39.527800"
"move","772","4704","2025-07-04 17:23:39.544700"
"move","772","4703","2025-07-04 17:23:39.567400"
"move","773","4701","2025-07-04 17:23:39.610800"
"move","774","4699","2025-07-04 17:23:39.627800"
"move","775","4699","2025-07-04 17:23:39.644100"
"move","776","4695","2025-07-04 17:23:39.661300"
"move","777","4693","2025-07-04 17:23:39.677100"
"move","778","4691","2025-07-04 17:23:39.694200"
"move","778","4688","2025-07-04 17:23:39.712100"
"move","779","4686","2025-07-04 17:23:39.727700"
"move","779","4683","2025-07-04 17:23:39.744200"
"move","781","4675","2025-07-04 17:23:39.760800"
"move","782","4671","2025-07-04 17:23:39.777400"
"move","783","4665","2025-07-04 17:23:39.794200"
"move","784","4660","2025-07-04 17:23:39.810200"
"move","784","4658","2025-07-04 17:23:39.826500"
"move","784","4656","2025-07-04 17:23:39.843600"
"move","784","4655","2025-07-04 17:23:39.872000"
"move","784","4654","2025-07-04 17:23:39.891900"
"move","784","4653","2025-07-04 17:23:39.926200"
"move","785","4652","2025-07-04 17:23:39.943100"
"move","785","4651","2025-07-04 17:23:39.959400"
"move","786","4649","2025-07-04 17:23:39.976100"
"move","786","4648","2025-07-04 17:23:39.992800"
"move","786","4647","2025-07-04 17:23:40.011100"
"move","786","4646","2025-07-04 17:23:40.067800"
"click","786","4646","2025-07-04 17:23:40.582400"
"move","786","4653","2025-07-04 17:23:40.776500"
"move","782","4673","2025-07-04 17:23:40.794000"
"move","779","4690","2025-07-04 17:23:40.810400"
"move","772","4711","2025-07-04 17:23:40.826300"
"move","766","4733","2025-07-04 17:23:40.843100"
"move","764","4740","2025-07-04 17:23:40.860200"
"move","761","4748","2025-07-04 17:23:40.876100"
"move","761","4749","2025-07-04 17:23:40.892700"
"scroll","","4244.7998046875","2025-07-04 17:23:41.082000"
"scroll","","4284.7998046875","2025-07-04 17:23:41.096200"
"scroll","","4346.39990234375","2025-07-04 17:23:41.111800"
"scroll","","4452","2025-07-04 17:23:41.142000"
"scroll","","4520","2025-07-04 17:23:41.158200"
"scroll","","4576","2025-07-04 17:23:41.174800"
"scroll","","4632","2025-07-04 17:23:41.191500"
"scroll","","4638.39990234375","2025-07-04 17:23:41.208400"
"scroll","","4639.2001953125","2025-07-04 17:23:41.225000"
"scroll","","4666.39990234375","2025-07-04 17:23:41.242200"
"scroll","","4687.2001953125","2025-07-04 17:23:41.258300"
"scroll","","4703.2001953125","2025-07-04 17:23:41.274800"
"scroll","","4716","2025-07-04 17:23:41.291300"
"scroll","","4727.2001953125","2025-07-04 17:23:41.308500"
"scroll","","4738.39990234375","2025-07-04 17:23:41.327100"
"scroll","","4747.2001953125","2025-07-04 17:23:41.341400"
"scroll","","4755.2001953125","2025-07-04 17:23:41.358200"
"scroll","","4762.39990234375","2025-07-04 17:23:41.375100"
"scroll","","4768.7998046875","2025-07-04 17:23:41.391400"
"scroll","","4775.2001953125","2025-07-04 17:23:41.408100"
"scroll","","4780","2025-07-04 17:23:41.424800"
"scroll","","4786.39990234375","2025-07-04 17:23:41.441100"
"scroll","","4790.39990234375","2025-07-04 17:23:41.458000"
"scroll","","4795.2001953125","2025-07-04 17:23:41.474900"
"scroll","","4799.2001953125","2025-07-04 17:23:41.491300"
"scroll","","4803.2001953125","2025-07-04 17:23:41.508400"
"scroll","","4806.39990234375","2025-07-04 17:23:41.524800"
"scroll","","4808.7998046875","2025-07-04 17:23:41.541400"
"scroll","","4812.7998046875","2025-07-04 17:23:41.558200"
"scroll","","4815.2001953125","2025-07-04 17:23:41.574500"
"scroll","","4818.39990234375","2025-07-04 17:23:41.591300"
"scroll","","4819.2001953125","2025-07-04 17:23:42.230600"
"scroll","","4818.39990234375","2025-07-04 17:23:42.358600"
"move","761","5313.39990234375","2025-07-04 17:23:42.714800"
"move","761","5306.39990234375","2025-07-04 17:23:42.725200"
"move","761","5280.39990234375","2025-07-04 17:23:42.741400"
"move","761","5246.39990234375","2025-07-04 17:23:42.757800"
"move","763","5226.39990234375","2025-07-04 17:23:42.774700"
"move","764","5205.39990234375","2025-07-04 17:23:42.791300"
"move","766","5193.39990234375","2025-07-04 17:23:42.808900"
"move","767","5189.39990234375","2025-07-04 17:23:42.824800"
"move","768","5185.39990234375","2025-07-04 17:23:42.841700"
"move","770","5181.39990234375","2025-07-04 17:23:42.858100"
"move","770","5178.39990234375","2025-07-04 17:23:42.875000"
"move","772","5172.39990234375","2025-07-04 17:23:42.891400"
"move","773","5165.39990234375","2025-07-04 17:23:42.908500"
"move","774","5161.39990234375","2025-07-04 17:23:42.924700"
"move","775","5153.39990234375","2025-07-04 17:23:42.940800"
"move","776","5151.39990234375","2025-07-04 17:23:42.957600"
"move","777","5149.39990234375","2025-07-04 17:23:42.975000"
"move","779","5141.39990234375","2025-07-04 17:23:42.992200"
"move","780","5137.39990234375","2025-07-04 17:23:43.009100"
"move","780","5130.39990234375","2025-07-04 17:23:43.025200"
"move","782","5126.39990234375","2025-07-04 17:23:43.041800"
"move","783","5123.39990234375","2025-07-04 17:23:43.058000"
"move","784","5119.39990234375","2025-07-04 17:23:43.075100"
"move","784","5117.39990234375","2025-07-04 17:23:43.090900"
"move","785","5115.39990234375","2025-07-04 17:23:43.107500"
"move","787","5111.39990234375","2025-07-04 17:23:43.125000"
"move","788","5109.39990234375","2025-07-04 17:23:43.141700"
"move","789","5105.39990234375","2025-07-04 17:23:43.158100"
"move","792","5099.39990234375","2025-07-04 17:23:43.174900"
"move","794","5092.39990234375","2025-07-04 17:23:43.191300"
"move","796","5082.39990234375","2025-07-04 17:23:43.208100"
"move","797","5077.39990234375","2025-07-04 17:23:43.224700"
"move","797","5075.39990234375","2025-07-04 17:23:43.241900"
"move","797","5070.39990234375","2025-07-04 17:23:43.257300"
"move","798","5069.39990234375","2025-07-04 17:23:43.274700"
"move","800","5063.39990234375","2025-07-04 17:23:43.291400"
"move","800","5058.39990234375","2025-07-04 17:23:43.308700"
"move","800","5057.39990234375","2025-07-04 17:23:43.326700"
"move","800","5055.39990234375","2025-07-04 17:23:43.340900"
"move","800","5052.39990234375","2025-07-04 17:23:43.357200"
"move","800","5051.39990234375","2025-07-04 17:23:43.374700"
"move","800","5050.39990234375","2025-07-04 17:23:43.390600"
"move","800","5049.39990234375","2025-07-04 17:23:43.445700"
"move","800","5048.39990234375","2025-07-04 17:23:43.563300"
"scroll","","4820.7998046875","2025-07-04 17:23:45.077900"
"scroll","","4828","2025-07-04 17:23:45.090200"
"scroll","","4839.2001953125","2025-07-04 17:23:45.107200"
"scroll","","4860","2025-07-04 17:23:45.123800"
"scroll","","4874.39990234375","2025-07-04 17:23:45.139900"
"scroll","","4888","2025-07-04 17:23:45.157300"
"scroll","","4908","2025-07-04 17:23:45.174600"
"scroll","","4922.39990234375","2025-07-04 17:23:45.189100"
"scroll","","4932","2025-07-04 17:23:45.206000"
"scroll","","4932.7998046875","2025-07-04 17:23:45.222200"
"scroll","","4938.39990234375","2025-07-04 17:23:45.258000"
"scroll","","4942.39990234375","2025-07-04 17:23:45.273100"
"scroll","","4944","2025-07-04 17:23:45.289600"
"scroll","","4944.7998046875","2025-07-04 17:23:45.306200"
"scroll","","4946.39990234375","2025-07-04 17:23:45.322600"
"scroll","","4947.2001953125","2025-07-04 17:23:45.339200"
"scroll","","4948","2025-07-04 17:23:45.355700"
"scroll","","4948.7998046875","2025-07-04 17:23:45.408300"
"move","800","5183.7998046875","2025-07-04 17:23:45.594700"
"move","799","5189.7998046875","2025-07-04 17:23:45.606800"
"move","796","5209.7998046875","2025-07-04 17:23:45.622200"
"move","792","5227.7998046875","2025-07-04 17:23:45.638800"
"move","790","5235.7998046875","2025-07-04 17:23:45.657300"
"move","788","5243.7998046875","2025-07-04 17:23:45.673600"
"move","787","5248.7998046875","2025-07-04 17:23:45.690000"
"move","785","5255.7998046875","2025-07-04 17:23:45.711100"
"move","784","5258.7998046875","2025-07-04 17:23:45.722100"
"move","784","5260.7998046875","2025-07-04 17:23:45.738900"
"move","783","5263.7998046875","2025-07-04 17:23:45.755400"
"move","782","5265.7998046875","2025-07-04 17:23:45.771900"
"move","782","5266.7998046875","2025-07-04 17:23:45.790300"
"move","782","5268.7998046875","2025-07-04 17:23:45.806200"
"move","780","5271.7998046875","2025-07-04 17:23:45.822500"
"move","779","5275.7998046875","2025-07-04 17:23:45.839200"
"move","779","5278.7998046875","2025-07-04 17:23:45.855900"
"move","776","5279.7998046875","2025-07-04 17:23:45.872300"
"move","775","5283.7998046875","2025-07-04 17:23:45.888800"
"move","773","5286.7998046875","2025-07-04 17:23:45.906600"
"move","771","5288.7998046875","2025-07-04 17:23:45.922100"
"move","768","5292.7998046875","2025-07-04 17:23:45.938800"
"move","767","5294.7998046875","2025-07-04 17:23:45.956300"
"move","764","5295.7998046875","2025-07-04 17:23:45.972300"
"move","764","5297.7998046875","2025-07-04 17:23:45.989100"
"move","762","5299.7998046875","2025-07-04 17:23:46.005700"
"move","761","5299.7998046875","2025-07-04 17:23:46.022400"
"move","760","5300.7998046875","2025-07-04 17:23:46.039400"
"move","759","5303.7998046875","2025-07-04 17:23:46.055100"
"move","757","5304.7998046875","2025-07-04 17:23:46.072400"
"move","756","5305.7998046875","2025-07-04 17:23:46.088800"
"move","754","5308.7998046875","2025-07-04 17:23:46.105600"
"move","752","5310.7998046875","2025-07-04 17:23:46.122800"
"move","751","5311.7998046875","2025-07-04 17:23:46.138700"
"move","750","5312.7998046875","2025-07-04 17:23:46.155700"
"move","749","5314.7998046875","2025-07-04 17:23:46.173200"
"move","749","5315.7998046875","2025-07-04 17:23:46.188500"
"move","748","5315.7998046875","2025-07-04 17:23:46.205900"
"move","748","5316.7998046875","2025-07-04 17:23:46.255200"
"scroll","","4952","2025-07-04 17:23:47.542500"
"scroll","","4960","2025-07-04 17:23:47.555600"
"scroll","","4972","2025-07-04 17:23:47.570700"
"scroll","","4992","2025-07-04 17:23:47.588200"
"scroll","","5004.7998046875","2025-07-04 17:23:47.605500"
"scroll","","5020.7998046875","2025-07-04 17:23:47.621100"
"scroll","","5046.39990234375","2025-07-04 17:23:47.637800"
"scroll","","5058.39990234375","2025-07-04 17:23:47.654300"
"scroll","","5072","2025-07-04 17:23:47.670600"
"scroll","","5072.7998046875","2025-07-04 17:23:47.687300"
"scroll","","5084","2025-07-04 17:23:47.703700"
"scroll","","5091.2001953125","2025-07-04 17:23:47.720300"
"scroll","","5096.7998046875","2025-07-04 17:23:47.738500"
"scroll","","5102.39990234375","2025-07-04 17:23:47.757800"
"scroll","","5104.7998046875","2025-07-04 17:23:47.770700"
"scroll","","5108","2025-07-04 17:23:47.787900"
"scroll","","5111.2001953125","2025-07-04 17:23:47.805900"
"scroll","","5112.7998046875","2025-07-04 17:23:47.822600"
"scroll","","5115.2001953125","2025-07-04 17:23:47.837100"
"scroll","","5116.7998046875","2025-07-04 17:23:47.853800"
"scroll","","5118.39990234375","2025-07-04 17:23:47.870400"
"scroll","","5119.2001953125","2025-07-04 17:23:47.886900"
"scroll","","5120","2025-07-04 17:23:47.904400"
"scroll","","5120.7998046875","2025-07-04 17:23:47.920700"
"scroll","","5122.39990234375","2025-07-04 17:23:47.954300"
"scroll","","5123.2001953125","2025-07-04 17:23:47.986900"
"scroll","","5124","2025-07-04 17:23:48.053900"
"scroll","","5147.2001953125","2025-07-04 17:23:48.137400"
"scroll","","5163.2001953125","2025-07-04 17:23:48.155400"
"scroll","","5184.7998046875","2025-07-04 17:23:48.173200"
"scroll","","5195.2001953125","2025-07-04 17:23:48.188900"
"scroll","","5204.7998046875","2025-07-04 17:23:48.203400"
"scroll","","5207.2001953125","2025-07-04 17:23:48.220600"
"scroll","","5208","2025-07-04 17:23:48.237000"
"scroll","","5208.7998046875","2025-07-04 17:23:48.256300"
"scroll","","5207.2001953125","2025-07-04 17:23:56.968900"
"scroll","","5196","2025-07-04 17:23:56.979900"
"scroll","","5188.7998046875","2025-07-04 17:23:56.996400"
"scroll","","5184","2025-07-04 17:23:57.013900"
"scroll","","5175.2001953125","2025-07-04 17:23:57.030800"
"scroll","","5168","2025-07-04 17:23:57.047200"
"scroll","","5162.39990234375","2025-07-04 17:23:57.065700"
"scroll","","5155.2001953125","2025-07-04 17:23:57.079800"
"scroll","","5151.2001953125","2025-07-04 17:23:57.097200"
"scroll","","5144.7998046875","2025-07-04 17:23:57.113300"
"scroll","","5140.7998046875","2025-07-04 17:23:57.130000"
"scroll","","5136.7998046875","2025-07-04 17:23:57.148200"
"scroll","","5134.39990234375","2025-07-04 17:23:57.164600"
"scroll","","5132.7998046875","2025-07-04 17:23:57.179900"
"scroll","","5132","2025-07-04 17:23:57.197300"
"move","748","5504","2025-07-04 17:23:57.613800"
"move","747","5515","2025-07-04 17:23:57.630100"
"move","747","5527","2025-07-04 17:23:57.646800"
"move","747","5538","2025-07-04 17:23:57.663200"
"move","747","5543","2025-07-04 17:23:57.679800"
"move","747","5549","2025-07-04 17:23:57.696300"
"move","747","5551","2025-07-04 17:23:57.712800"
"move","747","5553","2025-07-04 17:23:57.730100"
"move","747","5554","2025-07-04 17:23:57.746700"
"scroll","","5124","2025-07-04 17:23:58.017800"
"scroll","","5116","2025-07-04 17:23:58.029600"
"scroll","","5111.2001953125","2025-07-04 17:23:58.045900"
"scroll","","5104.7998046875","2025-07-04 17:23:58.062700"
"scroll","","5100.7998046875","2025-07-04 17:23:58.079400"
"scroll","","5099.2001953125","2025-07-04 17:23:58.096900"
"scroll","","5096","2025-07-04 17:23:58.113800"
"scroll","","5095.2001953125","2025-07-04 17:23:58.131100"
"scroll","","5094.39990234375","2025-07-04 17:23:58.146300"
"scroll","","5092.7998046875","2025-07-04 17:23:58.180300"
"scroll","","5092","2025-07-04 17:23:58.229000"
"scroll","","5086.39990234375","2025-07-04 17:24:03.263700"
"scroll","","5076.7998046875","2025-07-04 17:24:03.276600"
"scroll","","5060","2025-07-04 17:24:03.292300"
"scroll","","5048.7998046875","2025-07-04 17:24:03.309800"
"scroll","","5040","2025-07-04 17:24:03.325900"
"scroll","","5022.39990234375","2025-07-04 17:24:03.341900"
"scroll","","5012.7998046875","2025-07-04 17:24:03.358500"
"scroll","","5000","2025-07-04 17:24:03.375000"
"scroll","","4992","2025-07-04 17:24:03.391800"
"scroll","","4984.7998046875","2025-07-04 17:24:03.411100"
"scroll","","4979.2001953125","2025-07-04 17:24:03.425700"
"scroll","","4974.39990234375","2025-07-04 17:24:03.442500"
"scroll","","4971.2001953125","2025-07-04 17:24:03.458900"
"scroll","","4967.2001953125","2025-07-04 17:24:03.492200"
"scroll","","4964.7998046875","2025-07-04 17:24:03.509100"
"scroll","","4963.2001953125","2025-07-04 17:24:03.525000"
"scroll","","4962.39990234375","2025-07-04 17:24:03.541600"
"scroll","","4960.7998046875","2025-07-04 17:24:03.592300"
"move","752","5379.7998046875","2025-07-04 17:24:17.113300"
"move","760","5375.7998046875","2025-07-04 17:24:17.122200"
"move","769","5370.7998046875","2025-07-04 17:24:17.131700"
"move","783","5365.7998046875","2025-07-04 17:24:17.149200"
"move","802","5354.7998046875","2025-07-04 17:24:17.165500"
"move","815","5344.7998046875","2025-07-04 17:24:17.181200"
"move","832","5329.7998046875","2025-07-04 17:24:17.199800"
"move","833","5328.7998046875","2025-07-04 17:24:17.214100"
"scroll","","4952.7998046875","2025-07-04 17:24:17.453100"
"scroll","","4932","2025-07-04 17:24:17.465100"
"scroll","","4896.7998046875","2025-07-04 17:24:17.480500"
"scroll","","4872","2025-07-04 17:24:17.499700"
"scroll","","4839.2001953125","2025-07-04 17:24:17.514000"
"scroll","","4820","2025-07-04 17:24:17.530900"
"scroll","","4806.39990234375","2025-07-04 17:24:17.548700"
"scroll","","4792","2025-07-04 17:24:17.564800"
"scroll","","4787.2001953125","2025-07-04 17:24:17.581000"
"scroll","","4784","2025-07-04 17:24:17.598500"
"scroll","","4782.39990234375","2025-07-04 17:24:17.613900"
"scroll","","4780","2025-07-04 17:24:17.648100"
"scroll","","4778.39990234375","2025-07-04 17:24:17.680400"
"scroll","","4776.7998046875","2025-07-04 17:24:17.696400"
"move","833","5138.7998046875","2025-07-04 17:24:17.928300"
"move","833","5119.7998046875","2025-07-04 17:24:17.947400"
"move","833","5099.7998046875","2025-07-04 17:24:17.964200"
"move","833","5084.7998046875","2025-07-04 17:24:17.980400"
"move","834","5067.7998046875","2025-07-04 17:24:17.997800"
"move","834","5053.7998046875","2025-07-04 17:24:18.017300"
"move","834","5047.7998046875","2025-07-04 17:24:18.030400"
"move","834","5043.7998046875","2025-07-04 17:24:18.047500"
"move","834","5032.7998046875","2025-07-04 17:24:18.063500"
"move","834","5029.7998046875","2025-07-04 17:24:18.080200"
"move","834","5022.7998046875","2025-07-04 17:24:18.097300"
"move","834","5018.7998046875","2025-07-04 17:24:18.113500"
"move","834","5015.7998046875","2025-07-04 17:24:18.131100"
"move","834","5011.7998046875","2025-07-04 17:24:18.148500"
"move","834","5008.7998046875","2025-07-04 17:24:18.163800"
"move","834","5003.7998046875","2025-07-04 17:24:18.180600"
"move","834","4999.7998046875","2025-07-04 17:24:18.196200"
"move","834","4998.7998046875","2025-07-04 17:24:18.213500"
"move","834","4996.7998046875","2025-07-04 17:24:18.230100"
"move","834","4994.7998046875","2025-07-04 17:24:18.246300"
"move","832","4990.7998046875","2025-07-04 17:24:18.264600"
"move","828","4987.7998046875","2025-07-04 17:24:18.285400"
"move","827","4987.7998046875","2025-07-04 17:24:18.297000"
"move","824","4985.7998046875","2025-07-04 17:24:18.315000"
"move","820","4985.7998046875","2025-07-04 17:24:18.329800"
"move","818","4985.7998046875","2025-07-04 17:24:18.346900"
"move","816","4985.7998046875","2025-07-04 17:24:18.362800"
"move","815","4985.7998046875","2025-07-04 17:24:18.379800"
"move","813","4985.7998046875","2025-07-04 17:24:18.396600"
"move","812","4985.7998046875","2025-07-04 17:24:18.413500"
"move","811","4985.7998046875","2025-07-04 17:24:18.429800"
"move","809","4985.7998046875","2025-07-04 17:24:18.446600"
"move","808","4985.7998046875","2025-07-04 17:24:18.462800"
"move","806","4985.7998046875","2025-07-04 17:24:18.481000"
"move","804","4985.7998046875","2025-07-04 17:24:18.496800"
"move","803","4985.7998046875","2025-07-04 17:24:18.514100"
"move","801","4985.7998046875","2025-07-04 17:24:18.532700"
"move","800","4985.7998046875","2025-07-04 17:24:18.545900"
"move","799","4985.7998046875","2025-07-04 17:24:18.596100"
"move","797","4985.7998046875","2025-07-04 17:24:18.612200"
"move","796","4985.7998046875","2025-07-04 17:24:18.645200"
"move","795","4985.7998046875","2025-07-04 17:24:18.660200"
"move","794","4985.7998046875","2025-07-04 17:24:18.679300"
"move","792","4985.7998046875","2025-07-04 17:24:18.695900"
"move","791","4985.7998046875","2025-07-04 17:24:18.712500"
"move","790","4985.7998046875","2025-07-04 17:24:18.762200"
"move","789","4985.7998046875","2025-07-04 17:24:18.785000"
"move","789","4984.7998046875","2025-07-04 17:24:18.868700"
"move","789","4983.7998046875","2025-07-04 17:24:18.933400"
"move","789","4983.7998046875","2025-07-04 17:24:19.329000"
"move","789","4983.7998046875","2025-07-04 17:24:19.344900"
"move","789","4983.7998046875","2025-07-04 17:24:19.396400"
"move","789","4983.7998046875","2025-07-04 17:24:19.412200"
"click","789","4983.7998046875","2025-07-04 17:24:19.515900"
"move","789","4987.7998046875","2025-07-04 17:24:20.063000"
"move","796","5007.7998046875","2025-07-04 17:24:20.079800"
"move","802","5035.7998046875","2025-07-04 17:24:20.095700"
"move","811","5070.7998046875","2025-07-04 17:24:20.112300"
"move","817","5103.7998046875","2025-07-04 17:24:20.129200"
"move","823","5120.7998046875","2025-07-04 17:24:20.146100"
"move","830","5147.7998046875","2025-07-04 17:24:20.162100"
"move","835","5163.7998046875","2025-07-04 17:24:20.182700"
"move","836","5171.7998046875","2025-07-04 17:24:20.195500"
"move","839","5176.7998046875","2025-07-04 17:24:20.212100"
"move","839","5179.7998046875","2025-07-04 17:24:20.228700"
"move","839","5180.7998046875","2025-07-04 17:24:20.248100"
"move","840","5181.7998046875","2025-07-04 17:24:20.581300"
"move","841","5182.7998046875","2025-07-04 17:24:20.595700"
"move","845","5183.7998046875","2025-07-04 17:24:20.617200"
"move","848","5186.7998046875","2025-07-04 17:24:20.628800"
"move","853","5190.7998046875","2025-07-04 17:24:20.645300"
"move","860","5198.7998046875","2025-07-04 17:24:20.663600"
"move","864","5203.7998046875","2025-07-04 17:24:20.678700"
"move","871","5208.7998046875","2025-07-04 17:24:20.695200"
"move","873","5212.7998046875","2025-07-04 17:24:20.711600"
"move","877","5215.7998046875","2025-07-04 17:24:20.729000"
"move","888","5223.7998046875","2025-07-04 17:24:20.744900"
"move","904","5231.7998046875","2025-07-04 17:24:20.764300"
"move","922","5233.7998046875","2025-07-04 17:24:20.778400"
"move","954","5236.7998046875","2025-07-04 17:24:20.795100"
"move","985","5240.7998046875","2025-07-04 17:24:20.811100"
"move","1018","5243.7998046875","2025-07-04 17:24:20.828600"
"move","1066","5252.7998046875","2025-07-04 17:24:20.846600"
"move","1114","5262.7998046875","2025-07-04 17:24:20.868600"
"move","1136","5268.7998046875","2025-07-04 17:24:20.878500"
"move","1155","5273.7998046875","2025-07-04 17:24:20.895000"
"move","1170","5279.7998046875","2025-07-04 17:24:20.912700"
"move","1192","5287.7998046875","2025-07-04 17:24:20.929100"
"move","1208","5292.7998046875","2025-07-04 17:24:20.945800"
"move","1214","5294.7998046875","2025-07-04 17:24:20.961900"
"move","1217","5295.7998046875","2025-07-04 17:24:20.978000"
"move","1220","5295.7998046875","2025-07-04 17:24:21.001700"
"move","1223","5296.7998046875","2025-07-04 17:24:21.279600"
"move","1230","5299.7998046875","2025-07-04 17:24:21.295000"
"move","1236","5301.7998046875","2025-07-04 17:24:21.311100"
"move","1244","5305.7998046875","2025-07-04 17:24:21.327200"
"move","1248","5307.7998046875","2025-07-04 17:24:21.344300"
"move","1254","5311.7998046875","2025-07-04 17:24:21.361100"
"move","1261","5314.7998046875","2025-07-04 17:24:21.379500"
"move","1264","5315.7998046875","2025-07-04 17:24:21.395600"
"move","1267","5317.7998046875","2025-07-04 17:24:21.411500"
"move","1268","5319.7998046875","2025-07-04 17:24:21.427800"
"move","1270","5319.7998046875","2025-07-04 17:24:21.444400"
"move","1275","5319.7998046875","2025-07-04 17:24:21.470500"
"move","1280","5319.7998046875","2025-07-04 17:24:21.494800"
"move","1285","5319.7998046875","2025-07-04 17:24:21.510900"
"move","1288","5319.7998046875","2025-07-04 17:24:21.528400"
"move","1292","5317.7998046875","2025-07-04 17:24:21.545300"
"move","1296","5316.7998046875","2025-07-04 17:24:21.560700"
"move","1298","5313.7998046875","2025-07-04 17:24:21.577400"
"move","1304","5308.7998046875","2025-07-04 17:24:21.593200"
"move","1308","5306.7998046875","2025-07-04 17:24:21.610300"
"move","1313","5304.7998046875","2025-07-04 17:24:21.626800"
"move","1319","5302.7998046875","2025-07-04 17:24:21.643500"
"move","1323","5302.7998046875","2025-07-04 17:24:21.659900"
"move","1326","5302.7998046875","2025-07-04 17:24:21.679200"
"move","1328","5303.7998046875","2025-07-04 17:24:21.693100"
"move","1331","5303.7998046875","2025-07-04 17:24:21.709800"
"move","1332","5306.7998046875","2025-07-04 17:24:21.726500"
"move","1333","5306.7998046875","2025-07-04 17:24:21.743200"
"move","1335","5307.7998046875","2025-07-04 17:24:21.759800"
"move","1336","5307.7998046875","2025-07-04 17:24:21.777000"
"move","1336","5309.7998046875","2025-07-04 17:24:21.795300"
"move","1336","5310.7998046875","2025-07-04 17:24:21.823900"
"move","1337","5311.7998046875","2025-07-04 17:24:21.887100"
"move","1337","5311.7998046875","2025-07-04 17:24:22.144300"
"click","1337","5311.7998046875","2025-07-04 17:24:22.347300"