gaze_x,gaze_y,timestamp
574,725,2025-07-04 17:38:19.093189
593,564,2025-07-04 17:38:19.262001
473,1036,2025-07-04 17:38:19.433904
516,596,2025-07-04 17:38:19.760574
593,150,2025-07-04 17:38:20.040321
610,78,2025-07-04 17:38:20.191684
615,51,2025-07-04 17:38:20.342514
620,44,2025-07-04 17:38:20.491333
544,494,2025-07-04 17:38:20.629187
527,523,2025-07-04 17:38:20.793678
458,409,2025-07-04 17:38:21.130767
454,403,2025-07-04 17:38:21.257051
451,400,2025-07-04 17:38:21.390383
460,420,2025-07-04 17:38:21.532529
626,790,2025-07-04 17:38:21.940617
722,832,2025-07-04 17:38:22.190657
541,836,2025-07-04 17:38:22.463923
503,836,2025-07-04 17:38:22.615303
486,837,2025-07-04 17:38:22.791883
476,836,2025-07-04 17:38:23.004412
461,813,2025-07-04 17:38:23.169956
492,581,2025-07-04 17:38:23.313409
486,546,2025-07-04 17:38:23.451118
461,511,2025-07-04 17:38:23.604067
441,498,2025-07-04 17:38:23.763855
424,484,2025-07-04 17:38:23.902447
415,477,2025-07-04 17:38:24.050426
410,473,2025-07-04 17:38:24.228247
407,460,2025-07-04 17:38:24.387603
408,453,2025-07-04 17:38:24.540389
404,440,2025-07-04 17:38:24.681595
398,414,2025-07-04 17:38:24.802702
397,396,2025-07-04 17:38:24.936429
397,387,2025-07-04 17:38:25.060173
397,382,2025-07-04 17:38:25.184552
403,535,2025-07-04 17:38:25.455454
407,574,2025-07-04 17:38:25.594512
410,586,2025-07-04 17:38:25.746040
412,591,2025-07-04 17:38:25.881969
416,594,2025-07-04 17:38:26.019484
431,599,2025-07-04 17:38:26.142212
438,600,2025-07-04 17:38:26.264533
445,600,2025-07-04 17:38:26.401833
451,604,2025-07-04 17:38:26.528455
460,603,2025-07-04 17:38:26.663817
468,602,2025-07-04 17:38:26.782677
500,600,2025-07-04 17:38:26.910286
518,600,2025-07-04 17:38:27.051875
532,598,2025-07-04 17:38:27.214542
546,598,2025-07-04 17:38:27.362345
570,595,2025-07-04 17:38:27.505744
573,594,2025-07-04 17:38:27.668332
540,594,2025-07-04 17:38:27.813927
536,593,2025-07-04 17:38:27.963731
494,592,2025-07-04 17:38:28.096505
494,593,2025-07-04 17:38:28.246441
431,581,2025-07-04 17:38:28.392139
428,579,2025-07-04 17:38:28.533535
364,550,2025-07-04 17:38:28.673758
359,544,2025-07-04 17:38:28.812535
359,542,2025-07-04 17:38:28.944871
359,540,2025-07-04 17:38:29.061819
426,605,2025-07-04 17:38:29.189329
423,611,2025-07-04 17:38:29.307497
423,618,2025-07-04 17:38:29.438709
421,619,2025-07-04 17:38:29.556358
421,621,2025-07-04 17:38:29.682935
410,617,2025-07-04 17:38:29.812226
405,611,2025-07-04 17:38:29.938546
405,609,2025-07-04 17:38:30.047889
406,605,2025-07-04 17:38:30.195222
404,604,2025-07-04 17:38:30.328519
421,593,2025-07-04 17:38:30.461814
434,593,2025-07-04 17:38:30.597740
445,600,2025-07-04 17:38:30.713462
453,602,2025-07-04 17:38:30.863724
473,604,2025-07-04 17:38:31.004820
485,606,2025-07-04 17:38:31.143623
504,608,2025-07-04 17:38:31.277288
520,612,2025-07-04 17:38:31.420664
533,613,2025-07-04 17:38:31.564178
556,614,2025-07-04 17:38:31.694260
581,613,2025-07-04 17:38:31.829628
592,613,2025-07-04 17:38:31.968375
599,611,2025-07-04 17:38:32.094139
605,606,2025-07-04 17:38:32.227033
612,609,2025-07-04 17:38:32.351097
625,610,2025-07-04 17:38:32.471275
648,613,2025-07-04 17:38:32.592186
671,608,2025-07-04 17:38:32.718963
682,609,2025-07-04 17:38:32.844893
707,610,2025-07-04 17:38:32.976555
726,606,2025-07-04 17:38:33.124488
744,608,2025-07-04 17:38:33.258740
756,607,2025-07-04 17:38:33.391812
789,609,2025-07-04 17:38:33.526714
810,606,2025-07-04 17:38:33.660377
821,605,2025-07-04 17:38:33.796556
846,604,2025-07-04 17:38:33.928756
876,603,2025-07-04 17:38:34.064919
891,599,2025-07-04 17:38:34.204086
901,597,2025-07-04 17:38:34.343501
921,592,2025-07-04 17:38:34.468363
932,588,2025-07-04 17:38:34.591522
945,588,2025-07-04 17:38:34.720571
951,586,2025-07-04 17:38:34.862499
609,699,2025-07-04 17:38:35.157912
510,692,2025-07-04 17:38:35.285328
471,680,2025-07-04 17:38:35.412880
442,669,2025-07-04 17:38:35.541322
419,659,2025-07-04 17:38:35.676317
409,653,2025-07-04 17:38:35.807708
406,653,2025-07-04 17:38:35.940779
409,641,2025-07-04 17:38:36.064370
414,639,2025-07-04 17:38:36.184879
418,639,2025-07-04 17:38:36.302931
431,641,2025-07-04 17:38:36.423396
453,637,2025-07-04 17:38:36.573575
468,636,2025-07-04 17:38:36.714620
480,639,2025-07-04 17:38:36.844721
491,639,2025-07-04 17:38:36.977209
501,640,2025-07-04 17:38:37.109481
519,639,2025-07-04 17:38:37.237158
528,640,2025-07-04 17:38:37.365104
543,640,2025-07-04 17:38:37.481494
566,639,2025-07-04 17:38:37.621960
587,639,2025-07-04 17:38:37.750276
608,640,2025-07-04 17:38:37.872551
639,638,2025-07-04 17:38:37.999366
659,638,2025-07-04 17:38:38.120554
671,638,2025-07-04 17:38:38.255649
683,639,2025-07-04 17:38:38.387848
700,638,2025-07-04 17:38:38.522068
724,639,2025-07-04 17:38:38.652061
742,638,2025-07-04 17:38:38.792449
763,637,2025-07-04 17:38:38.921328
785,639,2025-07-04 17:38:39.048160
795,641,2025-07-04 17:38:39.177115
813,644,2025-07-04 17:38:39.304432
839,642,2025-07-04 17:38:39.440609
854,643,2025-07-04 17:38:39.572909
878,644,2025-07-04 17:38:39.713514
912,641,2025-07-04 17:38:39.859706
957,644,2025-07-04 17:38:39.991727
994,642,2025-07-04 17:38:40.113129
1010,641,2025-07-04 17:38:40.236601
1024,641,2025-07-04 17:38:40.363440
1029,640,2025-07-04 17:38:40.493295
1033,640,2025-07-04 17:38:40.621003
1036,640,2025-07-04 17:38:40.739076
1037,641,2025-07-04 17:38:40.863924
855,653,2025-07-04 17:38:41.003416
731,659,2025-07-04 17:38:41.158193
573,663,2025-07-04 17:38:41.288444
536,663,2025-07-04 17:38:41.399890
524,667,2025-07-04 17:38:41.537892
524,673,2025-07-04 17:38:41.686568
643,697,2025-07-04 17:38:41.991772
669,702,2025-07-04 17:38:42.129109
689,705,2025-07-04 17:38:42.278558
697,704,2025-07-04 17:38:42.418031
702,706,2025-07-04 17:38:42.559909
705,707,2025-07-04 17:38:42.685526
707,708,2025-07-04 17:38:42.814921
708,709,2025-07-04 17:38:42.945423
709,709,2025-07-04 17:38:43.074276
709,710,2025-07-04 17:38:43.196308
719,710,2025-07-04 17:38:43.312050
738,712,2025-07-04 17:38:43.451588
752,710,2025-07-04 17:38:43.579892
775,711,2025-07-04 17:38:43.710053
808,710,2025-07-04 17:38:43.836015
826,712,2025-07-04 17:38:43.966179
856,713,2025-07-04 17:38:44.102864
888,717,2025-07-04 17:38:44.236188
908,715,2025-07-04 17:38:44.370930
949,718,2025-07-04 17:38:44.509882
980,716,2025-07-04 17:38:44.628401
1004,717,2025-07-04 17:38:44.771051
1043,715,2025-07-04 17:38:44.903684
1068,710,2025-07-04 17:38:45.039027
1084,709,2025-07-04 17:38:45.168500
1112,706,2025-07-04 17:38:45.301739
1141,704,2025-07-04 17:38:45.436433
660,742,2025-07-04 17:38:45.702194
499,746,2025-07-04 17:38:45.823707
453,742,2025-07-04 17:38:45.948870
433,743,2025-07-04 17:38:46.082100
414,742,2025-07-04 17:38:46.211932
407,743,2025-07-04 17:38:46.342793
404,741,2025-07-04 17:38:46.459277
406,740,2025-07-04 17:38:46.581668
411,741,2025-07-04 17:38:46.699448
413,738,2025-07-04 17:38:46.831469
419,738,2025-07-04 17:38:46.960084
425,737,2025-07-04 17:38:47.076404
438,736,2025-07-04 17:38:47.198918
457,737,2025-07-04 17:38:47.331925
469,735,2025-07-04 17:38:47.464393
477,736,2025-07-04 17:38:47.600315
483,732,2025-07-04 17:38:47.731205
488,732,2025-07-04 17:38:47.863877
491,726,2025-07-04 17:38:48.007041
491,720,2025-07-04 17:38:48.134655
614,732,2025-07-04 17:38:48.372927
621,734,2025-07-04 17:38:48.497564
627,736,2025-07-04 17:38:48.630652
627,735,2025-07-04 17:38:48.757242
604,744,2025-07-04 17:38:48.873114
499,770,2025-07-04 17:38:49.132134
469,773,2025-07-04 17:38:49.299316
448,772,2025-07-04 17:38:49.430072
435,772,2025-07-04 17:38:49.563256
429,768,2025-07-04 17:38:49.696462
423,769,2025-07-04 17:38:49.829029
420,768,2025-07-04 17:38:49.964507
427,766,2025-07-04 17:38:50.097746
447,766,2025-07-04 17:38:50.228822
521,770,2025-07-04 17:38:50.506848
551,770,2025-07-04 17:38:50.649133
573,783,2025-07-04 17:38:50.791896
499,998,2025-07-04 17:38:50.928794
596,877,2025-07-04 17:38:51.062293
627,830,2025-07-04 17:38:51.195844
644,807,2025-07-04 17:38:51.328493
664,796,2025-07-04 17:38:51.456274
677,790,2025-07-04 17:38:51.588987
684,784,2025-07-04 17:38:51.706203
693,783,2025-07-04 17:38:51.828407
717,779,2025-07-04 17:38:51.960702
749,778,2025-07-04 17:38:52.089679
777,777,2025-07-04 17:38:52.221443
829,778,2025-07-04 17:38:52.350533
860,777,2025-07-04 17:38:52.472725
899,777,2025-07-04 17:38:52.603511
914,777,2025-07-04 17:38:52.722896
930,777,2025-07-04 17:38:52.846077
940,774,2025-07-04 17:38:52.976992
953,736,2025-07-04 17:38:53.109796
812,707,2025-07-04 17:38:53.248829
651,751,2025-07-04 17:38:53.380941
549,788,2025-07-04 17:38:53.516304
510,811,2025-07-04 17:38:53.644443
487,828,2025-07-04 17:38:53.762304
479,834,2025-07-04 17:38:53.898706
759,623,2025-07-04 17:38:54.175248
888,603,2025-07-04 17:38:54.312236
939,596,2025-07-04 17:38:54.445945
958,591,2025-07-04 17:38:54.571230
969,587,2025-07-04 17:38:54.700655
980,587,2025-07-04 17:38:54.826085
988,585,2025-07-04 17:38:54.941700
993,586,2025-07-04 17:38:55.050822
997,586,2025-07-04 17:38:55.181512
1000,586,2025-07-04 17:38:55.343139
1004,587,2025-07-04 17:38:55.472458
1006,585,2025-07-04 17:38:55.577936
1008,586,2025-07-04 17:38:55.711831
994,601,2025-07-04 17:38:55.865393
685,784,2025-07-04 17:38:55.997309
517,874,2025-07-04 17:38:56.125140
461,918,2025-07-04 17:38:56.263340
436,936,2025-07-04 17:38:56.400163
422,946,2025-07-04 17:38:56.531051
412,954,2025-07-04 17:38:56.655013
401,939,2025-07-04 17:38:56.789428
422,825,2025-07-04 17:38:57.061761
434,807,2025-07-04 17:38:57.194355
446,779,2025-07-04 17:38:57.307435
452,754,2025-07-04 17:38:57.445020
452,744,2025-07-04 17:38:57.570488
456,733,2025-07-04 17:38:57.705432
459,727,2025-07-04 17:38:57.826112
474,720,2025-07-04 17:38:57.956483
482,708,2025-07-04 17:38:58.094017
495,703,2025-07-04 17:38:58.224774
519,701,2025-07-04 17:38:58.360547
542,697,2025-07-04 17:38:58.477803
576,693,2025-07-04 17:38:58.614557
622,691,2025-07-04 17:38:58.739502
655,692,2025-07-04 17:38:58.880993
689,690,2025-07-04 17:38:59.031055
704,690,2025-07-04 17:38:59.185900
737,692,2025-07-04 17:38:59.321793
758,693,2025-07-04 17:38:59.455717
768,695,2025-07-04 17:38:59.580281
775,694,2025-07-04 17:38:59.704608
795,693,2025-07-04 17:38:59.833408
840,695,2025-07-04 17:38:59.967034
857,696,2025-07-04 17:39:00.102526
882,696,2025-07-04 17:39:00.236768
906,697,2025-07-04 17:39:00.393811
922,698,2025-07-04 17:39:00.520946
934,697,2025-07-04 17:39:00.639716
951,697,2025-07-04 17:39:00.765233
966,696,2025-07-04 17:39:00.884600
994,697,2025-07-04 17:39:01.015025
826,706,2025-07-04 17:39:01.145805
508,720,2025-07-04 17:39:01.281527
442,723,2025-07-04 17:39:01.405586
427,726,2025-07-04 17:39:01.550008
416,726,2025-07-04 17:39:01.697450
404,729,2025-07-04 17:39:01.823985
403,728,2025-07-04 17:39:01.957186
413,726,2025-07-04 17:39:02.089392
423,726,2025-07-04 17:39:02.216617
436,726,2025-07-04 17:39:02.352879
459,725,2025-07-04 17:39:02.489171
478,722,2025-07-04 17:39:02.620940
502,724,2025-07-04 17:39:02.748798
526,724,2025-07-04 17:39:02.886834
546,724,2025-07-04 17:39:03.019756
577,723,2025-07-04 17:39:03.137483
899,673,2025-07-04 17:39:03.271876
932,669,2025-07-04 17:39:03.399037
964,663,2025-07-04 17:39:03.521701
974,661,2025-07-04 17:39:03.656904
977,661,2025-07-04 17:39:03.798759
982,660,2025-07-04 17:39:03.945559
986,659,2025-07-04 17:39:04.071439
988,658,2025-07-04 17:39:04.209393
979,664,2025-07-04 17:39:04.345192
435,938,2025-07-04 17:39:04.789791
417,948,2025-07-04 17:39:04.922288
936,773,2025-07-04 17:39:05.062133
1272,669,2025-07-04 17:39:05.207791
1300,671,2025-07-04 17:39:05.337344
1310,673,2025-07-04 17:39:05.466664
1326,668,2025-07-04 17:39:05.598177
1342,669,2025-07-04 17:39:05.731282
752,809,2025-07-04 17:39:06.004043
505,791,2025-07-04 17:39:06.148862
447,767,2025-07-04 17:39:06.288213
428,747,2025-07-04 17:39:06.416455
414,702,2025-07-04 17:39:06.550266
397,602,2025-07-04 17:39:06.793638
396,582,2025-07-04 17:39:06.940030
396,577,2025-07-04 17:39:07.068875
438,573,2025-07-04 17:39:07.211943
508,590,2025-07-04 17:39:07.469490
501,596,2025-07-04 17:39:07.581785
483,591,2025-07-04 17:39:07.709477
468,586,2025-07-04 17:39:07.824330
458,584,2025-07-04 17:39:07.948668
447,583,2025-07-04 17:39:08.075434
440,587,2025-07-04 17:39:08.204422
425,594,2025-07-04 17:39:08.332121
417,595,2025-07-04 17:39:08.475796
420,598,2025-07-04 17:39:08.601967
427,604,2025-07-04 17:39:08.737726
429,608,2025-07-04 17:39:08.881929
353,782,2025-07-04 17:39:08.999396
370,752,2025-07-04 17:39:09.134991
387,707,2025-07-04 17:39:09.247036
395,680,2025-07-04 17:39:09.363545
404,658,2025-07-04 17:39:09.500996
413,651,2025-07-04 17:39:09.636297
423,644,2025-07-04 17:39:09.778305
437,633,2025-07-04 17:39:09.915979
447,633,2025-07-04 17:39:10.073128
456,631,2025-07-04 17:39:10.206218
464,631,2025-07-04 17:39:10.340995
471,630,2025-07-04 17:39:10.474299
481,630,2025-07-04 17:39:10.599669
528,640,2025-07-04 17:39:10.734541
597,655,2025-07-04 17:39:10.993500
613,658,2025-07-04 17:39:11.131049
617,662,2025-07-04 17:39:11.262445
618,654,2025-07-04 17:39:11.392562
617,646,2025-07-04 17:39:11.524443
614,642,2025-07-04 17:39:11.656993
611,641,2025-07-04 17:39:11.778960
609,638,2025-07-04 17:39:11.912591
608,636,2025-07-04 17:39:12.045580
624,625,2025-07-04 17:39:12.172560
642,625,2025-07-04 17:39:12.312129
658,629,2025-07-04 17:39:12.440695
669,630,2025-07-04 17:39:12.563594
719,635,2025-07-04 17:39:12.701126
742,641,2025-07-04 17:39:12.832350
757,643,2025-07-04 17:39:12.994107
787,645,2025-07-04 17:39:13.128203
816,641,2025-07-04 17:39:13.272570
833,642,2025-07-04 17:39:13.419458
847,642,2025-07-04 17:39:13.549973
871,638,2025-07-04 17:39:13.677030
894,638,2025-07-04 17:39:13.813205
905,638,2025-07-04 17:39:13.944282
937,637,2025-07-04 17:39:14.081533
969,633,2025-07-04 17:39:14.210032
985,629,2025-07-04 17:39:14.347246
1021,624,2025-07-04 17:39:14.480145
1047,624,2025-07-04 17:39:14.609732
1076,622,2025-07-04 17:39:14.735846
1071,617,2025-07-04 17:39:14.859582
545,646,2025-07-04 17:39:14.988596
464,654,2025-07-04 17:39:15.109254
428,656,2025-07-04 17:39:15.254087
401,657,2025-07-04 17:39:15.379268
392,656,2025-07-04 17:39:15.512729
387,657,2025-07-04 17:39:15.642226
388,658,2025-07-04 17:39:15.769665
396,658,2025-07-04 17:39:15.911009
405,659,2025-07-04 17:39:16.042452
411,660,2025-07-04 17:39:16.158763
434,661,2025-07-04 17:39:16.311693
440,663,2025-07-04 17:39:16.444259
663,665,2025-07-04 17:39:16.574778
684,668,2025-07-04 17:39:16.691453
708,668,2025-07-04 17:39:16.815129
731,670,2025-07-04 17:39:16.945232
743,670,2025-07-04 17:39:17.070968
761,670,2025-07-04 17:39:17.208744
783,670,2025-07-04 17:39:17.341746
794,670,2025-07-04 17:39:17.475015
801,672,2025-07-04 17:39:17.608282
808,673,2025-07-04 17:39:17.743400
814,671,2025-07-04 17:39:17.869970
825,675,2025-07-04 17:39:17.999203
837,675,2025-07-04 17:39:18.130211
849,675,2025-07-04 17:39:18.257192
866,677,2025-07-04 17:39:18.393500
904,673,2025-07-04 17:39:18.525828
942,674,2025-07-04 17:39:18.665086
972,671,2025-07-04 17:39:18.791361
997,667,2025-07-04 17:39:18.923486
1007,664,2025-07-04 17:39:19.053048
1016,660,2025-07-04 17:39:19.195013
1038,657,2025-07-04 17:39:19.323408
1062,656,2025-07-04 17:39:19.439509
1077,652,2025-07-04 17:39:19.555795
666,668,2025-07-04 17:39:19.683371
556,675,2025-07-04 17:39:19.812550
432,689,2025-07-04 17:39:19.942194
404,692,2025-07-04 17:39:20.071953
395,693,2025-07-04 17:39:20.206068
389,695,2025-07-04 17:39:20.341898
386,694,2025-07-04 17:39:20.471888
383,694,2025-07-04 17:39:20.605154
380,694,2025-07-04 17:39:20.738915
389,694,2025-07-04 17:39:20.883991
398,695,2025-07-04 17:39:21.031110
404,697,2025-07-04 17:39:21.177187
418,697,2025-07-04 17:39:21.312638
433,695,2025-07-04 17:39:21.448283
455,698,2025-07-04 17:39:21.571691
482,702,2025-07-04 17:39:21.704117
505,702,2025-07-04 17:39:21.836135
520,703,2025-07-04 17:39:21.969554
533,705,2025-07-04 17:39:22.109409
542,705,2025-07-04 17:39:22.238455
548,704,2025-07-04 17:39:22.368701
555,704,2025-07-04 17:39:22.479858
565,699,2025-07-04 17:39:22.601061
571,698,2025-07-04 17:39:22.731916
571,696,2025-07-04 17:39:22.869169
572,694,2025-07-04 17:39:22.997732
573,692,2025-07-04 17:39:23.119539
591,693,2025-07-04 17:39:23.252778
611,697,2025-07-04 17:39:23.369391
623,692,2025-07-04 17:39:23.486003
634,696,2025-07-04 17:39:23.629472
657,697,2025-07-04 17:39:23.760291
704,699,2025-07-04 17:39:23.881078
731,703,2025-07-04 17:39:24.002644
766,706,2025-07-04 17:39:24.143109
808,705,2025-07-04 17:39:24.273026
832,704,2025-07-04 17:39:24.386636
848,700,2025-07-04 17:39:24.518360
867,701,2025-07-04 17:39:24.654673
877,699,2025-07-04 17:39:24.785853
883,701,2025-07-04 17:39:24.911609
887,699,2025-07-04 17:39:25.073589
893,697,2025-07-04 17:39:25.219113
909,698,2025-07-04 17:39:25.357590
927,693,2025-07-04 17:39:25.501392
939,693,2025-07-04 17:39:25.640916
970,692,2025-07-04 17:39:25.761351
1005,689,2025-07-04 17:39:25.883286
875,708,2025-07-04 17:39:26.014572
598,732,2025-07-04 17:39:26.144122
459,745,2025-07-04 17:39:26.269876
433,751,2025-07-04 17:39:26.405516
411,756,2025-07-04 17:39:26.545338
403,760,2025-07-04 17:39:26.679350
528,773,2025-07-04 17:39:26.949981
570,776,2025-07-04 17:39:27.079076
611,777,2025-07-04 17:39:27.195616
622,778,2025-07-04 17:39:27.310321
648,778,2025-07-04 17:39:27.428077
681,778,2025-07-04 17:39:27.549558
692,778,2025-07-04 17:39:27.679595
700,777,2025-07-04 17:39:27.798278
710,776,2025-07-04 17:39:27.926243
721,776,2025-07-04 17:39:28.044962
727,774,2025-07-04 17:39:28.178885
730,774,2025-07-04 17:39:28.298775
731,773,2025-07-04 17:39:28.434618
734,772,2025-07-04 17:39:28.555626
743,771,2025-07-04 17:39:28.677346
751,769,2025-07-04 17:39:28.784753
760,770,2025-07-04 17:39:28.916760
768,770,2025-07-04 17:39:29.048673
778,770,2025-07-04 17:39:29.186409
803,767,2025-07-04 17:39:29.323801
826,763,2025-07-04 17:39:29.472569
833,763,2025-07-04 17:39:29.623991
856,763,2025-07-04 17:39:29.768857
881,758,2025-07-04 17:39:29.898463
658,789,2025-07-04 17:39:30.155121
539,808,2025-07-04 17:39:30.276252
480,820,2025-07-04 17:39:30.409992
466,827,2025-07-04 17:39:30.541673
459,828,2025-07-04 17:39:30.659045
454,827,2025-07-04 17:39:30.796933
415,924,2025-07-04 17:39:31.063316
647,754,2025-07-04 17:39:31.212141
860,647,2025-07-04 17:39:31.332327
904,628,2025-07-04 17:39:31.467127
929,622,2025-07-04 17:39:31.605231
953,618,2025-07-04 17:39:31.736057
966,611,2025-07-04 17:39:31.871523
975,608,2025-07-04 17:39:32.010630
981,605,2025-07-04 17:39:32.138389
987,603,2025-07-04 17:39:32.284942
991,604,2025-07-04 17:39:32.414712
993,603,2025-07-04 17:39:32.528942
994,601,2025-07-04 17:39:32.656805
997,602,2025-07-04 17:39:32.773511
997,601,2025-07-04 17:39:32.897657
997,601,2025-07-04 17:39:33.020110
818,685,2025-07-04 17:39:33.147511
545,812,2025-07-04 17:39:33.289780
481,856,2025-07-04 17:39:33.430067
409,977,2025-07-04 17:39:33.703285
410,972,2025-07-04 17:39:33.847429
440,894,2025-07-04 17:39:34.114236
436,896,2025-07-04 17:39:34.248610
435,898,2025-07-04 17:39:34.363484
451,716,2025-07-04 17:39:34.636366
448,679,2025-07-04 17:39:34.770440
446,662,2025-07-04 17:39:34.901553
438,654,2025-07-04 17:39:35.040716
428,649,2025-07-04 17:39:35.171722
426,645,2025-07-04 17:39:35.302564
425,642,2025-07-04 17:39:35.470998
424,641,2025-07-04 17:39:35.602438
423,640,2025-07-04 17:39:35.731277
421,641,2025-07-04 17:39:35.844738
413,646,2025-07-04 17:39:35.976226
341,754,2025-07-04 17:39:36.101691
343,752,2025-07-04 17:39:36.226537
409,676,2025-07-04 17:39:36.492381
423,662,2025-07-04 17:39:36.628967
444,657,2025-07-04 17:39:36.761730
463,645,2025-07-04 17:39:36.892758
477,642,2025-07-04 17:39:37.021102
495,645,2025-07-04 17:39:37.155534
511,645,2025-07-04 17:39:37.292946
517,645,2025-07-04 17:39:37.429280
528,646,2025-07-04 17:39:37.563432
556,647,2025-07-04 17:39:37.684529
573,648,2025-07-04 17:39:37.811940
591,650,2025-07-04 17:39:37.955493
628,649,2025-07-04 17:39:38.092532
652,652,2025-07-04 17:39:38.219477
683,652,2025-07-04 17:39:38.358629
710,652,2025-07-04 17:39:38.491714
727,651,2025-07-04 17:39:38.624921
746,650,2025-07-04 17:39:38.760336
760,652,2025-07-04 17:39:38.886903
536,583,2025-07-04 17:39:39.149055
487,575,2025-07-04 17:39:39.274122
450,564,2025-07-04 17:39:39.401144
445,563,2025-07-04 17:39:39.520766
440,563,2025-07-04 17:39:39.641834
438,562,2025-07-04 17:39:39.773196
445,560,2025-07-04 17:39:39.883849
460,559,2025-07-04 17:39:40.010930
475,561,2025-07-04 17:39:40.145230
498,560,2025-07-04 17:39:40.272756
531,558,2025-07-04 17:39:40.406387
565,562,2025-07-04 17:39:40.539794
625,561,2025-07-04 17:39:40.672538
668,568,2025-07-04 17:39:40.812382
722,585,2025-07-04 17:39:40.934589
837,633,2025-07-04 17:39:41.199677
859,639,2025-07-04 17:39:41.343961
884,641,2025-07-04 17:39:41.473265
902,642,2025-07-04 17:39:41.601426
915,643,2025-07-04 17:39:41.730793
932,647,2025-07-04 17:39:41.866582
954,651,2025-07-04 17:39:42.005915
979,649,2025-07-04 17:39:42.129420
990,648,2025-07-04 17:39:42.253118
1001,647,2025-07-04 17:39:42.380662
1019,646,2025-07-04 17:39:42.514946
1056,647,2025-07-04 17:39:42.631737
1080,642,2025-07-04 17:39:42.748826
1098,641,2025-07-04 17:39:42.870799
680,673,2025-07-04 17:39:43.008533
542,680,2025-07-04 17:39:43.146684
467,687,2025-07-04 17:39:43.271358
446,688,2025-07-04 17:39:43.428702
440,690,2025-07-04 17:39:43.571176
432,691,2025-07-04 17:39:43.704324
427,690,2025-07-04 17:39:43.840599
313,897,2025-07-04 17:39:43.981362
376,795,2025-07-04 17:39:44.106508
408,750,2025-07-04 17:39:44.229552
420,732,2025-07-04 17:39:44.343266
428,722,2025-07-04 17:39:44.468718
469,469,2025-07-04 17:39:44.738857
465,413,2025-07-04 17:39:44.872025
466,377,2025-07-04 17:39:44.998122
468,366,2025-07-04 17:39:45.136672
472,356,2025-07-04 17:39:45.267995
469,348,2025-07-04 17:39:45.396860
469,344,2025-07-04 17:39:45.514562
454,336,2025-07-04 17:39:45.656151
441,338,2025-07-04 17:39:45.768010
432,341,2025-07-04 17:39:45.895788
427,341,2025-07-04 17:39:46.024916
422,343,2025-07-04 17:39:46.161023
420,342,2025-07-04 17:39:46.286893
556,330,2025-07-04 17:39:46.411387
619,319,2025-07-04 17:39:46.527251
646,326,2025-07-04 17:39:46.634872
682,325,2025-07-04 17:39:46.761503
708,325,2025-07-04 17:39:46.878370
726,325,2025-07-04 17:39:47.010229
750,327,2025-07-04 17:39:47.128265
768,328,2025-07-04 17:39:47.268432
782,324,2025-07-04 17:39:47.392959
795,322,2025-07-04 17:39:47.534761
823,318,2025-07-04 17:39:47.662420
843,315,2025-07-04 17:39:47.797760
853,310,2025-07-04 17:39:47.924980
755,317,2025-07-04 17:39:48.045968
490,484,2025-07-04 17:39:48.186186
453,569,2025-07-04 17:39:48.311929
446,591,2025-07-04 17:39:48.437403
439,611,2025-07-04 17:39:48.567123
435,621,2025-07-04 17:39:48.702082
433,627,2025-07-04 17:39:48.834790
432,630,2025-07-04 17:39:48.953318
437,635,2025-07-04 17:39:49.082876
439,638,2025-07-04 17:39:49.207248
444,644,2025-07-04 17:39:49.335197
463,674,2025-07-04 17:39:49.465565
475,679,2025-07-04 17:39:49.592701
494,684,2025-07-04 17:39:49.712795
532,710,2025-07-04 17:39:49.849908
547,718,2025-07-04 17:39:49.981844
574,719,2025-07-04 17:39:50.115875
602,717,2025-07-04 17:39:50.241353
615,721,2025-07-04 17:39:50.382370
634,721,2025-07-04 17:39:50.515836
663,722,2025-07-04 17:39:50.648079
674,722,2025-07-04 17:39:50.781119
682,722,2025-07-04 17:39:50.896263
709,715,2025-07-04 17:39:51.023592
924,660,2025-07-04 17:39:51.314312
969,642,2025-07-04 17:39:51.447540
981,636,2025-07-04 17:39:51.597606
991,634,2025-07-04 17:39:51.736301
997,629,2025-07-04 17:39:51.873188
1001,627,2025-07-04 17:39:51.997708
1005,627,2025-07-04 17:39:52.123432
996,635,2025-07-04 17:39:52.247695
809,773,2025-07-04 17:39:52.380072
666,856,2025-07-04 17:39:52.497561
529,916,2025-07-04 17:39:52.624681
475,935,2025-07-04 17:39:52.775161
453,939,2025-07-04 17:39:52.896305
440,941,2025-07-04 17:39:53.016245
879,777,2025-07-04 17:39:53.283158
1179,722,2025-07-04 17:39:53.416548
1229,677,2025-07-04 17:39:53.546369
1314,467,2025-07-04 17:39:53.902707
1326,459,2025-07-04 17:39:54.041170
1351,603,2025-07-04 17:39:54.339067
1338,653,2025-07-04 17:39:54.466331
1323,694,2025-07-04 17:39:54.599058
1313,714,2025-07-04 17:39:54.731796
1337,751,2025-07-04 17:39:54.862993
1511,749,2025-07-04 17:39:55.130224
1375,768,2025-07-04 17:39:55.364635
1317,771,2025-07-04 17:39:55.494166
1098,766,2025-07-04 17:39:55.608248
743,760,2025-07-04 17:39:55.876155
714,746,2025-07-04 17:39:56.024082
683,731,2025-07-04 17:39:56.150568
667,720,2025-07-04 17:39:56.270432
656,715,2025-07-04 17:39:56.388988
577,938,2025-07-04 17:39:56.526785
595,941,2025-07-04 17:39:56.665690
602,934,2025-07-04 17:39:56.799183
575,914,2025-07-04 17:39:56.927877
459,862,2025-07-04 17:39:57.195050
429,848,2025-07-04 17:39:57.334688
417,836,2025-07-04 17:39:57.473052
410,821,2025-07-04 17:39:57.590614
404,808,2025-07-04 17:39:57.707976
402,797,2025-07-04 17:39:57.843570
503,768,2025-07-04 17:39:57.983856
767,768,2025-07-04 17:39:58.109526
820,763,2025-07-04 17:39:58.239902
836,759,2025-07-04 17:39:58.390260
498,923,2025-07-04 17:39:58.674857
454,920,2025-07-04 17:39:58.807192
441,909,2025-07-04 17:39:58.924980
432,909,2025-07-04 17:39:59.052452
419,917,2025-07-04 17:39:59.182137
414,932,2025-07-04 17:39:59.313195
408,940,2025-07-04 17:39:59.450494
416,928,2025-07-04 17:39:59.606013
427,861,2025-07-04 17:39:59.902032
425,850,2025-07-04 17:40:00.037329
415,851,2025-07-04 17:40:00.166267
408,853,2025-07-04 17:40:00.329805
406,853,2025-07-04 17:40:00.456830
419,831,2025-07-04 17:40:00.570294
431,822,2025-07-04 17:40:00.685589
448,812,2025-07-04 17:40:00.814703
476,794,2025-07-04 17:40:00.924290
491,793,2025-07-04 17:40:01.061069
507,791,2025-07-04 17:40:01.203519
537,789,2025-07-04 17:40:01.332465
556,788,2025-07-04 17:40:01.461307
573,788,2025-07-04 17:40:01.590355
589,788,2025-07-04 17:40:01.723551
602,791,2025-07-04 17:40:01.863848
620,790,2025-07-04 17:40:01.993604
646,791,2025-07-04 17:40:02.119805
670,791,2025-07-04 17:40:02.264720
741,795,2025-07-04 17:40:02.525780
766,795,2025-07-04 17:40:02.654795
854,793,2025-07-04 17:40:02.808445
866,793,2025-07-04 17:40:02.943979
872,794,2025-07-04 17:40:03.081265
890,792,2025-07-04 17:40:03.210505
915,794,2025-07-04 17:40:03.342690
928,793,2025-07-04 17:40:03.471436
916,806,2025-07-04 17:40:03.586582
778,834,2025-07-04 17:40:03.841758
903,804,2025-07-04 17:40:04.099489
938,796,2025-07-04 17:40:04.246803
963,794,2025-07-04 17:40:04.373726
977,789,2025-07-04 17:40:04.502162
984,788,2025-07-04 17:40:04.637489
990,789,2025-07-04 17:40:04.748935
1008,789,2025-07-04 17:40:04.887399
1046,788,2025-07-04 17:40:05.013077
1065,790,2025-07-04 17:40:05.129537
1090,789,2025-07-04 17:40:05.255707
1127,789,2025-07-04 17:40:05.406258
912,808,2025-07-04 17:40:05.540451
601,823,2025-07-04 17:40:05.677687
448,828,2025-07-04 17:40:05.938750
432,828,2025-07-04 17:40:06.061676
430,825,2025-07-04 17:40:06.183321
439,825,2025-07-04 17:40:06.304806
448,824,2025-07-04 17:40:06.437262
469,824,2025-07-04 17:40:06.575936
501,828,2025-07-04 17:40:06.694062
526,827,2025-07-04 17:40:06.817761
563,825,2025-07-04 17:40:06.947897
594,825,2025-07-04 17:40:07.078260
610,824,2025-07-04 17:40:07.193514
627,825,2025-07-04 17:40:07.310664
642,824,2025-07-04 17:40:07.485470
661,824,2025-07-04 17:40:07.618715
675,827,2025-07-04 17:40:07.752183
693,826,2025-07-04 17:40:07.884576
731,823,2025-07-04 17:40:08.025015
766,825,2025-07-04 17:40:08.155814
796,828,2025-07-04 17:40:08.284446
808,827,2025-07-04 17:40:08.417701
817,828,2025-07-04 17:40:08.550936
832,828,2025-07-04 17:40:08.670664
861,827,2025-07-04 17:40:08.804808
885,825,2025-07-04 17:40:08.926371
901,825,2025-07-04 17:40:09.052644
942,823,2025-07-04 17:40:09.167044
962,823,2025-07-04 17:40:09.295226
977,821,2025-07-04 17:40:09.433153
1008,822,2025-07-04 17:40:09.567756
1035,824,2025-07-04 17:40:09.700712
1052,825,2025-07-04 17:40:09.828788
1081,824,2025-07-04 17:40:09.967638
1110,824,2025-07-04 17:40:10.090753
1118,823,2025-07-04 17:40:10.210177
563,837,2025-07-04 17:40:10.323089
501,845,2025-07-04 17:40:10.444285
450,847,2025-07-04 17:40:10.566159
441,848,2025-07-04 17:40:10.701419
435,850,2025-07-04 17:40:10.832179
434,854,2025-07-04 17:40:10.952237
431,860,2025-07-04 17:40:11.086505
416,862,2025-07-04 17:40:11.215525
412,864,2025-07-04 17:40:11.332061
408,863,2025-07-04 17:40:11.459127
405,865,2025-07-04 17:40:11.589272
403,866,2025-07-04 17:40:11.707461
401,869,2025-07-04 17:40:11.826940
397,868,2025-07-04 17:40:11.948332
404,872,2025-07-04 17:40:12.071290
422,873,2025-07-04 17:40:12.202820
448,872,2025-07-04 17:40:12.334166
467,870,2025-07-04 17:40:12.457679
492,870,2025-07-04 17:40:12.597652
503,868,2025-07-04 17:40:12.722591
518,868,2025-07-04 17:40:12.851037
529,867,2025-07-04 17:40:12.984197
553,869,2025-07-04 17:40:13.115114
574,866,2025-07-04 17:40:13.256636
605,863,2025-07-04 17:40:13.416882
647,861,2025-07-04 17:40:13.557747
667,861,2025-07-04 17:40:13.698079
676,864,2025-07-04 17:40:13.832357
683,865,2025-07-04 17:40:13.969270
704,863,2025-07-04 17:40:14.103222
802,857,2025-07-04 17:40:14.363458
825,856,2025-07-04 17:40:14.503041
823,860,2025-07-04 17:40:14.631609
634,906,2025-07-04 17:40:14.854392
596,922,2025-07-04 17:40:14.979124
563,935,2025-07-04 17:40:15.093037
570,947,2025-07-04 17:40:15.212075
662,947,2025-07-04 17:40:15.371642
738,945,2025-07-04 17:40:15.503197
779,940,2025-07-04 17:40:15.648420
926,818,2025-07-04 17:40:15.778760
956,798,2025-07-04 17:40:15.895920
969,788,2025-07-04 17:40:16.031515
979,776,2025-07-04 17:40:16.145589
983,775,2025-07-04 17:40:16.277968
985,772,2025-07-04 17:40:16.411453
986,770,2025-07-04 17:40:16.530193
988,767,2025-07-04 17:40:16.675851
989,765,2025-07-04 17:40:16.846332
1211,842,2025-07-04 17:40:16.978246
1269,861,2025-07-04 17:40:17.106643
1391,804,2025-07-04 17:40:17.354483
1413,720,2025-07-04 17:40:17.476031
1421,635,2025-07-04 17:40:17.602245
1426,596,2025-07-04 17:40:17.732953
1426,580,2025-07-04 17:40:17.862980
1171,729,2025-07-04 17:40:17.978550
831,913,2025-07-04 17:40:18.096500
656,964,2025-07-04 17:40:18.220207
557,962,2025-07-04 17:40:18.366400
518,936,2025-07-04 17:40:18.485545
479,899,2025-07-04 17:40:18.622610
456,875,2025-07-04 17:40:18.761404
450,863,2025-07-04 17:40:18.891091
477,837,2025-07-04 17:40:19.022477
488,830,2025-07-04 17:40:19.170402
490,828,2025-07-04 17:40:19.299901
471,847,2025-07-04 17:40:19.432638
443,862,2025-07-04 17:40:19.601618
422,869,2025-07-04 17:40:19.737546
412,875,2025-07-04 17:40:19.883151
406,883,2025-07-04 17:40:20.013732
403,884,2025-07-04 17:40:20.139250
433,862,2025-07-04 17:40:20.264061
517,792,2025-07-04 17:40:20.528085
533,779,2025-07-04 17:40:20.639539
540,771,2025-07-04 17:40:20.758877
891,772,2025-07-04 17:40:20.878105
1211,794,2025-07-04 17:40:20.993773
1365,803,2025-07-04 17:40:21.124770
1412,808,2025-07-04 17:40:21.252624
1418,823,2025-07-04 17:40:21.381486
1422,844,2025-07-04 17:40:21.507289
1170,856,2025-07-04 17:40:21.630228
947,818,2025-07-04 17:40:21.758192
918,799,2025-07-04 17:40:21.871968
921,790,2025-07-04 17:40:22.006816
916,782,2025-07-04 17:40:22.139205
897,777,2025-07-04 17:40:22.260407
724,748,2025-07-04 17:40:22.527286
694,749,2025-07-04 17:40:22.656724
666,744,2025-07-04 17:40:22.789110
641,742,2025-07-04 17:40:22.907375
628,742,2025-07-04 17:40:23.042636
615,741,2025-07-04 17:40:23.166612
602,741,2025-07-04 17:40:23.288105
591,742,2025-07-04 17:40:23.417821
574,746,2025-07-04 17:40:23.557451
558,746,2025-07-04 17:40:23.698856
537,747,2025-07-04 17:40:23.822085
516,750,2025-07-04 17:40:23.955386
496,755,2025-07-04 17:40:24.084754
488,754,2025-07-04 17:40:24.201457
483,753,2025-07-04 17:40:24.339178
503,753,2025-07-04 17:40:24.472580
524,754,2025-07-04 17:40:24.604767
539,754,2025-07-04 17:40:24.721916
563,751,2025-07-04 17:40:24.880165
590,749,2025-07-04 17:40:25.015476
608,751,2025-07-04 17:40:25.136072
849,749,2025-07-04 17:40:25.411222
876,750,2025-07-04 17:40:25.537211
889,751,2025-07-04 17:40:25.671655
1096,750,2025-07-04 17:40:26.067217
1123,749,2025-07-04 17:40:26.180926
1132,749,2025-07-04 17:40:26.291002
1136,749,2025-07-04 17:40:26.413914
1100,751,2025-07-04 17:40:26.530376
681,767,2025-07-04 17:40:26.651734
441,774,2025-07-04 17:40:26.914733
422,773,2025-07-04 17:40:27.033478
410,775,2025-07-04 17:40:27.169840
421,776,2025-07-04 17:40:27.301791
534,783,2025-07-04 17:40:27.581331
714,792,2025-07-04 17:40:27.870086
744,791,2025-07-04 17:40:28.005585
756,794,2025-07-04 17:40:28.135405
765,793,2025-07-04 17:40:28.275357
770,794,2025-07-04 17:40:28.401599
773,796,2025-07-04 17:40:28.520379
775,797,2025-07-04 17:40:28.651939
776,797,2025-07-04 17:40:28.768663
774,797,2025-07-04 17:40:28.892640
762,802,2025-07-04 17:40:29.009304
749,805,2025-07-04 17:40:29.128377
740,807,2025-07-04 17:40:29.253955
735,812,2025-07-04 17:40:29.388407
731,813,2025-07-04 17:40:29.509627
729,816,2025-07-04 17:40:29.634625
728,819,2025-07-04 17:40:29.767588
735,823,2025-07-04 17:40:29.904650
742,827,2025-07-04 17:40:30.034280
679,922,2025-07-04 17:40:30.136854
699,919,2025-07-04 17:40:30.269790
728,896,2025-07-04 17:40:30.415672
758,868,2025-07-04 17:40:30.560323
775,853,2025-07-04 17:40:30.703526
781,847,2025-07-04 17:40:30.840627
783,842,2025-07-04 17:40:30.977335
778,832,2025-07-04 17:40:31.096164
756,833,2025-07-04 17:40:31.231465
740,832,2025-07-04 17:40:31.362790
734,833,2025-07-04 17:40:31.490172
772,832,2025-07-04 17:40:31.633527
711,836,2025-07-04 17:40:31.758029
714,834,2025-07-04 17:40:31.883799
719,832,2025-07-04 17:40:32.018936
725,831,2025-07-04 17:40:32.136137
734,830,2025-07-04 17:40:32.254281
742,829,2025-07-04 17:40:32.376535
750,826,2025-07-04 17:40:32.492589
759,826,2025-07-04 17:40:32.615275
765,828,2025-07-04 17:40:32.748710
771,826,2025-07-04 17:40:32.866037
782,826,2025-07-04 17:40:32.974849
791,825,2025-07-04 17:40:33.099619
801,822,2025-07-04 17:40:33.231816
815,823,2025-07-04 17:40:33.364820
838,822,2025-07-04 17:40:33.505233
858,821,2025-07-04 17:40:33.641238
870,819,2025-07-04 17:40:33.767444
880,820,2025-07-04 17:40:33.900569
881,820,2025-07-04 17:40:34.035550
684,826,2025-07-04 17:40:34.163768
594,817,2025-07-04 17:40:34.297280
561,803,2025-07-04 17:40:34.422292
547,798,2025-07-04 17:40:34.532927
536,791,2025-07-04 17:40:34.655258
529,790,2025-07-04 17:40:34.779320
525,787,2025-07-04 17:40:34.916162
522,783,2025-07-04 17:40:35.051109
519,782,2025-07-04 17:40:35.172095
518,781,2025-07-04 17:40:35.288449
518,780,2025-07-04 17:40:35.406853
519,780,2025-07-04 17:40:35.571915
520,781,2025-07-04 17:40:35.695278
521,782,2025-07-04 17:40:35.832140
521,782,2025-07-04 17:40:35.963450
522,782,2025-07-04 17:40:36.105329
523,783,2025-07-04 17:40:36.256200
524,784,2025-07-04 17:40:36.379672
525,784,2025-07-04 17:40:36.512552
525,784,2025-07-04 17:40:36.632609
523,788,2025-07-04 17:40:36.761200
478,800,2025-07-04 17:40:36.891866
424,824,2025-07-04 17:40:37.132031
414,829,2025-07-04 17:40:37.256372
407,830,2025-07-04 17:40:37.378488
403,831,2025-07-04 17:40:37.511178
406,832,2025-07-04 17:40:37.639739
418,831,2025-07-04 17:40:37.757545
443,829,2025-07-04 17:40:37.899097
460,828,2025-07-04 17:40:38.025496
500,826,2025-07-04 17:40:38.136499
528,828,2025-07-04 17:40:38.263005
616,826,2025-07-04 17:40:38.510619
667,828,2025-07-04 17:40:38.644635
687,827,2025-07-04 17:40:38.786204
930,757,2025-07-04 17:40:39.077012
956,746,2025-07-04 17:40:39.204820
968,741,2025-07-04 17:40:39.340779
974,738,2025-07-04 17:40:39.480396
979,736,2025-07-04 17:40:39.615021
984,736,2025-07-04 17:40:39.743346
987,735,2025-07-04 17:40:39.869890
989,733,2025-07-04 17:40:39.978707
990,733,2025-07-04 17:40:40.082681
991,731,2025-07-04 17:40:40.192632
992,731,2025-07-04 17:40:40.326724
993,731,2025-07-04 17:40:40.459849
994,731,2025-07-04 17:40:40.598007
1364,760,2025-07-04 17:40:40.841498
1382,769,2025-07-04 17:40:40.953700
1402,783,2025-07-04 17:40:41.087981
1417,821,2025-07-04 17:40:41.226825
1445,866,2025-07-04 17:40:41.360154
1456,896,2025-07-04 17:40:41.480430
1459,905,2025-07-04 17:40:41.613353
1460,905,2025-07-04 17:40:41.733657
1453,906,2025-07-04 17:40:41.883082
1422,913,2025-07-04 17:40:42.019447
1405,922,2025-07-04 17:40:42.146828
1383,926,2025-07-04 17:40:42.267188
1374,931,2025-07-04 17:40:42.385071
1373,935,2025-07-04 17:40:42.502115
1385,937,2025-07-04 17:40:42.626895
1404,938,2025-07-04 17:40:42.748885
1413,940,2025-07-04 17:40:42.867071
1421,942,2025-07-04 17:40:43.008403
1434,939,2025-07-04 17:40:43.132238
1451,936,2025-07-04 17:40:43.251173
1470,936,2025-07-04 17:40:43.368457
1480,924,2025-07-04 17:40:43.500948
1468,804,2025-07-04 17:40:43.750724
1455,776,2025-07-04 17:40:43.876052
1446,755,2025-07-04 17:40:44.000304
1442,720,2025-07-04 17:40:44.140247
1446,696,2025-07-04 17:40:44.273963
1446,685,2025-07-04 17:40:44.409712
1444,671,2025-07-04 17:40:44.552053
1448,653,2025-07-04 17:40:44.692357
1449,647,2025-07-04 17:40:44.827218
1450,643,2025-07-04 17:40:44.949911
1451,640,2025-07-04 17:40:45.073730
1451,638,2025-07-04 17:40:45.199084
1450,636,2025-07-04 17:40:45.321900
1449,634,2025-07-04 17:40:45.455571
1449,633,2025-07-04 17:40:45.591173
1449,632,2025-07-04 17:40:45.722170
1448,632,2025-07-04 17:40:45.849059
1449,633,2025-07-04 17:40:45.987897
1451,676,2025-07-04 17:40:46.117265
1456,756,2025-07-04 17:40:46.251111
1458,794,2025-07-04 17:40:46.394807
1457,822,2025-07-04 17:40:46.512972
1459,831,2025-07-04 17:40:46.633498
1459,843,2025-07-04 17:40:46.766241
1462,851,2025-07-04 17:40:46.887702
1461,846,2025-07-04 17:40:47.033953
1444,608,2025-07-04 17:40:47.158158
1447,560,2025-07-04 17:40:47.273777
1454,541,2025-07-04 17:40:47.393504
1460,524,2025-07-04 17:40:47.545884
1461,516,2025-07-04 17:40:47.675463
1463,510,2025-07-04 17:40:47.801429
1464,506,2025-07-04 17:40:47.921472
1465,504,2025-07-04 17:40:48.040615
1465,500,2025-07-04 17:40:48.146769
1468,499,2025-07-04 17:40:48.267957
1116,692,2025-07-04 17:40:48.373899
889,817,2025-07-04 17:40:48.503182
638,932,2025-07-04 17:40:48.762649
491,984,2025-07-04 17:40:49.002979
455,998,2025-07-04 17:40:49.139797
442,999,2025-07-04 17:40:49.272449
468,978,2025-07-04 17:40:49.405092
927,808,2025-07-04 17:40:49.669269
1173,793,2025-07-04 17:40:49.810733
1362,765,2025-07-04 17:40:49.941499
1419,897,2025-07-04 17:40:50.072223
1386,843,2025-07-04 17:40:50.207409
1163,814,2025-07-04 17:40:50.339391
794,818,2025-07-04 17:40:50.470590
582,812,2025-07-04 17:40:50.596944
461,808,2025-07-04 17:40:50.740970
433,806,2025-07-04 17:40:50.860054
421,806,2025-07-04 17:40:50.985036
412,805,2025-07-04 17:40:51.101156
407,804,2025-07-04 17:40:51.233996
405,803,2025-07-04 17:40:51.367553
412,801,2025-07-04 17:40:51.493959
415,800,2025-07-04 17:40:51.622065
416,800,2025-07-04 17:40:51.748696
417,800,2025-07-04 17:40:51.864347
419,800,2025-07-04 17:40:51.999069
422,802,2025-07-04 17:40:52.135817
442,801,2025-07-04 17:40:52.273166
463,801,2025-07-04 17:40:52.400157
487,805,2025-07-04 17:40:52.512876
508,804,2025-07-04 17:40:52.640559
530,807,2025-07-04 17:40:52.768801
541,809,2025-07-04 17:40:52.909671
551,809,2025-07-04 17:40:53.053418
560,808,2025-07-04 17:40:53.180894
572,809,2025-07-04 17:40:53.309347
580,811,2025-07-04 17:40:53.426796
585,810,2025-07-04 17:40:53.547990
612,811,2025-07-04 17:40:53.676265
632,810,2025-07-04 17:40:53.798064
656,810,2025-07-04 17:40:53.932619
674,810,2025-07-04 17:40:54.065885
690,809,2025-07-04 17:40:54.223823
701,809,2025-07-04 17:40:54.359157
709,809,2025-07-04 17:40:54.487219
721,808,2025-07-04 17:40:54.598498
740,805,2025-07-04 17:40:54.743498
752,804,2025-07-04 17:40:54.881203
761,807,2025-07-04 17:40:55.008826
766,802,2025-07-04 17:40:55.126960
779,804,2025-07-04 17:40:55.272882
802,802,2025-07-04 17:40:55.408500
820,803,2025-07-04 17:40:55.551370
833,804,2025-07-04 17:40:55.671990
850,801,2025-07-04 17:40:55.798567
876,801,2025-07-04 17:40:55.936984
902,802,2025-07-04 17:40:56.062573
922,801,2025-07-04 17:40:56.189167
945,801,2025-07-04 17:40:56.313620
978,797,2025-07-04 17:40:56.439727
1007,798,2025-07-04 17:40:56.575063
1026,797,2025-07-04 17:40:56.696233
1058,795,2025-07-04 17:40:56.817112
1081,789,2025-07-04 17:40:56.946421
1100,788,2025-07-04 17:40:57.071008
1117,789,2025-07-04 17:40:57.191307
877,808,2025-07-04 17:40:57.332539
504,832,2025-07-04 17:40:57.453427
430,839,2025-07-04 17:40:57.562371
414,839,2025-07-04 17:40:57.688071
404,838,2025-07-04 17:40:57.814976
396,839,2025-07-04 17:40:57.916620
391,840,2025-07-04 17:40:58.040846
387,841,2025-07-04 17:40:58.164705
385,842,2025-07-04 17:40:58.306945
383,843,2025-07-04 17:40:58.445021
385,841,2025-07-04 17:40:58.585943
388,841,2025-07-04 17:40:58.715305
396,839,2025-07-04 17:40:58.849039
422,838,2025-07-04 17:40:58.988627
445,836,2025-07-04 17:40:59.127514
460,833,2025-07-04 17:40:59.259995
491,834,2025-07-04 17:40:59.393356
503,833,2025-07-04 17:40:59.521516
511,833,2025-07-04 17:40:59.642732
520,833,2025-07-04 17:40:59.771279
526,833,2025-07-04 17:40:59.905530
538,834,2025-07-04 17:41:00.050412
551,835,2025-07-04 17:41:00.201237
566,838,2025-07-04 17:41:00.327949
583,838,2025-07-04 17:41:00.457532
603,840,2025-07-04 17:41:00.595922
618,840,2025-07-04 17:41:00.707934
629,840,2025-07-04 17:41:00.848202
647,840,2025-07-04 17:41:00.981614
660,840,2025-07-04 17:41:01.122154
682,840,2025-07-04 17:41:01.276184
706,841,2025-07-04 17:41:01.420669
720,840,2025-07-04 17:41:01.566943
730,842,2025-07-04 17:41:01.688908
738,842,2025-07-04 17:41:01.813208
753,841,2025-07-04 17:41:01.934093
776,841,2025-07-04 17:41:02.046327
795,842,2025-07-04 17:41:02.167220
802,842,2025-07-04 17:41:02.287940
809,842,2025-07-04 17:41:02.411799
817,841,2025-07-04 17:41:02.533763
826,841,2025-07-04 17:41:02.659953
841,840,2025-07-04 17:41:02.781909
860,840,2025-07-04 17:41:02.899509
884,842,2025-07-04 17:41:03.019555
901,841,2025-07-04 17:41:03.137195
917,840,2025-07-04 17:41:03.260755
966,837,2025-07-04 17:41:03.392683
985,838,2025-07-04 17:41:03.523695
1009,836,2025-07-04 17:41:03.660811
1037,834,2025-07-04 17:41:03.793635
1054,834,2025-07-04 17:41:03.933402
1064,834,2025-07-04 17:41:04.069473
1076,835,2025-07-04 17:41:04.207449
1094,833,2025-07-04 17:41:04.338380
735,862,2025-07-04 17:41:04.456772
613,869,2025-07-04 17:41:04.566119
460,874,2025-07-04 17:41:04.693213
431,873,2025-07-04 17:41:04.814607
410,875,2025-07-04 17:41:04.923131
401,875,2025-07-04 17:41:05.039933
396,876,2025-07-04 17:41:05.168204
391,876,2025-07-04 17:41:05.290014
388,878,2025-07-04 17:41:05.405922
393,876,2025-07-04 17:41:05.532035
404,877,2025-07-04 17:41:05.643779
429,875,2025-07-04 17:41:05.767266
446,876,2025-07-04 17:41:05.884658
466,872,2025-07-04 17:41:06.000824
496,873,2025-07-04 17:41:06.116249
509,873,2025-07-04 17:41:06.231032
517,871,2025-07-04 17:41:06.356849
524,870,2025-07-04 17:41:06.492825
532,872,2025-07-04 17:41:06.626861
563,867,2025-07-04 17:41:06.757486
654,865,2025-07-04 17:41:07.022328
694,862,2025-07-04 17:41:07.158443
717,861,2025-07-04 17:41:07.271246
731,863,2025-07-04 17:41:07.404650
750,865,2025-07-04 17:41:07.529105
765,865,2025-07-04 17:41:07.647809
782,864,2025-07-04 17:41:07.767595
802,864,2025-07-04 17:41:07.888110
822,865,2025-07-04 17:41:08.002706
840,868,2025-07-04 17:41:08.128924
861,865,2025-07-04 17:41:08.259374
909,866,2025-07-04 17:41:08.395634
938,864,2025-07-04 17:41:08.520611
966,865,2025-07-04 17:41:08.646550
1004,865,2025-07-04 17:41:08.764039
1030,861,2025-07-04 17:41:08.881451
1033,860,2025-07-04 17:41:09.002555
1034,832,2025-07-04 17:41:09.117964
1026,819,2025-07-04 17:41:09.246605
1017,809,2025-07-04 17:41:09.389437
1009,798,2025-07-04 17:41:09.536175
1005,792,2025-07-04 17:41:09.671841
1005,788,2025-07-04 17:41:09.793299
1004,783,2025-07-04 17:41:09.920230
1003,781,2025-07-04 17:41:10.032106
1005,781,2025-07-04 17:41:10.164141
1006,780,2025-07-04 17:41:10.279414
1007,780,2025-07-04 17:41:10.404661
1008,779,2025-07-04 17:41:10.535495
1166,832,2025-07-04 17:41:10.662455
1266,868,2025-07-04 17:41:10.786657
1491,913,2025-07-04 17:41:10.918218
1669,865,2025-07-04 17:41:11.034790
1710,853,2025-07-04 17:41:11.150267
1463,826,2025-07-04 17:41:11.267868
1072,835,2025-07-04 17:41:11.396686
676,909,2025-07-04 17:41:11.562593
498,947,2025-07-04 17:41:11.690167
446,957,2025-07-04 17:41:11.823445
429,957,2025-07-04 17:41:11.955670
431,953,2025-07-04 17:41:12.076306
425,936,2025-07-04 17:41:12.211512
420,922,2025-07-04 17:41:12.337552
406,556,2025-07-04 17:41:12.775018
419,764,2025-07-04 17:41:12.907539
419,887,2025-07-04 17:41:13.046895
414,923,2025-07-04 17:41:13.167642
431,937,2025-07-04 17:41:13.311386
510,935,2025-07-04 17:41:13.624577
481,919,2025-07-04 17:41:13.755723
523,731,2025-07-04 17:41:14.026937
536,706,2025-07-04 17:41:14.149566
584,692,2025-07-04 17:41:14.283052
608,679,2025-07-04 17:41:14.420088
663,679,2025-07-04 17:41:14.551839
706,680,2025-07-04 17:41:14.687519
733,683,2025-07-04 17:41:14.812772
622,763,2025-07-04 17:41:14.948788
576,759,2025-07-04 17:41:15.089225
444,739,2025-07-04 17:41:15.356795
437,733,2025-07-04 17:41:15.481825
435,725,2025-07-04 17:41:15.614868
438,718,2025-07-04 17:41:15.791783
444,716,2025-07-04 17:41:15.933617
461,716,2025-07-04 17:41:16.061582
477,715,2025-07-04 17:41:16.190301
500,713,2025-07-04 17:41:16.309618
532,714,2025-07-04 17:41:16.443574
558,714,2025-07-04 17:41:16.581607
574,715,2025-07-04 17:41:16.700938
602,717,2025-07-04 17:41:16.826585
625,720,2025-07-04 17:41:16.963642
653,721,2025-07-04 17:41:17.094302
681,722,2025-07-04 17:41:17.230967
701,723,2025-07-04 17:41:17.367779
714,723,2025-07-04 17:41:17.490236
725,723,2025-07-04 17:41:17.617527
738,725,2025-07-04 17:41:17.753626
754,724,2025-07-04 17:41:17.889081
778,726,2025-07-04 17:41:18.017254
796,726,2025-07-04 17:41:18.149055
809,725,2025-07-04 17:41:18.279851
828,727,2025-07-04 17:41:18.417472
854,728,2025-07-04 17:41:18.553819
886,727,2025-07-04 17:41:18.678873
925,725,2025-07-04 17:41:18.812925
948,725,2025-07-04 17:41:18.944503
972,723,2025-07-04 17:41:19.079831
993,723,2025-07-04 17:41:19.207430
1004,721,2025-07-04 17:41:19.357984
1034,718,2025-07-04 17:41:19.478854
895,731,2025-07-04 17:41:19.611556
566,752,2025-07-04 17:41:19.745038
501,760,2025-07-04 17:41:19.873567
493,760,2025-07-04 17:41:19.993964
477,763,2025-07-04 17:41:20.121626
467,758,2025-07-04 17:41:20.239858
449,759,2025-07-04 17:41:20.361033
434,757,2025-07-04 17:41:20.494299
425,757,2025-07-04 17:41:20.634945
416,758,2025-07-04 17:41:20.769018
410,757,2025-07-04 17:41:20.902090
400,758,2025-07-04 17:41:21.029965
397,757,2025-07-04 17:41:21.152541
406,757,2025-07-04 17:41:21.273587
417,758,2025-07-04 17:41:21.403336
428,754,2025-07-04 17:41:21.519816
437,754,2025-07-04 17:41:21.643799
447,752,2025-07-04 17:41:21.773647
458,753,2025-07-04 17:41:21.889639
468,753,2025-07-04 17:41:22.018993
477,753,2025-07-04 17:41:22.137211
499,754,2025-07-04 17:41:22.252700
522,755,2025-07-04 17:41:22.367823
539,756,2025-07-04 17:41:22.487431
574,758,2025-07-04 17:41:22.626697
621,757,2025-07-04 17:41:22.752803
637,757,2025-07-04 17:41:22.893198
662,758,2025-07-04 17:41:23.028761
686,760,2025-07-04 17:41:23.159774
709,758,2025-07-04 17:41:23.296733
730,758,2025-07-04 17:41:23.425467
804,761,2025-07-04 17:41:23.691837
832,763,2025-07-04 17:41:23.825304
849,761,2025-07-04 17:41:23.953223
865,759,2025-07-04 17:41:24.075799
880,757,2025-07-04 17:41:24.191713
886,759,2025-07-04 17:41:24.301151
894,759,2025-07-04 17:41:24.436817
899,758,2025-07-04 17:41:24.562042
724,783,2025-07-04 17:41:24.682494
582,796,2025-07-04 17:41:24.802138
523,806,2025-07-04 17:41:24.923392
508,806,2025-07-04 17:41:25.055660
502,808,2025-07-04 17:41:25.182873
498,808,2025-07-04 17:41:25.302148
500,801,2025-07-04 17:41:25.440815
501,798,2025-07-04 17:41:25.565905
505,797,2025-07-04 17:41:25.690496
514,795,2025-07-04 17:41:25.823492
526,791,2025-07-04 17:41:25.964537
553,793,2025-07-04 17:41:26.092538
578,789,2025-07-04 17:41:26.223278
600,789,2025-07-04 17:41:26.372978
628,791,2025-07-04 17:41:26.519426
640,791,2025-07-04 17:41:26.650158
645,793,2025-07-04 17:41:26.783358
654,794,2025-07-04 17:41:26.922818
673,791,2025-07-04 17:41:27.033230
690,791,2025-07-04 17:41:27.148995
906,779,2025-07-04 17:41:27.314153
1281,748,2025-07-04 17:41:27.476238
1355,732,2025-07-04 17:41:27.629455
1369,728,2025-07-04 17:41:27.769270
1384,720,2025-07-04 17:41:27.916602
1126,753,2025-07-04 17:41:28.066354
978,775,2025-07-04 17:41:28.226011
951,785,2025-07-04 17:41:28.362957
947,785,2025-07-04 17:41:28.494023
978,780,2025-07-04 17:41:28.642157
1251,725,2025-07-04 17:41:28.788227
1334,710,2025-07-04 17:41:28.950796
1372,703,2025-07-04 17:41:29.128477
1380,700,2025-07-04 17:41:29.299009
1385,697,2025-07-04 17:41:29.467566
1390,698,2025-07-04 17:41:29.632116
1168,773,2025-07-04 17:41:29.795601
1116,790,2025-07-04 17:41:29.943707
538,824,2025-07-04 17:41:30.616955
512,825,2025-07-04 17:41:30.780499
501,824,2025-07-04 17:41:30.928670
496,824,2025-07-04 17:41:31.097772
504,827,2025-07-04 17:41:31.285330
512,830,2025-07-04 17:41:31.443361
517,830,2025-07-04 17:41:31.601484
531,830,2025-07-04 17:41:31.760029
562,830,2025-07-04 17:41:31.922201
585,829,2025-07-04 17:41:32.091686
598,830,2025-07-04 17:41:32.260005
618,829,2025-07-04 17:41:32.432556
591,830,2025-07-04 17:41:32.616668
464,834,2025-07-04 17:41:32.791615
438,830,2025-07-04 17:41:32.959582
416,830,2025-07-04 17:41:33.113461
405,829,2025-07-04 17:41:33.263744
400,827,2025-07-04 17:41:33.417356
394,827,2025-07-04 17:41:33.571362
390,828,2025-07-04 17:41:33.725543
387,828,2025-07-04 17:41:33.872094
396,827,2025-07-04 17:41:34.006887
426,820,2025-07-04 17:41:34.145134
396,825,2025-07-04 17:41:34.296388
498,803,2025-07-04 17:41:34.438523
509,799,2025-07-04 17:41:34.587204
522,795,2025-07-04 17:41:34.716809
532,796,2025-07-04 17:41:34.854428
537,795,2025-07-04 17:41:34.993603
543,795,2025-07-04 17:41:35.144004
553,792,2025-07-04 17:41:35.288024
562,791,2025-07-04 17:41:35.435356
584,790,2025-07-04 17:41:35.582700
601,790,2025-07-04 17:41:35.715604
618,790,2025-07-04 17:41:35.857698
634,791,2025-07-04 17:41:36.003801
657,790,2025-07-04 17:41:36.163004
689,790,2025-07-04 17:41:36.303028
710,788,2025-07-04 17:41:36.431923
735,789,2025-07-04 17:41:36.578371
758,789,2025-07-04 17:41:36.765108
780,787,2025-07-04 17:41:36.904779
795,789,2025-07-04 17:41:37.029056
807,789,2025-07-04 17:41:37.186158
815,791,2025-07-04 17:41:37.342046
831,791,2025-07-04 17:41:37.501096
845,789,2025-07-04 17:41:37.654335
859,791,2025-07-04 17:41:37.791434
882,790,2025-07-04 17:41:37.934972
902,790,2025-07-04 17:41:38.066069
914,791,2025-07-04 17:41:38.218882
936,792,2025-07-04 17:41:38.364402
968,792,2025-07-04 17:41:38.531256
766,832,2025-07-04 17:41:38.691560
580,858,2025-07-04 17:41:38.872595
519,863,2025-07-04 17:41:39.018729
509,867,2025-07-04 17:41:39.146287
505,866,2025-07-04 17:41:39.281506
502,865,2025-07-04 17:41:39.399750
498,864,2025-07-04 17:41:39.540755
494,862,2025-07-04 17:41:39.675003
494,862,2025-07-04 17:41:39.811835
494,861,2025-07-04 17:41:39.948921
495,861,2025-07-04 17:41:40.071910
495,861,2025-07-04 17:41:40.195942
496,862,2025-07-04 17:41:40.311882
488,862,2025-07-04 17:41:40.430850
472,862,2025-07-04 17:41:40.544365
461,875,2025-07-04 17:41:40.674479
376,912,2025-07-04 17:41:40.935214
350,910,2025-07-04 17:41:41.045740
351,904,2025-07-04 17:41:41.178357
356,897,2025-07-04 17:41:41.312082
357,891,2025-07-04 17:41:41.450789
363,885,2025-07-04 17:41:41.582578
365,881,2025-07-04 17:41:41.713244
369,878,2025-07-04 17:41:41.844337
371,876,2025-07-04 17:41:41.963613
374,876,2025-07-04 17:41:42.079969
383,873,2025-07-04 17:41:42.196128
407,862,2025-07-04 17:41:42.313081
424,855,2025-07-04 17:41:42.434609
431,851,2025-07-04 17:41:42.555054
441,844,2025-07-04 17:41:42.672524
460,838,2025-07-04 17:41:42.806308
469,835,2025-07-04 17:41:42.943205
490,834,2025-07-04 17:41:43.086465
501,830,2025-07-04 17:41:43.226337
506,830,2025-07-04 17:41:43.360605
513,829,2025-07-04 17:41:43.495119
518,826,2025-07-04 17:41:43.612002
523,825,2025-07-04 17:41:43.738610
536,827,2025-07-04 17:41:43.852006
545,827,2025-07-04 17:41:43.975840
553,829,2025-07-04 17:41:44.113941
562,827,2025-07-04 17:41:44.259238
575,828,2025-07-04 17:41:44.395286
588,827,2025-07-04 17:41:44.511732
599,825,2025-07-04 17:41:44.641410
609,825,2025-07-04 17:41:44.769285
617,825,2025-07-04 17:41:44.883312
630,828,2025-07-04 17:41:45.020208
647,824,2025-07-04 17:41:45.142524
666,824,2025-07-04 17:41:45.242478
682,824,2025-07-04 17:41:45.381109
698,823,2025-07-04 17:41:45.500658
709,823,2025-07-04 17:41:45.610210
726,824,2025-07-04 17:41:45.738594
750,821,2025-07-04 17:41:45.860921
766,820,2025-07-04 17:41:45.977202
779,820,2025-07-04 17:41:46.118465
793,820,2025-07-04 17:41:46.254277
810,818,2025-07-04 17:41:46.392307
830,818,2025-07-04 17:41:46.538392
846,818,2025-07-04 17:41:46.673916
866,818,2025-07-04 17:41:46.814362
897,819,2025-07-04 17:41:46.942590
920,821,2025-07-04 17:41:47.075964
944,820,2025-07-04 17:41:47.211844
978,820,2025-07-04 17:41:47.351698
1001,824,2025-07-04 17:41:47.473117
1027,822,2025-07-04 17:41:47.613922
1052,824,2025-07-04 17:41:47.740018
722,867,2025-07-04 17:41:47.856485
639,878,2025-07-04 17:41:47.972700
587,882,2025-07-04 17:41:48.102396
568,887,2025-07-04 17:41:48.230998
562,887,2025-07-04 17:41:48.354056
559,886,2025-07-04 17:41:48.467221
906,731,2025-07-04 17:41:48.977711
942,714,2025-07-04 17:41:49.124694
955,708,2025-07-04 17:41:49.264951
963,706,2025-07-04 17:41:49.401358
972,703,2025-07-04 17:41:49.536044
976,699,2025-07-04 17:41:49.666054
979,696,2025-07-04 17:41:49.790250
982,696,2025-07-04 17:41:49.916406
984,695,2025-07-04 17:41:50.050475
985,694,2025-07-04 17:41:50.171129
986,694,2025-07-04 17:41:50.298929
987,694,2025-07-04 17:41:50.423927
987,693,2025-07-04 17:41:50.558024
998,691,2025-07-04 17:41:50.683296
1133,665,2025-07-04 17:41:50.800233
1292,638,2025-07-04 17:41:50.915348
1341,630,2025-07-04 17:41:51.021193
1362,648,2025-07-04 17:41:51.153844
1393,664,2025-07-04 17:41:51.287726
1402,677,2025-07-04 17:41:51.422971
1411,691,2025-07-04 17:41:51.539495
1407,718,2025-07-04 17:41:51.656028
1403,745,2025-07-04 17:41:51.784225
1401,762,2025-07-04 17:41:51.919541
1384,787,2025-07-04 17:41:52.043320
1376,791,2025-07-04 17:41:52.157562
1302,742,2025-07-04 17:41:52.426516
1283,718,2025-07-04 17:41:52.554953
1292,684,2025-07-04 17:41:52.690447
1311,673,2025-07-04 17:41:52.823697
1332,656,2025-07-04 17:41:52.952206
1337,653,2025-07-04 17:41:53.093228
1342,649,2025-07-04 17:41:53.214989
1344,644,2025-07-04 17:41:53.354010
1150,628,2025-07-04 17:41:53.618476
1119,628,2025-07-04 17:41:53.746619
1278,663,2025-07-04 17:41:53.985694
1310,656,2025-07-04 17:41:54.115088
1329,650,2025-07-04 17:41:54.235130
1343,646,2025-07-04 17:41:54.355543
1353,643,2025-07-04 17:41:54.515069
1370,645,2025-07-04 17:41:54.636674
1382,654,2025-07-04 17:41:54.754712
1386,652,2025-07-04 17:41:54.876917
1393,645,2025-07-04 17:41:54.994151
1401,639,2025-07-04 17:41:55.119035
1409,635,2025-07-04 17:41:55.258111
1421,751,2025-07-04 17:41:55.538856
1422,761,2025-07-04 17:41:55.688409
1420,787,2025-07-04 17:41:55.822881
1419,816,2025-07-04 17:41:55.953362
1421,836,2025-07-04 17:41:56.077376
1421,854,2025-07-04 17:41:56.214065
1417,689,2025-07-04 17:41:56.475907
1418,669,2025-07-04 17:41:56.634820
1418,662,2025-07-04 17:41:56.764877
1427,676,2025-07-04 17:41:56.895186
1425,689,2025-07-04 17:41:57.016098
1425,692,2025-07-04 17:41:57.134677
1426,692,2025-07-04 17:41:57.249523
1425,690,2025-07-04 17:41:57.349970
1427,687,2025-07-04 17:41:57.470814
1425,683,2025-07-04 17:41:57.608431
1424,679,2025-07-04 17:41:57.744795
1425,675,2025-07-04 17:41:57.859066
1427,668,2025-07-04 17:41:58.001392
1434,660,2025-07-04 17:41:58.144271
1441,657,2025-07-04 17:41:58.289649
1443,656,2025-07-04 17:41:58.419263
1440,671,2025-07-04 17:41:58.557444
1411,743,2025-07-04 17:41:58.798000
1404,767,2025-07-04 17:41:58.931316
1406,772,2025-07-04 17:41:59.093578
1406,777,2025-07-04 17:41:59.257785
1408,780,2025-07-04 17:41:59.394634
1410,781,2025-07-04 17:41:59.533969
1412,782,2025-07-04 17:41:59.670316
1413,784,2025-07-04 17:41:59.796054
1415,784,2025-07-04 17:41:59.913694
1415,786,2025-07-04 17:42:00.058928
1417,785,2025-07-04 17:42:00.187097
1417,785,2025-07-04 17:42:00.333033
1418,786,2025-07-04 17:42:00.460204
1414,789,2025-07-04 17:42:00.602292
1472,919,2025-07-04 17:42:00.732350
1461,906,2025-07-04 17:42:00.859396
1409,763,2025-07-04 17:42:01.151860
1411,758,2025-07-04 17:42:01.282731
1419,756,2025-07-04 17:42:01.427426
1422,758,2025-07-04 17:42:01.578719
1423,760,2025-07-04 17:42:01.714320
1430,759,2025-07-04 17:42:01.839364
1436,742,2025-07-04 17:42:01.957344
1437,729,2025-07-04 17:42:02.065743
1438,721,2025-07-04 17:42:02.193800
1439,708,2025-07-04 17:42:02.311837
1440,694,2025-07-04 17:42:02.441220
1423,694,2025-07-04 17:42:02.564392
1417,702,2025-07-04 17:42:02.708881
1411,709,2025-07-04 17:42:02.823059
1409,714,2025-07-04 17:42:02.939117
1406,718,2025-07-04 17:42:03.071425
1404,722,2025-07-04 17:42:03.182419
1398,730,2025-07-04 17:42:03.294332
1398,732,2025-07-04 17:42:03.423528
1398,733,2025-07-04 17:42:03.528111
1397,733,2025-07-04 17:42:03.644005
1396,732,2025-07-04 17:42:03.810472
1396,731,2025-07-04 17:42:03.943260
1395,731,2025-07-04 17:42:04.080327
1395,730,2025-07-04 17:42:04.216380
1396,761,2025-07-04 17:42:04.354725
1397,835,2025-07-04 17:42:04.498647
1393,863,2025-07-04 17:42:04.631791
1393,883,2025-07-04 17:42:04.759877
1395,882,2025-07-04 17:42:04.892103
1400,851,2025-07-04 17:42:05.027594
1401,824,2025-07-04 17:42:05.154120
1408,796,2025-07-04 17:42:05.265486
1409,782,2025-07-04 17:42:05.393317
1412,776,2025-07-04 17:42:05.492813
1412,768,2025-07-04 17:42:05.623007
1425,733,2025-07-04 17:42:05.769707
1454,663,2025-07-04 17:42:06.012842
1458,642,2025-07-04 17:42:06.144898
1467,626,2025-07-04 17:42:06.263371
1468,620,2025-07-04 17:42:06.379553
1471,615,2025-07-04 17:42:06.527151
1473,612,2025-07-04 17:42:06.661694
1473,609,2025-07-04 17:42:06.784489
1472,607,2025-07-04 17:42:06.912630
1422,722,2025-07-04 17:42:07.177055
1411,746,2025-07-04 17:42:07.345226
1400,768,2025-07-04 17:42:07.479509
1398,774,2025-07-04 17:42:07.611648
1395,777,2025-07-04 17:42:07.740424
1394,780,2025-07-04 17:42:07.870442
1392,783,2025-07-04 17:42:07.991233
1389,795,2025-07-04 17:42:08.123878
1371,833,2025-07-04 17:42:08.242855
1338,880,2025-07-04 17:42:08.371231
1215,939,2025-07-04 17:42:08.506713
795,939,2025-07-04 17:42:08.645030
730,934,2025-07-04 17:42:08.767235
747,929,2025-07-04 17:42:08.906238
775,924,2025-07-04 17:42:09.045621
793,920,2025-07-04 17:42:09.177451
778,913,2025-07-04 17:42:09.315584
759,890,2025-07-04 17:42:09.465193
985,842,2025-07-04 17:42:09.624999
1376,833,2025-07-04 17:42:09.774879
1429,812,2025-07-04 17:42:09.910125
894,830,2025-07-04 17:42:10.241144
600,873,2025-07-04 17:42:10.388353
551,856,2025-07-04 17:42:10.540675
533,830,2025-07-04 17:42:10.681896
1018,702,2025-07-04 17:42:10.818710
1288,643,2025-07-04 17:42:10.938355
1379,618,2025-07-04 17:42:11.054989
1393,609,2025-07-04 17:42:11.171752
870,517,2025-07-04 17:42:11.290540
560,478,2025-07-04 17:42:11.422395
479,468,2025-07-04 17:42:11.554552
439,467,2025-07-04 17:42:11.671396
447,473,2025-07-04 17:42:11.808042
509,792,2025-07-04 17:42:11.944640
516,899,2025-07-04 17:42:12.074690
517,911,2025-07-04 17:42:12.215893
522,900,2025-07-04 17:42:12.351414
509,883,2025-07-04 17:42:12.472462
445,797,2025-07-04 17:42:12.750026
446,753,2025-07-04 17:42:12.887919
441,711,2025-07-04 17:42:13.029005
435,666,2025-07-04 17:42:13.183364
430,635,2025-07-04 17:42:13.343069
397,732,2025-07-04 17:42:13.665091
415,754,2025-07-04 17:42:13.821941
419,760,2025-07-04 17:42:13.978198
423,764,2025-07-04 17:42:14.121375
428,764,2025-07-04 17:42:14.270476
449,751,2025-07-04 17:42:14.407438
471,741,2025-07-04 17:42:14.546212
489,732,2025-07-04 17:42:14.684475
525,719,2025-07-04 17:42:14.815865
555,708,2025-07-04 17:42:14.980199
598,701,2025-07-04 17:42:15.127642
616,701,2025-07-04 17:42:15.267418
630,699,2025-07-04 17:42:15.413560
641,702,2025-07-04 17:42:15.553618
652,701,2025-07-04 17:42:15.680170
667,701,2025-07-04 17:42:15.828520
680,704,2025-07-04 17:42:15.964780
690,704,2025-07-04 17:42:16.098215
707,705,2025-07-04 17:42:16.217700
724,704,2025-07-04 17:42:16.337603
745,705,2025-07-04 17:42:16.535813
748,707,2025-07-04 17:42:16.688005
716,715,2025-07-04 17:42:16.822291
696,722,2025-07-04 17:42:16.934190
661,730,2025-07-04 17:42:17.067647
637,733,2025-07-04 17:42:17.184232
624,738,2025-07-04 17:42:17.317223
612,740,2025-07-04 17:42:17.449514
607,744,2025-07-04 17:42:17.573368
598,743,2025-07-04 17:42:17.701301
593,748,2025-07-04 17:42:17.836741
586,751,2025-07-04 17:42:17.952105
590,757,2025-07-04 17:42:18.077897
609,759,2025-07-04 17:42:18.182747
620,761,2025-07-04 17:42:18.301423
629,763,2025-07-04 17:42:18.426010
649,765,2025-07-04 17:42:18.552109
682,769,2025-07-04 17:42:18.675821
694,769,2025-07-04 17:42:18.817706
711,774,2025-07-04 17:42:18.975650
734,774,2025-07-04 17:42:19.131478
762,775,2025-07-04 17:42:19.275212
809,773,2025-07-04 17:42:19.427632
871,776,2025-07-04 17:42:19.590898
906,775,2025-07-04 17:42:19.717271
923,774,2025-07-04 17:42:19.842873
935,776,2025-07-04 17:42:19.974405
943,777,2025-07-04 17:42:20.103872
950,776,2025-07-04 17:42:20.233778
967,772,2025-07-04 17:42:20.370047
981,770,2025-07-04 17:42:20.497829
991,769,2025-07-04 17:42:20.612861
998,770,2025-07-04 17:42:20.714315
1012,768,2025-07-04 17:42:20.840480
1034,768,2025-07-04 17:42:20.964360
1050,764,2025-07-04 17:42:21.101789
1067,764,2025-07-04 17:42:21.234785
1091,764,2025-07-04 17:42:21.362334
621,787,2025-07-04 17:42:21.497091
522,795,2025-07-04 17:42:21.629653
455,799,2025-07-04 17:42:21.767493
418,797,2025-07-04 17:42:21.904724
408,799,2025-07-04 17:42:22.033640
402,800,2025-07-04 17:42:22.163025
395,799,2025-07-04 17:42:22.291326
390,798,2025-07-04 17:42:22.445750
399,797,2025-07-04 17:42:22.576381
407,795,2025-07-04 17:42:22.695564
422,796,2025-07-04 17:42:22.828910
438,796,2025-07-04 17:42:22.956787
456,797,2025-07-04 17:42:23.079220
475,797,2025-07-04 17:42:23.195973
485,815,2025-07-04 17:42:23.323580
504,814,2025-07-04 17:42:23.440083
512,813,2025-07-04 17:42:23.592582
498,916,2025-07-04 17:42:23.732989
523,882,2025-07-04 17:42:23.861117
557,826,2025-07-04 17:42:24.127886
560,819,2025-07-04 17:42:24.244664
568,815,2025-07-04 17:42:24.374507
573,810,2025-07-04 17:42:24.510839
576,808,2025-07-04 17:42:24.643910
579,804,2025-07-04 17:42:24.805144
585,804,2025-07-04 17:42:24.931894
595,802,2025-07-04 17:42:25.062906
608,803,2025-07-04 17:42:25.205886
616,804,2025-07-04 17:42:25.338038
630,806,2025-07-04 17:42:25.459990
641,805,2025-07-04 17:42:25.560944
654,807,2025-07-04 17:42:25.689150
678,807,2025-07-04 17:42:25.825539
694,806,2025-07-04 17:42:25.958844
709,806,2025-07-04 17:42:26.080503
722,806,2025-07-04 17:42:26.210559
734,807,2025-07-04 17:42:26.328773
743,807,2025-07-04 17:42:26.445491
752,806,2025-07-04 17:42:26.564284
768,805,2025-07-04 17:42:26.691677
782,801,2025-07-04 17:42:26.823306
791,800,2025-07-04 17:42:26.964033
803,799,2025-07-04 17:42:27.107520
840,799,2025-07-04 17:42:27.241779
867,800,2025-07-04 17:42:27.373557
885,803,2025-07-04 17:42:27.491772
912,802,2025-07-04 17:42:27.632940
688,827,2025-07-04 17:42:27.774830
455,853,2025-07-04 17:42:28.048956
446,854,2025-07-04 17:42:28.201422
444,861,2025-07-04 17:42:28.335928
456,866,2025-07-04 17:42:28.477333
456,867,2025-07-04 17:42:28.595767
458,857,2025-07-04 17:42:28.727274
459,844,2025-07-04 17:42:28.853664
462,811,2025-07-04 17:42:29.002881
454,788,2025-07-04 17:42:29.140688
438,758,2025-07-04 17:42:29.263789
426,750,2025-07-04 17:42:29.392885
424,740,2025-07-04 17:42:29.509614
419,735,2025-07-04 17:42:29.659395
412,730,2025-07-04 17:42:29.797746
407,724,2025-07-04 17:42:29.918511
406,720,2025-07-04 17:42:30.040082
402,715,2025-07-04 17:42:30.172922
397,713,2025-07-04 17:42:30.274331
397,710,2025-07-04 17:42:30.412406
397,708,2025-07-04 17:42:30.556334
393,721,2025-07-04 17:42:30.701872
438,913,2025-07-04 17:42:30.828722
450,950,2025-07-04 17:42:30.974781
476,965,2025-07-04 17:42:31.136337
719,828,2025-07-04 17:42:31.268750
900,720,2025-07-04 17:42:31.526668
929,706,2025-07-04 17:42:31.664824
957,693,2025-07-04 17:42:31.799491
975,687,2025-07-04 17:42:31.928584
981,684,2025-07-04 17:42:32.071294
988,682,2025-07-04 17:42:32.206695
991,679,2025-07-04 17:42:32.340193
996,679,2025-07-04 17:42:32.455376
998,677,2025-07-04 17:42:32.572046
1003,680,2025-07-04 17:42:32.700917
1005,677,2025-07-04 17:42:32.837916
1006,675,2025-07-04 17:42:32.971527
1007,674,2025-07-04 17:42:33.071260
1009,674,2025-07-04 17:42:33.204183
1009,673,2025-07-04 17:42:33.340079
1010,672,2025-07-04 17:42:33.485995
985,683,2025-07-04 17:42:33.615191
711,864,2025-07-04 17:42:33.922723
683,889,2025-07-04 17:42:34.101453
664,905,2025-07-04 17:42:34.233431
660,909,2025-07-04 17:42:34.362896
1081,811,2025-07-04 17:42:34.511989
1318,748,2025-07-04 17:42:34.639503
927,836,2025-07-04 17:42:34.764135
747,873,2025-07-04 17:42:34.907329
885,901,2025-07-04 17:42:35.037837
1285,830,2025-07-04 17:42:35.179054
1412,579,2025-07-04 17:42:35.436859
1393,817,2025-07-04 17:42:35.663933
880,892,2025-07-04 17:42:35.769352
579,882,2025-07-04 17:42:35.935130
477,851,2025-07-04 17:42:36.086455
437,834,2025-07-04 17:42:36.223915
423,827,2025-07-04 17:42:36.376940
451,818,2025-07-04 17:42:36.526074
505,818,2025-07-04 17:42:36.675606
490,662,2025-07-04 17:42:36.822732
451,623,2025-07-04 17:42:36.951670
442,606,2025-07-04 17:42:37.098729
439,598,2025-07-04 17:42:37.237441
809,701,2025-07-04 17:42:37.557832
1206,747,2025-07-04 17:42:37.697973
1345,740,2025-07-04 17:42:37.833659
1369,737,2025-07-04 17:42:37.980980
1381,731,2025-07-04 17:42:38.126771
1354,708,2025-07-04 17:42:38.267110
917,701,2025-07-04 17:42:38.412511
714,718,2025-07-04 17:42:38.540777
476,688,2025-07-04 17:42:38.825049
452,682,2025-07-04 17:42:38.951784
440,680,2025-07-04 17:42:39.087659
429,684,2025-07-04 17:42:39.210267
425,687,2025-07-04 17:42:39.338007
536,902,2025-07-04 17:42:39.505684
514,921,2025-07-04 17:42:39.654663
477,891,2025-07-04 17:42:39.814680
463,852,2025-07-04 17:42:39.978090
465,807,2025-07-04 17:42:40.140437
469,765,2025-07-04 17:42:40.272851
456,749,2025-07-04 17:42:40.401184
592,925,2025-07-04 17:42:40.670413
1073,900,2025-07-04 17:42:40.799937
1298,795,2025-07-04 17:42:40.915126
1147,711,2025-07-04 17:42:41.051265
659,644,2025-07-04 17:42:41.164514
559,605,2025-07-04 17:42:41.284280
542,593,2025-07-04 17:42:41.400013
514,585,2025-07-04 17:42:41.530689
491,578,2025-07-04 17:42:41.651710
476,579,2025-07-04 17:42:41.777225
460,588,2025-07-04 17:42:41.901494
453,591,2025-07-04 17:42:42.021944
433,586,2025-07-04 17:42:42.147319
599,553,2025-07-04 17:42:42.417687
605,542,2025-07-04 17:42:42.546881
604,537,2025-07-04 17:42:42.683982
463,459,2025-07-04 17:42:43.084561
454,453,2025-07-04 17:42:43.207078
445,449,2025-07-04 17:42:43.347362
612,506,2025-07-04 17:42:43.476414
695,544,2025-07-04 17:42:43.585105
718,559,2025-07-04 17:42:43.712439
691,569,2025-07-04 17:42:43.845558
670,569,2025-07-04 17:42:43.977244
657,571,2025-07-04 17:42:44.112107
641,597,2025-07-04 17:42:44.222983
575,703,2025-07-04 17:42:44.502971
538,731,2025-07-04 17:42:44.636431
491,754,2025-07-04 17:42:44.768296
462,739,2025-07-04 17:42:44.895873
497,637,2025-07-04 17:42:45.152435
516,618,2025-07-04 17:42:45.286536
535,593,2025-07-04 17:42:45.423419
539,585,2025-07-04 17:42:45.586020
510,570,2025-07-04 17:42:45.734183
392,711,2025-07-04 17:42:46.017801
379,733,2025-07-04 17:42:46.144629
373,740,2025-07-04 17:42:46.277551
374,766,2025-07-04 17:42:46.422031
371,888,2025-07-04 17:42:46.701968
371,895,2025-07-04 17:42:46.821603
376,888,2025-07-04 17:42:46.940221
377,866,2025-07-04 17:42:47.057700
407,848,2025-07-04 17:42:47.188722
661,796,2025-07-04 17:42:47.316954
918,780,2025-07-04 17:42:47.443807
961,728,2025-07-04 17:42:47.574459
975,675,2025-07-04 17:42:47.700796
962,650,2025-07-04 17:42:47.845256
935,619,2025-07-04 17:42:47.964451
773,569,2025-07-04 17:42:48.378518
745,559,2025-07-04 17:42:48.515997
728,555,2025-07-04 17:42:48.648679
721,553,2025-07-04 17:42:48.781362
716,550,2025-07-04 17:42:48.895610
715,549,2025-07-04 17:42:49.034739
725,539,2025-07-04 17:42:49.169683
731,537,2025-07-04 17:42:49.277336
737,539,2025-07-04 17:42:49.405081
744,537,2025-07-04 17:42:49.526923
752,536,2025-07-04 17:42:49.644488
763,534,2025-07-04 17:42:49.760244
780,533,2025-07-04 17:42:49.897208
792,535,2025-07-04 17:42:50.024399
801,535,2025-07-04 17:42:50.171024
810,537,2025-07-04 17:42:50.307108
819,536,2025-07-04 17:42:50.408548
835,533,2025-07-04 17:42:50.540622
850,532,2025-07-04 17:42:50.673015
860,531,2025-07-04 17:42:50.798133
867,533,2025-07-04 17:42:50.926601
876,534,2025-07-04 17:42:51.061474
700,701,2025-07-04 17:42:51.192695
655,725,2025-07-04 17:42:51.325601
572,755,2025-07-04 17:42:51.456427
558,751,2025-07-04 17:42:51.599262
550,740,2025-07-04 17:42:51.739232
543,733,2025-07-04 17:42:51.860717
555,731,2025-07-04 17:42:51.996129
578,755,2025-07-04 17:42:52.111960
582,751,2025-07-04 17:42:52.230840
597,727,2025-07-04 17:42:52.341592
598,695,2025-07-04 17:42:52.476063
609,683,2025-07-04 17:42:52.599555
616,663,2025-07-04 17:42:52.724832
629,651,2025-07-04 17:42:52.848482
637,646,2025-07-04 17:42:52.972819
648,642,2025-07-04 17:42:53.100237
661,635,2025-07-04 17:42:53.222108
664,627,2025-07-04 17:42:53.342498
671,625,2025-07-04 17:42:53.469202
677,621,2025-07-04 17:42:53.605442
679,614,2025-07-04 17:42:53.725179
682,607,2025-07-04 17:42:53.857514
683,599,2025-07-04 17:42:53.987928
686,596,2025-07-04 17:42:54.125552
689,593,2025-07-04 17:42:54.254519
691,588,2025-07-04 17:42:54.387685
692,581,2025-07-04 17:42:54.504236
697,574,2025-07-04 17:42:54.637728
699,571,2025-07-04 17:42:54.762750
699,567,2025-07-04 17:42:54.881933
699,564,2025-07-04 17:42:55.003871
701,561,2025-07-04 17:42:55.121237
698,549,2025-07-04 17:42:55.236776
685,536,2025-07-04 17:42:55.357031
674,530,2025-07-04 17:42:55.469869
671,526,2025-07-04 17:42:55.602156
664,527,2025-07-04 17:42:55.737129
661,526,2025-07-04 17:42:55.907540
650,530,2025-07-04 17:42:56.019964
654,531,2025-07-04 17:42:56.161047
659,530,2025-07-04 17:42:56.278025
663,531,2025-07-04 17:42:56.387746
668,530,2025-07-04 17:42:56.506982
678,533,2025-07-04 17:42:56.638083
684,531,2025-07-04 17:42:56.771852
693,530,2025-07-04 17:42:56.904361
704,528,2025-07-04 17:42:57.042781
726,523,2025-07-04 17:42:57.184260
754,518,2025-07-04 17:42:57.318471
776,514,2025-07-04 17:42:57.447376
800,510,2025-07-04 17:42:57.585512
813,511,2025-07-04 17:42:57.707507
823,510,2025-07-04 17:42:57.850138
837,509,2025-07-04 17:42:57.980532
847,510,2025-07-04 17:42:58.097107
860,510,2025-07-04 17:42:58.238675
870,510,2025-07-04 17:42:58.367645
883,510,2025-07-04 17:42:58.471138
900,509,2025-07-04 17:42:58.598812
917,509,2025-07-04 17:42:58.720027
934,509,2025-07-04 17:42:58.834342
969,509,2025-07-04 17:42:58.953369
1070,503,2025-07-04 17:42:59.207230
936,555,2025-07-04 17:42:59.333493
770,586,2025-07-04 17:42:59.490374
647,588,2025-07-04 17:42:59.638379
617,584,2025-07-04 17:42:59.794034
591,579,2025-07-04 17:42:59.944142
582,576,2025-07-04 17:43:00.091367
568,576,2025-07-04 17:43:00.245313
517,578,2025-07-04 17:43:00.409585
458,577,2025-07-04 17:43:00.566298
440,575,2025-07-04 17:43:00.693572
742,550,2025-07-04 17:43:00.815582
959,529,2025-07-04 17:43:00.951889
1083,522,2025-07-04 17:43:01.082696
1097,523,2025-07-04 17:43:01.209344
1101,522,2025-07-04 17:43:01.334613
1104,524,2025-07-04 17:43:01.465031
1105,527,2025-07-04 17:43:01.581731
1113,529,2025-07-04 17:43:01.701127
1120,534,2025-07-04 17:43:01.821872
800,558,2025-07-04 17:43:01.933983
494,571,2025-07-04 17:43:02.051121
446,576,2025-07-04 17:43:02.169136
437,576,2025-07-04 17:43:02.297629
431,576,2025-07-04 17:43:02.434942
425,576,2025-07-04 17:43:02.563306
431,575,2025-07-04 17:43:02.697596
437,576,2025-07-04 17:43:02.847522
445,576,2025-07-04 17:43:02.986918
463,576,2025-07-04 17:43:03.122498
486,576,2025-07-04 17:43:03.251772
506,577,2025-07-04 17:43:03.386795
536,579,2025-07-04 17:43:03.515119
565,579,2025-07-04 17:43:03.634090
591,582,2025-07-04 17:43:03.760485
626,581,2025-07-04 17:43:03.897645
642,581,2025-07-04 17:43:04.036678
655,578,2025-07-04 17:43:04.163994
674,578,2025-07-04 17:43:04.284509
688,579,2025-07-04 17:43:04.407136
702,578,2025-07-04 17:43:04.548998
721,578,2025-07-04 17:43:04.677681
750,578,2025-07-04 17:43:04.805239
782,579,2025-07-04 17:43:04.923252
908,580,2025-07-04 17:43:05.178854
956,577,2025-07-04 17:43:05.295966
986,578,2025-07-04 17:43:05.428606
1007,575,2025-07-04 17:43:05.562205
1024,578,2025-07-04 17:43:05.684685
1047,579,2025-07-04 17:43:05.811658
1069,578,2025-07-04 17:43:05.955473
1094,577,2025-07-04 17:43:06.078524
1099,580,2025-07-04 17:43:06.210560
810,603,2025-07-04 17:43:06.344736
540,618,2025-07-04 17:43:06.461174
491,616,2025-07-04 17:43:06.597765
465,615,2025-07-04 17:43:06.718505
459,615,2025-07-04 17:43:06.837600
476,610,2025-07-04 17:43:06.947361
494,606,2025-07-04 17:43:07.060806
504,607,2025-07-04 17:43:07.188762
525,603,2025-07-04 17:43:07.293962
536,606,2025-07-04 17:43:07.421896
539,608,2025-07-04 17:43:07.531416
543,610,2025-07-04 17:43:07.646288
552,611,2025-07-04 17:43:07.779790
563,610,2025-07-04 17:43:07.903817
565,608,2025-07-04 17:43:08.020397
564,610,2025-07-04 17:43:08.128989
561,612,2025-07-04 17:43:08.260015
560,612,2025-07-04 17:43:08.393058
561,612,2025-07-04 17:43:08.537285
578,611,2025-07-04 17:43:08.676300
611,611,2025-07-04 17:43:08.815227
629,612,2025-07-04 17:43:08.947294
657,610,2025-07-04 17:43:09.074875
680,609,2025-07-04 17:43:09.192298
694,611,2025-07-04 17:43:09.321087
726,612,2025-07-04 17:43:09.446632
752,614,2025-07-04 17:43:09.576290
768,615,2025-07-04 17:43:09.706471
792,618,2025-07-04 17:43:09.847621
801,619,2025-07-04 17:43:09.983672
818,616,2025-07-04 17:43:10.105863
851,618,2025-07-04 17:43:10.225015
869,618,2025-07-04 17:43:10.341510
910,618,2025-07-04 17:43:10.474798
935,619,2025-07-04 17:43:10.607971
947,618,2025-07-04 17:43:10.724579
956,619,2025-07-04 17:43:10.871747
964,615,2025-07-04 17:43:11.001881
987,467,2025-07-04 17:43:11.276220
989,429,2025-07-04 17:43:11.413955
992,404,2025-07-04 17:43:11.551926
996,393,2025-07-04 17:43:11.704568
997,387,2025-07-04 17:43:11.842088
1000,381,2025-07-04 17:43:11.994840
1003,377,2025-07-04 17:43:12.140282
1003,372,2025-07-04 17:43:12.257196
1005,369,2025-07-04 17:43:12.373508
1006,366,2025-07-04 17:43:12.492862
1008,364,2025-07-04 17:43:12.608883
1008,362,2025-07-04 17:43:12.730839
1010,361,2025-07-04 17:43:12.885557
947,548,2025-07-04 17:43:13.023119
851,781,2025-07-04 17:43:13.174974
806,819,2025-07-04 17:43:13.308184
769,829,2025-07-04 17:43:13.444952
688,690,2025-07-04 17:43:13.867156
704,679,2025-07-04 17:43:14.012249
728,686,2025-07-04 17:43:14.162256
737,705,2025-07-04 17:43:14.324853
738,730,2025-07-04 17:43:14.477158
745,742,2025-07-04 17:43:14.629620
717,751,2025-07-04 17:43:14.773668
591,751,2025-07-04 17:43:15.082931
557,749,2025-07-04 17:43:15.206616
521,748,2025-07-04 17:43:15.330932
494,745,2025-07-04 17:43:15.458647
468,744,2025-07-04 17:43:15.587765
452,741,2025-07-04 17:43:15.704538
444,742,2025-07-04 17:43:15.812261
439,742,2025-07-04 17:43:15.937556
441,742,2025-07-04 17:43:16.056105
462,743,2025-07-04 17:43:16.186049
485,743,2025-07-04 17:43:16.311714
499,742,2025-07-04 17:43:16.429782
519,746,2025-07-04 17:43:16.537001
529,746,2025-07-04 17:43:16.670282
533,748,2025-07-04 17:43:16.803108
538,747,2025-07-04 17:43:16.973151
545,750,2025-07-04 17:43:17.119521
557,752,2025-07-04 17:43:17.244331
571,754,2025-07-04 17:43:17.373674
582,753,2025-07-04 17:43:17.511459
604,756,2025-07-04 17:43:17.640325
783,759,2025-07-04 17:43:17.926484
808,760,2025-07-04 17:43:18.055585
829,761,2025-07-04 17:43:18.186114
836,761,2025-07-04 17:43:18.319185
843,759,2025-07-04 17:43:18.440641
858,758,2025-07-04 17:43:18.552848
871,756,2025-07-04 17:43:18.681118
881,758,2025-07-04 17:43:18.801595
889,755,2025-07-04 17:43:18.935256
738,792,2025-07-04 17:43:19.049174
641,810,2025-07-04 17:43:19.212793
450,847,2025-07-04 17:43:19.352615
423,847,2025-07-04 17:43:19.479613
433,850,2025-07-04 17:43:19.608470
460,854,2025-07-04 17:43:19.737635
471,854,2025-07-04 17:43:19.870911
487,809,2025-07-04 17:43:20.009879
483,804,2025-07-04 17:43:20.160771
484,797,2025-07-04 17:43:20.323968
463,788,2025-07-04 17:43:20.472859
577,760,2025-07-04 17:43:20.628830
1195,728,2025-07-04 17:43:20.767417
1281,731,2025-07-04 17:43:20.905767
1347,727,2025-07-04 17:43:21.038006
1404,720,2025-07-04 17:43:21.175480
866,643,2025-07-04 17:43:21.318352
578,599,2025-07-04 17:43:21.451679
562,590,2025-07-04 17:43:21.567235
555,567,2025-07-04 17:43:21.686447
598,563,2025-07-04 17:43:21.817711
638,550,2025-07-04 17:43:21.949126
684,545,2025-07-04 17:43:22.082994
700,572,2025-07-04 17:43:22.198555
546,436,2025-07-04 17:43:22.454723
534,351,2025-07-04 17:43:22.562757
518,317,2025-07-04 17:43:22.667505
497,289,2025-07-04 17:43:22.790072
484,283,2025-07-04 17:43:22.915031
473,279,2025-07-04 17:43:23.052678
464,276,2025-07-04 17:43:23.182906
454,275,2025-07-04 17:43:23.328083
458,270,2025-07-04 17:43:23.478998
473,271,2025-07-04 17:43:23.628141
487,270,2025-07-04 17:43:23.771001
494,265,2025-07-04 17:43:23.897515
500,272,2025-07-04 17:43:23.998116
513,293,2025-07-04 17:43:24.113951
519,302,2025-07-04 17:43:24.238736
514,326,2025-07-04 17:43:24.347670
668,320,2025-07-04 17:43:24.483455
681,318,2025-07-04 17:43:24.622073
664,313,2025-07-04 17:43:24.766380
654,312,2025-07-04 17:43:24.896838
651,310,2025-07-04 17:43:25.017411
654,305,2025-07-04 17:43:25.139893
666,303,2025-07-04 17:43:25.256779
678,305,2025-07-04 17:43:25.380561
691,305,2025-07-04 17:43:25.517701
717,303,2025-07-04 17:43:25.639749
739,303,2025-07-04 17:43:25.751321
765,303,2025-07-04 17:43:25.903097
791,304,2025-07-04 17:43:26.054252
843,304,2025-07-04 17:43:26.198847
871,306,2025-07-04 17:43:26.340920
899,305,2025-07-04 17:43:26.473006
938,305,2025-07-04 17:43:26.617628
936,310,2025-07-04 17:43:26.746299
737,334,2025-07-04 17:43:26.878824
666,346,2025-07-04 17:43:26.995423
632,351,2025-07-04 17:43:27.136912
614,354,2025-07-04 17:43:27.249477
603,355,2025-07-04 17:43:27.378386
598,358,2025-07-04 17:43:27.518917
593,360,2025-07-04 17:43:27.642466
594,358,2025-07-04 17:43:27.757647
606,355,2025-07-04 17:43:27.879358
611,355,2025-07-04 17:43:27.994532
624,352,2025-07-04 17:43:28.121400
639,351,2025-07-04 17:43:28.247888
658,350,2025-07-04 17:43:28.377742
682,347,2025-07-04 17:43:28.496009
717,344,2025-07-04 17:43:28.613097
746,342,2025-07-04 17:43:28.750760
766,342,2025-07-04 17:43:28.892934
794,342,2025-07-04 17:43:29.030700
816,341,2025-07-04 17:43:29.178260
851,343,2025-07-04 17:43:29.330568
868,343,2025-07-04 17:43:29.534099
902,345,2025-07-04 17:43:29.693427
954,344,2025-07-04 17:43:29.833363
984,346,2025-07-04 17:43:29.959961
1008,347,2025-07-04 17:43:30.099095
842,363,2025-07-04 17:43:30.246615
657,384,2025-07-04 17:43:30.379510
639,387,2025-07-04 17:43:30.524703
620,388,2025-07-04 17:43:30.646156
635,386,2025-07-04 17:43:30.792815
664,381,2025-07-04 17:43:30.933610
693,379,2025-07-04 17:43:31.058586
738,372,2025-07-04 17:43:31.186312
763,369,2025-07-04 17:43:31.294446
776,369,2025-07-04 17:43:31.424078
786,370,2025-07-04 17:43:31.546906
795,372,2025-07-04 17:43:31.680471
815,373,2025-07-04 17:43:31.815415
833,371,2025-07-04 17:43:31.963607
840,372,2025-07-04 17:43:32.103089
868,372,2025-07-04 17:43:32.235645
911,374,2025-07-04 17:43:32.387957
948,376,2025-07-04 17:43:32.535014
992,374,2025-07-04 17:43:32.685164
757,424,2025-07-04 17:43:32.824705
559,487,2025-07-04 17:43:33.090658
512,508,2025-07-04 17:43:33.207478
486,518,2025-07-04 17:43:33.340853
474,527,2025-07-04 17:43:33.475774
613,522,2025-07-04 17:43:33.723774
635,513,2025-07-04 17:43:33.856402
661,504,2025-07-04 17:43:33.989934
672,499,2025-07-04 17:43:34.123159
679,492,2025-07-04 17:43:34.249684
682,488,2025-07-04 17:43:34.375875
674,477,2025-07-04 17:43:34.500080
660,477,2025-07-04 17:43:34.608510
644,476,2025-07-04 17:43:34.724899
631,471,2025-07-04 17:43:34.839019
610,461,2025-07-04 17:43:34.981781
599,459,2025-07-04 17:43:35.122812
630,458,2025-07-04 17:43:35.281821
713,468,2025-07-04 17:43:35.424489
749,466,2025-07-04 17:43:35.557351
772,468,2025-07-04 17:43:35.674666
794,468,2025-07-04 17:43:35.805327
807,468,2025-07-04 17:43:35.938193
820,465,2025-07-04 17:43:36.071986
838,462,2025-07-04 17:43:36.190877
864,464,2025-07-04 17:43:36.316692
883,466,2025-07-04 17:43:36.459461
894,468,2025-07-04 17:43:36.588546
908,469,2025-07-04 17:43:36.715930
920,471,2025-07-04 17:43:36.849909
939,470,2025-07-04 17:43:36.973570
957,470,2025-07-04 17:43:37.090118
986,476,2025-07-04 17:43:37.203806
1010,477,2025-07-04 17:43:37.321078
1043,480,2025-07-04 17:43:37.441938
1074,481,2025-07-04 17:43:37.586928
869,485,2025-07-04 17:43:37.722666
534,493,2025-07-04 17:43:37.895743
437,501,2025-07-04 17:43:38.041233
416,503,2025-07-04 17:43:38.181786
396,504,2025-07-04 17:43:38.306363
389,507,2025-07-04 17:43:38.447304
854,483,2025-07-04 17:43:38.721616
1008,468,2025-07-04 17:43:38.853470
1059,468,2025-07-04 17:43:38.973936
1083,469,2025-07-04 17:43:39.096490
1089,471,2025-07-04 17:43:39.202582
956,486,2025-07-04 17:43:39.321267
698,496,2025-07-04 17:43:39.435500
466,503,2025-07-04 17:43:39.568991
427,504,2025-07-04 17:43:39.685804
416,507,2025-07-04 17:43:39.808106
399,489,2025-07-04 17:43:39.937792
394,491,2025-07-04 17:43:40.068610
391,494,2025-07-04 17:43:40.185350
402,496,2025-07-04 17:43:40.301642
412,499,2025-07-04 17:43:40.435731
421,502,2025-07-04 17:43:40.570398
431,499,2025-07-04 17:43:40.701006
438,500,2025-07-04 17:43:40.844666
451,501,2025-07-04 17:43:40.992302
473,503,2025-07-04 17:43:41.134447
489,506,2025-07-04 17:43:41.267253
504,505,2025-07-04 17:43:41.410274
526,504,2025-07-04 17:43:41.550206
559,507,2025-07-04 17:43:41.682616
578,508,2025-07-04 17:43:41.816787
597,509,2025-07-04 17:43:41.950741
615,510,2025-07-04 17:43:42.069961
630,509,2025-07-04 17:43:42.220738
658,509,2025-07-04 17:43:42.355153
675,509,2025-07-04 17:43:42.465319
689,513,2025-07-04 17:43:42.583149
707,516,2025-07-04 17:43:42.693419
740,519,2025-07-04 17:43:42.813235
766,521,2025-07-04 17:43:42.943067
794,521,2025-07-04 17:43:43.080677
838,522,2025-07-04 17:43:43.201609
852,524,2025-07-04 17:43:43.343123
870,522,2025-07-04 17:43:43.483191
894,523,2025-07-04 17:43:43.622830
900,524,2025-07-04 17:43:43.753347
879,536,2025-07-04 17:43:43.886943
672,571,2025-07-04 17:43:44.157704
584,583,2025-07-04 17:43:44.285849
532,584,2025-07-04 17:43:44.421504
510,586,2025-07-04 17:43:44.548396
498,583,2025-07-04 17:43:44.681386
492,583,2025-07-04 17:43:44.797942
488,583,2025-07-04 17:43:44.918847
491,586,2025-07-04 17:43:45.057924
495,587,2025-07-04 17:43:45.186480
500,585,2025-07-04 17:43:45.318671
702,471,2025-07-04 17:43:45.436089
903,351,2025-07-04 17:43:45.578401
946,330,2025-07-04 17:43:45.708921
963,317,2025-07-04 17:43:45.832485
970,312,2025-07-04 17:43:45.957228
977,307,2025-07-04 17:43:46.070994
983,306,2025-07-04 17:43:46.197438
892,428,2025-07-04 17:43:46.341809
639,726,2025-07-04 17:43:46.494088
486,776,2025-07-04 17:43:46.793855
461,783,2025-07-04 17:43:46.933697
453,792,2025-07-04 17:43:47.067825
437,813,2025-07-04 17:43:47.206983
423,819,2025-07-04 17:43:47.337927
574,561,2025-07-04 17:43:47.739745
533,343,2025-07-04 17:43:47.863604
538,290,2025-07-04 17:43:47.989465
516,264,2025-07-04 17:43:48.112814
500,245,2025-07-04 17:43:48.248336
477,226,2025-07-04 17:43:48.383794
452,315,2025-07-04 17:43:48.507510
500,648,2025-07-04 17:43:48.636673
510,715,2025-07-04 17:43:48.767277
513,732,2025-07-04 17:43:48.894521
513,727,2025-07-04 17:43:49.008057
501,711,2025-07-04 17:43:49.134071
490,707,2025-07-04 17:43:49.270199
456,720,2025-07-04 17:43:49.428763
434,728,2025-07-04 17:43:49.554412
418,742,2025-07-04 17:43:49.704289
490,558,2025-07-04 17:43:49.999656
486,533,2025-07-04 17:43:50.156051
432,636,2025-07-04 17:43:50.436000
416,657,2025-07-04 17:43:50.567748
411,662,2025-07-04 17:43:50.696453
466,742,2025-07-04 17:43:50.946765
467,736,2025-07-04 17:43:51.086048
429,458,2025-07-04 17:43:51.459543
432,486,2025-07-04 17:43:51.594691
425,581,2025-07-04 17:43:51.730778
417,611,2025-07-04 17:43:51.862681
411,610,2025-07-04 17:43:51.992871
413,589,2025-07-04 17:43:52.125574
470,326,2025-07-04 17:43:52.265178
474,288,2025-07-04 17:43:52.404660
479,278,2025-07-04 17:43:52.551504
462,267,2025-07-04 17:43:52.691996
451,278,2025-07-04 17:43:52.823193
433,515,2025-07-04 17:43:52.963792
467,735,2025-07-04 17:43:53.100502
461,725,2025-07-04 17:43:53.213765
426,453,2025-07-04 17:43:53.470332
421,402,2025-07-04 17:43:53.587627
417,373,2025-07-04 17:43:53.732227
415,357,2025-07-04 17:43:53.865807
422,341,2025-07-04 17:43:53.997100
438,330,2025-07-04 17:43:54.111550
462,338,2025-07-04 17:43:54.229954
506,629,2025-07-04 17:43:54.366249
496,730,2025-07-04 17:43:54.491769
485,745,2025-07-04 17:43:54.634283
482,723,2025-07-04 17:43:54.759114
1108,744,2025-07-04 17:43:54.897785
1330,772,2025-07-04 17:43:55.024384
1393,778,2025-07-04 17:43:55.160117
1260,747,2025-07-04 17:43:55.296832
634,621,2025-07-04 17:43:55.430739
456,535,2025-07-04 17:43:55.560801
435,509,2025-07-04 17:43:55.697243
426,498,2025-07-04 17:43:55.845992
418,492,2025-07-04 17:43:55.994380
417,487,2025-07-04 17:43:56.135305
425,481,2025-07-04 17:43:56.258036
440,480,2025-07-04 17:43:56.401175
472,483,2025-07-04 17:43:56.530454
479,480,2025-07-04 17:43:56.649345
482,482,2025-07-04 17:43:56.771753
468,499,2025-07-04 17:43:56.903206
463,503,2025-07-04 17:43:57.008393
451,504,2025-07-04 17:43:57.144206
441,508,2025-07-04 17:43:57.269998
443,513,2025-07-04 17:43:57.389914
456,512,2025-07-04 17:43:57.515701
473,513,2025-07-04 17:43:57.654408
483,513,2025-07-04 17:43:57.771118
489,512,2025-07-04 17:43:57.891004
500,512,2025-07-04 17:43:58.016687
516,515,2025-07-04 17:43:58.142129
531,517,2025-07-04 17:43:58.287529
548,515,2025-07-04 17:43:58.433530
563,516,2025-07-04 17:43:58.576647
588,517,2025-07-04 17:43:58.715324
617,519,2025-07-04 17:43:58.933425
651,522,2025-07-04 17:43:59.073733
676,522,2025-07-04 17:43:59.203267
690,522,2025-07-04 17:43:59.319793
701,520,2025-07-04 17:43:59.455475
713,520,2025-07-04 17:43:59.586715
717,519,2025-07-04 17:43:59.707021
721,517,2025-07-04 17:43:59.836291
735,516,2025-07-04 17:43:59.975117
752,519,2025-07-04 17:44:00.103029
758,520,2025-07-04 17:44:00.219388
777,522,2025-07-04 17:44:00.349144
802,523,2025-07-04 17:44:00.478956
823,526,2025-07-04 17:44:00.602766
858,528,2025-07-04 17:44:00.735988
889,528,2025-07-04 17:44:00.854558
905,528,2025-07-04 17:44:00.990136
935,527,2025-07-04 17:44:01.125105
956,525,2025-07-04 17:44:01.275256
1005,527,2025-07-04 17:44:01.413267
1039,526,2025-07-04 17:44:01.559760
1078,519,2025-07-04 17:44:01.699141
1087,522,2025-07-04 17:44:01.841784
748,536,2025-07-04 17:44:01.974594
476,558,2025-07-04 17:44:02.101361
443,563,2025-07-04 17:44:02.217811
428,565,2025-07-04 17:44:02.338523
423,566,2025-07-04 17:44:02.453371
420,569,2025-07-04 17:44:02.567311
409,561,2025-07-04 17:44:02.702616
407,565,2025-07-04 17:44:02.837828
419,566,2025-07-04 17:44:02.962531
422,569,2025-07-04 17:44:03.088381
426,566,2025-07-04 17:44:03.212916
429,563,2025-07-04 17:44:03.344996
437,559,2025-07-04 17:44:03.450886
448,556,2025-07-04 17:44:03.569440
462,556,2025-07-04 17:44:03.698712
482,555,2025-07-04 17:44:03.816289
491,554,2025-07-04 17:44:03.957652
504,550,2025-07-04 17:44:04.101392
528,554,2025-07-04 17:44:04.233316
542,556,2025-07-04 17:44:04.376185
554,557,2025-07-04 17:44:04.509230
565,556,2025-07-04 17:44:04.661429
578,557,2025-07-04 17:44:04.807862
602,557,2025-07-04 17:44:04.938455
615,557,2025-07-04 17:44:05.071564
641,560,2025-07-04 17:44:05.219715
673,560,2025-07-04 17:44:05.331867
688,560,2025-07-04 17:44:05.448466
715,560,2025-07-04 17:44:05.582253
759,559,2025-07-04 17:44:05.710805
774,560,2025-07-04 17:44:05.850993
794,556,2025-07-04 17:44:05.965382
805,556,2025-07-04 17:44:06.100503
819,558,2025-07-04 17:44:06.229960
832,559,2025-07-04 17:44:06.362854
842,559,2025-07-04 17:44:06.483230
850,557,2025-07-04 17:44:06.617582
867,557,2025-07-04 17:44:06.733114
891,557,2025-07-04 17:44:06.847687
906,558,2025-07-04 17:44:06.980442
930,557,2025-07-04 17:44:07.123009
973,553,2025-07-04 17:44:07.285022
1001,553,2025-07-04 17:44:07.441286
1038,549,2025-07-04 17:44:07.577165
689,582,2025-07-04 17:44:07.720199
577,588,2025-07-04 17:44:07.846278
561,586,2025-07-04 17:44:07.974032
523,592,2025-07-04 17:44:08.112852
438,589,2025-07-04 17:44:08.382692
420,593,2025-07-04 17:44:08.507793
396,583,2025-07-04 17:44:08.645944
389,585,2025-07-04 17:44:08.774791
388,585,2025-07-04 17:44:08.894959
387,585,2025-07-04 17:44:09.021135
386,584,2025-07-04 17:44:09.146926
388,586,2025-07-04 17:44:09.264834
393,587,2025-07-04 17:44:09.395611
397,584,2025-07-04 17:44:09.524381
400,582,2025-07-04 17:44:09.665911
403,580,2025-07-04 17:44:09.804932
422,579,2025-07-04 17:44:09.951739
439,581,2025-07-04 17:44:10.086457
454,581,2025-07-04 17:44:10.219316
471,580,2025-07-04 17:44:10.351810
492,581,2025-07-04 17:44:10.481356
538,581,2025-07-04 17:44:10.624222
623,578,2025-07-04 17:44:10.887044
646,581,2025-07-04 17:44:11.010965
655,577,2025-07-04 17:44:11.146887
663,574,2025-07-04 17:44:11.276919
449,584,2025-07-04 17:44:11.543631
409,577,2025-07-04 17:44:11.668693
385,574,2025-07-04 17:44:11.780663
376,571,2025-07-04 17:44:11.897122
372,567,2025-07-04 17:44:12.026822
369,566,2025-07-04 17:44:12.160151
368,565,2025-07-04 17:44:12.273206
366,566,2025-07-04 17:44:12.395229
368,568,2025-07-04 17:44:12.522180
374,571,2025-07-04 17:44:12.628611
375,573,2025-07-04 17:44:12.762346
391,584,2025-07-04 17:44:12.900696
400,587,2025-07-04 17:44:13.049289
411,584,2025-07-04 17:44:13.218386
424,585,2025-07-04 17:44:13.370504
453,582,2025-07-04 17:44:13.521796
476,587,2025-07-04 17:44:13.672199
487,584,2025-07-04 17:44:13.816319
504,582,2025-07-04 17:44:13.948034
533,576,2025-07-04 17:44:14.085514
552,576,2025-07-04 17:44:14.244824
581,579,2025-07-04 17:44:14.400405
627,581,2025-07-04 17:44:14.534041
653,584,2025-07-04 17:44:14.670005
676,588,2025-07-04 17:44:14.816620
687,587,2025-07-04 17:44:14.951340
701,593,2025-07-04 17:44:15.091291
711,596,2025-07-04 17:44:15.218607
722,599,2025-07-04 17:44:15.336550
764,602,2025-07-04 17:44:15.474148
851,617,2025-07-04 17:44:15.746548
869,619,2025-07-04 17:44:15.877958
881,618,2025-07-04 17:44:16.006990
888,617,2025-07-04 17:44:16.151859
893,616,2025-07-04 17:44:16.283720
901,618,2025-07-04 17:44:16.418109
924,621,2025-07-04 17:44:16.562378
942,619,2025-07-04 17:44:16.693753
954,622,2025-07-04 17:44:16.825011
962,603,2025-07-04 17:44:16.955751
989,576,2025-07-04 17:44:17.071102
994,548,2025-07-04 17:44:17.213124
997,521,2025-07-04 17:44:17.341313
995,510,2025-07-04 17:44:17.467638
996,503,2025-07-04 17:44:17.628127
997,500,2025-07-04 17:44:17.764143
998,497,2025-07-04 17:44:17.888506
998,494,2025-07-04 17:44:18.024516
998,495,2025-07-04 17:44:18.142448
872,559,2025-07-04 17:44:18.275383
551,720,2025-07-04 17:44:18.399757
493,745,2025-07-04 17:44:18.528104
469,751,2025-07-04 17:44:18.707238
436,774,2025-07-04 17:44:18.876307
430,891,2025-07-04 17:44:19.030150
440,927,2025-07-04 17:44:19.194487
511,673,2025-07-04 17:44:19.487672
473,574,2025-07-04 17:44:19.614679
844,526,2025-07-04 17:44:19.740406
1248,561,2025-07-04 17:44:19.861821
1346,573,2025-07-04 17:44:19.989051
1385,613,2025-07-04 17:44:20.131139
1339,751,2025-07-04 17:44:20.259406
1156,693,2025-07-04 17:44:20.387540
1113,639,2025-07-04 17:44:20.523366
1089,622,2025-07-04 17:44:20.637240
1098,830,2025-07-04 17:44:20.771068
1102,872,2025-07-04 17:44:20.904075
1207,797,2025-07-04 17:44:21.015113
1385,479,2025-07-04 17:44:21.134601
1413,449,2025-07-04 17:44:21.252819
1422,436,2025-07-04 17:44:21.395497
1427,433,2025-07-04 17:44:21.540226
1304,428,2025-07-04 17:44:21.682804
679,423,2025-07-04 17:44:21.822334
496,397,2025-07-04 17:44:21.972783
443,383,2025-07-04 17:44:22.115119
427,377,2025-07-04 17:44:22.259948
426,352,2025-07-04 17:44:22.410618
413,335,2025-07-04 17:44:22.572348
460,468,2025-07-04 17:44:22.713084
494,609,2025-07-04 17:44:22.861124
498,615,2025-07-04 17:44:22.995674
444,491,2025-07-04 17:44:23.248077
432,475,2025-07-04 17:44:23.367547
419,456,2025-07-04 17:44:23.498240
421,447,2025-07-04 17:44:23.634883
433,425,2025-07-04 17:44:23.788023
437,406,2025-07-04 17:44:23.926279
438,394,2025-07-04 17:44:24.060878
705,501,2025-07-04 17:44:24.169533
1264,717,2025-07-04 17:44:24.286055
1326,737,2025-07-04 17:44:24.423784
1391,757,2025-07-04 17:44:24.554791
1406,759,2025-07-04 17:44:24.688728
1192,688,2025-07-04 17:44:24.834859
1014,629,2025-07-04 17:44:24.978553
1227,712,2025-07-04 17:44:25.107196
1327,706,2025-07-04 17:44:25.253862
1383,477,2025-07-04 17:44:25.390691
1389,304,2025-07-04 17:44:25.522545
1383,291,2025-07-04 17:44:25.650455
929,582,2025-07-04 17:44:25.801105
679,770,2025-07-04 17:44:25.944276
644,778,2025-07-04 17:44:26.089690
530,593,2025-07-04 17:44:26.352944
527,474,2025-07-04 17:44:26.486325
549,409,2025-07-04 17:44:26.616399
528,366,2025-07-04 17:44:26.744090
476,307,2025-07-04 17:44:26.978193
451,297,2025-07-04 17:44:27.094175
461,277,2025-07-04 17:44:27.216980
506,272,2025-07-04 17:44:27.446089
531,268,2025-07-04 17:44:27.580942
532,272,2025-07-04 17:44:27.716478
522,276,2025-07-04 17:44:27.851025
481,410,2025-07-04 17:44:27.987188
466,558,2025-07-04 17:44:28.130488
450,597,2025-07-04 17:44:28.287501
440,606,2025-07-04 17:44:28.432716
443,610,2025-07-04 17:44:28.585040
459,606,2025-07-04 17:44:28.714295
470,596,2025-07-04 17:44:28.826204
475,595,2025-07-04 17:44:28.931895
432,704,2025-07-04 17:44:29.317453
421,713,2025-07-04 17:44:29.431277
411,718,2025-07-04 17:44:29.581545
422,617,2025-07-04 17:44:29.841968
424,624,2025-07-04 17:44:29.965394
432,643,2025-07-04 17:44:30.078876
435,666,2025-07-04 17:44:30.203038
427,693,2025-07-04 17:44:30.329339
420,705,2025-07-04 17:44:30.462700
418,715,2025-07-04 17:44:30.604016
579,730,2025-07-04 17:44:30.884790
599,730,2025-07-04 17:44:31.017438
478,783,2025-07-04 17:44:31.295631
446,789,2025-07-04 17:44:31.428937
426,795,2025-07-04 17:44:31.564662
417,796,2025-07-04 17:44:31.701792
415,798,2025-07-04 17:44:31.840539
427,803,2025-07-04 17:44:31.979550
457,803,2025-07-04 17:44:32.096502
478,806,2025-07-04 17:44:32.211674
512,806,2025-07-04 17:44:32.346332
535,806,2025-07-04 17:44:32.468955
542,806,2025-07-04 17:44:32.593089
550,806,2025-07-04 17:44:32.727600
558,805,2025-07-04 17:44:32.850736
583,806,2025-07-04 17:44:32.985091
603,810,2025-07-04 17:44:33.116089
630,811,2025-07-04 17:44:33.252355
656,814,2025-07-04 17:44:33.403300
676,816,2025-07-04 17:44:33.556017
691,815,2025-07-04 17:44:33.698722
698,815,2025-07-04 17:44:33.855172
704,814,2025-07-04 17:44:34.001482
730,811,2025-07-04 17:44:34.160149
745,812,2025-07-04 17:44:34.310739
902,802,2025-07-04 17:44:34.686381
913,802,2025-07-04 17:44:34.826135
930,802,2025-07-04 17:44:34.952465
959,801,2025-07-04 17:44:35.061243
975,802,2025-07-04 17:44:35.190742
993,802,2025-07-04 17:44:35.336562
1034,801,2025-07-04 17:44:35.474755
1053,800,2025-07-04 17:44:35.591543
1061,800,2025-07-04 17:44:35.710388
1067,799,2025-07-04 17:44:35.826817
1086,799,2025-07-04 17:44:35.941375
1104,797,2025-07-04 17:44:36.067126
1119,796,2025-07-04 17:44:36.184174
1142,793,2025-07-04 17:44:36.307671
1156,794,2025-07-04 17:44:36.452179
1172,795,2025-07-04 17:44:36.591883
1228,792,2025-07-04 17:44:36.728936
1255,791,2025-07-04 17:44:36.862104
1299,793,2025-07-04 17:44:36.990604
1308,797,2025-07-04 17:44:37.128387
717,839,2025-07-04 17:44:37.260733
559,840,2025-07-04 17:44:37.376282
516,838,2025-07-04 17:44:37.493759
492,840,2025-07-04 17:44:37.633695
487,840,2025-07-04 17:44:37.751759
488,840,2025-07-04 17:44:37.877454
488,842,2025-07-04 17:44:38.001552
462,846,2025-07-04 17:44:38.125278
439,849,2025-07-04 17:44:38.241729
423,846,2025-07-04 17:44:38.367446
398,848,2025-07-04 17:44:38.488993
391,848,2025-07-04 17:44:38.624447
388,848,2025-07-04 17:44:38.758846
391,846,2025-07-04 17:44:38.878002
405,847,2025-07-04 17:44:39.005723
425,852,2025-07-04 17:44:39.133505
458,853,2025-07-04 17:44:39.259332
512,960,2025-07-04 17:44:39.391171
515,923,2025-07-04 17:44:39.524776
541,878,2025-07-04 17:44:39.659441
543,866,2025-07-04 17:44:39.795026
548,857,2025-07-04 17:44:39.944904
545,844,2025-07-04 17:44:40.071257
545,844,2025-07-04 17:44:40.194823
544,844,2025-07-04 17:44:40.304624
548,842,2025-07-04 17:44:40.424372
558,840,2025-07-04 17:44:40.579925
574,841,2025-07-04 17:44:40.717520
587,843,2025-07-04 17:44:40.836110
605,842,2025-07-04 17:44:40.961082
628,841,2025-07-04 17:44:41.087489
649,840,2025-07-04 17:44:41.204718
666,838,2025-07-04 17:44:41.323243
682,839,2025-07-04 17:44:41.452024
695,840,2025-07-04 17:44:41.581381
712,838,2025-07-04 17:44:41.720774
725,835,2025-07-04 17:44:41.856638
736,836,2025-07-04 17:44:41.984285
741,836,2025-07-04 17:44:42.115180
748,836,2025-07-04 17:44:42.258472
760,834,2025-07-04 17:44:42.393705
772,834,2025-07-04 17:44:42.527369
783,832,2025-07-04 17:44:42.655146
795,833,2025-07-04 17:44:42.804730
814,835,2025-07-04 17:44:42.942483
831,834,2025-07-04 17:44:43.053112
851,834,2025-07-04 17:44:43.188087
867,835,2025-07-04 17:44:43.318949
891,833,2025-07-04 17:44:43.437962
907,832,2025-07-04 17:44:43.571174
923,830,2025-07-04 17:44:43.687750
935,831,2025-07-04 17:44:43.821581
945,831,2025-07-04 17:44:43.952426
976,833,2025-07-04 17:44:44.082439
1006,832,2025-07-04 17:44:44.201913
1017,828,2025-07-04 17:44:44.311139
1038,830,2025-07-04 17:44:44.451103
1065,826,2025-07-04 17:44:44.586514
1086,825,2025-07-04 17:44:44.718250
1102,822,2025-07-04 17:44:44.852105
1130,821,2025-07-04 17:44:44.987968
1149,822,2025-07-04 17:44:45.119982
1182,818,2025-07-04 17:44:45.257133
1236,817,2025-07-04 17:44:45.390488
1278,819,2025-07-04 17:44:45.521183
1309,824,2025-07-04 17:44:45.669152
1329,824,2025-07-04 17:44:45.789576
1353,825,2025-07-04 17:44:45.917103
1390,826,2025-07-04 17:44:46.041710
1413,829,2025-07-04 17:44:46.167406
977,850,2025-07-04 17:44:46.289959
619,867,2025-07-04 17:44:46.418741
520,873,2025-07-04 17:44:46.532845
481,876,2025-07-04 17:44:46.654886
461,875,2025-07-04 17:44:46.784965
436,873,2025-07-04 17:44:46.909619
425,873,2025-07-04 17:44:47.032663
415,874,2025-07-04 17:44:47.149156
408,871,2025-07-04 17:44:47.268855
403,873,2025-07-04 17:44:47.385159
403,872,2025-07-04 17:44:47.498872
409,873,2025-07-04 17:44:47.617896
410,876,2025-07-04 17:44:47.733487
412,877,2025-07-04 17:44:47.880041
420,877,2025-07-04 17:44:48.021398
429,879,2025-07-04 17:44:48.152102
441,880,2025-07-04 17:44:48.287299
455,880,2025-07-04 17:44:48.423320
477,878,2025-07-04 17:44:48.548376
498,879,2025-07-04 17:44:48.681186
519,880,2025-07-04 17:44:48.799784
531,882,2025-07-04 17:44:48.933620
548,880,2025-07-04 17:44:49.073667
555,881,2025-07-04 17:44:49.200131
570,877,2025-07-04 17:44:49.331520
589,876,2025-07-04 17:44:49.463875
603,874,2025-07-04 17:44:49.583676
609,872,2025-07-04 17:44:49.713427
606,878,2025-07-04 17:44:49.851334
500,907,2025-07-04 17:44:50.108398
485,908,2025-07-04 17:44:50.230478
477,859,2025-07-04 17:44:50.354929
524,768,2025-07-04 17:44:50.480257
652,709,2025-07-04 17:44:50.612807
865,669,2025-07-04 17:44:50.745992
912,662,2025-07-04 17:44:50.883173
944,654,2025-07-04 17:44:51.037243
964,646,2025-07-04 17:44:51.192299
973,645,2025-07-04 17:44:51.331842
980,644,2025-07-04 17:44:51.475231
987,640,2025-07-04 17:44:51.625351
993,637,2025-07-04 17:44:51.746801
997,634,2025-07-04 17:44:51.879545
1001,634,2025-07-04 17:44:52.006780
688,880,2025-07-04 17:44:52.126555
656,899,2025-07-04 17:44:52.230992
861,752,2025-07-04 17:44:52.353132
920,710,2025-07-04 17:44:52.492676
944,689,2025-07-04 17:44:52.640856
961,678,2025-07-04 17:44:52.776968
967,676,2025-07-04 17:44:52.899289
978,668,2025-07-04 17:44:53.030545
986,663,2025-07-04 17:44:53.162357
1014,668,2025-07-04 17:44:53.318828
1478,840,2025-07-04 17:44:53.451968
1638,904,2025-07-04 17:44:53.585537
1671,917,2025-07-04 17:44:53.727822
1704,931,2025-07-04 17:44:53.875264
1714,932,2025-07-04 17:44:54.042216
1732,919,2025-07-04 17:44:54.202583
1740,904,2025-07-04 17:44:54.354504
1739,898,2025-07-04 17:44:54.520480
1742,908,2025-07-04 17:44:54.711933
1740,928,2025-07-04 17:44:54.911117
1739,944,2025-07-04 17:44:55.102293
1709,865,2025-07-04 17:44:57.277598
1755,942,2025-07-04 17:44:57.635952
1776,954,2025-07-04 17:44:57.779879
1785,963,2025-07-04 17:44:57.908096
1787,967,2025-07-04 17:44:58.049548
1790,966,2025-07-04 17:44:58.166663
1791,968,2025-07-04 17:44:58.317632
1783,965,2025-07-04 17:44:58.509129
1772,968,2025-07-04 17:44:58.739952
1763,967,2025-07-04 17:44:58.964362
1756,969,2025-07-04 17:44:59.192460
1749,972,2025-07-04 17:44:59.491647
1746,980,2025-07-04 17:44:59.727537
1746,983,2025-07-04 17:44:59.961087
1747,988,2025-07-04 17:45:00.192759
1747,990,2025-07-04 17:45:00.408538
1670,1040,2025-07-04 17:45:00.628411
1536,1050,2025-07-04 17:45:00.812356
1509,1052,2025-07-04 17:45:00.969833
1490,1054,2025-07-04 17:45:01.133818
1482,1054,2025-07-04 17:45:01.288715
1478,1055,2025-07-04 17:45:01.444861
1475,1056,2025-07-04 17:45:01.586548
1474,1056,2025-07-04 17:45:01.754167
1476,1057,2025-07-04 17:45:01.894093
1455,1065,2025-07-04 17:45:02.137209
1098,795,2025-07-04 17:45:02.290764
1025,720,2025-07-04 17:45:02.420974
886,902,2025-07-04 17:45:02.687074
859,946,2025-07-04 17:45:02.803347
