type,x,y,timestamp
"move","656","335","2025-07-04 17:38:34.987600"
"move","656","336","2025-07-04 17:38:35.028200"
"move","656","337","2025-07-04 17:38:40.438600"
"move","656","339","2025-07-04 17:38:40.456800"
"move","656","343","2025-07-04 17:38:40.472500"
"move","656","351","2025-07-04 17:38:40.490400"
"move","656","356","2025-07-04 17:38:40.505700"
"move","656","363","2025-07-04 17:38:40.521600"
"move","656","370","2025-07-04 17:38:40.538200"
"move","656","377","2025-07-04 17:38:40.554700"
"move","656","380","2025-07-04 17:38:40.573500"
"move","656","387","2025-07-04 17:38:40.590100"
"move","656","388","2025-07-04 17:38:40.605800"
"move","656","391","2025-07-04 17:38:40.622300"
"move","656","392","2025-07-04 17:38:40.638600"
"move","656","394","2025-07-04 17:38:40.655000"
"move","656","395","2025-07-04 17:38:40.706100"
"move","656","396","2025-07-04 17:38:40.738600"
"move","656","397","2025-07-04 17:38:40.759000"
"move","656","398","2025-07-04 17:38:40.780000"
"move","656","399","2025-07-04 17:38:40.822400"
"move","655","400","2025-07-04 17:38:40.901100"
"move","654","400","2025-07-04 17:38:40.911500"
"move","652","401","2025-07-04 17:38:40.921200"
"move","638","407","2025-07-04 17:38:40.937900"
"move","616","410","2025-07-04 17:38:40.957000"
"move","596","415","2025-07-04 17:38:40.977800"
"move","560","427","2025-07-04 17:38:41.008500"
"move","548","429","2025-07-04 17:38:41.021500"
"move","532","432","2025-07-04 17:38:41.038400"
"move","509","437","2025-07-04 17:38:41.054800"
"move","498","439","2025-07-04 17:38:41.071900"
"move","492","441","2025-07-04 17:38:41.090300"
"move","485","443","2025-07-04 17:38:41.107000"
"move","476","445","2025-07-04 17:38:41.122800"
"move","472","445","2025-07-04 17:38:41.138800"
"move","468","445","2025-07-04 17:38:41.155800"
"move","464","445","2025-07-04 17:38:41.171600"
"move","463","445","2025-07-04 17:38:41.187500"
"move","461","446","2025-07-04 17:38:41.204100"
"move","460","446","2025-07-04 17:38:41.221200"
"move","458","446","2025-07-04 17:38:41.239700"
"move","456","446","2025-07-04 17:38:41.255200"
"move","455","447","2025-07-04 17:38:41.274000"
"move","453","447","2025-07-04 17:38:41.289300"
"move","450","448","2025-07-04 17:38:41.304100"
"move","449","448","2025-07-04 17:38:41.322100"
"move","448","448","2025-07-04 17:38:41.337800"
"move","447","448","2025-07-04 17:38:41.354400"
"move","446","448","2025-07-04 17:38:41.375800"
"move","445","448","2025-07-04 17:38:41.452600"
"move","445","450","2025-07-04 17:38:41.467000"
"move","444","450","2025-07-04 17:38:41.504900"
"move","456","453","2025-07-04 17:38:41.823600"
"move","470","455","2025-07-04 17:38:41.836900"
"move","478","455","2025-07-04 17:38:41.853900"
"move","492","455","2025-07-04 17:38:41.870600"
"move","500","455","2025-07-04 17:38:41.887300"
"move","508","454","2025-07-04 17:38:41.905800"
"move","516","452","2025-07-04 17:38:41.923800"
"move","519","452","2025-07-04 17:38:41.940700"
"move","523","452","2025-07-04 17:38:41.963100"
"move","524","452","2025-07-04 17:38:41.971100"
"move","525","452","2025-07-04 17:38:42.021600"
"move","527","452","2025-07-04 17:38:42.037700"
"move","528","452","2025-07-04 17:38:42.098100"
"move","529","452","2025-07-04 17:38:42.114100"
"move","532","451","2025-07-04 17:38:42.137500"
"move","536","450","2025-07-04 17:38:42.154900"
"move","538","449","2025-07-04 17:38:42.170000"
"move","540","449","2025-07-04 17:38:42.186900"
"move","541","449","2025-07-04 17:38:42.208000"
"move","542","449","2025-07-04 17:38:42.221200"
"move","543","448","2025-07-04 17:38:42.238800"
"move","544","448","2025-07-04 17:38:42.259700"
"move","545","448","2025-07-04 17:38:42.338400"
"move","547","447","2025-07-04 17:38:53.881800"
"move","552","445","2025-07-04 17:38:53.895000"
"move","556","443","2025-07-04 17:38:53.911900"
"move","564","439","2025-07-04 17:38:53.929800"
"move","569","436","2025-07-04 17:38:53.944000"
"move","577","431","2025-07-04 17:38:53.965100"
"move","580","431","2025-07-04 17:38:53.980700"
"move","596","423","2025-07-04 17:38:54.004100"
"move","600","422","2025-07-04 17:38:54.012300"
"move","614","415","2025-07-04 17:38:54.029400"
"move","623","411","2025-07-04 17:38:54.046800"
"move","636","404","2025-07-04 17:38:54.060700"
"move","651","398","2025-07-04 17:38:54.077100"
"move","663","390","2025-07-04 17:38:54.094000"
"move","675","384","2025-07-04 17:38:54.112300"
"move","693","377","2025-07-04 17:38:54.128800"
"move","704","372","2025-07-04 17:38:54.147500"
"move","716","367","2025-07-04 17:38:54.162700"
"move","730","363","2025-07-04 17:38:54.178500"
"move","746","355","2025-07-04 17:38:54.193600"
"move","756","351","2025-07-04 17:38:54.210200"
"move","765","346","2025-07-04 17:38:54.227500"
"move","779","339","2025-07-04 17:38:54.244300"
"move","784","335","2025-07-04 17:38:54.263500"
"move","788","334","2025-07-04 17:38:54.278900"
"move","792","331","2025-07-04 17:38:54.298500"
"move","792","330","2025-07-04 17:38:54.314700"
"move","793","330","2025-07-04 17:38:54.328600"
"move","793","329","2025-07-04 17:38:54.364100"
"move","793","328","2025-07-04 17:38:54.412500"
"move","794","327","2025-07-04 17:38:54.428300"
"move","796","323","2025-07-04 17:38:54.445900"
"move","797","320","2025-07-04 17:38:54.461600"
"move","799","316","2025-07-04 17:38:54.478600"
"move","800","314","2025-07-04 17:38:54.494100"
"move","800","313","2025-07-04 17:38:54.510500"
"move","800","315","2025-07-04 17:38:54.606900"
"move","800","319","2025-07-04 17:38:54.622800"
"move","798","325","2025-07-04 17:38:54.645000"
"move","796","329","2025-07-04 17:38:54.662200"
"move","796","333","2025-07-04 17:38:54.678400"
"move","795","336","2025-07-04 17:38:54.694400"
"move","795","338","2025-07-04 17:38:54.711000"
"move","795","339","2025-07-04 17:38:54.729500"
"move","795","340","2025-07-04 17:38:54.743400"
"move","795","341","2025-07-04 17:38:54.765200"
"move","795","342","2025-07-04 17:38:54.786900"
"move","794","343","2025-07-04 17:38:54.811800"
"move","792","346","2025-07-04 17:38:54.828900"
"move","792","347","2025-07-04 17:38:54.843000"
"move","792","348","2025-07-04 17:38:54.859400"
"move","792","349","2025-07-04 17:38:54.876200"
"move","790","351","2025-07-04 17:38:54.894300"
"move","790","352","2025-07-04 17:38:54.943000"
"move","790","353","2025-07-04 17:38:54.971000"
"click","790","353","2025-07-04 17:38:55.397900"
"move","785","358","2025-07-04 17:38:55.723100"
"move","773","367","2025-07-04 17:38:55.733500"
"move","757","378","2025-07-04 17:38:55.743900"
"move","728","394","2025-07-04 17:38:55.760600"
"move","678","431","2025-07-04 17:38:55.779500"
"move","656","443","2025-07-04 17:38:55.795100"
"move","634","454","2025-07-04 17:38:55.812400"
"move","606","469","2025-07-04 17:38:55.829400"
"move","599","475","2025-07-04 17:38:55.846600"
"move","592","479","2025-07-04 17:38:55.860600"
"move","586","485","2025-07-04 17:38:55.876100"
"move","584","485","2025-07-04 17:38:55.893400"
"scroll","","27.200000762939453","2025-07-04 17:38:56.280100"
"scroll","","48","2025-07-04 17:38:56.292900"
"scroll","","94.4000015258789","2025-07-04 17:38:56.341300"
"scroll","","108.80000305175781","2025-07-04 17:38:56.359000"
"scroll","","120.80000305175781","2025-07-04 17:38:56.374600"
"scroll","","135.1999969482422","2025-07-04 17:38:56.390900"
"scroll","","136","2025-07-04 17:38:56.407400"
"scroll","","142.39999389648438","2025-07-04 17:38:56.425400"
"scroll","","146.39999389648438","2025-07-04 17:38:56.441700"
"scroll","","148.8000030517578","2025-07-04 17:38:56.459600"
"scroll","","151.1999969482422","2025-07-04 17:38:56.476300"
"scroll","","152.8000030517578","2025-07-04 17:38:56.495500"
"scroll","","154.39999389648438","2025-07-04 17:38:56.510700"
"scroll","","155.1999969482422","2025-07-04 17:38:56.542400"
"scroll","","156","2025-07-04 17:38:56.560400"
"scroll","","160.8000030517578","2025-07-04 17:38:56.929400"
"scroll","","175.1999969482422","2025-07-04 17:38:56.944000"
"scroll","","183.1999969482422","2025-07-04 17:38:56.958200"
"scroll","","196","2025-07-04 17:38:57.007300"
"scroll","","199.1999969482422","2025-07-04 17:38:57.023900"
"scroll","","202.39999389648438","2025-07-04 17:38:57.041300"
"scroll","","204.8000030517578","2025-07-04 17:38:57.057200"
"scroll","","206.39999389648438","2025-07-04 17:38:57.075700"
"scroll","","207.1999969482422","2025-07-04 17:38:57.107700"
"move","579","695.1999969482422","2025-07-04 17:38:57.386600"
"move","561","705.1999969482422","2025-07-04 17:38:57.409700"
"move","555","709.1999969482422","2025-07-04 17:38:57.427200"
"move","545","714.1999969482422","2025-07-04 17:38:57.442500"
"move","536","719.1999969482422","2025-07-04 17:38:57.457900"
"move","534","721.1999969482422","2025-07-04 17:38:57.475800"
"move","530","722.1999969482422","2025-07-04 17:38:57.491900"
"move","528","722.1999969482422","2025-07-04 17:38:57.508000"
"move","528","723.1999969482422","2025-07-04 17:38:57.527200"
"move","527","723.1999969482422","2025-07-04 17:38:57.542500"
"move","528","722.1999969482422","2025-07-04 17:39:02.807500"
"move","535","720.1999969482422","2025-07-04 17:39:02.821300"
"move","541","718.1999969482422","2025-07-04 17:39:02.839500"
"move","548","714.1999969482422","2025-07-04 17:39:02.855500"
"move","556","709.1999969482422","2025-07-04 17:39:02.872200"
"move","560","706.1999969482422","2025-07-04 17:39:02.889400"
"move","564","702.1999969482422","2025-07-04 17:39:02.904700"
"move","574","693.1999969482422","2025-07-04 17:39:02.920800"
"move","581","686.1999969482422","2025-07-04 17:39:02.938400"
"move","592","680.1999969482422","2025-07-04 17:39:02.953600"
"move","604","671.1999969482422","2025-07-04 17:39:02.971800"
"move","614","665.1999969482422","2025-07-04 17:39:02.988200"
"move","624","658.1999969482422","2025-07-04 17:39:03.006000"
"move","640","645.1999969482422","2025-07-04 17:39:03.021200"
"move","650","638.1999969482422","2025-07-04 17:39:03.037100"
"move","657","633.1999969482422","2025-07-04 17:39:03.056700"
"move","667","626.1999969482422","2025-07-04 17:39:03.071100"
"move","674","622.1999969482422","2025-07-04 17:39:03.088600"
"move","680","618.1999969482422","2025-07-04 17:39:03.104100"
"move","685","614.1999969482422","2025-07-04 17:39:03.121800"
"move","690","610.1999969482422","2025-07-04 17:39:03.138900"
"move","694","607.1999969482422","2025-07-04 17:39:03.154200"
"move","695","606.1999969482422","2025-07-04 17:39:03.170800"
"move","696","606.1999969482422","2025-07-04 17:39:03.188300"
"move","697","606.1999969482422","2025-07-04 17:39:03.260500"
"move","699","606.1999969482422","2025-07-04 17:39:03.278600"
"move","700","606.1999969482422","2025-07-04 17:39:03.302900"
"move","701","606.1999969482422","2025-07-04 17:39:03.321100"
"move","702","607.1999969482422","2025-07-04 17:39:03.339400"
"move","703","608.1999969482422","2025-07-04 17:39:03.356400"
"move","705","610.1999969482422","2025-07-04 17:39:03.371500"
"move","707","612.1999969482422","2025-07-04 17:39:03.387700"
"move","708","613.1999969482422","2025-07-04 17:39:03.403200"
"move","709","614.1999969482422","2025-07-04 17:39:03.420300"
"move","711","616.1999969482422","2025-07-04 17:39:03.437300"
"move","712","617.1999969482422","2025-07-04 17:39:03.458800"
"move","712","618.1999969482422","2025-07-04 17:39:03.471400"
"move","715","619.1999969482422","2025-07-04 17:39:03.488200"
"move","717","622.1999969482422","2025-07-04 17:39:03.504900"
"move","720","622.1999969482422","2025-07-04 17:39:03.520500"
"move","724","625.1999969482422","2025-07-04 17:39:03.536300"
"move","726","626.1999969482422","2025-07-04 17:39:03.552800"
"move","729","626.1999969482422","2025-07-04 17:39:03.570400"
"move","732","626.1999969482422","2025-07-04 17:39:03.585900"
"move","733","626.1999969482422","2025-07-04 17:39:03.604000"
"move","736","626.1999969482422","2025-07-04 17:39:03.620100"
"move","739","626.1999969482422","2025-07-04 17:39:03.638200"
"move","740","626.1999969482422","2025-07-04 17:39:03.653900"
"move","743","626.1999969482422","2025-07-04 17:39:03.669300"
"move","746","626.1999969482422","2025-07-04 17:39:03.685600"
"move","748","626.1999969482422","2025-07-04 17:39:03.702800"
"move","751","626.1999969482422","2025-07-04 17:39:03.720200"
"move","754","626.1999969482422","2025-07-04 17:39:03.736500"
"move","755","626.1999969482422","2025-07-04 17:39:03.753400"
"move","756","626.1999969482422","2025-07-04 17:39:03.771000"
"move","757","626.1999969482422","2025-07-04 17:39:03.786300"
"move","758","626.1999969482422","2025-07-04 17:39:03.802800"
"move","759","626.1999969482422","2025-07-04 17:39:03.819400"
"move","760","626.1999969482422","2025-07-04 17:39:03.836000"
"move","761","626.1999969482422","2025-07-04 17:39:03.853000"
"move","762","626.1999969482422","2025-07-04 17:39:03.869800"
"move","763","626.1999969482422","2025-07-04 17:39:03.886500"
"move","764","626.1999969482422","2025-07-04 17:39:03.903500"
"move","765","626.1999969482422","2025-07-04 17:39:03.923800"
"move","766","626.1999969482422","2025-07-04 17:39:03.943800"
"move","767","626.1999969482422","2025-07-04 17:39:03.985900"
"move","768","626.1999969482422","2025-07-04 17:39:04.036200"
"click","768","626.1999969482422","2025-07-04 17:39:04.442700"
"move","764","630.1999969482422","2025-07-04 17:39:04.616200"
"move","750","640.1999969482422","2025-07-04 17:39:04.638000"
"move","729","652.1999969482422","2025-07-04 17:39:04.653700"
"move","702","666.1999969482422","2025-07-04 17:39:04.669600"
"move","692","673.1999969482422","2025-07-04 17:39:04.687200"
"move","678","680.1999969482422","2025-07-04 17:39:04.703100"
"move","669","684.1999969482422","2025-07-04 17:39:04.719500"
"scroll","","235.1999969482422","2025-07-04 17:39:04.990000"
"scroll","","336","2025-07-04 17:39:05.024200"
"scroll","","356.79998779296875","2025-07-04 17:39:05.035700"
"scroll","","364","2025-07-04 17:39:05.052800"
"scroll","","376.79998779296875","2025-07-04 17:39:05.068300"
"scroll","","392.79998779296875","2025-07-04 17:39:05.102200"
"scroll","","404","2025-07-04 17:39:05.118900"
"scroll","","412.79998779296875","2025-07-04 17:39:05.135100"
"scroll","","420","2025-07-04 17:39:05.152300"
"scroll","","426.3999938964844","2025-07-04 17:39:05.169600"
"scroll","","431.20001220703125","2025-07-04 17:39:05.185300"
"scroll","","435.20001220703125","2025-07-04 17:39:05.201800"
"scroll","","438.3999938964844","2025-07-04 17:39:05.217900"
"scroll","","442.3999938964844","2025-07-04 17:39:05.236300"
"scroll","","444.79998779296875","2025-07-04 17:39:05.252000"
"scroll","","447.20001220703125","2025-07-04 17:39:05.268100"
"scroll","","448.79998779296875","2025-07-04 17:39:05.285300"
"scroll","","451.20001220703125","2025-07-04 17:39:05.302300"
"scroll","","452.79998779296875","2025-07-04 17:39:05.319000"
"scroll","","455.20001220703125","2025-07-04 17:39:05.335100"
"scroll","","456","2025-07-04 17:39:05.351600"
"scroll","","456.79998779296875","2025-07-04 17:39:05.367800"
"scroll","","458.3999938964844","2025-07-04 17:39:05.385100"
"scroll","","459.20001220703125","2025-07-04 17:39:05.401800"
"scroll","","460","2025-07-04 17:39:05.419500"
"scroll","","460.79998779296875","2025-07-04 17:39:05.434900"
"scroll","","462.3999938964844","2025-07-04 17:39:05.451400"
"scroll","","463.20001220703125","2025-07-04 17:39:05.485800"
"scroll","","464","2025-07-04 17:39:05.518500"
"scroll","","464.79998779296875","2025-07-04 17:39:05.602500"
"scroll","","472.79998779296875","2025-07-04 17:39:06.005400"
"scroll","","488","2025-07-04 17:39:06.019900"
"scroll","","520.7999877929688","2025-07-04 17:39:06.035700"
"scroll","","536","2025-07-04 17:39:06.050700"
"scroll","","548.7999877929688","2025-07-04 17:39:06.067700"
"scroll","","562.4000244140625","2025-07-04 17:39:06.085200"
"scroll","","566.4000244140625","2025-07-04 17:39:06.101600"
"scroll","","568","2025-07-04 17:39:06.117700"
"scroll","","572","2025-07-04 17:39:06.167900"
"scroll","","572.7999877929688","2025-07-04 17:39:06.184000"
"move","666","1050.7999877929688","2025-07-04 17:39:06.500400"
"move","660","1051.7999877929688","2025-07-04 17:39:06.509500"
"move","655","1053.7999877929688","2025-07-04 17:39:06.520100"
"move","627","1057.7999877929688","2025-07-04 17:39:06.539100"
"move","616","1057.7999877929688","2025-07-04 17:39:06.552200"
"move","608","1059.7999877929688","2025-07-04 17:39:06.569200"
"move","599","1059.7999877929688","2025-07-04 17:39:06.584800"
"move","585","1060.7999877929688","2025-07-04 17:39:06.600700"
"move","581","1060.7999877929688","2025-07-04 17:39:06.618800"
"move","576","1060.7999877929688","2025-07-04 17:39:06.639300"
"move","575","1060.7999877929688","2025-07-04 17:39:06.657400"
"move","572","1060.7999877929688","2025-07-04 17:39:06.672700"
"move","571","1060.7999877929688","2025-07-04 17:39:06.686400"
"move","571","1061.7999877929688","2025-07-04 17:39:06.737800"
"scroll","","579.2000122070312","2025-07-04 17:39:07.175200"
"scroll","","583.2000122070312","2025-07-04 17:39:07.185100"
"scroll","","586.4000244140625","2025-07-04 17:39:07.200100"
"scroll","","588","2025-07-04 17:39:07.216600"
"scroll","","588.7999877929688","2025-07-04 17:39:07.234000"
"scroll","","590.4000244140625","2025-07-04 17:39:07.266500"
"move","568","1080.4000244140625","2025-07-04 17:39:08.427200"
"move","567","1080.4000244140625","2025-07-04 17:39:08.436400"
"move","561","1081.4000244140625","2025-07-04 17:39:08.451100"
"move","558","1082.4000244140625","2025-07-04 17:39:08.467700"
"move","553","1082.4000244140625","2025-07-04 17:39:08.482700"
"move","547","1083.4000244140625","2025-07-04 17:39:08.499700"
"move","542","1083.4000244140625","2025-07-04 17:39:08.517000"
"move","538","1083.4000244140625","2025-07-04 17:39:08.533000"
"move","532","1084.4000244140625","2025-07-04 17:39:08.551300"
"move","528","1084.4000244140625","2025-07-04 17:39:08.567600"
"move","524","1084.4000244140625","2025-07-04 17:39:08.584500"
"move","518","1084.4000244140625","2025-07-04 17:39:08.600500"
"move","512","1084.4000244140625","2025-07-04 17:39:08.616200"
"move","503","1084.4000244140625","2025-07-04 17:39:08.633500"
"move","488","1082.4000244140625","2025-07-04 17:39:08.649500"
"move","482","1081.4000244140625","2025-07-04 17:39:08.666400"
"move","476","1080.4000244140625","2025-07-04 17:39:08.683600"
"move","467","1078.4000244140625","2025-07-04 17:39:08.700100"
"move","454","1073.4000244140625","2025-07-04 17:39:08.716800"
"move","445","1069.4000244140625","2025-07-04 17:39:08.733200"
"move","436","1065.4000244140625","2025-07-04 17:39:08.751000"
"move","432","1064.4000244140625","2025-07-04 17:39:08.767400"
"move","428","1060.4000244140625","2025-07-04 17:39:08.784300"
"move","419","1053.4000244140625","2025-07-04 17:39:08.798900"
"move","413","1050.4000244140625","2025-07-04 17:39:08.816900"
"move","408","1046.4000244140625","2025-07-04 17:39:08.835000"
"move","400","1045.4000244140625","2025-07-04 17:39:08.849600"
"move","395","1043.4000244140625","2025-07-04 17:39:08.867000"
"move","392","1042.4000244140625","2025-07-04 17:39:08.883100"
"move","387","1041.4000244140625","2025-07-04 17:39:08.899200"
"move","384","1039.4000244140625","2025-07-04 17:39:08.916300"
"move","383","1039.4000244140625","2025-07-04 17:39:08.933100"
"move","382","1039.4000244140625","2025-07-04 17:39:08.950600"
"move","380","1038.4000244140625","2025-07-04 17:39:08.971700"
"move","380","1037.4000244140625","2025-07-04 17:39:08.988500"
"move","379","1037.4000244140625","2025-07-04 17:39:09.049400"
"move","378","1037.4000244140625","2025-07-04 17:39:09.063600"
"move","377","1036.4000244140625","2025-07-04 17:39:09.072400"
"move","376","1035.4000244140625","2025-07-04 17:39:09.084000"
"move","376","1033.4000244140625","2025-07-04 17:39:09.100200"
"move","373","1032.4000244140625","2025-07-04 17:39:09.119200"
"move","369","1030.4000244140625","2025-07-04 17:39:09.134300"
"move","366","1029.4000244140625","2025-07-04 17:39:09.152700"
"move","364","1026.4000244140625","2025-07-04 17:39:09.166200"
"move","361","1025.4000244140625","2025-07-04 17:39:09.182300"
"move","359","1023.4000244140625","2025-07-04 17:39:09.201100"
"move","355","1021.4000244140625","2025-07-04 17:39:09.216400"
"move","352","1019.4000244140625","2025-07-04 17:39:09.234100"
"move","349","1017.4000244140625","2025-07-04 17:39:09.250200"
"move","348","1016.4000244140625","2025-07-04 17:39:09.266100"
"move","346","1015.4000244140625","2025-07-04 17:39:09.283400"
"move","344","1013.4000244140625","2025-07-04 17:39:09.298800"
"move","343","1013.4000244140625","2025-07-04 17:39:09.316400"
"move","342","1013.4000244140625","2025-07-04 17:39:09.333000"
"move","341","1013.4000244140625","2025-07-04 17:39:09.353200"
"move","341","1012.4000244140625","2025-07-04 17:39:09.398800"
"move","340","1012.4000244140625","2025-07-04 17:39:09.429000"
"move","342","1012.4000244140625","2025-07-04 17:39:09.609400"
"move","343","1012.4000244140625","2025-07-04 17:39:09.624100"
"move","344","1012.4000244140625","2025-07-04 17:39:09.633200"
"move","345","1011.4000244140625","2025-07-04 17:39:09.649300"
"move","347","1011.4000244140625","2025-07-04 17:39:09.666100"
"move","348","1011.4000244140625","2025-07-04 17:39:09.683200"
"move","349","1011.4000244140625","2025-07-04 17:39:09.699300"
"move","350","1011.4000244140625","2025-07-04 17:39:09.717500"
"move","352","1011.4000244140625","2025-07-04 17:39:09.733500"
"move","353","1011.4000244140625","2025-07-04 17:39:09.750000"
"move","355","1011.4000244140625","2025-07-04 17:39:09.766600"
"move","360","1010.4000244140625","2025-07-04 17:39:09.782700"
"move","362","1010.4000244140625","2025-07-04 17:39:09.802500"
"move","365","1010.4000244140625","2025-07-04 17:39:09.816800"
"move","368","1009.4000244140625","2025-07-04 17:39:09.832600"
"move","371","1009.4000244140625","2025-07-04 17:39:09.852600"
"move","372","1009.4000244140625","2025-07-04 17:39:09.866900"
"move","375","1009.4000244140625","2025-07-04 17:39:09.884200"
"move","376","1009.4000244140625","2025-07-04 17:39:09.900800"
"move","383","1008.4000244140625","2025-07-04 17:39:09.997100"
"move","386","1008.4000244140625","2025-07-04 17:39:10.036500"
"move","388","1006.4000244140625","2025-07-04 17:39:10.051900"
"move","389","1006.4000244140625","2025-07-04 17:39:10.066500"
"move","391","1006.4000244140625","2025-07-04 17:39:10.082700"
"move","392","1006.4000244140625","2025-07-04 17:39:10.100100"
"move","393","1006.4000244140625","2025-07-04 17:39:10.115900"
"move","396","1005.4000244140625","2025-07-04 17:39:10.132000"
"move","397","1005.4000244140625","2025-07-04 17:39:10.166200"
"move","400","1005.4000244140625","2025-07-04 17:39:10.182500"
"move","401","1005.4000244140625","2025-07-04 17:39:10.209700"
"move","402","1004.4000244140625","2025-07-04 17:39:10.224500"
"move","404","1004.4000244140625","2025-07-04 17:39:10.248000"
"move","405","1004.4000244140625","2025-07-04 17:39:10.265300"
"move","408","1004.4000244140625","2025-07-04 17:39:10.283100"
"move","409","1004.4000244140625","2025-07-04 17:39:10.300800"
"move","412","1004.4000244140625","2025-07-04 17:39:10.315900"
"move","414","1004.4000244140625","2025-07-04 17:39:10.332300"
"move","416","1004.4000244140625","2025-07-04 17:39:10.348600"
"move","420","1004.4000244140625","2025-07-04 17:39:10.366900"
"move","427","1004.4000244140625","2025-07-04 17:39:10.381300"
"move","432","1004.4000244140625","2025-07-04 17:39:10.398800"
"move","436","1004.4000244140625","2025-07-04 17:39:10.416100"
"move","443","1004.4000244140625","2025-07-04 17:39:10.431900"
"move","448","1005.4000244140625","2025-07-04 17:39:10.449300"
"move","452","1005.4000244140625","2025-07-04 17:39:10.465200"
"move","459","1007.4000244140625","2025-07-04 17:39:10.481500"
"move","464","1009.4000244140625","2025-07-04 17:39:10.498100"
"move","467","1010.4000244140625","2025-07-04 17:39:10.515000"
"move","470","1011.4000244140625","2025-07-04 17:39:10.531300"
"move","473","1012.4000244140625","2025-07-04 17:39:10.551000"
"move","476","1012.4000244140625","2025-07-04 17:39:10.565600"
"move","477","1013.4000244140625","2025-07-04 17:39:10.582100"
"move","479","1013.4000244140625","2025-07-04 17:39:10.599200"
"move","480","1013.4000244140625","2025-07-04 17:39:10.615500"
"move","482","1013.4000244140625","2025-07-04 17:39:10.631200"
"move","484","1013.4000244140625","2025-07-04 17:39:10.648200"
"move","484","1014.4000244140625","2025-07-04 17:39:10.665100"
"move","488","1014.4000244140625","2025-07-04 17:39:10.682400"
"move","490","1014.4000244140625","2025-07-04 17:39:10.699500"
"move","492","1014.4000244140625","2025-07-04 17:39:10.717600"
"move","496","1017.4000244140625","2025-07-04 17:39:10.735400"
"move","499","1017.4000244140625","2025-07-04 17:39:10.747300"
"move","504","1019.4000244140625","2025-07-04 17:39:10.765200"
"move","509","1020.4000244140625","2025-07-04 17:39:10.781500"
"move","514","1021.4000244140625","2025-07-04 17:39:10.798200"
"move","520","1021.4000244140625","2025-07-04 17:39:10.815200"
"move","524","1022.4000244140625","2025-07-04 17:39:10.832400"
"move","531","1024.4000244140625","2025-07-04 17:39:10.849100"
"move","533","1024.4000244140625","2025-07-04 17:39:10.865600"
"move","539","1024.4000244140625","2025-07-04 17:39:10.883400"
"move","540","1024.4000244140625","2025-07-04 17:39:10.899800"
"move","543","1024.4000244140625","2025-07-04 17:39:10.923900"
"move","545","1024.4000244140625","2025-07-04 17:39:10.949400"
"move","546","1024.4000244140625","2025-07-04 17:39:10.970000"
"move","546","1021.4000244140625","2025-07-04 17:39:31.153400"
"move","547","1017.4000244140625","2025-07-04 17:39:31.166300"
"move","548","1013.4000244140625","2025-07-04 17:39:31.186600"
"move","549","1009.4000244140625","2025-07-04 17:39:31.208700"
"move","550","1005.4000244140625","2025-07-04 17:39:31.234100"
"move","550","1004.4000244140625","2025-07-04 17:39:31.248200"
"move","551","1002.4000244140625","2025-07-04 17:39:31.264800"
"move","552","1001.4000244140625","2025-07-04 17:39:31.282600"
"move","553","998.4000244140625","2025-07-04 17:39:31.302600"
"move","553","997.4000244140625","2025-07-04 17:39:31.316500"
"move","556","994.4000244140625","2025-07-04 17:39:31.334000"
"move","557","990.4000244140625","2025-07-04 17:39:31.348000"
"move","562","987.4000244140625","2025-07-04 17:39:31.366700"
"move","564","982.4000244140625","2025-07-04 17:39:31.381400"
"move","568","979.4000244140625","2025-07-04 17:39:31.398900"
"move","570","974.4000244140625","2025-07-04 17:39:31.416800"
"move","572","970.4000244140625","2025-07-04 17:39:31.434100"
"move","576","966.4000244140625","2025-07-04 17:39:31.449900"
"move","579","958.4000244140625","2025-07-04 17:39:31.465700"
"move","582","951.4000244140625","2025-07-04 17:39:31.482700"
"move","584","943.4000244140625","2025-07-04 17:39:31.499000"
"move","587","933.4000244140625","2025-07-04 17:39:31.517700"
"move","592","923.4000244140625","2025-07-04 17:39:31.531500"
"move","594","918.4000244140625","2025-07-04 17:39:31.550400"
"move","603","905.4000244140625","2025-07-04 17:39:31.570200"
"move","614","892.4000244140625","2025-07-04 17:39:31.584500"
"move","624","880.4000244140625","2025-07-04 17:39:31.599600"
"move","636","869.4000244140625","2025-07-04 17:39:31.616100"
"move","671","857.4000244140625","2025-07-04 17:39:31.631900"
"move","687","857.4000244140625","2025-07-04 17:39:31.648000"
"move","701","860.4000244140625","2025-07-04 17:39:31.664800"
"move","722","865.4000244140625","2025-07-04 17:39:31.683500"
"move","735","872.4000244140625","2025-07-04 17:39:31.700900"
"move","749","881.4000244140625","2025-07-04 17:39:31.721200"
"move","754","885.4000244140625","2025-07-04 17:39:31.735700"
"move","759","889.4000244140625","2025-07-04 17:39:31.748100"
"move","763","892.4000244140625","2025-07-04 17:39:31.765100"
"move","766","896.4000244140625","2025-07-04 17:39:31.781200"
"move","768","900.4000244140625","2025-07-04 17:39:31.799100"
"move","769","904.4000244140625","2025-07-04 17:39:31.816800"
"move","772","912.4000244140625","2025-07-04 17:39:31.834100"
"move","772","915.4000244140625","2025-07-04 17:39:31.853200"
"move","772","919.4000244140625","2025-07-04 17:39:31.866000"
"move","772","925.4000244140625","2025-07-04 17:39:31.881700"
"move","772","928.4000244140625","2025-07-04 17:39:31.899800"
"move","771","931.4000244140625","2025-07-04 17:39:31.915800"
"move","771","933.4000244140625","2025-07-04 17:39:31.931700"
"move","771","937.4000244140625","2025-07-04 17:39:31.951700"
"move","771","942.4000244140625","2025-07-04 17:39:31.967900"
"move","771","949.4000244140625","2025-07-04 17:39:31.983000"
"move","771","951.4000244140625","2025-07-04 17:39:32.000800"
"move","771","952.4000244140625","2025-07-04 17:39:32.015600"
"move","771","954.4000244140625","2025-07-04 17:39:32.031100"
"move","771","956.4000244140625","2025-07-04 17:39:32.047300"
"move","771","957.4000244140625","2025-07-04 17:39:32.064000"
"move","772","959.4000244140625","2025-07-04 17:39:32.080800"
"move","772","960.4000244140625","2025-07-04 17:39:32.098100"
"move","772","961.4000244140625","2025-07-04 17:39:32.114700"
"move","772","962.4000244140625","2025-07-04 17:39:32.138200"
"move","772","963.4000244140625","2025-07-04 17:39:32.151500"
"move","772","964.4000244140625","2025-07-04 17:39:32.197300"
"move","772","964.4000244140625","2025-07-04 17:39:32.547200"
"move","772","964.4000244140625","2025-07-04 17:39:32.615100"
"move","772","964.4000244140625","2025-07-04 17:39:32.662300"
"click","772","964.4000244140625","2025-07-04 17:39:32.699200"
"move","771","968.4000244140625","2025-07-04 17:39:32.888900"
"move","766","977.4000244140625","2025-07-04 17:39:32.898800"
"move","760","987.4000244140625","2025-07-04 17:39:32.914500"
"move","749","1000.4000244140625","2025-07-04 17:39:32.933100"
"move","727","1023.4000244140625","2025-07-04 17:39:32.946800"
"move","715","1041.4000244140625","2025-07-04 17:39:32.965800"
"move","706","1053.4000244140625","2025-07-04 17:39:32.982300"
"move","693","1066.4000244140625","2025-07-04 17:39:33.003500"
"move","686","1073.4000244140625","2025-07-04 17:39:33.014100"
"move","682","1080.4000244140625","2025-07-04 17:39:33.031200"
"move","680","1081.4000244140625","2025-07-04 17:39:33.049000"
"scroll","","622.4000244140625","2025-07-04 17:39:33.318600"
"scroll","","660","2025-07-04 17:39:33.331300"
"scroll","","722.4000244140625","2025-07-04 17:39:33.346600"
"scroll","","814.4000244140625","2025-07-04 17:39:33.362800"
"scroll","","872","2025-07-04 17:39:33.381500"
"scroll","","911.2000122070312","2025-07-04 17:39:33.396700"
"scroll","","936","2025-07-04 17:39:33.412600"
"scroll","","968.7999877929688","2025-07-04 17:39:33.430500"
"scroll","","987.2000122070312","2025-07-04 17:39:33.463000"
"scroll","","1000","2025-07-04 17:39:33.479200"
"scroll","","1010.4000244140625","2025-07-04 17:39:33.497200"
"scroll","","1018.4000244140625","2025-07-04 17:39:33.514300"
"scroll","","1024.800048828125","2025-07-04 17:39:33.529400"
"scroll","","1031.199951171875","2025-07-04 17:39:33.548200"
"scroll","","1036.800048828125","2025-07-04 17:39:33.567100"
"scroll","","1040.800048828125","2025-07-04 17:39:33.578900"
"scroll","","1044.800048828125","2025-07-04 17:39:33.597000"
"scroll","","1048.800048828125","2025-07-04 17:39:33.612900"
"scroll","","1052","2025-07-04 17:39:33.630500"
"scroll","","1055.199951171875","2025-07-04 17:39:33.648700"
"scroll","","1058.4000244140625","2025-07-04 17:39:33.663200"
"scroll","","1060","2025-07-04 17:39:33.680700"
"scroll","","1062.4000244140625","2025-07-04 17:39:33.696600"
"scroll","","1064","2025-07-04 17:39:33.712900"
"scroll","","1066.4000244140625","2025-07-04 17:39:33.730100"
"scroll","","1067.199951171875","2025-07-04 17:39:33.745900"
"scroll","","1068.800048828125","2025-07-04 17:39:33.762900"
"scroll","","1100.800048828125","2025-07-04 17:39:33.966400"
"scroll","","1151.199951171875","2025-07-04 17:39:33.982000"
"scroll","","1191.199951171875","2025-07-04 17:39:33.995500"
"scroll","","1224","2025-07-04 17:39:34.014300"
"scroll","","1264","2025-07-04 17:39:34.029300"
"scroll","","1284","2025-07-04 17:39:34.045600"
"scroll","","1288.800048828125","2025-07-04 17:39:34.064300"
"scroll","","1292","2025-07-04 17:39:34.083300"
"scroll","","1292.800048828125","2025-07-04 17:39:34.112600"
"scroll","","1296","2025-07-04 17:39:34.129400"
"scroll","","1298.4000244140625","2025-07-04 17:39:34.145500"
"scroll","","1299.199951171875","2025-07-04 17:39:34.163000"
"scroll","","1300","2025-07-04 17:39:34.179300"
"scroll","","1300.800048828125","2025-07-04 17:39:34.212400"
"scroll","","1307.199951171875","2025-07-04 17:39:34.516800"
"scroll","","1324.800048828125","2025-07-04 17:39:34.530800"
"scroll","","1335.199951171875","2025-07-04 17:39:34.545200"
"scroll","","1346.4000244140625","2025-07-04 17:39:34.564500"
"scroll","","1359.199951171875","2025-07-04 17:39:34.579200"
"scroll","","1364","2025-07-04 17:39:34.595900"
"scroll","","1368","2025-07-04 17:39:34.612800"
"scroll","","1371.199951171875","2025-07-04 17:39:34.628600"
"scroll","","1372","2025-07-04 17:39:34.647000"
"scroll","","1372.800048828125","2025-07-04 17:39:34.678700"
"scroll","","1374.4000244140625","2025-07-04 17:39:34.694900"
"move","677","1868.4000244140625","2025-07-04 17:39:34.933400"
"move","670","1872.4000244140625","2025-07-04 17:39:34.947000"
"move","645","1887.4000244140625","2025-07-04 17:39:34.962400"
"move","634","1892.4000244140625","2025-07-04 17:39:34.979900"
"move","623","1898.4000244140625","2025-07-04 17:39:34.996000"
"move","592","1914.4000244140625","2025-07-04 17:39:35.017700"
"move","587","1917.4000244140625","2025-07-04 17:39:35.030800"
"move","576","1922.4000244140625","2025-07-04 17:39:35.047600"
"move","564","1928.4000244140625","2025-07-04 17:39:35.062800"
"move","552","1931.4000244140625","2025-07-04 17:39:35.079300"
"move","540","1934.4000244140625","2025-07-04 17:39:35.095900"
"move","536","1937.4000244140625","2025-07-04 17:39:35.112700"
"move","525","1939.4000244140625","2025-07-04 17:39:35.130100"
"move","516","1941.4000244140625","2025-07-04 17:39:35.146200"
"move","507","1942.4000244140625","2025-07-04 17:39:35.162500"
"move","500","1943.4000244140625","2025-07-04 17:39:35.179700"
"move","495","1943.4000244140625","2025-07-04 17:39:35.196200"
"move","490","1943.4000244140625","2025-07-04 17:39:35.212500"
"move","486","1943.4000244140625","2025-07-04 17:39:35.228900"
"move","484","1943.4000244140625","2025-07-04 17:39:35.247000"
"move","482","1943.4000244140625","2025-07-04 17:39:35.263800"
"move","479","1941.4000244140625","2025-07-04 17:39:35.281900"
"move","477","1940.4000244140625","2025-07-04 17:39:35.295900"
"move","471","1934.4000244140625","2025-07-04 17:39:35.312800"
"move","466","1927.4000244140625","2025-07-04 17:39:35.329700"
"move","461","1915.4000244140625","2025-07-04 17:39:35.346000"
"move","456","1902.4000244140625","2025-07-04 17:39:35.363000"
"move","453","1895.4000244140625","2025-07-04 17:39:35.385500"
"move","452","1893.4000244140625","2025-07-04 17:39:35.397600"
"move","450","1883.4000244140625","2025-07-04 17:39:35.413100"
"move","448","1877.4000244140625","2025-07-04 17:39:35.430100"
"move","447","1871.4000244140625","2025-07-04 17:39:35.446300"
"move","445","1864.4000244140625","2025-07-04 17:39:35.463700"
"move","444","1858.4000244140625","2025-07-04 17:39:35.478900"
"move","444","1855.4000244140625","2025-07-04 17:39:35.496700"
"move","444","1850.4000244140625","2025-07-04 17:39:35.514000"
"move","441","1848.4000244140625","2025-07-04 17:39:35.528800"
"move","440","1844.4000244140625","2025-07-04 17:39:35.546500"
"move","439","1839.4000244140625","2025-07-04 17:39:35.563700"
"move","436","1835.4000244140625","2025-07-04 17:39:35.582300"
"move","435","1832.4000244140625","2025-07-04 17:39:35.595400"
"move","432","1830.4000244140625","2025-07-04 17:39:35.611500"
"move","432","1828.4000244140625","2025-07-04 17:39:35.629100"
"move","431","1826.4000244140625","2025-07-04 17:39:35.645000"
"move","428","1825.4000244140625","2025-07-04 17:39:35.661500"
"move","427","1825.4000244140625","2025-07-04 17:39:35.712900"
"move","426","1825.4000244140625","2025-07-04 17:39:35.729900"
"move","426","1824.4000244140625","2025-07-04 17:39:50.712800"
"move","432","1822.4000244140625","2025-07-04 17:39:50.734000"
"move","441","1820.4000244140625","2025-07-04 17:39:50.751000"
"move","448","1819.4000244140625","2025-07-04 17:39:50.767600"
"move","460","1817.4000244140625","2025-07-04 17:39:50.783400"
"move","467","1816.4000244140625","2025-07-04 17:39:50.799800"
"move","472","1816.4000244140625","2025-07-04 17:39:50.817300"
"move","484","1816.4000244140625","2025-07-04 17:39:50.833000"
"move","491","1816.4000244140625","2025-07-04 17:39:50.851900"
"move","500","1816.4000244140625","2025-07-04 17:39:50.866700"
"move","511","1816.4000244140625","2025-07-04 17:39:50.883200"
"move","517","1816.4000244140625","2025-07-04 17:39:50.901800"
"move","522","1816.4000244140625","2025-07-04 17:39:50.918300"
"move","540","1816.4000244140625","2025-07-04 17:39:50.933300"
"move","548","1816.4000244140625","2025-07-04 17:39:50.949300"
"move","556","1816.4000244140625","2025-07-04 17:39:50.967100"
"move","566","1816.4000244140625","2025-07-04 17:39:50.984200"
"move","572","1816.4000244140625","2025-07-04 17:39:51.001400"
"move","580","1815.4000244140625","2025-07-04 17:39:51.017300"
"move","590","1813.4000244140625","2025-07-04 17:39:51.032400"
"move","597","1812.4000244140625","2025-07-04 17:39:51.050200"
"move","607","1806.4000244140625","2025-07-04 17:39:51.067100"
"move","620","1801.4000244140625","2025-07-04 17:39:51.083000"
"move","635","1794.4000244140625","2025-07-04 17:39:51.101500"
"move","651","1789.4000244140625","2025-07-04 17:39:51.120000"
"move","664","1784.4000244140625","2025-07-04 17:39:51.134500"
"move","676","1777.4000244140625","2025-07-04 17:39:51.158100"
"move","695","1773.4000244140625","2025-07-04 17:39:51.173000"
"move","702","1772.4000244140625","2025-07-04 17:39:51.184000"
"move","709","1772.4000244140625","2025-07-04 17:39:51.200200"
"move","717","1771.4000244140625","2025-07-04 17:39:51.216300"
"move","724","1771.4000244140625","2025-07-04 17:39:51.234000"
"move","732","1770.4000244140625","2025-07-04 17:39:51.249900"
"move","742","1770.4000244140625","2025-07-04 17:39:51.268600"
"move","747","1770.4000244140625","2025-07-04 17:39:51.284700"
"move","756","1769.4000244140625","2025-07-04 17:39:51.300500"
"move","765","1767.4000244140625","2025-07-04 17:39:51.319800"
"move","769","1766.4000244140625","2025-07-04 17:39:51.333100"
"move","774","1765.4000244140625","2025-07-04 17:39:51.348700"
"move","776","1765.4000244140625","2025-07-04 17:39:51.365200"
"move","778","1765.4000244140625","2025-07-04 17:39:51.382000"
"move","780","1765.4000244140625","2025-07-04 17:39:51.399800"
"move","781","1765.4000244140625","2025-07-04 17:39:51.557300"
"move","781","1764.4000244140625","2025-07-04 17:39:51.721000"
"move","781","1763.4000244140625","2025-07-04 17:39:51.738700"
"move","781","1762.4000244140625","2025-07-04 17:39:51.748200"
"move","781","1761.4000244140625","2025-07-04 17:39:51.765200"
"move","781","1760.4000244140625","2025-07-04 17:39:51.789300"
"move","781","1759.4000244140625","2025-07-04 17:39:51.802000"
"move","782","1758.4000244140625","2025-07-04 17:39:51.816000"
"move","782","1757.4000244140625","2025-07-04 17:39:51.832200"
"move","783","1755.4000244140625","2025-07-04 17:39:51.855000"
"move","783","1754.4000244140625","2025-07-04 17:39:51.864800"
"move","783","1753.4000244140625","2025-07-04 17:39:51.881600"
"move","783","1752.4000244140625","2025-07-04 17:39:51.932000"
"move","783","1751.4000244140625","2025-07-04 17:39:51.981600"
"click","783","1751.4000244140625","2025-07-04 17:39:52.453700"
"move","780","1753.4000244140625","2025-07-04 17:39:52.702600"
"move","777","1755.4000244140625","2025-07-04 17:39:52.714600"
"move","763","1763.4000244140625","2025-07-04 17:39:52.732600"
"move","739","1773.4000244140625","2025-07-04 17:39:52.750700"
"move","722","1778.4000244140625","2025-07-04 17:39:52.765500"
"move","693","1789.4000244140625","2025-07-04 17:39:52.782000"
"move","673","1795.4000244140625","2025-07-04 17:39:52.799300"
"move","664","1799.4000244140625","2025-07-04 17:39:52.814800"
"move","640","1807.4000244140625","2025-07-04 17:39:52.831300"
"move","630","1813.4000244140625","2025-07-04 17:39:52.849800"
"move","624","1815.4000244140625","2025-07-04 17:39:52.866000"
"move","618","1817.4000244140625","2025-07-04 17:39:52.885000"
"move","616","1818.4000244140625","2025-07-04 17:39:52.899300"
"move","612","1819.4000244140625","2025-07-04 17:39:52.916500"
"move","609","1821.4000244140625","2025-07-04 17:39:52.932800"
"move","607","1822.4000244140625","2025-07-04 17:39:52.948700"
"move","605","1822.4000244140625","2025-07-04 17:39:52.965800"
"move","600","1824.4000244140625","2025-07-04 17:39:52.982000"
"move","596","1826.4000244140625","2025-07-04 17:39:52.999300"
"move","588","1829.4000244140625","2025-07-04 17:39:53.016000"
"move","584","1829.4000244140625","2025-07-04 17:39:53.031300"
"move","580","1831.4000244140625","2025-07-04 17:39:53.048400"
"move","576","1834.4000244140625","2025-07-04 17:39:53.065200"
"move","571","1836.4000244140625","2025-07-04 17:39:53.086200"
"move","568","1837.4000244140625","2025-07-04 17:39:53.098600"
"move","561","1841.4000244140625","2025-07-04 17:39:53.115000"
"move","557","1843.4000244140625","2025-07-04 17:39:53.138600"
"move","556","1845.4000244140625","2025-07-04 17:39:53.153100"
"move","554","1845.4000244140625","2025-07-04 17:39:53.164700"
"move","552","1849.4000244140625","2025-07-04 17:39:53.181100"
"move","550","1850.4000244140625","2025-07-04 17:39:53.199000"
"move","548","1852.4000244140625","2025-07-04 17:39:53.214700"
"move","548","1853.4000244140625","2025-07-04 17:39:53.232800"
"move","547","1854.4000244140625","2025-07-04 17:39:53.249400"
"move","546","1854.4000244140625","2025-07-04 17:39:53.277600"
"move","545","1855.4000244140625","2025-07-04 17:39:53.314700"
"move","545","1856.4000244140625","2025-07-04 17:39:53.348400"
"move","544","1856.4000244140625","2025-07-04 17:39:53.366200"
"move","544","1857.4000244140625","2025-07-04 17:39:53.382500"
"move","544","1858.4000244140625","2025-07-04 17:39:53.415200"
"move","544","1860.4000244140625","2025-07-04 17:39:53.464100"
"move","544","1861.4000244140625","2025-07-04 17:39:53.483200"
"move","545","1861.4000244140625","2025-07-04 17:39:53.505900"
"move","548","1862.4000244140625","2025-07-04 17:39:53.519300"
"move","551","1864.4000244140625","2025-07-04 17:39:53.536300"
"move","554","1864.4000244140625","2025-07-04 17:39:53.548000"
"move","557","1864.4000244140625","2025-07-04 17:39:53.564100"
"move","559","1865.4000244140625","2025-07-04 17:39:53.580800"
"move","560","1866.4000244140625","2025-07-04 17:39:53.597600"
"move","561","1866.4000244140625","2025-07-04 17:39:53.624900"
"move","562","1866.4000244140625","2025-07-04 17:39:53.640400"
"move","564","1868.4000244140625","2025-07-04 17:39:53.681500"
"move","565","1869.4000244140625","2025-07-04 17:39:53.697900"
"move","568","1869.4000244140625","2025-07-04 17:39:53.714600"
"move","572","1869.4000244140625","2025-07-04 17:39:53.730900"
"move","580","1869.4000244140625","2025-07-04 17:39:53.752000"
"move","588","1869.4000244140625","2025-07-04 17:39:53.764600"
"move","599","1869.4000244140625","2025-07-04 17:39:53.781000"
"move","604","1869.4000244140625","2025-07-04 17:39:53.799600"
"move","622","1869.4000244140625","2025-07-04 17:39:53.823100"
"move","648","1869.4000244140625","2025-07-04 17:39:53.849200"
"move","667","1866.4000244140625","2025-07-04 17:39:53.865000"
"move","708","1860.4000244140625","2025-07-04 17:39:53.884200"
"move","733","1857.4000244140625","2025-07-04 17:39:53.898800"
"move","770","1853.4000244140625","2025-07-04 17:39:53.915200"
"move","848","1844.4000244140625","2025-07-04 17:39:53.930500"
"move","934","1831.4000244140625","2025-07-04 17:39:53.958000"
"move","979","1829.4000244140625","2025-07-04 17:39:53.982600"
"move","1016","1830.4000244140625","2025-07-04 17:39:54.004900"
"move","1032","1835.4000244140625","2025-07-04 17:39:54.015600"
"move","1043","1837.4000244140625","2025-07-04 17:39:54.032300"
"move","1044","1837.4000244140625","2025-07-04 17:39:54.047400"
"scroll","","1376.800048828125","2025-07-04 17:39:54.637300"
"scroll","","1380.800048828125","2025-07-04 17:39:54.662000"
"scroll","","1383.199951171875","2025-07-04 17:39:54.679200"
"scroll","","1387.199951171875","2025-07-04 17:39:54.695400"
"scroll","","1390.4000244140625","2025-07-04 17:39:54.712600"
"scroll","","1392.800048828125","2025-07-04 17:39:54.728500"
"scroll","","1395.199951171875","2025-07-04 17:39:54.744900"
"scroll","","1396","2025-07-04 17:39:54.761700"
"scroll","","1396.800048828125","2025-07-04 17:39:54.778300"
"scroll","","1398.4000244140625","2025-07-04 17:39:54.829900"
"move","1038","1862.4000244140625","2025-07-04 17:39:55.851700"
"move","1028","1865.4000244140625","2025-07-04 17:39:55.863300"
"move","1004","1866.4000244140625","2025-07-04 17:39:55.879100"
"move","976","1873.4000244140625","2025-07-04 17:39:55.896900"
"move","952","1877.4000244140625","2025-07-04 17:39:55.913000"
"move","904","1884.4000244140625","2025-07-04 17:39:55.929800"
"move","881","1887.4000244140625","2025-07-04 17:39:55.947100"
"move","842","1893.4000244140625","2025-07-04 17:39:55.964400"
"move","808","1899.4000244140625","2025-07-04 17:39:55.983700"
"move","757","1904.4000244140625","2025-07-04 17:39:55.999500"
"move","750","1905.4000244140625","2025-07-04 17:39:56.012800"
"move","709","1906.4000244140625","2025-07-04 17:39:56.029000"
"move","696","1906.4000244140625","2025-07-04 17:39:56.046900"
"move","689","1906.4000244140625","2025-07-04 17:39:56.062700"
"move","685","1906.4000244140625","2025-07-04 17:39:56.078800"
"move","684","1906.4000244140625","2025-07-04 17:39:56.097900"
"move","682","1905.4000244140625","2025-07-04 17:39:56.114000"
"move","681","1905.4000244140625","2025-07-04 17:39:56.163400"
"move","680","1905.4000244140625","2025-07-04 17:39:56.183200"
"scroll","","1399.199951171875","2025-07-04 17:39:56.550500"
"scroll","","1406.4000244140625","2025-07-04 17:39:56.561300"
"scroll","","1418.4000244140625","2025-07-04 17:39:56.577500"
"scroll","","1426.4000244140625","2025-07-04 17:39:56.595200"
"scroll","","1432.800048828125","2025-07-04 17:39:56.612800"
"scroll","","1440","2025-07-04 17:39:56.631400"
"scroll","","1447.199951171875","2025-07-04 17:39:56.644900"
"scroll","","1448.800048828125","2025-07-04 17:39:56.662400"
"scroll","","1455.199951171875","2025-07-04 17:39:56.677600"
"scroll","","1458.4000244140625","2025-07-04 17:39:56.711100"
"scroll","","1459.199951171875","2025-07-04 17:39:56.728000"
"scroll","","1460","2025-07-04 17:39:56.744900"
"scroll","","1460.800048828125","2025-07-04 17:39:56.763400"
"scroll","","1462.4000244140625","2025-07-04 17:39:56.844700"
"scroll","","1463.199951171875","2025-07-04 17:39:57.150700"
"scroll","","1483.199951171875","2025-07-04 17:39:57.162400"
"scroll","","1506.4000244140625","2025-07-04 17:39:57.177600"
"scroll","","1527.199951171875","2025-07-04 17:39:57.195700"
"scroll","","1546.4000244140625","2025-07-04 17:39:57.210600"
"scroll","","1552","2025-07-04 17:39:57.227500"
"scroll","","1555.199951171875","2025-07-04 17:39:57.244000"
"scroll","","1558.4000244140625","2025-07-04 17:39:57.261500"
"scroll","","1560","2025-07-04 17:39:57.296100"
"scroll","","1560.800048828125","2025-07-04 17:39:57.311100"
"scroll","","1562.4000244140625","2025-07-04 17:39:57.327200"
"scroll","","1563.199951171875","2025-07-04 17:39:57.343700"
"scroll","","1583.199951171875","2025-07-04 17:39:57.783000"
"scroll","","1606.4000244140625","2025-07-04 17:39:57.794500"
"scroll","","1616.800048828125","2025-07-04 17:39:57.810700"
"scroll","","1627.199951171875","2025-07-04 17:39:57.827000"
"scroll","","1630.4000244140625","2025-07-04 17:39:57.843500"
"scroll","","1632","2025-07-04 17:39:57.859900"
"scroll","","1632.800048828125","2025-07-04 17:39:57.876500"
"scroll","","1635.199951171875","2025-07-04 17:39:57.893500"
"scroll","","1636","2025-07-04 17:39:57.940700"
"scroll","","1674.4000244140625","2025-07-04 17:39:58.378700"
"scroll","","1700.800048828125","2025-07-04 17:39:58.399300"
"scroll","","1728.800048828125","2025-07-04 17:39:58.431200"
"scroll","","1746.4000244140625","2025-07-04 17:39:58.443600"
"scroll","","1754.4000244140625","2025-07-04 17:39:58.460300"
"scroll","","1764","2025-07-04 17:39:58.493600"
"scroll","","1771.199951171875","2025-07-04 17:39:58.510200"
"scroll","","1776","2025-07-04 17:39:58.529700"
"scroll","","1780","2025-07-04 17:39:58.543100"
"scroll","","1783.199951171875","2025-07-04 17:39:58.562000"
"scroll","","1786.4000244140625","2025-07-04 17:39:58.576300"
"scroll","","1788","2025-07-04 17:39:58.593600"
"scroll","","1790.4000244140625","2025-07-04 17:39:58.611300"
"scroll","","1791.199951171875","2025-07-04 17:39:58.626700"
"scroll","","1792","2025-07-04 17:39:58.643900"
"scroll","","1792.800048828125","2025-07-04 17:39:58.660000"
"scroll","","1794.4000244140625","2025-07-04 17:39:58.677100"
"scroll","","1795.199951171875","2025-07-04 17:39:58.693000"
"scroll","","1796","2025-07-04 17:39:58.727700"
"scroll","","1796.800048828125","2025-07-04 17:39:58.776400"
"scroll","","1802.4000244140625","2025-07-04 17:39:59.114000"
"scroll","","1822.4000244140625","2025-07-04 17:39:59.127100"
"scroll","","1848.800048828125","2025-07-04 17:39:59.144200"
"scroll","","1876.800048828125","2025-07-04 17:39:59.161000"
"scroll","","1896","2025-07-04 17:39:59.177000"
"scroll","","1911.199951171875","2025-07-04 17:39:59.192400"
"scroll","","1920","2025-07-04 17:39:59.209500"
"scroll","","1926.4000244140625","2025-07-04 17:39:59.226000"
"scroll","","1934.4000244140625","2025-07-04 17:39:59.260700"
"scroll","","1939.199951171875","2025-07-04 17:39:59.275800"
"scroll","","1942.4000244140625","2025-07-04 17:39:59.294300"
"scroll","","1944.800048828125","2025-07-04 17:39:59.309100"
"scroll","","1947.199951171875","2025-07-04 17:39:59.325500"
"scroll","","1948.800048828125","2025-07-04 17:39:59.342300"
"scroll","","1950.4000244140625","2025-07-04 17:39:59.359100"
"scroll","","1951.199951171875","2025-07-04 17:39:59.375900"
"scroll","","1952","2025-07-04 17:39:59.393600"
"scroll","","1952.800048828125","2025-07-04 17:39:59.414100"
"scroll","","1954.4000244140625","2025-07-04 17:39:59.460400"
"move","670","2470.4000244140625","2025-07-04 17:39:59.678000"
"move","659","2481.4000244140625","2025-07-04 17:39:59.696100"
"move","646","2492.4000244140625","2025-07-04 17:39:59.714400"
"move","630","2505.4000244140625","2025-07-04 17:39:59.728200"
"move","609","2526.4000244140625","2025-07-04 17:39:59.744000"
"move","600","2535.4000244140625","2025-07-04 17:39:59.760300"
"move","588","2544.4000244140625","2025-07-04 17:39:59.779800"
"move","577","2553.4000244140625","2025-07-04 17:39:59.795900"
"scroll","","1984.800048828125","2025-07-04 17:40:00.025500"
"scroll","","1995.199951171875","2025-07-04 17:40:00.042900"
"scroll","","2003.199951171875","2025-07-04 17:40:00.058400"
"scroll","","2006.4000244140625","2025-07-04 17:40:00.075500"
"scroll","","2008.800048828125","2025-07-04 17:40:00.092100"
"scroll","","2011.199951171875","2025-07-04 17:40:00.110000"
"scroll","","2012","2025-07-04 17:40:00.127700"
"scroll","","2012.800048828125","2025-07-04 17:40:00.158500"
"scroll","","2014.4000244140625","2025-07-04 17:40:00.209900"
"move","573","2613.4000244140625","2025-07-04 17:40:01.045800"
"move","568","2611.4000244140625","2025-07-04 17:40:01.060900"
"move","561","2609.4000244140625","2025-07-04 17:40:01.076100"
"move","556","2609.4000244140625","2025-07-04 17:40:01.092100"
"move","551","2605.4000244140625","2025-07-04 17:40:01.108700"
"move","541","2600.4000244140625","2025-07-04 17:40:01.190100"
"move","540","2598.4000244140625","2025-07-04 17:40:01.209000"
"move","538","2597.4000244140625","2025-07-04 17:40:01.225000"
"move","536","2593.4000244140625","2025-07-04 17:40:01.242300"
"move","535","2593.4000244140625","2025-07-04 17:40:01.258600"
"move","534","2591.4000244140625","2025-07-04 17:40:01.276500"
"move","533","2590.4000244140625","2025-07-04 17:40:01.292600"
"move","532","2589.4000244140625","2025-07-04 17:40:01.309700"
"move","532","2588.4000244140625","2025-07-04 17:40:01.341800"
"move","532","2587.4000244140625","2025-07-04 17:40:01.392300"
"move","533","2587.4000244140625","2025-07-04 17:40:02.127600"
"move","534","2587.4000244140625","2025-07-04 17:40:02.141200"
"move","535","2587.4000244140625","2025-07-04 17:40:02.157800"
"move","536","2586.4000244140625","2025-07-04 17:40:02.175800"
"move","537","2586.4000244140625","2025-07-04 17:40:02.190300"
"move","539","2586.4000244140625","2025-07-04 17:40:02.209900"
"move","539","2585.4000244140625","2025-07-04 17:40:02.231000"
"move","540","2585.4000244140625","2025-07-04 17:40:02.247600"
"move","542","2585.4000244140625","2025-07-04 17:40:02.293300"
"move","543","2585.4000244140625","2025-07-04 17:40:02.307500"
"move","544","2585.4000244140625","2025-07-04 17:40:02.359200"
"move","545","2585.4000244140625","2025-07-04 17:40:02.377700"
"move","546","2585.4000244140625","2025-07-04 17:40:02.391100"
"move","546","2584.4000244140625","2025-07-04 17:40:02.408200"
"move","547","2584.4000244140625","2025-07-04 17:40:02.424900"
"move","548","2584.4000244140625","2025-07-04 17:40:02.448600"
"move","548","2582.4000244140625","2025-07-04 17:40:02.457200"
"move","550","2582.4000244140625","2025-07-04 17:40:02.563600"
"move","551","2582.4000244140625","2025-07-04 17:40:02.959200"
"move","552","2582.4000244140625","2025-07-04 17:40:03.225500"
"move","553","2581.4000244140625","2025-07-04 17:40:03.240200"
"move","555","2581.4000244140625","2025-07-04 17:40:03.258500"
"move","556","2581.4000244140625","2025-07-04 17:40:03.274100"
"move","557","2581.4000244140625","2025-07-04 17:40:03.291200"
"move","558","2581.4000244140625","2025-07-04 17:40:03.307800"
"move","559","2581.4000244140625","2025-07-04 17:40:03.331000"
"move","560","2581.4000244140625","2025-07-04 17:40:03.372700"
"move","556","2584.4000244140625","2025-07-04 17:40:03.424200"
"move","543","2589.4000244140625","2025-07-04 17:40:03.443200"
"move","533","2593.4000244140625","2025-07-04 17:40:03.457700"
"move","520","2594.4000244140625","2025-07-04 17:40:03.475100"
"move","501","2595.4000244140625","2025-07-04 17:40:03.491700"
"move","492","2595.4000244140625","2025-07-04 17:40:03.506900"
"move","486","2595.4000244140625","2025-07-04 17:40:03.523200"
"move","477","2595.4000244140625","2025-07-04 17:40:03.542500"
"move","472","2594.4000244140625","2025-07-04 17:40:03.557900"
"move","467","2592.4000244140625","2025-07-04 17:40:03.574200"
"move","461","2592.4000244140625","2025-07-04 17:40:03.589600"
"move","458","2591.4000244140625","2025-07-04 17:40:03.606800"
"move","455","2589.4000244140625","2025-07-04 17:40:03.623000"
"move","452","2589.4000244140625","2025-07-04 17:40:03.640200"
"move","451","2589.4000244140625","2025-07-04 17:40:03.662300"
"move","450","2589.4000244140625","2025-07-04 17:40:03.673900"
"move","449","2588.4000244140625","2025-07-04 17:40:03.691000"
"move","449","2587.4000244140625","2025-07-04 17:40:03.708300"
"move","448","2587.4000244140625","2025-07-04 17:40:03.728100"
"move","448","2586.4000244140625","2025-07-04 17:40:03.743400"
"move","447","2586.4000244140625","2025-07-04 17:40:03.773900"
"move","449","2583.4000244140625","2025-07-04 17:40:14.983300"
"move","458","2573.4000244140625","2025-07-04 17:40:14.997200"
"move","468","2564.4000244140625","2025-07-04 17:40:15.014300"
"move","479","2555.4000244140625","2025-07-04 17:40:15.030900"
"move","493","2545.4000244140625","2025-07-04 17:40:15.049100"
"move","500","2541.4000244140625","2025-07-04 17:40:15.065300"
"move","508","2534.4000244140625","2025-07-04 17:40:15.081300"
"move","516","2526.4000244140625","2025-07-04 17:40:15.097100"
"move","522","2523.4000244140625","2025-07-04 17:40:15.114800"
"move","529","2518.4000244140625","2025-07-04 17:40:15.130500"
"move","532","2517.4000244140625","2025-07-04 17:40:15.147200"
"move","536","2516.4000244140625","2025-07-04 17:40:15.165700"
"move","541","2513.4000244140625","2025-07-04 17:40:15.182700"
"move","544","2512.4000244140625","2025-07-04 17:40:15.200100"
"move","548","2510.4000244140625","2025-07-04 17:40:15.214600"
"move","555","2509.4000244140625","2025-07-04 17:40:15.230700"
"move","562","2505.4000244140625","2025-07-04 17:40:15.247700"
"move","568","2502.4000244140625","2025-07-04 17:40:15.265000"
"move","579","2497.4000244140625","2025-07-04 17:40:15.286300"
"move","583","2496.4000244140625","2025-07-04 17:40:15.299700"
"move","603","2486.4000244140625","2025-07-04 17:40:15.349100"
"move","609","2485.4000244140625","2025-07-04 17:40:15.364800"
"move","617","2482.4000244140625","2025-07-04 17:40:15.381100"
"move","624","2481.4000244140625","2025-07-04 17:40:15.398600"
"move","634","2480.4000244140625","2025-07-04 17:40:15.414400"
"move","644","2479.4000244140625","2025-07-04 17:40:15.431100"
"move","653","2479.4000244140625","2025-07-04 17:40:15.447900"
"move","661","2479.4000244140625","2025-07-04 17:40:15.464600"
"move","673","2479.4000244140625","2025-07-04 17:40:15.482000"
"move","681","2479.4000244140625","2025-07-04 17:40:15.497900"
"move","692","2480.4000244140625","2025-07-04 17:40:15.514000"
"move","701","2481.4000244140625","2025-07-04 17:40:15.531500"
"move","709","2481.4000244140625","2025-07-04 17:40:15.548800"
"move","716","2483.4000244140625","2025-07-04 17:40:15.564000"
"move","722","2483.4000244140625","2025-07-04 17:40:15.582500"
"move","728","2484.4000244140625","2025-07-04 17:40:15.605100"
"move","731","2485.4000244140625","2025-07-04 17:40:15.614600"
"move","734","2486.4000244140625","2025-07-04 17:40:15.632300"
"move","737","2488.4000244140625","2025-07-04 17:40:15.648200"
"move","743","2491.4000244140625","2025-07-04 17:40:15.664200"
"move","747","2492.4000244140625","2025-07-04 17:40:15.681200"
"move","748","2494.4000244140625","2025-07-04 17:40:15.697400"
"move","753","2497.4000244140625","2025-07-04 17:40:15.713900"
"move","755","2498.4000244140625","2025-07-04 17:40:15.730200"
"move","757","2499.4000244140625","2025-07-04 17:40:15.746300"
"move","758","2501.4000244140625","2025-07-04 17:40:15.763000"
"move","759","2501.4000244140625","2025-07-04 17:40:15.782800"
"move","760","2501.4000244140625","2025-07-04 17:40:15.796600"
"move","761","2501.4000244140625","2025-07-04 17:40:15.817700"
"move","763","2503.4000244140625","2025-07-04 17:40:15.829900"
"move","764","2503.4000244140625","2025-07-04 17:40:15.846900"
"move","766","2503.4000244140625","2025-07-04 17:40:15.863200"
"move","767","2503.4000244140625","2025-07-04 17:40:15.879600"
"move","768","2503.4000244140625","2025-07-04 17:40:15.896500"
"move","769","2503.4000244140625","2025-07-04 17:40:15.945900"
"move","770","2503.4000244140625","2025-07-04 17:40:15.996200"
"move","771","2503.4000244140625","2025-07-04 17:40:16.022600"
"click","771","2503.4000244140625","2025-07-04 17:40:16.443700"
"move","767","2506.4000244140625","2025-07-04 17:40:16.607100"
"move","749","2519.4000244140625","2025-07-04 17:40:16.631600"
"move","740","2527.4000244140625","2025-07-04 17:40:16.648200"
"move","722","2542.4000244140625","2025-07-04 17:40:16.663500"
"move","709","2552.4000244140625","2025-07-04 17:40:16.681800"
"move","699","2565.4000244140625","2025-07-04 17:40:16.696700"
"move","689","2574.4000244140625","2025-07-04 17:40:16.713200"
"move","682","2582.4000244140625","2025-07-04 17:40:16.731400"
"move","676","2591.4000244140625","2025-07-04 17:40:16.746700"
"move","668","2602.4000244140625","2025-07-04 17:40:16.764700"
"move","665","2609.4000244140625","2025-07-04 17:40:16.782000"
"move","664","2613.4000244140625","2025-07-04 17:40:16.799400"
"move","661","2621.4000244140625","2025-07-04 17:40:16.815700"
"move","661","2622.4000244140625","2025-07-04 17:40:16.830600"
"scroll","","2022.4000244140625","2025-07-04 17:40:17.100200"
"scroll","","2028.800048828125","2025-07-04 17:40:17.112900"
"scroll","","2036","2025-07-04 17:40:17.128100"
"scroll","","2039.199951171875","2025-07-04 17:40:17.144800"
"scroll","","2040.800048828125","2025-07-04 17:40:17.162000"
"scroll","","2043.199951171875","2025-07-04 17:40:17.179400"
"scroll","","2044","2025-07-04 17:40:17.195900"
"scroll","","2044.800048828125","2025-07-04 17:40:17.245500"
"scroll","","2050.39990234375","2025-07-04 17:40:17.584000"
"scroll","","2060.800048828125","2025-07-04 17:40:17.596500"
"scroll","","2076","2025-07-04 17:40:17.611500"
"scroll","","2084.800048828125","2025-07-04 17:40:17.628500"
"scroll","","2092.800048828125","2025-07-04 17:40:17.645200"
"scroll","","2107.199951171875","2025-07-04 17:40:17.661500"
"scroll","","2112","2025-07-04 17:40:17.680600"
"scroll","","2118.39990234375","2025-07-04 17:40:17.697100"
"scroll","","2119.199951171875","2025-07-04 17:40:17.712100"
"scroll","","2122.39990234375","2025-07-04 17:40:17.746500"
"scroll","","2123.199951171875","2025-07-04 17:40:17.764000"
"scroll","","2124","2025-07-04 17:40:17.827300"
"scroll","","2124.800048828125","2025-07-04 17:40:17.846200"
"move","659","2732.800048828125","2025-07-04 17:40:18.327500"
"move","652","2731.800048828125","2025-07-04 17:40:18.346600"
"move","642","2731.800048828125","2025-07-04 17:40:18.362000"
"move","631","2731.800048828125","2025-07-04 17:40:18.379300"
"move","625","2731.800048828125","2025-07-04 17:40:18.395200"
"move","616","2731.800048828125","2025-07-04 17:40:18.411100"
"move","610","2731.800048828125","2025-07-04 17:40:18.428300"
"move","601","2734.800048828125","2025-07-04 17:40:18.446200"
"move","599","2735.800048828125","2025-07-04 17:40:18.461800"
"scroll","","2136","2025-07-04 17:40:18.699200"
"scroll","","2155.199951171875","2025-07-04 17:40:18.711100"
"scroll","","2168.800048828125","2025-07-04 17:40:18.728000"
"scroll","","2184","2025-07-04 17:40:18.744700"
"scroll","","2192","2025-07-04 17:40:18.761200"
"scroll","","2196","2025-07-04 17:40:18.779200"
"scroll","","2200.800048828125","2025-07-04 17:40:18.793600"
"scroll","","2203.199951171875","2025-07-04 17:40:18.845600"
"scroll","","2204","2025-07-04 17:40:18.861100"
"scroll","","2204.800048828125","2025-07-04 17:40:18.928100"
"scroll","","2228.800048828125","2025-07-04 17:40:19.232000"
"scroll","","2244.800048828125","2025-07-04 17:40:19.244700"
"scroll","","2260","2025-07-04 17:40:19.261300"
"scroll","","2275.199951171875","2025-07-04 17:40:19.278300"
"scroll","","2282.39990234375","2025-07-04 17:40:19.293700"
"scroll","","2288.800048828125","2025-07-04 17:40:19.309800"
"scroll","","2292.800048828125","2025-07-04 17:40:19.327000"
"scroll","","2299.199951171875","2025-07-04 17:40:19.378300"
"scroll","","2300","2025-07-04 17:40:19.395300"
"scroll","","2300.800048828125","2025-07-04 17:40:19.426800"
"scroll","","2302.39990234375","2025-07-04 17:40:19.738000"
"scroll","","2312","2025-07-04 17:40:19.742900"
"scroll","","2328","2025-07-04 17:40:19.760500"
"scroll","","2346.39990234375","2025-07-04 17:40:19.777500"
"scroll","","2372","2025-07-04 17:40:19.793900"
"scroll","","2382.39990234375","2025-07-04 17:40:19.809700"
"scroll","","2388.800048828125","2025-07-04 17:40:19.829500"
"scroll","","2396","2025-07-04 17:40:19.846700"
"scroll","","2399.199951171875","2025-07-04 17:40:19.860000"
"scroll","","2402.39990234375","2025-07-04 17:40:19.909500"
"scroll","","2403.199951171875","2025-07-04 17:40:19.926700"
"move","596","3014.199951171875","2025-07-04 17:40:20.395800"
"move","584","3008.199951171875","2025-07-04 17:40:20.410400"
"move","567","2999.199951171875","2025-07-04 17:40:20.427400"
"move","549","2991.199951171875","2025-07-04 17:40:20.443600"
"move","533","2982.199951171875","2025-07-04 17:40:20.459700"
"move","521","2974.199951171875","2025-07-04 17:40:20.480100"
"move","510","2967.199951171875","2025-07-04 17:40:20.495200"
"move","504","2963.199951171875","2025-07-04 17:40:20.511300"
"move","502","2961.199951171875","2025-07-04 17:40:20.528300"
"move","500","2959.199951171875","2025-07-04 17:40:20.543200"
"move","498","2959.199951171875","2025-07-04 17:40:20.560100"
"move","498","2958.199951171875","2025-07-04 17:40:20.576900"
"move","497","2957.199951171875","2025-07-04 17:40:20.595000"
"move","496","2957.199951171875","2025-07-04 17:40:20.625600"
"move","496","2955.199951171875","2025-07-04 17:40:20.651300"
"move","496","2954.199951171875","2025-07-04 17:40:20.716700"
"move","496","2953.199951171875","2025-07-04 17:40:20.770600"
"move","496","2952.199951171875","2025-07-04 17:40:20.793700"
"move","496","2951.199951171875","2025-07-04 17:40:20.806500"
"move","497","2950.199951171875","2025-07-04 17:40:20.827300"
"move","502","2947.199951171875","2025-07-04 17:40:20.843700"
"move","504","2946.199951171875","2025-07-04 17:40:20.861100"
"move","508","2945.199951171875","2025-07-04 17:40:20.877900"
"move","512","2945.199951171875","2025-07-04 17:40:20.892700"
"move","513","2945.199951171875","2025-07-04 17:40:20.910200"
"move","516","2945.199951171875","2025-07-04 17:40:20.926900"
"move","518","2945.199951171875","2025-07-04 17:40:20.944400"
"move","519","2945.199951171875","2025-07-04 17:40:20.960700"
"move","520","2945.199951171875","2025-07-04 17:40:20.977300"
"move","524","2946.199951171875","2025-07-04 17:40:20.996100"
"move","525","2947.199951171875","2025-07-04 17:40:21.011800"
"move","526","2947.199951171875","2025-07-04 17:40:21.033800"
"move","528","2947.199951171875","2025-07-04 17:40:21.054300"
"move","528","2948.199951171875","2025-07-04 17:40:21.095800"
"move","529","2948.199951171875","2025-07-04 17:40:21.143600"
"move","530","2948.199951171875","2025-07-04 17:40:21.274000"
"move","530","2949.199951171875","2025-07-04 17:40:21.303700"
"move","531","2949.199951171875","2025-07-04 17:40:21.353000"
"move","532","2949.199951171875","2025-07-04 17:40:21.368400"
"move","534","2949.199951171875","2025-07-04 17:40:21.410300"
"move","535","2949.199951171875","2025-07-04 17:40:21.437500"
"move","537","2949.199951171875","2025-07-04 17:40:21.493800"
"move","540","2950.199951171875","2025-07-04 17:40:21.509400"
"move","541","2950.199951171875","2025-07-04 17:40:21.536000"
"move","542","2950.199951171875","2025-07-04 17:40:21.544700"
"move","543","2950.199951171875","2025-07-04 17:40:21.558900"
"move","544","2950.199951171875","2025-07-04 17:40:21.577900"
"move","545","2950.199951171875","2025-07-04 17:40:21.596200"
"move","546","2950.199951171875","2025-07-04 17:40:21.610000"
"move","548","2950.199951171875","2025-07-04 17:40:21.626800"
"move","549","2950.199951171875","2025-07-04 17:40:21.644000"
"move","550","2950.199951171875","2025-07-04 17:40:21.663800"
"move","551","2950.199951171875","2025-07-04 17:40:21.675900"
"move","552","2950.199951171875","2025-07-04 17:40:21.692700"
"move","553","2950.199951171875","2025-07-04 17:40:21.743400"
"move","554","2950.199951171875","2025-07-04 17:40:21.760200"
"move","555","2950.199951171875","2025-07-04 17:40:21.834500"
"move","556","2950.199951171875","2025-07-04 17:40:24.804200"
"move","561","2949.199951171875","2025-07-04 17:40:24.813400"
"move","563","2949.199951171875","2025-07-04 17:40:24.825300"
"move","568","2946.199951171875","2025-07-04 17:40:24.842200"
"move","570","2945.199951171875","2025-07-04 17:40:24.859700"
"move","574","2944.199951171875","2025-07-04 17:40:24.873900"
"move","578","2944.199951171875","2025-07-04 17:40:24.890800"
"move","581","2942.199951171875","2025-07-04 17:40:24.906700"
"move","584","2942.199951171875","2025-07-04 17:40:24.923600"
"move","586","2942.199951171875","2025-07-04 17:40:24.940100"
"move","588","2942.199951171875","2025-07-04 17:40:24.957300"
"move","589","2942.199951171875","2025-07-04 17:40:24.976500"
"move","590","2942.199951171875","2025-07-04 17:40:24.991500"
"move","592","2942.199951171875","2025-07-04 17:40:25.007600"
"move","594","2941.199951171875","2025-07-04 17:40:25.022900"
"move","595","2941.199951171875","2025-07-04 17:40:25.040700"
"move","596","2941.199951171875","2025-07-04 17:40:25.056700"
"move","597","2941.199951171875","2025-07-04 17:40:25.087700"
"move","598","2941.199951171875","2025-07-04 17:40:25.109400"
"move","599","2941.199951171875","2025-07-04 17:40:25.179100"
"move","600","2940.199951171875","2025-07-04 17:40:25.266800"
"move","600","2938.199951171875","2025-07-04 17:40:27.543100"
"move","603","2938.199951171875","2025-07-04 17:40:27.557200"
"move","606","2938.199951171875","2025-07-04 17:40:27.571500"
"move","608","2937.199951171875","2025-07-04 17:40:27.587800"
"move","611","2935.199951171875","2025-07-04 17:40:27.604800"
"move","613","2935.199951171875","2025-07-04 17:40:27.621500"
"move","615","2934.199951171875","2025-07-04 17:40:27.638100"
"move","616","2933.199951171875","2025-07-04 17:40:27.656300"
"move","619","2932.199951171875","2025-07-04 17:40:27.672400"
"move","620","2932.199951171875","2025-07-04 17:40:27.689200"
"move","620","2930.199951171875","2025-07-04 17:40:27.705400"
"move","622","2930.199951171875","2025-07-04 17:40:27.721700"
"move","623","2930.199951171875","2025-07-04 17:40:27.744200"
"move","624","2929.199951171875","2025-07-04 17:40:27.754400"
"move","624","2928.199951171875","2025-07-04 17:40:27.771700"
"move","626","2926.199951171875","2025-07-04 17:40:27.789200"
"move","627","2926.199951171875","2025-07-04 17:40:27.812400"
"move","627","2925.199951171875","2025-07-04 17:40:27.833800"
"move","628","2924.199951171875","2025-07-04 17:40:27.853300"
"move","628","2923.199951171875","2025-07-04 17:40:27.921700"
"move","628","2922.199951171875","2025-07-04 17:40:27.972800"
"move","626","2923.199951171875","2025-07-04 17:40:30.861800"
"move","616","2930.199951171875","2025-07-04 17:40:30.870600"
"move","597","2938.199951171875","2025-07-04 17:40:30.886800"
"move","586","2943.199951171875","2025-07-04 17:40:30.901600"
"move","577","2946.199951171875","2025-07-04 17:40:30.920000"
"move","557","2950.199951171875","2025-07-04 17:40:30.937400"
"move","544","2951.199951171875","2025-07-04 17:40:30.952800"
"move","534","2955.199951171875","2025-07-04 17:40:30.969400"
"move","532","2955.199951171875","2025-07-04 17:40:30.986000"
"move","529","2955.199951171875","2025-07-04 17:40:31.002000"
"move","528","2955.199951171875","2025-07-04 17:40:31.018200"
"move","527","2955.199951171875","2025-07-04 17:40:31.035500"
"move","526","2955.199951171875","2025-07-04 17:40:31.055400"
"move","525","2955.199951171875","2025-07-04 17:40:31.102100"
"move","528","2954.199951171875","2025-07-04 17:40:38.766800"
"move","536","2950.199951171875","2025-07-04 17:40:38.780700"
"move","543","2947.199951171875","2025-07-04 17:40:38.796000"
"move","551","2944.199951171875","2025-07-04 17:40:38.813000"
"move","565","2935.199951171875","2025-07-04 17:40:38.828900"
"move","572","2932.199951171875","2025-07-04 17:40:38.846600"
"move","580","2929.199951171875","2025-07-04 17:40:38.863000"
"move","588","2925.199951171875","2025-07-04 17:40:38.880800"
"move","592","2923.199951171875","2025-07-04 17:40:38.896500"
"move","598","2920.199951171875","2025-07-04 17:40:38.912800"
"move","603","2918.199951171875","2025-07-04 17:40:38.930300"
"move","609","2917.199951171875","2025-07-04 17:40:38.949000"
"move","613","2914.199951171875","2025-07-04 17:40:38.964300"
"move","617","2914.199951171875","2025-07-04 17:40:38.981700"
"move","620","2914.199951171875","2025-07-04 17:40:38.997000"
"move","624","2912.199951171875","2025-07-04 17:40:39.012900"
"move","628","2911.199951171875","2025-07-04 17:40:39.029700"
"move","632","2911.199951171875","2025-07-04 17:40:39.046200"
"move","639","2910.199951171875","2025-07-04 17:40:39.062500"
"move","644","2909.199951171875","2025-07-04 17:40:39.079300"
"move","646","2909.199951171875","2025-07-04 17:40:39.095700"
"move","648","2909.199951171875","2025-07-04 17:40:39.112100"
"move","649","2909.199951171875","2025-07-04 17:40:39.163900"
"move","652","2907.199951171875","2025-07-04 17:40:39.179800"
"move","654","2906.199951171875","2025-07-04 17:40:39.196000"
"move","662","2903.199951171875","2025-07-04 17:40:39.212500"
"move","669","2901.199951171875","2025-07-04 17:40:39.229200"
"move","682","2894.199951171875","2025-07-04 17:40:39.245800"
"move","693","2890.199951171875","2025-07-04 17:40:39.262000"
"move","704","2885.199951171875","2025-07-04 17:40:39.279600"
"move","715","2881.199951171875","2025-07-04 17:40:39.296600"
"move","723","2878.199951171875","2025-07-04 17:40:39.312300"
"move","729","2875.199951171875","2025-07-04 17:40:39.328200"
"move","734","2872.199951171875","2025-07-04 17:40:39.344500"
"move","737","2872.199951171875","2025-07-04 17:40:39.360700"
"move","740","2871.199951171875","2025-07-04 17:40:39.377800"
"move","744","2870.199951171875","2025-07-04 17:40:39.394000"
"move","745","2870.199951171875","2025-07-04 17:40:39.410800"
"move","747","2869.199951171875","2025-07-04 17:40:39.428300"
"move","751","2868.199951171875","2025-07-04 17:40:39.444800"
"move","753","2867.199951171875","2025-07-04 17:40:39.462000"
"move","757","2865.199951171875","2025-07-04 17:40:39.479100"
"move","760","2864.199951171875","2025-07-04 17:40:39.495100"
"move","763","2862.199951171875","2025-07-04 17:40:39.511900"
"move","764","2862.199951171875","2025-07-04 17:40:39.528300"
"move","766","2862.199951171875","2025-07-04 17:40:39.544300"
"move","767","2862.199951171875","2025-07-04 17:40:39.562200"
"move","768","2862.199951171875","2025-07-04 17:40:39.577900"
"move","769","2862.199951171875","2025-07-04 17:40:39.594500"
"move","770","2862.199951171875","2025-07-04 17:40:39.611100"
"move","771","2862.199951171875","2025-07-04 17:40:39.627400"
"move","772","2862.199951171875","2025-07-04 17:40:39.655200"
"move","772","2862.199951171875","2025-07-04 17:40:40.111200"
"move","772","2862.199951171875","2025-07-04 17:40:40.126900"
"click","772","2862.199951171875","2025-07-04 17:40:40.214000"
"move","775","2862.199951171875","2025-07-04 17:40:40.498900"
"move","777","2863.199951171875","2025-07-04 17:40:40.510700"
"move","790","2871.199951171875","2025-07-04 17:40:40.526800"
"move","799","2875.199951171875","2025-07-04 17:40:40.543900"
"move","810","2879.199951171875","2025-07-04 17:40:40.561700"
"move","823","2884.199951171875","2025-07-04 17:40:40.579100"
"move","828","2888.199951171875","2025-07-04 17:40:40.595900"
"move","835","2891.199951171875","2025-07-04 17:40:40.611000"
"move","844","2897.199951171875","2025-07-04 17:40:40.627800"
"move","848","2900.199951171875","2025-07-04 17:40:40.643900"
"move","852","2903.199951171875","2025-07-04 17:40:40.662000"
"move","857","2906.199951171875","2025-07-04 17:40:40.678400"
"move","860","2906.199951171875","2025-07-04 17:40:40.695200"
"move","861","2908.199951171875","2025-07-04 17:40:40.711500"
"move","866","2910.199951171875","2025-07-04 17:40:40.727800"
"move","870","2910.199951171875","2025-07-04 17:40:40.744100"
"move","875","2911.199951171875","2025-07-04 17:40:40.760600"
"move","891","2912.199951171875","2025-07-04 17:40:40.777200"
"move","902","2914.199951171875","2025-07-04 17:40:40.794800"
"move","920","2916.199951171875","2025-07-04 17:40:40.811100"
"move","960","2933.199951171875","2025-07-04 17:40:40.828400"
"move","976","2941.199951171875","2025-07-04 17:40:40.844200"
"move","1000","2954.199951171875","2025-07-04 17:40:40.860200"
"scroll","","2420.800048828125","2025-07-04 17:40:41.148000"
"scroll","","2432.800048828125","2025-07-04 17:40:41.159400"
"scroll","","2446.39990234375","2025-07-04 17:40:41.178700"
"scroll","","2464.800048828125","2025-07-04 17:40:41.193100"
"scroll","","2476","2025-07-04 17:40:41.209700"
"scroll","","2487.199951171875","2025-07-04 17:40:41.227400"
"scroll","","2500","2025-07-04 17:40:41.242600"
"scroll","","2506.39990234375","2025-07-04 17:40:41.259600"
"scroll","","2511.199951171875","2025-07-04 17:40:41.277200"
"scroll","","2516","2025-07-04 17:40:41.292700"
"scroll","","2518.39990234375","2025-07-04 17:40:41.310900"
"scroll","","2519.199951171875","2025-07-04 17:40:41.361200"
"move","1002","3070.199951171875","2025-07-04 17:40:41.768100"
"move","1005","3062.199951171875","2025-07-04 17:40:41.777500"
"move","1016","3049.199951171875","2025-07-04 17:40:41.794100"
"move","1022","3039.199951171875","2025-07-04 17:40:41.812800"
"move","1036","3020.199951171875","2025-07-04 17:40:41.829900"
"move","1045","3009.199951171875","2025-07-04 17:40:41.844700"
"move","1056","2997.199951171875","2025-07-04 17:40:41.861300"
"move","1070","2978.199951171875","2025-07-04 17:40:41.878900"
"move","1075","2970.199951171875","2025-07-04 17:40:41.894400"
"move","1084","2962.199951171875","2025-07-04 17:40:41.910300"
"move","1088","2959.199951171875","2025-07-04 17:40:41.926600"
"move","1092","2955.199951171875","2025-07-04 17:40:41.943200"
"move","1095","2953.199951171875","2025-07-04 17:40:41.960500"
"move","1096","2951.199951171875","2025-07-04 17:40:41.977500"
"move","1097","2949.199951171875","2025-07-04 17:40:42.011500"
"move","1099","2947.199951171875","2025-07-04 17:40:42.027100"
"move","1100","2945.199951171875","2025-07-04 17:40:42.043400"
"move","1103","2942.199951171875","2025-07-04 17:40:42.059900"
"move","1104","2940.199951171875","2025-07-04 17:40:42.076700"
"move","1107","2938.199951171875","2025-07-04 17:40:42.093500"
"move","1108","2936.199951171875","2025-07-04 17:40:42.110100"
"move","1109","2936.199951171875","2025-07-04 17:40:42.127400"
"move","1110","2935.199951171875","2025-07-04 17:40:42.143400"
"move","1110","2934.199951171875","2025-07-04 17:40:42.193200"
"move","1111","2934.199951171875","2025-07-04 17:40:42.209600"
"move","1116","2931.199951171875","2025-07-04 17:40:46.884100"
"move","1146","2916.199951171875","2025-07-04 17:40:46.907200"
"move","1163","2909.199951171875","2025-07-04 17:40:46.922800"
"move","1177","2902.199951171875","2025-07-04 17:40:46.939300"
"move","1199","2897.199951171875","2025-07-04 17:40:46.955400"
"move","1210","2893.199951171875","2025-07-04 17:40:46.973400"
"move","1217","2890.199951171875","2025-07-04 17:40:46.990900"
"move","1231","2886.199951171875","2025-07-04 17:40:47.008100"
"move","1239","2882.199951171875","2025-07-04 17:40:47.024400"
"move","1250","2879.199951171875","2025-07-04 17:40:47.039600"
"move","1253","2879.199951171875","2025-07-04 17:40:47.056800"
"move","1257","2878.199951171875","2025-07-04 17:40:47.073300"
"move","1259","2877.199951171875","2025-07-04 17:40:47.089200"
"move","1260","2875.199951171875","2025-07-04 17:40:47.108000"
"move","1262","2875.199951171875","2025-07-04 17:40:47.123600"
"move","1263","2875.199951171875","2025-07-04 17:40:47.153500"
"move","1261","2870.199951171875","2025-07-04 17:40:47.183500"
"move","1238","2856.199951171875","2025-07-04 17:40:47.205900"
"move","1225","2854.199951171875","2025-07-04 17:40:47.225200"
"move","1212","2851.199951171875","2025-07-04 17:40:47.241000"
"move","1189","2847.199951171875","2025-07-04 17:40:47.257400"
"move","1181","2846.199951171875","2025-07-04 17:40:47.273800"
"move","1172","2846.199951171875","2025-07-04 17:40:47.289100"
"move","1169","2846.199951171875","2025-07-04 17:40:47.306400"
"move","1165","2846.199951171875","2025-07-04 17:40:47.322100"
"move","1162","2846.199951171875","2025-07-04 17:40:47.340100"
"move","1160","2846.199951171875","2025-07-04 17:40:47.357600"
"move","1156","2845.199951171875","2025-07-04 17:40:47.374700"
"move","1151","2844.199951171875","2025-07-04 17:40:47.389300"
"move","1148","2843.199951171875","2025-07-04 17:40:47.406800"
"move","1144","2843.199951171875","2025-07-04 17:40:47.421700"
"move","1142","2843.199951171875","2025-07-04 17:40:47.438600"
"move","1140","2842.199951171875","2025-07-04 17:40:47.456100"
"move","1139","2841.199951171875","2025-07-04 17:40:47.473900"
"move","1136","2839.199951171875","2025-07-04 17:40:47.491700"
"move","1132","2836.199951171875","2025-07-04 17:40:47.506500"
"move","1130","2831.199951171875","2025-07-04 17:40:47.523800"
"move","1128","2826.199951171875","2025-07-04 17:40:47.539700"
"move","1128","2824.199951171875","2025-07-04 17:40:47.555600"
"move","1128","2820.199951171875","2025-07-04 17:40:47.572100"
"move","1128","2818.199951171875","2025-07-04 17:40:47.588100"
"move","1128","2817.199951171875","2025-07-04 17:40:47.642700"
"move","1128","2816.199951171875","2025-07-04 17:40:47.688600"
"move","1128","2815.199951171875","2025-07-04 17:40:47.705100"
"move","1128","2814.199951171875","2025-07-04 17:40:47.726300"
"move","1128","2813.199951171875","2025-07-04 17:40:47.748100"
"move","1128","2812.199951171875","2025-07-04 17:40:47.788200"
"move","1129","2812.199951171875","2025-07-04 17:40:47.817900"
"move","1130","2812.199951171875","2025-07-04 17:40:47.883400"
"move","1131","2812.199951171875","2025-07-04 17:40:47.921600"
"move","1132","2812.199951171875","2025-07-04 17:40:47.953100"
"move","1133","2812.199951171875","2025-07-04 17:40:47.973300"
"move","1134","2812.199951171875","2025-07-04 17:40:48.051600"
"click","1134","2812.199951171875","2025-07-04 17:40:48.462000"
"move","1128","2816.199951171875","2025-07-04 17:40:48.647100"
"move","1116","2825.199951171875","2025-07-04 17:40:48.655400"
"move","1068","2854.199951171875","2025-07-04 17:40:48.671500"
"move","1039","2866.199951171875","2025-07-04 17:40:48.688600"
"move","977","2890.199951171875","2025-07-04 17:40:48.705300"
"move","900","2934.199951171875","2025-07-04 17:40:48.722300"
"move","877","2945.199951171875","2025-07-04 17:40:48.739600"
"move","827","2965.199951171875","2025-07-04 17:40:48.754700"
"move","813","2974.199951171875","2025-07-04 17:40:48.771900"
"move","800","2982.199951171875","2025-07-04 17:40:48.786900"
"move","792","2989.199951171875","2025-07-04 17:40:48.813600"
"scroll","","2548","2025-07-04 17:40:49.026300"
"scroll","","2616.800048828125","2025-07-04 17:40:49.037000"
"scroll","","2676","2025-07-04 17:40:49.053500"
"scroll","","2728.800048828125","2025-07-04 17:40:49.070200"
"scroll","","2748.800048828125","2025-07-04 17:40:49.088100"
"scroll","","2768.800048828125","2025-07-04 17:40:49.121100"
"scroll","","2783.199951171875","2025-07-04 17:40:49.137700"
"scroll","","2794.39990234375","2025-07-04 17:40:49.153000"
"scroll","","2804","2025-07-04 17:40:49.171400"
"scroll","","2811.199951171875","2025-07-04 17:40:49.186600"
"scroll","","2818.39990234375","2025-07-04 17:40:49.203600"
"scroll","","2824","2025-07-04 17:40:49.220600"
"scroll","","2828.800048828125","2025-07-04 17:40:49.237600"
"scroll","","2834.39990234375","2025-07-04 17:40:49.254400"
"scroll","","2838.39990234375","2025-07-04 17:40:49.270300"
"scroll","","2842.39990234375","2025-07-04 17:40:49.288200"
"scroll","","2844.800048828125","2025-07-04 17:40:49.304300"
"scroll","","2848","2025-07-04 17:40:49.319900"
"scroll","","2851.199951171875","2025-07-04 17:40:49.337100"
"scroll","","2852.800048828125","2025-07-04 17:40:49.354300"
"scroll","","2856","2025-07-04 17:40:49.370500"
"scroll","","2858.39990234375","2025-07-04 17:40:49.402800"
"scroll","","2859.199951171875","2025-07-04 17:40:49.418900"
"scroll","","2860.800048828125","2025-07-04 17:40:49.435900"
"scroll","","2863.199951171875","2025-07-04 17:40:49.452800"
"scroll","","2864","2025-07-04 17:40:49.468900"
"scroll","","2868","2025-07-04 17:40:49.569500"
"scroll","","2876","2025-07-04 17:40:49.587100"
"scroll","","2884.800048828125","2025-07-04 17:40:49.603100"
"scroll","","2900","2025-07-04 17:40:49.620600"
"scroll","","2912.800048828125","2025-07-04 17:40:49.637400"
"scroll","","2927.199951171875","2025-07-04 17:40:49.652800"
"scroll","","2944","2025-07-04 17:40:49.669900"
"scroll","","2955.199951171875","2025-07-04 17:40:49.685900"
"scroll","","2968","2025-07-04 17:40:49.702700"
"scroll","","2972","2025-07-04 17:40:49.719600"
"scroll","","2974.39990234375","2025-07-04 17:40:49.736400"
"scroll","","2976","2025-07-04 17:40:49.755400"
"scroll","","2976.800048828125","2025-07-04 17:40:49.803300"
"move","785","3450.800048828125","2025-07-04 17:40:51.575600"
"move","777","3456.800048828125","2025-07-04 17:40:51.586700"
"move","759","3469.800048828125","2025-07-04 17:40:51.602900"
"move","721","3493.800048828125","2025-07-04 17:40:51.620000"
"move","703","3503.800048828125","2025-07-04 17:40:51.637000"
"move","672","3523.800048828125","2025-07-04 17:40:51.652900"
"move","641","3540.800048828125","2025-07-04 17:40:51.669100"
"move","623","3551.800048828125","2025-07-04 17:40:51.685300"
"move","606","3560.800048828125","2025-07-04 17:40:51.702900"
"move","592","3563.800048828125","2025-07-04 17:40:51.719800"
"move","583","3566.800048828125","2025-07-04 17:40:51.739200"
"move","579","3567.800048828125","2025-07-04 17:40:51.752600"
"move","572","3569.800048828125","2025-07-04 17:40:51.769000"
"move","563","3571.800048828125","2025-07-04 17:40:51.785100"
"move","550","3573.800048828125","2025-07-04 17:40:51.801800"
"move","544","3575.800048828125","2025-07-04 17:40:51.819800"
"move","537","3576.800048828125","2025-07-04 17:40:51.835900"
"move","528","3578.800048828125","2025-07-04 17:40:51.852700"
"move","524","3579.800048828125","2025-07-04 17:40:51.868900"
"move","522","3579.800048828125","2025-07-04 17:40:51.885900"
"move","520","3579.800048828125","2025-07-04 17:40:51.902800"
"move","518","3579.800048828125","2025-07-04 17:40:51.919400"
"move","517","3579.800048828125","2025-07-04 17:40:51.935300"
"move","514","3579.800048828125","2025-07-04 17:40:51.955100"
"move","510","3575.800048828125","2025-07-04 17:40:51.969400"
"move","504","3571.800048828125","2025-07-04 17:40:51.985900"
"move","499","3568.800048828125","2025-07-04 17:40:52.002400"
"move","494","3565.800048828125","2025-07-04 17:40:52.018900"
"move","488","3560.800048828125","2025-07-04 17:40:52.035800"
"move","483","3557.800048828125","2025-07-04 17:40:52.052300"
"move","480","3554.800048828125","2025-07-04 17:40:52.070200"
"move","475","3549.800048828125","2025-07-04 17:40:52.090600"
"move","472","3545.800048828125","2025-07-04 17:40:52.104600"
"move","469","3541.800048828125","2025-07-04 17:40:52.119800"
"move","466","3537.800048828125","2025-07-04 17:40:52.138200"
"move","465","3535.800048828125","2025-07-04 17:40:52.152300"
"move","464","3531.800048828125","2025-07-04 17:40:52.168900"
"move","461","3528.800048828125","2025-07-04 17:40:52.184900"
"move","460","3525.800048828125","2025-07-04 17:40:52.203000"
"move","460","3523.800048828125","2025-07-04 17:40:52.220100"
"move","460","3517.800048828125","2025-07-04 17:40:52.236400"
"move","460","3514.800048828125","2025-07-04 17:40:52.253400"
"move","460","3512.800048828125","2025-07-04 17:40:52.269700"
"move","460","3508.800048828125","2025-07-04 17:40:52.284900"
"move","460","3507.800048828125","2025-07-04 17:40:52.301600"
"move","460","3505.800048828125","2025-07-04 17:40:52.404600"
"move","460","3504.800048828125","2025-07-04 17:40:52.555200"
"move","461","3504.800048828125","2025-07-04 17:40:53.257600"
"move","462","3504.800048828125","2025-07-04 17:40:53.276900"
"move","463","3504.800048828125","2025-07-04 17:40:53.318100"
"move","464","3504.800048828125","2025-07-04 17:40:53.345800"
"move","465","3504.800048828125","2025-07-04 17:40:54.301000"
"move","466","3504.800048828125","2025-07-04 17:40:54.313900"
"move","468","3504.800048828125","2025-07-04 17:40:54.329300"
"move","469","3504.800048828125","2025-07-04 17:40:54.338600"
"move","472","3507.800048828125","2025-07-04 17:40:54.352300"
"move","476","3507.800048828125","2025-07-04 17:40:54.366600"
"move","480","3509.800048828125","2025-07-04 17:40:54.383600"
"move","485","3511.800048828125","2025-07-04 17:40:54.400000"
"move","488","3511.800048828125","2025-07-04 17:40:54.416700"
"move","491","3512.800048828125","2025-07-04 17:40:54.434900"
"move","492","3514.800048828125","2025-07-04 17:40:54.450900"
"move","496","3515.800048828125","2025-07-04 17:40:54.468300"
"move","497","3515.800048828125","2025-07-04 17:40:54.483900"
"move","499","3516.800048828125","2025-07-04 17:40:54.500200"
"move","500","3516.800048828125","2025-07-04 17:40:54.516200"
"move","501","3516.800048828125","2025-07-04 17:40:54.567700"
"move","502","3516.800048828125","2025-07-04 17:40:54.583700"
"move","503","3516.800048828125","2025-07-04 17:40:54.610100"
"move","504","3516.800048828125","2025-07-04 17:40:54.705300"
"move","504","3517.800048828125","2025-07-04 17:40:54.769700"
"move","505","3517.800048828125","2025-07-04 17:40:55.177500"
"move","506","3517.800048828125","2025-07-04 17:40:55.187000"
"move","507","3518.800048828125","2025-07-04 17:40:55.199400"
"move","511","3519.800048828125","2025-07-04 17:40:55.217500"
"move","513","3519.800048828125","2025-07-04 17:40:55.233600"
"move","516","3519.800048828125","2025-07-04 17:40:55.250400"
"move","518","3519.800048828125","2025-07-04 17:40:55.267500"
"move","520","3519.800048828125","2025-07-04 17:40:55.283300"
"move","522","3521.800048828125","2025-07-04 17:40:55.299200"
"move","523","3521.800048828125","2025-07-04 17:40:55.316700"
"move","524","3521.800048828125","2025-07-04 17:40:55.333000"
"move","525","3522.800048828125","2025-07-04 17:40:55.350400"
"move","527","3522.800048828125","2025-07-04 17:40:55.366500"
"move","528","3522.800048828125","2025-07-04 17:40:55.383300"
"move","530","3523.800048828125","2025-07-04 17:40:55.400700"
"move","533","3523.800048828125","2025-07-04 17:40:55.416400"
"move","536","3523.800048828125","2025-07-04 17:40:55.432400"
"move","538","3523.800048828125","2025-07-04 17:40:55.450300"
"move","541","3523.800048828125","2025-07-04 17:40:55.466200"
"move","546","3523.800048828125","2025-07-04 17:40:55.484300"
"move","548","3523.800048828125","2025-07-04 17:40:55.500600"
"move","551","3523.800048828125","2025-07-04 17:40:55.516900"
"move","555","3523.800048828125","2025-07-04 17:40:55.533800"
"move","556","3523.800048828125","2025-07-04 17:40:55.550000"
"move","558","3523.800048828125","2025-07-04 17:40:55.566400"
"move","560","3523.800048828125","2025-07-04 17:40:55.582700"
"move","561","3523.800048828125","2025-07-04 17:40:55.600700"
"move","562","3523.800048828125","2025-07-04 17:40:55.649500"
"move","563","3523.800048828125","2025-07-04 17:40:55.671900"
"move","564","3523.800048828125","2025-07-04 17:40:55.742100"
"move","560","3526.800048828125","2025-07-04 17:41:00.114600"
"move","548","3531.800048828125","2025-07-04 17:41:00.130100"
"move","541","3537.800048828125","2025-07-04 17:41:00.146400"
"move","529","3543.800048828125","2025-07-04 17:41:00.164500"
"move","510","3550.800048828125","2025-07-04 17:41:00.181900"
"move","492","3554.800048828125","2025-07-04 17:41:00.197300"
"move","488","3555.800048828125","2025-07-04 17:41:00.213400"
"move","480","3555.800048828125","2025-07-04 17:41:00.229500"
"move","476","3555.800048828125","2025-07-04 17:41:00.245400"
"move","473","3555.800048828125","2025-07-04 17:41:00.262100"
"move","472","3555.800048828125","2025-07-04 17:41:00.280900"
"move","471","3555.800048828125","2025-07-04 17:41:00.330300"
"move","470","3555.800048828125","2025-07-04 17:41:00.353100"
"move","469","3555.800048828125","2025-07-04 17:41:00.395100"
"move","469","3554.800048828125","2025-07-04 17:41:00.413300"
"move","468","3554.800048828125","2025-07-04 17:41:00.428600"
"move","468","3553.800048828125","2025-07-04 17:41:00.446300"
"move","468","3552.800048828125","2025-07-04 17:41:00.462200"
"move","468","3549.800048828125","2025-07-04 17:41:00.478500"
"move","471","3538.800048828125","2025-07-04 17:41:00.495400"
"move","472","3535.800048828125","2025-07-04 17:41:00.512500"
"move","476","3530.800048828125","2025-07-04 17:41:00.528700"
"move","477","3527.800048828125","2025-07-04 17:41:00.546400"
"move","480","3524.800048828125","2025-07-04 17:41:00.565100"
"move","485","3520.800048828125","2025-07-04 17:41:00.584300"
"move","489","3519.800048828125","2025-07-04 17:41:00.596100"
"move","492","3518.800048828125","2025-07-04 17:41:00.612600"
"move","495","3516.800048828125","2025-07-04 17:41:00.627800"
"move","496","3516.800048828125","2025-07-04 17:41:00.644600"
"move","498","3516.800048828125","2025-07-04 17:41:00.662800"
"move","499","3516.800048828125","2025-07-04 17:41:00.692300"
"move","500","3516.800048828125","2025-07-04 17:41:00.704600"
"move","502","3516.800048828125","2025-07-04 17:41:00.746300"
"move","504","3516.800048828125","2025-07-04 17:41:00.761400"
"move","505","3516.800048828125","2025-07-04 17:41:00.813100"
"move","506","3516.800048828125","2025-07-04 17:41:00.829200"
"move","507","3516.800048828125","2025-07-04 17:41:00.880000"
"move","508","3516.800048828125","2025-07-04 17:41:00.929000"
"move","509","3516.800048828125","2025-07-04 17:41:01.224800"
"move","510","3516.800048828125","2025-07-04 17:41:01.386200"
"move","512","3516.800048828125","2025-07-04 17:41:07.703300"
"move","513","3516.800048828125","2025-07-04 17:41:07.726400"
"move","516","3516.800048828125","2025-07-04 17:41:07.740500"
"move","517","3517.800048828125","2025-07-04 17:41:07.757300"
"move","519","3518.800048828125","2025-07-04 17:41:07.773000"
"move","522","3519.800048828125","2025-07-04 17:41:07.789200"
"move","523","3519.800048828125","2025-07-04 17:41:07.806300"
"move","525","3519.800048828125","2025-07-04 17:41:07.822900"
"move","528","3519.800048828125","2025-07-04 17:41:07.841600"
"move","532","3520.800048828125","2025-07-04 17:41:07.857000"
"move","535","3522.800048828125","2025-07-04 17:41:07.873400"
"move","539","3523.800048828125","2025-07-04 17:41:07.889800"
"move","542","3523.800048828125","2025-07-04 17:41:07.906500"
"move","546","3524.800048828125","2025-07-04 17:41:07.922300"
"move","551","3524.800048828125","2025-07-04 17:41:07.939200"
"move","556","3525.800048828125","2025-07-04 17:41:07.957700"
"move","561","3525.800048828125","2025-07-04 17:41:07.975000"
"move","565","3525.800048828125","2025-07-04 17:41:07.990800"
"move","574","3526.800048828125","2025-07-04 17:41:08.005800"
"move","578","3527.800048828125","2025-07-04 17:41:08.022900"
"move","581","3527.800048828125","2025-07-04 17:41:08.039900"
"move","588","3527.800048828125","2025-07-04 17:41:08.056200"
"move","592","3527.800048828125","2025-07-04 17:41:08.073500"
"move","600","3527.800048828125","2025-07-04 17:41:08.096000"
"move","605","3527.800048828125","2025-07-04 17:41:08.106400"
"move","612","3527.800048828125","2025-07-04 17:41:08.122900"
"move","619","3527.800048828125","2025-07-04 17:41:08.139700"
"move","625","3527.800048828125","2025-07-04 17:41:08.156100"
"move","632","3527.800048828125","2025-07-04 17:41:08.172500"
"move","639","3527.800048828125","2025-07-04 17:41:08.188900"
"move","643","3527.800048828125","2025-07-04 17:41:08.208700"
"move","647","3527.800048828125","2025-07-04 17:41:08.223600"
"move","652","3527.800048828125","2025-07-04 17:41:08.240800"
"move","655","3527.800048828125","2025-07-04 17:41:08.258600"
"move","660","3527.800048828125","2025-07-04 17:41:08.274200"
"move","664","3527.800048828125","2025-07-04 17:41:08.289800"
"move","668","3527.800048828125","2025-07-04 17:41:08.306100"
"move","674","3527.800048828125","2025-07-04 17:41:08.322500"
"move","679","3527.800048828125","2025-07-04 17:41:08.339100"
"move","684","3527.800048828125","2025-07-04 17:41:08.357400"
"move","691","3527.800048828125","2025-07-04 17:41:08.373300"
"move","696","3527.800048828125","2025-07-04 17:41:08.392400"
"move","697","3527.800048828125","2025-07-04 17:41:08.405900"
"move","698","3527.800048828125","2025-07-04 17:41:08.421900"
"move","700","3527.800048828125","2025-07-04 17:41:08.977200"
"move","707","3525.800048828125","2025-07-04 17:41:08.989700"
"move","720","3523.800048828125","2025-07-04 17:41:09.005500"
"move","732","3518.800048828125","2025-07-04 17:41:09.022600"
"move","745","3514.800048828125","2025-07-04 17:41:09.037900"
"move","758","3511.800048828125","2025-07-04 17:41:09.055100"
"move","767","3509.800048828125","2025-07-04 17:41:09.073300"
"move","775","3507.800048828125","2025-07-04 17:41:09.089200"
"move","780","3505.800048828125","2025-07-04 17:41:09.107200"
"move","784","3504.800048828125","2025-07-04 17:41:09.122700"
"move","788","3503.800048828125","2025-07-04 17:41:09.138700"
"move","792","3501.800048828125","2025-07-04 17:41:09.155200"
"move","796","3499.800048828125","2025-07-04 17:41:09.171400"
"move","798","3498.800048828125","2025-07-04 17:41:09.193800"
"move","799","3498.800048828125","2025-07-04 17:41:09.206000"
"move","801","3495.800048828125","2025-07-04 17:41:09.222800"
"move","803","3494.800048828125","2025-07-04 17:41:09.239100"
"move","804","3493.800048828125","2025-07-04 17:41:09.255900"
"move","805","3493.800048828125","2025-07-04 17:41:09.273900"
"move","805","3492.800048828125","2025-07-04 17:41:09.306100"
"move","806","3491.800048828125","2025-07-04 17:41:09.323600"
"move","806","3490.800048828125","2025-07-04 17:41:09.391500"
"move","804","3487.800048828125","2025-07-04 17:41:09.407400"
"move","801","3485.800048828125","2025-07-04 17:41:09.422400"
"move","796","3483.800048828125","2025-07-04 17:41:09.437300"
"move","793","3481.800048828125","2025-07-04 17:41:09.454000"
"move","789","3480.800048828125","2025-07-04 17:41:09.471500"
"move","788","3480.800048828125","2025-07-04 17:41:09.487800"
"move","787","3479.800048828125","2025-07-04 17:41:09.504600"
"move","785","3479.800048828125","2025-07-04 17:41:09.521300"
"move","784","3479.800048828125","2025-07-04 17:41:09.542800"
"move","783","3479.800048828125","2025-07-04 17:41:09.705700"
"move","783","3479.800048828125","2025-07-04 17:41:10.024200"
"move","783","3479.800048828125","2025-07-04 17:41:10.070400"
"click","783","3479.800048828125","2025-07-04 17:41:10.106100"
"move","783","3480.800048828125","2025-07-04 17:41:10.750500"
"move","782","3483.800048828125","2025-07-04 17:41:10.772100"
"move","780","3485.800048828125","2025-07-04 17:41:10.786600"
"move","780","3489.800048828125","2025-07-04 17:41:10.803900"
"move","776","3494.800048828125","2025-07-04 17:41:10.820500"
"move","769","3499.800048828125","2025-07-04 17:41:10.836600"
"move","765","3503.800048828125","2025-07-04 17:41:10.854200"
"move","760","3505.800048828125","2025-07-04 17:41:10.871100"
"move","755","3511.800048828125","2025-07-04 17:41:10.892500"
"move","750","3513.800048828125","2025-07-04 17:41:10.904600"
"move","742","3518.800048828125","2025-07-04 17:41:10.920800"
"move","740","3519.800048828125","2025-07-04 17:41:10.936700"
"move","736","3520.800048828125","2025-07-04 17:41:10.953400"
"move","732","3523.800048828125","2025-07-04 17:41:10.970100"
"move","728","3524.800048828125","2025-07-04 17:41:10.989000"
"move","726","3525.800048828125","2025-07-04 17:41:11.004400"
"move","720","3527.800048828125","2025-07-04 17:41:11.023200"
"move","715","3527.800048828125","2025-07-04 17:41:11.036900"
"move","707","3528.800048828125","2025-07-04 17:41:11.055300"
"move","703","3529.800048828125","2025-07-04 17:41:11.070400"
"move","698","3531.800048828125","2025-07-04 17:41:11.087200"
"move","692","3531.800048828125","2025-07-04 17:41:11.105400"
"move","686","3534.800048828125","2025-07-04 17:41:11.121400"
"move","682","3535.800048828125","2025-07-04 17:41:11.137100"
"move","676","3539.800048828125","2025-07-04 17:41:11.153800"
"move","674","3539.800048828125","2025-07-04 17:41:11.171500"
"move","669","3542.800048828125","2025-07-04 17:41:11.187800"
"move","668","3543.800048828125","2025-07-04 17:41:11.204100"
"move","666","3544.800048828125","2025-07-04 17:41:11.223100"
"scroll","","2984.800048828125","2025-07-04 17:41:11.474700"
"scroll","","3010.39990234375","2025-07-04 17:41:11.487700"
"scroll","","3060.800048828125","2025-07-04 17:41:11.503400"
"scroll","","3096.800048828125","2025-07-04 17:41:11.519700"
"scroll","","3139.199951171875","2025-07-04 17:41:11.536400"
"scroll","","3167.199951171875","2025-07-04 17:41:11.554200"
"scroll","","3188.800048828125","2025-07-04 17:41:11.569300"
"scroll","","3190.39990234375","2025-07-04 17:41:11.589900"
"scroll","","3210.39990234375","2025-07-04 17:41:11.602500"
"scroll","","3224.800048828125","2025-07-04 17:41:11.619300"
"scroll","","3236.800048828125","2025-07-04 17:41:11.637500"
"scroll","","3247.199951171875","2025-07-04 17:41:11.653100"
"scroll","","3255.199951171875","2025-07-04 17:41:11.670600"
"scroll","","3262.39990234375","2025-07-04 17:41:11.686300"
"scroll","","3268","2025-07-04 17:41:11.702500"
"scroll","","3274.39990234375","2025-07-04 17:41:11.721200"
"scroll","","3278.39990234375","2025-07-04 17:41:11.736300"
"scroll","","3283.199951171875","2025-07-04 17:41:11.752500"
"scroll","","3287.199951171875","2025-07-04 17:41:11.769100"
"scroll","","3290.39990234375","2025-07-04 17:41:11.787500"
"scroll","","3294.39990234375","2025-07-04 17:41:11.803800"
"scroll","","3296.800048828125","2025-07-04 17:41:11.819200"
"scroll","","3299.199951171875","2025-07-04 17:41:11.835500"
"scroll","","3302.39990234375","2025-07-04 17:41:11.852900"
"scroll","","3304","2025-07-04 17:41:11.869300"
"scroll","","3306.39990234375","2025-07-04 17:41:11.885800"
"scroll","","3308","2025-07-04 17:41:11.904200"
"scroll","","3348.800048828125","2025-07-04 17:41:12.053100"
"scroll","","3376","2025-07-04 17:41:12.069200"
"scroll","","3419.199951171875","2025-07-04 17:41:12.085300"
"scroll","","3444.800048828125","2025-07-04 17:41:12.102100"
"scroll","","3486.39990234375","2025-07-04 17:41:12.118700"
"scroll","","3507.199951171875","2025-07-04 17:41:12.153100"
"scroll","","3522.39990234375","2025-07-04 17:41:12.169500"
"scroll","","3534.39990234375","2025-07-04 17:41:12.185700"
"scroll","","3543.199951171875","2025-07-04 17:41:12.202300"
"scroll","","3551.199951171875","2025-07-04 17:41:12.218500"
"scroll","","3558.39990234375","2025-07-04 17:41:12.235400"
"scroll","","3564.800048828125","2025-07-04 17:41:12.251900"
"scroll","","3570.39990234375","2025-07-04 17:41:12.269000"
"scroll","","3575.199951171875","2025-07-04 17:41:12.286900"
"scroll","","3580","2025-07-04 17:41:12.302900"
"scroll","","3584","2025-07-04 17:41:12.319800"
"scroll","","3587.199951171875","2025-07-04 17:41:12.335400"
"scroll","","3590.39990234375","2025-07-04 17:41:12.352900"
"scroll","","3592.800048828125","2025-07-04 17:41:12.368800"
"scroll","","3596","2025-07-04 17:41:12.385600"
"scroll","","3599.199951171875","2025-07-04 17:41:12.402700"
"scroll","","3600.800048828125","2025-07-04 17:41:12.420100"
"scroll","","3603.199951171875","2025-07-04 17:41:12.435600"
"scroll","","3604.800048828125","2025-07-04 17:41:12.452800"
"scroll","","3606.39990234375","2025-07-04 17:41:12.468700"
"scroll","","3608","2025-07-04 17:41:12.486300"
"scroll","","3608.800048828125","2025-07-04 17:41:12.503000"
"scroll","","3611.199951171875","2025-07-04 17:41:12.518500"
"scroll","","3612","2025-07-04 17:41:12.535800"
"scroll","","3612.800048828125","2025-07-04 17:41:12.553000"
"scroll","","3614.39990234375","2025-07-04 17:41:12.570600"
"scroll","","3615.199951171875","2025-07-04 17:41:12.585500"
"scroll","","3616","2025-07-04 17:41:12.601600"
"scroll","","3616.800048828125","2025-07-04 17:41:12.635500"
"scroll","","3618.39990234375","2025-07-04 17:41:12.651800"
"scroll","","3619.199951171875","2025-07-04 17:41:12.685100"
"scroll","","3620","2025-07-04 17:41:12.720700"
"scroll","","3620.800048828125","2025-07-04 17:41:12.785800"
"move","664","4179.800048828125","2025-07-04 17:41:12.969200"
"move","661","4160.800048828125","2025-07-04 17:41:12.986600"
"move","660","4143.800048828125","2025-07-04 17:41:13.003100"
"move","659","4128.800048828125","2025-07-04 17:41:13.020300"
"move","658","4121.800048828125","2025-07-04 17:41:13.036300"
"move","658","4119.800048828125","2025-07-04 17:41:13.052100"
"move","658","4118.800048828125","2025-07-04 17:41:13.069600"
"move","657","4118.800048828125","2025-07-04 17:41:13.086700"
"scroll","","3623.199951171875","2025-07-04 17:41:13.338800"
"scroll","","3643.199951171875","2025-07-04 17:41:13.352400"
"scroll","","3671.199951171875","2025-07-04 17:41:13.368700"
"scroll","","3712","2025-07-04 17:41:13.384500"
"scroll","","3735.199951171875","2025-07-04 17:41:13.402600"
"scroll","","3754.39990234375","2025-07-04 17:41:13.419300"
"scroll","","3775.199951171875","2025-07-04 17:41:13.436900"
"scroll","","3787.199951171875","2025-07-04 17:41:13.452000"
"scroll","","3791.199951171875","2025-07-04 17:41:13.468300"
"scroll","","3799.199951171875","2025-07-04 17:41:13.502300"
"scroll","","3804","2025-07-04 17:41:13.517400"
"scroll","","3808","2025-07-04 17:41:13.534500"
"scroll","","3811.199951171875","2025-07-04 17:41:13.552300"
"scroll","","3812.800048828125","2025-07-04 17:41:13.568100"
"scroll","","3815.199951171875","2025-07-04 17:41:13.585400"
"scroll","","3816","2025-07-04 17:41:13.602400"
"scroll","","3816.800048828125","2025-07-04 17:41:13.618400"
"scroll","","3818.39990234375","2025-07-04 17:41:13.634200"
"scroll","","3819.199951171875","2025-07-04 17:41:13.650700"
"scroll","","3820","2025-07-04 17:41:13.685000"
"scroll","","3820.800048828125","2025-07-04 17:41:13.817600"
"move","644","4323.800048828125","2025-07-04 17:41:13.918500"
"move","629","4329.800048828125","2025-07-04 17:41:13.935600"
"move","614","4334.800048828125","2025-07-04 17:41:13.951500"
"move","595","4342.800048828125","2025-07-04 17:41:13.968100"
"move","582","4347.800048828125","2025-07-04 17:41:13.986900"
"move","571","4349.800048828125","2025-07-04 17:41:14.003600"
"move","561","4351.800048828125","2025-07-04 17:41:14.019100"
"move","558","4352.800048828125","2025-07-04 17:41:14.035400"
"move","556","4352.800048828125","2025-07-04 17:41:14.051400"
"move","555","4352.800048828125","2025-07-04 17:41:14.068900"
"move","553","4352.800048828125","2025-07-04 17:41:14.085100"
"move","552","4352.800048828125","2025-07-04 17:41:14.101800"
"move","551","4352.800048828125","2025-07-04 17:41:14.172700"
"move","550","4352.800048828125","2025-07-04 17:41:14.262900"
"move","550","4351.800048828125","2025-07-04 17:41:15.854100"
"move","551","4351.800048828125","2025-07-04 17:41:15.866100"
"move","552","4349.800048828125","2025-07-04 17:41:15.883400"
"move","553","4348.800048828125","2025-07-04 17:41:15.901700"
"move","556","4346.800048828125","2025-07-04 17:41:15.921500"
"move","556","4345.800048828125","2025-07-04 17:41:15.934200"
"move","556","4344.800048828125","2025-07-04 17:41:15.950500"
"move","557","4344.800048828125","2025-07-04 17:41:15.966100"
"move","558","4343.800048828125","2025-07-04 17:41:15.982400"
"move","559","4343.800048828125","2025-07-04 17:41:15.999400"
"move","560","4342.800048828125","2025-07-04 17:41:16.018800"
"move","562","4340.800048828125","2025-07-04 17:41:16.034200"
"move","564","4339.800048828125","2025-07-04 17:41:16.050300"
"move","565","4339.800048828125","2025-07-04 17:41:16.066800"
"move","566","4338.800048828125","2025-07-04 17:41:16.083500"
"move","568","4336.800048828125","2025-07-04 17:41:16.100400"
"move","569","4335.800048828125","2025-07-04 17:41:16.116500"
"move","570","4335.800048828125","2025-07-04 17:41:16.133400"
"move","571","4334.800048828125","2025-07-04 17:41:16.149800"
"move","571","4333.800048828125","2025-07-04 17:41:16.167100"
"move","572","4333.800048828125","2025-07-04 17:41:16.183500"
"move","572","4332.800048828125","2025-07-04 17:41:16.203700"
"move","573","4331.800048828125","2025-07-04 17:41:16.249900"
"move","574","4330.800048828125","2025-07-04 17:41:16.274300"
"move","575","4330.800048828125","2025-07-04 17:41:16.427700"
"move","575","4329.800048828125","2025-07-04 17:41:16.521300"
"move","576","4329.800048828125","2025-07-04 17:41:16.541700"
"move","576","4327.800048828125","2025-07-04 17:41:16.579800"
"move","576","4326.800048828125","2025-07-04 17:41:16.592400"
"move","577","4326.800048828125","2025-07-04 17:41:16.607400"
"move","577","4323.800048828125","2025-07-04 17:41:16.644100"
"move","577","4322.800048828125","2025-07-04 17:41:16.693800"
"move","578","4322.800048828125","2025-07-04 17:41:16.706400"
"move","578","4321.800048828125","2025-07-04 17:41:16.803400"
"move","580","4321.800048828125","2025-07-04 17:41:16.821000"
"move","580","4320.800048828125","2025-07-04 17:41:16.834200"
"move","580","4319.800048828125","2025-07-04 17:41:16.886400"
"move","580","4318.800048828125","2025-07-04 17:41:16.898700"
"move","580","4317.800048828125","2025-07-04 17:41:16.969800"
"move","581","4317.800048828125","2025-07-04 17:41:16.982100"
"move","581","4316.800048828125","2025-07-04 17:41:17.010200"
"move","581","4317.800048828125","2025-07-04 17:41:39.506200"
"move","581","4322.800048828125","2025-07-04 17:41:39.516600"
"move","581","4326.800048828125","2025-07-04 17:41:39.531700"
"move","581","4331.800048828125","2025-07-04 17:41:39.550500"
"move","581","4332.800048828125","2025-07-04 17:41:39.565100"
"move","581","4333.800048828125","2025-07-04 17:41:39.581600"
"move","581","4335.800048828125","2025-07-04 17:41:39.597600"
"move","581","4336.800048828125","2025-07-04 17:41:39.691100"
"move","581","4337.800048828125","2025-07-04 17:41:39.704200"
"move","581","4338.800048828125","2025-07-04 17:41:39.727300"
"move","581","4340.800048828125","2025-07-04 17:41:39.748300"
"move","581","4341.800048828125","2025-07-04 17:41:39.765200"
"move","581","4342.800048828125","2025-07-04 17:41:39.786100"
"move","581","4343.800048828125","2025-07-04 17:41:39.845800"
"move","581","4345.800048828125","2025-07-04 17:41:40.022900"
"move","581","4346.800048828125","2025-07-04 17:41:40.064800"
"move","580","4347.800048828125","2025-07-04 17:41:40.081600"
"move","579","4347.800048828125","2025-07-04 17:41:40.098200"
"move","575","4351.800048828125","2025-07-04 17:41:40.114200"
"move","564","4356.800048828125","2025-07-04 17:41:40.130300"
"move","556","4358.800048828125","2025-07-04 17:41:40.149500"
"move","548","4361.800048828125","2025-07-04 17:41:40.167600"
"move","544","4362.800048828125","2025-07-04 17:41:40.180800"
"move","540","4363.800048828125","2025-07-04 17:41:40.198200"
"move","532","4364.800048828125","2025-07-04 17:41:40.214900"
"move","524","4366.800048828125","2025-07-04 17:41:40.230200"
"move","512","4368.800048828125","2025-07-04 17:41:40.247400"
"move","504","4370.800048828125","2025-07-04 17:41:40.265500"
"move","494","4372.800048828125","2025-07-04 17:41:40.282800"
"move","483","4374.800048828125","2025-07-04 17:41:40.298500"
"move","463","4379.800048828125","2025-07-04 17:41:40.314000"
"move","454","4381.800048828125","2025-07-04 17:41:40.330700"
"move","448","4383.800048828125","2025-07-04 17:41:40.347300"
"move","440","4387.800048828125","2025-07-04 17:41:40.363300"
"move","432","4387.800048828125","2025-07-04 17:41:40.380400"
"move","428","4387.800048828125","2025-07-04 17:41:40.397200"
"move","422","4387.800048828125","2025-07-04 17:41:40.414600"
"move","418","4387.800048828125","2025-07-04 17:41:40.431200"
"move","416","4387.800048828125","2025-07-04 17:41:40.447200"
"move","415","4387.800048828125","2025-07-04 17:41:40.463600"
"move","414","4387.800048828125","2025-07-04 17:41:40.480400"
"move","412","4387.800048828125","2025-07-04 17:41:40.498900"
"move","411","4387.800048828125","2025-07-04 17:41:40.528300"
"move","410","4387.800048828125","2025-07-04 17:41:40.552600"
"move","409","4387.800048828125","2025-07-04 17:41:40.625300"
"move","408","4387.800048828125","2025-07-04 17:41:40.664300"
"move","407","4387.800048828125","2025-07-04 17:41:40.901800"
"move","407","4386.800048828125","2025-07-04 17:41:40.976800"
"move","409","4386.800048828125","2025-07-04 17:41:48.347600"
"move","415","4386.800048828125","2025-07-04 17:41:48.358000"
"move","426","4386.800048828125","2025-07-04 17:41:48.374200"
"move","438","4386.800048828125","2025-07-04 17:41:48.391200"
"move","452","4386.800048828125","2025-07-04 17:41:48.407100"
"move","462","4384.800048828125","2025-07-04 17:41:48.426200"
"move","468","4384.800048828125","2025-07-04 17:41:48.440900"
"move","476","4383.800048828125","2025-07-04 17:41:48.458500"
"move","492","4382.800048828125","2025-07-04 17:41:48.473700"
"move","498","4382.800048828125","2025-07-04 17:41:48.490900"
"move","511","4379.800048828125","2025-07-04 17:41:48.507800"
"move","518","4379.800048828125","2025-07-04 17:41:48.523600"
"move","526","4377.800048828125","2025-07-04 17:41:48.543500"
"move","536","4375.800048828125","2025-07-04 17:41:48.561700"
"move","542","4374.800048828125","2025-07-04 17:41:48.574000"
"move","548","4372.800048828125","2025-07-04 17:41:48.590500"
"move","552","4371.800048828125","2025-07-04 17:41:48.606900"
"move","556","4370.800048828125","2025-07-04 17:41:48.624500"
"move","560","4369.800048828125","2025-07-04 17:41:48.641200"
"move","566","4368.800048828125","2025-07-04 17:41:48.658700"
"move","571","4367.800048828125","2025-07-04 17:41:48.674600"
"move","582","4364.800048828125","2025-07-04 17:41:48.696600"
"move","590","4361.800048828125","2025-07-04 17:41:48.708000"
"move","596","4359.800048828125","2025-07-04 17:41:48.724100"
"move","604","4355.800048828125","2025-07-04 17:41:48.740200"
"move","610","4351.800048828125","2025-07-04 17:41:48.757000"
"move","616","4344.800048828125","2025-07-04 17:41:48.776000"
"move","622","4339.800048828125","2025-07-04 17:41:48.793400"
"move","627","4336.800048828125","2025-07-04 17:41:48.808300"
"move","629","4333.800048828125","2025-07-04 17:41:48.825100"
"move","636","4331.800048828125","2025-07-04 17:41:48.840800"
"move","639","4329.800048828125","2025-07-04 17:41:48.858100"
"move","642","4326.800048828125","2025-07-04 17:41:48.873700"
"move","646","4323.800048828125","2025-07-04 17:41:48.890200"
"move","648","4319.800048828125","2025-07-04 17:41:48.908600"
"move","654","4315.800048828125","2025-07-04 17:41:48.927700"
"move","656","4311.800048828125","2025-07-04 17:41:48.943000"
"move","665","4303.800048828125","2025-07-04 17:41:48.977500"
"move","669","4301.800048828125","2025-07-04 17:41:48.991300"
"move","672","4298.800048828125","2025-07-04 17:41:49.008700"
"move","676","4295.800048828125","2025-07-04 17:41:49.025600"
"move","676","4294.800048828125","2025-07-04 17:41:49.041300"
"move","678","4294.800048828125","2025-07-04 17:41:49.058900"
"move","680","4293.800048828125","2025-07-04 17:41:49.091500"
"move","680","4291.800048828125","2025-07-04 17:41:49.108200"
"move","682","4290.800048828125","2025-07-04 17:41:49.124600"
"move","684","4288.800048828125","2025-07-04 17:41:49.140900"
"move","689","4283.800048828125","2025-07-04 17:41:49.157100"
"move","692","4281.800048828125","2025-07-04 17:41:49.175000"
"move","696","4279.800048828125","2025-07-04 17:41:49.190400"
"move","700","4275.800048828125","2025-07-04 17:41:49.208300"
"move","706","4271.800048828125","2025-07-04 17:41:49.226300"
"move","712","4267.800048828125","2025-07-04 17:41:49.241300"
"move","719","4263.800048828125","2025-07-04 17:41:49.260300"
"move","722","4262.800048828125","2025-07-04 17:41:49.273300"
"move","729","4259.800048828125","2025-07-04 17:41:49.289500"
"move","737","4258.800048828125","2025-07-04 17:41:49.306500"
"move","743","4258.800048828125","2025-07-04 17:41:49.322800"
"move","747","4257.800048828125","2025-07-04 17:41:49.339600"
"move","752","4256.800048828125","2025-07-04 17:41:49.356600"
"move","755","4256.800048828125","2025-07-04 17:41:49.373500"
"move","756","4256.800048828125","2025-07-04 17:41:49.389500"
"move","758","4256.800048828125","2025-07-04 17:41:49.406100"
"move","759","4256.800048828125","2025-07-04 17:41:49.460000"
"move","760","4256.800048828125","2025-07-04 17:41:49.506500"
"move","761","4256.800048828125","2025-07-04 17:41:49.573200"
"move","762","4256.800048828125","2025-07-04 17:41:49.622900"
"move","763","4256.800048828125","2025-07-04 17:41:49.675300"
"move","764","4256.800048828125","2025-07-04 17:41:49.689000"
"move","765","4256.800048828125","2025-07-04 17:41:49.740600"
"move","766","4256.800048828125","2025-07-04 17:41:49.764200"
"move","767","4256.800048828125","2025-07-04 17:41:49.806000"
"move","768","4256.800048828125","2025-07-04 17:41:49.836200"
"move","768","4257.800048828125","2025-07-04 17:41:49.874100"
"move","768","4257.800048828125","2025-07-04 17:41:50.258500"
"click","768","4257.800048828125","2025-07-04 17:41:50.308400"
"move","771","4259.800048828125","2025-07-04 17:41:50.549000"
"move","777","4262.800048828125","2025-07-04 17:41:50.560100"
"move","788","4268.800048828125","2025-07-04 17:41:50.571800"
"move","802","4274.800048828125","2025-07-04 17:41:50.589200"
"move","831","4285.800048828125","2025-07-04 17:41:50.605700"
"move","871","4295.800048828125","2025-07-04 17:41:50.622200"
"move","918","4302.800048828125","2025-07-04 17:41:50.640000"
"move","948","4303.800048828125","2025-07-04 17:41:50.656100"
"move","1012","4299.800048828125","2025-07-04 17:41:50.673700"
"move","1029","4295.800048828125","2025-07-04 17:41:50.689100"
"move","1054","4287.800048828125","2025-07-04 17:41:50.705400"
"move","1063","4283.800048828125","2025-07-04 17:41:50.723200"
"move","1067","4279.800048828125","2025-07-04 17:41:50.739400"
"move","1070","4279.800048828125","2025-07-04 17:41:50.755900"
"move","1071","4279.800048828125","2025-07-04 17:41:50.772700"
"move","1072","4278.800048828125","2025-07-04 17:41:50.789700"
"move","1072","4279.800048828125","2025-07-04 17:41:51.779900"
"move","1073","4279.800048828125","2025-07-04 17:41:51.822800"
"move","1073","4280.800048828125","2025-07-04 17:41:51.844900"
"move","1074","4280.800048828125","2025-07-04 17:41:51.856800"
"move","1074","4281.800048828125","2025-07-04 17:41:51.958800"
"move","1075","4281.800048828125","2025-07-04 17:41:52.217700"
"move","1076","4281.800048828125","2025-07-04 17:41:52.487900"
"move","1078","4281.800048828125","2025-07-04 17:41:52.990300"
"move","1080","4280.800048828125","2025-07-04 17:41:53.004300"
"move","1086","4279.800048828125","2025-07-04 17:41:53.020300"
"move","1095","4274.800048828125","2025-07-04 17:41:53.039600"
"move","1108","4267.800048828125","2025-07-04 17:41:53.056900"
"move","1120","4260.800048828125","2025-07-04 17:41:53.074900"
"move","1129","4255.800048828125","2025-07-04 17:41:53.087300"
"move","1139","4247.800048828125","2025-07-04 17:41:53.103400"
"move","1148","4237.800048828125","2025-07-04 17:41:53.122200"
"move","1156","4227.800048828125","2025-07-04 17:41:53.137300"
"move","1157","4224.800048828125","2025-07-04 17:41:53.153800"
"move","1160","4221.800048828125","2025-07-04 17:41:53.172200"
"move","1161","4220.800048828125","2025-07-04 17:41:53.188000"
"move","1161","4219.800048828125","2025-07-04 17:41:53.204400"
"move","1161","4218.800048828125","2025-07-04 17:41:53.237100"
"move","1161","4216.800048828125","2025-07-04 17:41:53.301500"
"move","1161","4215.800048828125","2025-07-04 17:41:53.337200"
"move","1160","4215.800048828125","2025-07-04 17:41:53.388500"
"move","1159","4215.800048828125","2025-07-04 17:41:53.404200"
"move","1156","4215.800048828125","2025-07-04 17:41:53.421000"
"move","1154","4215.800048828125","2025-07-04 17:41:53.438400"
"move","1151","4215.800048828125","2025-07-04 17:41:53.455600"
"move","1147","4215.800048828125","2025-07-04 17:41:53.476100"
"move","1144","4217.800048828125","2025-07-04 17:41:53.488400"
"move","1140","4218.800048828125","2025-07-04 17:41:53.504100"
"move","1137","4218.800048828125","2025-07-04 17:41:53.520700"
"move","1136","4219.800048828125","2025-07-04 17:41:53.537600"
"move","1135","4219.800048828125","2025-07-04 17:41:53.554900"
"move","1133","4219.800048828125","2025-07-04 17:41:53.570800"
"move","1132","4219.800048828125","2025-07-04 17:41:53.587800"
"move","1131","4219.800048828125","2025-07-04 17:41:53.675100"
"move","1130","4219.800048828125","2025-07-04 17:41:53.820600"
"move","1129","4220.800048828125","2025-07-04 17:41:59.221000"
"move","1128","4223.800048828125","2025-07-04 17:41:59.234800"
"move","1128","4225.800048828125","2025-07-04 17:41:59.250100"
"move","1128","4226.800048828125","2025-07-04 17:41:59.266800"
"move","1126","4228.800048828125","2025-07-04 17:41:59.283000"
"move","1126","4230.800048828125","2025-07-04 17:41:59.299300"
"move","1125","4231.800048828125","2025-07-04 17:41:59.315800"
"move","1125","4232.800048828125","2025-07-04 17:41:59.338700"
"move","1124","4233.800048828125","2025-07-04 17:41:59.349800"
"move","1124","4234.800048828125","2025-07-04 17:41:59.367100"
"move","1124","4235.800048828125","2025-07-04 17:41:59.382800"
"move","1123","4237.800048828125","2025-07-04 17:41:59.399600"
"move","1122","4238.800048828125","2025-07-04 17:41:59.416100"
"move","1121","4242.800048828125","2025-07-04 17:41:59.432100"
"move","1120","4246.800048828125","2025-07-04 17:41:59.449300"
"move","1118","4248.800048828125","2025-07-04 17:41:59.466000"
"move","1117","4251.800048828125","2025-07-04 17:41:59.482500"
"move","1116","4253.800048828125","2025-07-04 17:41:59.499500"
"move","1116","4255.800048828125","2025-07-04 17:41:59.517200"
"move","1116","4259.800048828125","2025-07-04 17:41:59.533700"
"move","1115","4259.800048828125","2025-07-04 17:41:59.550200"
"move","1113","4263.800048828125","2025-07-04 17:41:59.565700"
"move","1112","4265.800048828125","2025-07-04 17:41:59.582500"
"move","1111","4269.800048828125","2025-07-04 17:41:59.598800"
"move","1110","4271.800048828125","2025-07-04 17:41:59.616900"
"move","1108","4275.800048828125","2025-07-04 17:41:59.633200"
"move","1108","4279.800048828125","2025-07-04 17:41:59.650800"
"move","1106","4283.800048828125","2025-07-04 17:41:59.667600"
"move","1104","4287.800048828125","2025-07-04 17:41:59.682700"
"move","1104","4291.800048828125","2025-07-04 17:41:59.699300"
"move","1104","4293.800048828125","2025-07-04 17:41:59.715500"
"move","1103","4298.800048828125","2025-07-04 17:41:59.731500"
"move","1103","4299.800048828125","2025-07-04 17:41:59.749900"
"move","1101","4302.800048828125","2025-07-04 17:41:59.766500"
"move","1101","4304.800048828125","2025-07-04 17:41:59.782700"
"move","1100","4307.800048828125","2025-07-04 17:41:59.799300"
"move","1100","4309.800048828125","2025-07-04 17:41:59.815700"
"move","1100","4311.800048828125","2025-07-04 17:41:59.831600"
"move","1100","4312.800048828125","2025-07-04 17:41:59.854900"
"move","1100","4313.800048828125","2025-07-04 17:41:59.865700"
"move","1099","4313.800048828125","2025-07-04 17:41:59.882600"
"move","1099","4315.800048828125","2025-07-04 17:41:59.940300"
"move","1098","4315.800048828125","2025-07-04 17:41:59.999000"
"move","1097","4317.800048828125","2025-07-04 17:42:00.049800"
"move","1096","4318.800048828125","2025-07-04 17:42:00.066200"
"move","1095","4319.800048828125","2025-07-04 17:42:00.083500"
"move","1093","4323.800048828125","2025-07-04 17:42:00.098900"
"move","1092","4326.800048828125","2025-07-04 17:42:00.115400"
"move","1090","4328.800048828125","2025-07-04 17:42:00.132800"
"move","1088","4330.800048828125","2025-07-04 17:42:00.151300"
"move","1088","4331.800048828125","2025-07-04 17:42:00.165300"
"move","1088","4333.800048828125","2025-07-04 17:42:00.182400"
"move","1086","4335.800048828125","2025-07-04 17:42:00.198000"
"move","1086","4337.800048828125","2025-07-04 17:42:00.214800"
"move","1085","4338.800048828125","2025-07-04 17:42:00.232200"
"move","1084","4340.800048828125","2025-07-04 17:42:00.249000"
"move","1084","4341.800048828125","2025-07-04 17:42:00.266300"
"move","1084","4343.800048828125","2025-07-04 17:42:00.283200"
"move","1083","4343.800048828125","2025-07-04 17:42:00.307000"
"move","1083","4344.800048828125","2025-07-04 17:42:00.320600"
"move","1083","4346.800048828125","2025-07-04 17:42:00.366200"
"move","1083","4344.800048828125","2025-07-04 17:42:00.532600"
"move","1083","4342.800048828125","2025-07-04 17:42:00.549100"
"move","1084","4337.800048828125","2025-07-04 17:42:00.565300"
"move","1084","4335.800048828125","2025-07-04 17:42:00.582900"
"move","1084","4333.800048828125","2025-07-04 17:42:00.598400"
"move","1084","4330.800048828125","2025-07-04 17:42:00.615200"
"move","1084","4329.800048828125","2025-07-04 17:42:00.631500"
"move","1084","4327.800048828125","2025-07-04 17:42:00.647600"
"move","1084","4325.800048828125","2025-07-04 17:42:00.700700"
"move","1084","4324.800048828125","2025-07-04 17:42:00.721900"
"move","1083","4323.800048828125","2025-07-04 17:42:00.732300"
"move","1082","4323.800048828125","2025-07-04 17:42:00.748100"
"move","1080","4321.800048828125","2025-07-04 17:42:00.764400"
"move","1080","4319.800048828125","2025-07-04 17:42:00.781600"
"move","1077","4318.800048828125","2025-07-04 17:42:00.799000"
"move","1075","4317.800048828125","2025-07-04 17:42:00.815600"
"move","1074","4316.800048828125","2025-07-04 17:42:00.832500"
"move","1073","4316.800048828125","2025-07-04 17:42:00.848600"
"move","1071","4315.800048828125","2025-07-04 17:42:00.864900"
"move","1070","4315.800048828125","2025-07-04 17:42:00.881200"
"move","1069","4314.800048828125","2025-07-04 17:42:00.899100"
"move","1068","4313.800048828125","2025-07-04 17:42:00.914700"
"move","1068","4312.800048828125","2025-07-04 17:42:00.931300"
"move","1068","4311.800048828125","2025-07-04 17:42:00.948700"
"move","1067","4311.800048828125","2025-07-04 17:42:01.008000"
"move","1070","4310.800048828125","2025-07-04 17:42:05.517200"
"move","1073","4307.800048828125","2025-07-04 17:42:05.527100"
"move","1084","4303.800048828125","2025-07-04 17:42:05.544400"
"move","1105","4290.800048828125","2025-07-04 17:42:05.560300"
"move","1118","4281.800048828125","2025-07-04 17:42:05.577400"
"move","1124","4275.800048828125","2025-07-04 17:42:05.594500"
"move","1131","4269.800048828125","2025-07-04 17:42:05.611500"
"move","1140","4260.800048828125","2025-07-04 17:42:05.628400"
"move","1142","4258.800048828125","2025-07-04 17:42:05.644700"
"move","1146","4254.800048828125","2025-07-04 17:42:05.661400"
"move","1148","4251.800048828125","2025-07-04 17:42:05.678400"
"move","1150","4249.800048828125","2025-07-04 17:42:05.693500"
"move","1152","4246.800048828125","2025-07-04 17:42:05.712000"
"move","1155","4242.800048828125","2025-07-04 17:42:05.729500"
"move","1159","4236.800048828125","2025-07-04 17:42:05.744800"
"move","1162","4232.800048828125","2025-07-04 17:42:05.761200"
"move","1165","4227.800048828125","2025-07-04 17:42:05.778200"
"move","1167","4222.800048828125","2025-07-04 17:42:05.794700"
"move","1170","4214.800048828125","2025-07-04 17:42:05.810700"
"move","1174","4205.800048828125","2025-07-04 17:42:05.827200"
"move","1174","4203.800048828125","2025-07-04 17:42:05.845300"
"move","1174","4202.800048828125","2025-07-04 17:42:05.861700"
"move","1174","4200.800048828125","2025-07-04 17:42:05.878900"
"move","1174","4199.800048828125","2025-07-04 17:42:05.940100"
"move","1174","4198.800048828125","2025-07-04 17:42:06.040200"
"move","1172","4198.800048828125","2025-07-04 17:42:06.078500"
"move","1171","4198.800048828125","2025-07-04 17:42:06.101700"
"move","1170","4198.800048828125","2025-07-04 17:42:06.112900"
"move","1167","4198.800048828125","2025-07-04 17:42:06.127400"
"move","1164","4198.800048828125","2025-07-04 17:42:06.143600"
"move","1161","4198.800048828125","2025-07-04 17:42:06.159500"
"move","1158","4198.800048828125","2025-07-04 17:42:06.176300"
"move","1157","4198.800048828125","2025-07-04 17:42:06.193700"
"move","1156","4198.800048828125","2025-07-04 17:42:06.209600"
"move","1154","4198.800048828125","2025-07-04 17:42:06.235900"
"move","1153","4198.800048828125","2025-07-04 17:42:06.304000"
"move","1152","4198.800048828125","2025-07-04 17:42:06.354900"
"move","1152","4195.800048828125","2025-07-04 17:42:06.392800"
"move","1152","4194.800048828125","2025-07-04 17:42:06.491100"
"move","1152","4193.800048828125","2025-07-04 17:42:06.547900"
"move","1152","4192.800048828125","2025-07-04 17:42:06.592800"
"move","1152","4191.800048828125","2025-07-04 17:42:06.613900"
"click","1152","4191.800048828125","2025-07-04 17:42:07.033300"
"move","1152","4195.800048828125","2025-07-04 17:42:07.303000"
"move","1152","4201.800048828125","2025-07-04 17:42:07.314000"
"move","1152","4209.800048828125","2025-07-04 17:42:07.328700"
"move","1151","4219.800048828125","2025-07-04 17:42:07.344500"
"move","1150","4225.800048828125","2025-07-04 17:42:07.361100"
"move","1148","4233.800048828125","2025-07-04 17:42:07.376400"
"move","1147","4238.800048828125","2025-07-04 17:42:07.393300"
"move","1144","4249.800048828125","2025-07-04 17:42:07.412000"
"move","1142","4257.800048828125","2025-07-04 17:42:07.428300"
"move","1140","4266.800048828125","2025-07-04 17:42:07.445500"
"move","1136","4274.800048828125","2025-07-04 17:42:07.460600"
"move","1134","4283.800048828125","2025-07-04 17:42:07.476500"
"move","1131","4293.800048828125","2025-07-04 17:42:07.493100"
"move","1126","4305.800048828125","2025-07-04 17:42:07.510100"
"move","1124","4311.800048828125","2025-07-04 17:42:07.526700"
"move","1122","4319.800048828125","2025-07-04 17:42:07.542700"
"move","1119","4326.800048828125","2025-07-04 17:42:07.560200"
"move","1117","4328.800048828125","2025-07-04 17:42:07.576400"
"move","1116","4332.800048828125","2025-07-04 17:42:07.594100"
"move","1114","4336.800048828125","2025-07-04 17:42:07.610300"
"move","1111","4340.800048828125","2025-07-04 17:42:07.625600"
"move","1108","4343.800048828125","2025-07-04 17:42:07.642700"
"move","1104","4348.800048828125","2025-07-04 17:42:07.659200"
"move","1101","4352.800048828125","2025-07-04 17:42:07.675600"
"move","1100","4354.800048828125","2025-07-04 17:42:07.692900"
"move","1093","4356.800048828125","2025-07-04 17:42:08.584400"
"move","1018","4372.800048828125","2025-07-04 17:42:08.608900"
"move","935","4382.800048828125","2025-07-04 17:42:08.632000"
"move","880","4386.800048828125","2025-07-04 17:42:08.642300"
"move","848","4389.800048828125","2025-07-04 17:42:08.658200"
"move","823","4389.800048828125","2025-07-04 17:42:08.674900"
"move","802","4389.800048828125","2025-07-04 17:42:08.691000"
"move","797","4389.800048828125","2025-07-04 17:42:08.708600"
"move","796","4389.800048828125","2025-07-04 17:42:08.726100"
"scroll","","3822.39990234375","2025-07-04 17:42:08.933700"
"scroll","","3835.199951171875","2025-07-04 17:42:08.942000"
"scroll","","3900.800048828125","2025-07-04 17:42:08.957500"
"scroll","","3970.39990234375","2025-07-04 17:42:08.974400"
"scroll","","4090.39990234375","2025-07-04 17:42:08.995400"
"scroll","","4160","2025-07-04 17:42:09.010600"
"scroll","","4172","2025-07-04 17:42:09.027400"
"scroll","","4191.2001953125","2025-07-04 17:42:09.044000"
"scroll","","4192","2025-07-04 17:42:09.059000"
"scroll","","4220.7998046875","2025-07-04 17:42:09.073900"
"scroll","","4244","2025-07-04 17:42:09.091800"
"scroll","","4262.39990234375","2025-07-04 17:42:09.107300"
"scroll","","4276.7998046875","2025-07-04 17:42:09.124500"
"scroll","","4291.2001953125","2025-07-04 17:42:09.143600"
"scroll","","4302.39990234375","2025-07-04 17:42:09.158000"
"scroll","","4312","2025-07-04 17:42:09.177700"
"scroll","","4320.7998046875","2025-07-04 17:42:09.190700"
"scroll","","4330.39990234375","2025-07-04 17:42:09.207100"
"scroll","","4336.7998046875","2025-07-04 17:42:09.224300"
"scroll","","4344","2025-07-04 17:42:09.241000"
"scroll","","4351.2001953125","2025-07-04 17:42:09.258500"
"scroll","","4356.7998046875","2025-07-04 17:42:09.274500"
"scroll","","4362.39990234375","2025-07-04 17:42:09.294200"
"scroll","","4367.2001953125","2025-07-04 17:42:09.307400"
"scroll","","4372","2025-07-04 17:42:09.323900"
"scroll","","4376.7998046875","2025-07-04 17:42:09.344000"
"scroll","","4454.39990234375","2025-07-04 17:42:09.590800"
"scroll","","4567.2001953125","2025-07-04 17:42:09.608600"
"scroll","","4624.7998046875","2025-07-04 17:42:09.624200"
"scroll","","4663.2001953125","2025-07-04 17:42:09.642900"
"scroll","","4690.39990234375","2025-07-04 17:42:09.658100"
"scroll","","4708","2025-07-04 17:42:09.673700"
"scroll","","4720.7998046875","2025-07-04 17:42:09.708300"
"scroll","","4730.39990234375","2025-07-04 17:42:09.723600"
"scroll","","4736.7998046875","2025-07-04 17:42:09.740300"
"scroll","","4743.2001953125","2025-07-04 17:42:09.760300"
"scroll","","4748","2025-07-04 17:42:09.774000"
"scroll","","4751.2001953125","2025-07-04 17:42:09.789900"
"scroll","","4755.2001953125","2025-07-04 17:42:09.807600"
"scroll","","4758.39990234375","2025-07-04 17:42:09.823300"
"scroll","","4760","2025-07-04 17:42:09.841200"
"scroll","","4762.39990234375","2025-07-04 17:42:09.858200"
"scroll","","4764","2025-07-04 17:42:09.873700"
"scroll","","4766.39990234375","2025-07-04 17:42:09.890300"
"scroll","","4767.2001953125","2025-07-04 17:42:09.907000"
"scroll","","4768","2025-07-04 17:42:09.923300"
"scroll","","4770.39990234375","2025-07-04 17:42:09.940100"
"scroll","","4771.2001953125","2025-07-04 17:42:09.974500"
"scroll","","4772","2025-07-04 17:42:09.989900"
"scroll","","4772.7998046875","2025-07-04 17:42:10.007800"
"scroll","","4774.39990234375","2025-07-04 17:42:10.057200"
"scroll","","4803.2001953125","2025-07-04 17:42:10.125600"
"scroll","","4832.7998046875","2025-07-04 17:42:10.139900"
"scroll","","4879.2001953125","2025-07-04 17:42:10.159400"
"scroll","","4948","2025-07-04 17:42:10.175000"
"scroll","","5003.2001953125","2025-07-04 17:42:10.190400"
"scroll","","5011.2001953125","2025-07-04 17:42:10.207100"
"scroll","","5042.39990234375","2025-07-04 17:42:10.241000"
"scroll","","5064.7998046875","2025-07-04 17:42:10.256500"
"scroll","","5084","2025-07-04 17:42:10.273300"
"scroll","","5099.2001953125","2025-07-04 17:42:10.305600"
"scroll","","5112","2025-07-04 17:42:10.322500"
"scroll","","5124.7998046875","2025-07-04 17:42:10.339300"
"scroll","","5135.2001953125","2025-07-04 17:42:10.355700"
"scroll","","5144","2025-07-04 17:42:10.372200"
"scroll","","5152.7998046875","2025-07-04 17:42:10.389000"
"scroll","","5160.7998046875","2025-07-04 17:42:10.405600"
"scroll","","5168","2025-07-04 17:42:10.422100"
"scroll","","5174.39990234375","2025-07-04 17:42:10.438700"
"scroll","","5180.7998046875","2025-07-04 17:42:10.455500"
"scroll","","5186.39990234375","2025-07-04 17:42:10.472800"
"scroll","","5192","2025-07-04 17:42:10.488900"
"scroll","","5196.7998046875","2025-07-04 17:42:10.505400"
"scroll","","5200.7998046875","2025-07-04 17:42:10.522300"
"scroll","","5206.39990234375","2025-07-04 17:42:10.538700"
"scroll","","5210.39990234375","2025-07-04 17:42:10.555300"
"scroll","","5214.39990234375","2025-07-04 17:42:10.572000"
"scroll","","5216.7998046875","2025-07-04 17:42:10.588500"
"scroll","","5220","2025-07-04 17:42:10.605500"
"scroll","","5224","2025-07-04 17:42:10.621900"
"scroll","","5240","2025-07-04 17:42:11.760300"
"scroll","","5259.2001953125","2025-07-04 17:42:11.773800"
"scroll","","5304","2025-07-04 17:42:11.789900"
"scroll","","5382.39990234375","2025-07-04 17:42:11.805200"
"scroll","","5446.39990234375","2025-07-04 17:42:11.821600"
"scroll","","5491.2001953125","2025-07-04 17:42:11.840200"
"scroll","","5542.39990234375","2025-07-04 17:42:11.856200"
"scroll","","5571.2001953125","2025-07-04 17:42:11.872400"
"scroll","","5592.7998046875","2025-07-04 17:42:11.905500"
"scroll","","5608.7998046875","2025-07-04 17:42:11.922200"
"scroll","","5620.7998046875","2025-07-04 17:42:11.938600"
"scroll","","5632","2025-07-04 17:42:11.954900"
"scroll","","5640","2025-07-04 17:42:11.972500"
"scroll","","5648","2025-07-04 17:42:11.989000"
"scroll","","5655.2001953125","2025-07-04 17:42:12.006300"
"scroll","","5660.7998046875","2025-07-04 17:42:12.022800"
"scroll","","5666.39990234375","2025-07-04 17:42:12.038700"
"scroll","","5671.2001953125","2025-07-04 17:42:12.055100"
"scroll","","5675.2001953125","2025-07-04 17:42:12.071800"
"scroll","","5679.2001953125","2025-07-04 17:42:12.089000"
"scroll","","5682.39990234375","2025-07-04 17:42:12.104800"
"scroll","","5686.39990234375","2025-07-04 17:42:12.122000"
"scroll","","5688.7998046875","2025-07-04 17:42:12.138700"
"scroll","","5692","2025-07-04 17:42:12.156500"
"scroll","","5694.39990234375","2025-07-04 17:42:12.174400"
"scroll","","5696","2025-07-04 17:42:12.190600"
"scroll","","5698.39990234375","2025-07-04 17:42:12.205100"
"scroll","","5700","2025-07-04 17:42:12.223900"
"scroll","","5702.39990234375","2025-07-04 17:42:12.238300"
"scroll","","5704","2025-07-04 17:42:12.254600"
"scroll","","5704.7998046875","2025-07-04 17:42:12.271600"
"scroll","","5716","2025-07-04 17:42:12.455300"
"scroll","","5734.39990234375","2025-07-04 17:42:12.471700"
"scroll","","5746.39990234375","2025-07-04 17:42:12.488100"
"scroll","","5764","2025-07-04 17:42:12.505900"
"scroll","","5795.2001953125","2025-07-04 17:42:12.522000"
"scroll","","5816.7998046875","2025-07-04 17:42:12.537700"
"scroll","","5835.2001953125","2025-07-04 17:42:12.555300"
"scroll","","5860","2025-07-04 17:42:12.587400"
"scroll","","5872","2025-07-04 17:42:12.603700"
"scroll","","5880","2025-07-04 17:42:12.620200"
"scroll","","5890.39990234375","2025-07-04 17:42:12.637000"
"scroll","","5891.2001953125","2025-07-04 17:42:12.653500"
"scroll","","5895.2001953125","2025-07-04 17:42:12.671600"
"scroll","","5896","2025-07-04 17:42:12.688600"
"scroll","","5896.7998046875","2025-07-04 17:42:12.704900"
"scroll","","5898.39990234375","2025-07-04 17:42:12.721400"
"scroll","","5899.2001953125","2025-07-04 17:42:12.755200"
"move","794","6468.2001953125","2025-07-04 17:42:13.187600"
"move","786","6468.2001953125","2025-07-04 17:42:13.205800"
"move","773","6468.2001953125","2025-07-04 17:42:13.237400"
"move","757","6470.2001953125","2025-07-04 17:42:13.257100"
"move","741","6473.2001953125","2025-07-04 17:42:13.272900"
"move","726","6477.2001953125","2025-07-04 17:42:13.289200"
"move","720","6480.2001953125","2025-07-04 17:42:13.306700"
"move","709","6482.2001953125","2025-07-04 17:42:13.325000"
"move","696","6487.2001953125","2025-07-04 17:42:13.341700"
"move","688","6489.2001953125","2025-07-04 17:42:13.371200"
"move","682","6491.2001953125","2025-07-04 17:42:13.396100"
"move","680","6491.2001953125","2025-07-04 17:42:13.407400"
"move","680","6492.2001953125","2025-07-04 17:42:13.422700"
"move","679","6492.2001953125","2025-07-04 17:42:13.438900"
"scroll","","5904","2025-07-04 17:42:13.793000"
"scroll","","5908.7998046875","2025-07-04 17:42:13.804100"
"scroll","","5915.2001953125","2025-07-04 17:42:13.821800"
"scroll","","5920","2025-07-04 17:42:13.837100"
"scroll","","5924.7998046875","2025-07-04 17:42:13.853600"
"scroll","","5930.39990234375","2025-07-04 17:42:13.903500"
"scroll","","5934.39990234375","2025-07-04 17:42:13.919800"
"scroll","","5935.2001953125","2025-07-04 17:42:13.936300"
"scroll","","5936.7998046875","2025-07-04 17:42:13.953500"
"scroll","","5939.2001953125","2025-07-04 17:42:13.969300"
"scroll","","5940.7998046875","2025-07-04 17:42:13.986000"
"scroll","","5943.2001953125","2025-07-04 17:42:14.002800"
"scroll","","5944.7998046875","2025-07-04 17:42:14.019200"
"scroll","","5947.2001953125","2025-07-04 17:42:14.036000"
"scroll","","5948.7998046875","2025-07-04 17:42:14.052900"
"scroll","","5951.2001953125","2025-07-04 17:42:14.069200"
"scroll","","5952","2025-07-04 17:42:14.086700"
"scroll","","5952.7998046875","2025-07-04 17:42:14.102800"
"scroll","","5955.2001953125","2025-07-04 17:42:14.119300"
"scroll","","5956","2025-07-04 17:42:14.136300"
"scroll","","5956.7998046875","2025-07-04 17:42:14.152400"
"scroll","","5959.2001953125","2025-07-04 17:42:14.169100"
"scroll","","5960","2025-07-04 17:42:14.205600"
"scroll","","5959.2001953125","2025-07-04 17:42:14.272700"
"move","677","6551.2001953125","2025-07-04 17:42:14.613600"
"move","668","6544.2001953125","2025-07-04 17:42:14.639500"
"move","662","6540.2001953125","2025-07-04 17:42:14.656600"
"move","654","6534.2001953125","2025-07-04 17:42:14.675500"
"move","652","6531.2001953125","2025-07-04 17:42:14.687900"
"move","649","6530.2001953125","2025-07-04 17:42:14.704100"
"move","647","6528.2001953125","2025-07-04 17:42:14.720200"
"move","645","6526.2001953125","2025-07-04 17:42:14.736800"
"move","642","6523.2001953125","2025-07-04 17:42:14.756700"
"move","638","6518.2001953125","2025-07-04 17:42:14.776000"
"move","635","6513.2001953125","2025-07-04 17:42:14.792000"
"move","631","6508.2001953125","2025-07-04 17:42:14.804100"
"move","628","6502.2001953125","2025-07-04 17:42:14.824200"
"move","624","6497.2001953125","2025-07-04 17:42:14.837400"
"move","623","6490.2001953125","2025-07-04 17:42:14.853900"
"move","620","6480.2001953125","2025-07-04 17:42:14.871000"
"move","620","6474.2001953125","2025-07-04 17:42:14.889400"
"move","620","6467.2001953125","2025-07-04 17:42:14.906100"
"move","620","6463.2001953125","2025-07-04 17:42:14.921900"
"move","620","6458.2001953125","2025-07-04 17:42:14.940000"
"move","620","6456.2001953125","2025-07-04 17:42:14.956000"
"move","620","6453.2001953125","2025-07-04 17:42:14.973100"
"move","620","6452.2001953125","2025-07-04 17:42:14.986800"
"move","620","6451.2001953125","2025-07-04 17:42:15.004000"
"move","620","6450.2001953125","2025-07-04 17:42:15.020000"
"move","620","6449.2001953125","2025-07-04 17:42:15.053300"
"move","620","6448.2001953125","2025-07-04 17:42:15.085200"
"move","620","6447.2001953125","2025-07-04 17:42:15.137700"
"move","620","6446.2001953125","2025-07-04 17:42:15.252300"
"move","620","6445.2001953125","2025-07-04 17:42:15.287100"
"move","620","6444.2001953125","2025-07-04 17:42:15.303200"
"move","620","6443.2001953125","2025-07-04 17:42:15.320100"
"move","620","6442.2001953125","2025-07-04 17:42:15.336600"
"move","620","6441.2001953125","2025-07-04 17:42:15.388100"
"move","620","6440.2001953125","2025-07-04 17:42:15.459200"
"move","620","6439.2001953125","2025-07-04 17:42:15.599000"
"move","620","6438.2001953125","2025-07-04 17:42:15.686000"
"move","621","6438.2001953125","2025-07-04 17:42:15.873200"
"move","622","6438.2001953125","2025-07-04 17:42:15.930000"
"move","623","6438.2001953125","2025-07-04 17:42:15.946500"
"move","624","6438.2001953125","2025-07-04 17:42:15.967800"
"move","625","6438.2001953125","2025-07-04 17:42:16.019100"
"move","626","6438.2001953125","2025-07-04 17:42:16.095300"
"move","626","6439.2001953125","2025-07-04 17:42:16.115800"
"move","627","6439.2001953125","2025-07-04 17:42:16.176900"
"move","628","6439.2001953125","2025-07-04 17:42:20.219500"
"move","632","6440.2001953125","2025-07-04 17:42:20.233500"
"move","643","6441.2001953125","2025-07-04 17:42:20.249100"
"move","651","6442.2001953125","2025-07-04 17:42:20.266200"
"move","660","6444.2001953125","2025-07-04 17:42:20.282600"
"move","664","6445.2001953125","2025-07-04 17:42:20.298700"
"move","668","6446.2001953125","2025-07-04 17:42:20.318000"
"move","672","6447.2001953125","2025-07-04 17:42:20.332900"
"move","679","6448.2001953125","2025-07-04 17:42:20.350500"
"move","683","6448.2001953125","2025-07-04 17:42:20.366500"
"move","687","6449.2001953125","2025-07-04 17:42:20.382100"
"move","692","6449.2001953125","2025-07-04 17:42:20.401900"
"move","694","6449.2001953125","2025-07-04 17:42:20.416400"
"move","696","6449.2001953125","2025-07-04 17:42:20.433000"
"move","700","6449.2001953125","2025-07-04 17:42:20.451300"
"move","701","6449.2001953125","2025-07-04 17:42:20.470100"
"move","702","6449.2001953125","2025-07-04 17:42:20.517500"
"move","704","6449.2001953125","2025-07-04 17:42:20.535400"
"move","705","6449.2001953125","2025-07-04 17:42:20.640400"
"move","705","6450.2001953125","2025-07-04 17:42:27.067100"
"move","704","6450.2001953125","2025-07-04 17:42:27.078200"
"move","703","6451.2001953125","2025-07-04 17:42:27.102200"
"move","702","6451.2001953125","2025-07-04 17:42:27.113600"
"move","702","6452.2001953125","2025-07-04 17:42:27.127300"
"move","701","6453.2001953125","2025-07-04 17:42:27.144000"
"move","700","6454.2001953125","2025-07-04 17:42:27.160700"
"move","699","6454.2001953125","2025-07-04 17:42:27.211300"
"move","699","6455.2001953125","2025-07-04 17:42:27.228400"
"move","698","6455.2001953125","2025-07-04 17:42:27.244200"
"move","698","6456.2001953125","2025-07-04 17:42:27.261000"
"move","698","6457.2001953125","2025-07-04 17:42:27.290400"
"move","697","6457.2001953125","2025-07-04 17:42:27.329300"
"move","696","6457.2001953125","2025-07-04 17:42:27.351100"
"move","696","6458.2001953125","2025-07-04 17:42:27.398800"
"move","695","6458.2001953125","2025-07-04 17:42:28.187500"
"move","694","6458.2001953125","2025-07-04 17:42:30.658500"
"move","696","6457.2001953125","2025-07-04 17:42:31.024700"
"move","698","6454.2001953125","2025-07-04 17:42:31.041300"
"move","703","6450.2001953125","2025-07-04 17:42:31.058400"
"move","707","6447.2001953125","2025-07-04 17:42:31.076000"
"move","713","6442.2001953125","2025-07-04 17:42:31.093800"
"move","717","6440.2001953125","2025-07-04 17:42:31.109200"
"move","723","6435.2001953125","2025-07-04 17:42:31.128400"
"move","726","6433.2001953125","2025-07-04 17:42:31.141400"
"move","732","6429.2001953125","2025-07-04 17:42:31.158200"
"move","738","6425.2001953125","2025-07-04 17:42:31.174400"
"move","742","6422.2001953125","2025-07-04 17:42:31.191100"
"move","748","6419.2001953125","2025-07-04 17:42:31.209100"
"move","754","6417.2001953125","2025-07-04 17:42:31.225600"
"move","758","6414.2001953125","2025-07-04 17:42:31.242500"
"move","767","6411.2001953125","2025-07-04 17:42:31.258300"
"move","778","6404.2001953125","2025-07-04 17:42:31.274500"
"move","788","6399.2001953125","2025-07-04 17:42:31.291400"
"move","796","6395.2001953125","2025-07-04 17:42:31.307400"
"move","806","6390.2001953125","2025-07-04 17:42:31.323400"
"move","816","6383.2001953125","2025-07-04 17:42:31.340900"
"move","827","6377.2001953125","2025-07-04 17:42:31.358200"
"move","837","6368.2001953125","2025-07-04 17:42:31.377000"
"move","841","6365.2001953125","2025-07-04 17:42:31.391300"
"move","847","6360.2001953125","2025-07-04 17:42:31.407200"
"move","848","6359.2001953125","2025-07-04 17:42:31.423600"
"move","850","6358.2001953125","2025-07-04 17:42:31.441400"
"move","848","6358.2001953125","2025-07-04 17:42:31.501300"
"move","829","6365.2001953125","2025-07-04 17:42:31.524800"
"move","819","6369.2001953125","2025-07-04 17:42:31.540900"
"move","797","6379.2001953125","2025-07-04 17:42:31.567200"
"move","789","6382.2001953125","2025-07-04 17:42:31.591000"
"move","784","6384.2001953125","2025-07-04 17:42:31.607000"
"move","783","6384.2001953125","2025-07-04 17:42:31.628500"
"move","782","6384.2001953125","2025-07-04 17:42:31.641000"
"move","781","6385.2001953125","2025-07-04 17:42:31.657600"
"move","780","6385.2001953125","2025-07-04 17:42:31.706600"
"move","779","6386.2001953125","2025-07-04 17:42:31.725100"
"move","778","6386.2001953125","2025-07-04 17:42:31.741200"
"move","777","6386.2001953125","2025-07-04 17:42:31.756500"
"move","776","6386.2001953125","2025-07-04 17:42:31.773600"
"move","775","6386.2001953125","2025-07-04 17:42:31.789600"
"move","776","6386.2001953125","2025-07-04 17:42:32.094200"
"move","777","6386.2001953125","2025-07-04 17:42:32.187500"
"move","777","6385.2001953125","2025-07-04 17:42:32.220600"
"move","779","6385.2001953125","2025-07-04 17:42:32.249800"
"move","780","6384.2001953125","2025-07-04 17:42:32.290100"
"move","781","6382.2001953125","2025-07-04 17:42:32.307100"
"move","783","6382.2001953125","2025-07-04 17:42:32.323000"
"move","784","6382.2001953125","2025-07-04 17:42:32.372800"
"move","784","6382.2001953125","2025-07-04 17:42:32.708100"
"move","784","6382.2001953125","2025-07-04 17:42:32.889600"
"click","784","6382.2001953125","2025-07-04 17:42:32.926000"
"move","784","6384.2001953125","2025-07-04 17:42:33.220700"
"move","781","6387.2001953125","2025-07-04 17:42:33.238100"
"move","776","6390.2001953125","2025-07-04 17:42:33.255000"
"move","773","6393.2001953125","2025-07-04 17:42:33.274600"
"move","768","6397.2001953125","2025-07-04 17:42:33.289600"
"move","764","6400.2001953125","2025-07-04 17:42:33.307000"
"move","755","6408.2001953125","2025-07-04 17:42:33.323100"
"move","749","6414.2001953125","2025-07-04 17:42:33.340000"
"move","742","6421.2001953125","2025-07-04 17:42:33.355700"
"move","734","6428.2001953125","2025-07-04 17:42:33.372600"
"move","729","6431.2001953125","2025-07-04 17:42:33.389500"
"move","725","6436.2001953125","2025-07-04 17:42:33.405700"
"move","721","6439.2001953125","2025-07-04 17:42:33.423800"
"move","720","6441.2001953125","2025-07-04 17:42:33.440600"
"move","716","6445.2001953125","2025-07-04 17:42:33.456600"
"move","709","6450.2001953125","2025-07-04 17:42:33.474200"
"move","705","6454.2001953125","2025-07-04 17:42:33.489800"
"move","700","6461.2001953125","2025-07-04 17:42:33.505500"
"move","699","6462.2001953125","2025-07-04 17:42:33.522200"
"move","697","6463.2001953125","2025-07-04 17:42:33.538800"
"move","696","6466.2001953125","2025-07-04 17:42:33.556200"
"scroll","","5964.7998046875","2025-07-04 17:42:33.843700"
"scroll","","5979.2001953125","2025-07-04 17:42:33.855800"
"scroll","","6010.39990234375","2025-07-04 17:42:33.903900"
"scroll","","6016.7998046875","2025-07-04 17:42:33.920800"
"scroll","","6020.7998046875","2025-07-04 17:42:33.937000"
"scroll","","6028","2025-07-04 17:42:33.953800"
"scroll","","6031.2001953125","2025-07-04 17:42:33.970400"
"scroll","","6032","2025-07-04 17:42:33.987100"
"scroll","","6032.7998046875","2025-07-04 17:42:34.004600"
"scroll","","6034.39990234375","2025-07-04 17:42:34.022400"
"scroll","","6035.2001953125","2025-07-04 17:42:34.073100"
"scroll","","6040.7998046875","2025-07-04 17:42:34.272000"
"scroll","","6066.39990234375","2025-07-04 17:42:34.287700"
"scroll","","6120.7998046875","2025-07-04 17:42:34.305800"
"scroll","","6167.2001953125","2025-07-04 17:42:34.321900"
"scroll","","6204.7998046875","2025-07-04 17:42:34.338600"
"scroll","","6244","2025-07-04 17:42:34.354500"
"scroll","","6252","2025-07-04 17:42:34.370900"
"scroll","","6256","2025-07-04 17:42:34.390800"
"scroll","","6264","2025-07-04 17:42:34.421500"
"scroll","","6268.7998046875","2025-07-04 17:42:34.437400"
"scroll","","6272.7998046875","2025-07-04 17:42:34.455000"
"scroll","","6276","2025-07-04 17:42:34.471700"
"scroll","","6279.2001953125","2025-07-04 17:42:34.488000"
"scroll","","6280.7998046875","2025-07-04 17:42:34.505200"
"scroll","","6282.39990234375","2025-07-04 17:42:34.522400"
"scroll","","6283.2001953125","2025-07-04 17:42:34.538700"
"scroll","","6284","2025-07-04 17:42:34.553800"
"scroll","","6284.7998046875","2025-07-04 17:42:34.572600"
"scroll","","6286.39990234375","2025-07-04 17:42:34.605200"
"scroll","","6287.2001953125","2025-07-04 17:42:34.722200"
"scroll","","6327.2001953125","2025-07-04 17:42:34.754300"
"scroll","","6382.39990234375","2025-07-04 17:42:34.771300"
"scroll","","6460","2025-07-04 17:42:34.787200"
"scroll","","6520.7998046875","2025-07-04 17:42:34.803600"
"scroll","","6584.7998046875","2025-07-04 17:42:34.822700"
"scroll","","6607.2001953125","2025-07-04 17:42:34.837400"
"scroll","","6610.39990234375","2025-07-04 17:42:34.856400"
"scroll","","6628.7998046875","2025-07-04 17:42:34.887100"
"scroll","","6644","2025-07-04 17:42:34.903700"
"scroll","","6655.2001953125","2025-07-04 17:42:34.921900"
"scroll","","6664.7998046875","2025-07-04 17:42:34.937000"
"scroll","","6672.7998046875","2025-07-04 17:42:34.953400"
"scroll","","6680","2025-07-04 17:42:34.970700"
"scroll","","6686.39990234375","2025-07-04 17:42:34.988500"
"scroll","","6691.2001953125","2025-07-04 17:42:35.004200"
"scroll","","6696","2025-07-04 17:42:35.020900"
"scroll","","6700","2025-07-04 17:42:35.037500"
"scroll","","6704","2025-07-04 17:42:35.053300"
"scroll","","6708","2025-07-04 17:42:35.070600"
"scroll","","6711.2001953125","2025-07-04 17:42:35.086900"
"scroll","","6714.39990234375","2025-07-04 17:42:35.103800"
"scroll","","6716","2025-07-04 17:42:35.121000"
"scroll","","6719.2001953125","2025-07-04 17:42:35.139800"
"scroll","","6720.7998046875","2025-07-04 17:42:35.154000"
"scroll","","6723.2001953125","2025-07-04 17:42:35.170200"
"scroll","","6724","2025-07-04 17:42:35.187500"
"scroll","","6748.7998046875","2025-07-04 17:42:36.015700"
"scroll","","6888","2025-07-04 17:42:36.038400"
"scroll","","6968.7998046875","2025-07-04 17:42:36.053400"
"scroll","","7046.39990234375","2025-07-04 17:42:36.070400"
"scroll","","7128.7998046875","2025-07-04 17:42:36.086800"
"scroll","","7160","2025-07-04 17:42:36.104100"
"scroll","","7168.7998046875","2025-07-04 17:42:36.121300"
"scroll","","7192.7998046875","2025-07-04 17:42:36.168600"
"scroll","","7208.7998046875","2025-07-04 17:42:36.185500"
"scroll","","7223.2001953125","2025-07-04 17:42:36.202300"
"scroll","","7232.7998046875","2025-07-04 17:42:36.218500"
"scroll","","7242.39990234375","2025-07-04 17:42:36.235300"
"scroll","","7250.39990234375","2025-07-04 17:42:36.251800"
"scroll","","7258.39990234375","2025-07-04 17:42:36.268500"
"scroll","","7264","2025-07-04 17:42:36.285300"
"scroll","","7270.39990234375","2025-07-04 17:42:36.302500"
"scroll","","7275.2001953125","2025-07-04 17:42:36.318900"
"scroll","","7279.2001953125","2025-07-04 17:42:36.335800"
"scroll","","7284","2025-07-04 17:42:36.352300"
"scroll","","7287.2001953125","2025-07-04 17:42:36.368500"
"scroll","","7291.2001953125","2025-07-04 17:42:36.385000"
"scroll","","7294.39990234375","2025-07-04 17:42:36.401800"
"scroll","","7296.7998046875","2025-07-04 17:42:36.418400"
"scroll","","7300","2025-07-04 17:42:36.435300"
"scroll","","7302.39990234375","2025-07-04 17:42:36.452000"
"scroll","","7304.7998046875","2025-07-04 17:42:36.469000"
"scroll","","7307.2001953125","2025-07-04 17:42:36.485000"
"scroll","","7308.7998046875","2025-07-04 17:42:36.502800"
"scroll","","7332.7998046875","2025-07-04 17:42:36.973300"
"scroll","","7392.7998046875","2025-07-04 17:42:36.987400"
"scroll","","7464","2025-07-04 17:42:37.004200"
"scroll","","7568","2025-07-04 17:42:37.019700"
"scroll","","7620.7998046875","2025-07-04 17:42:37.036700"
"scroll","","7622.39990234375","2025-07-04 17:42:37.054900"
"scroll","","7662.39990234375","2025-07-04 17:42:37.069500"
"scroll","","7694.39990234375","2025-07-04 17:42:37.088700"
"scroll","","7719.2001953125","2025-07-04 17:42:37.102100"
"scroll","","7740.7998046875","2025-07-04 17:42:37.118600"
"scroll","","7760","2025-07-04 17:42:37.135600"
"scroll","","7776.7998046875","2025-07-04 17:42:37.152300"
"scroll","","7792","2025-07-04 17:42:37.168900"
"scroll","","7806.39990234375","2025-07-04 17:42:37.186100"
"scroll","","7819.2001953125","2025-07-04 17:42:37.202300"
"scroll","","7830.39990234375","2025-07-04 17:42:37.219000"
"scroll","","7840.7998046875","2025-07-04 17:42:37.236600"
"scroll","","7851.2001953125","2025-07-04 17:42:37.252300"
"scroll","","7860.7998046875","2025-07-04 17:42:37.275000"
"scroll","","7886.39990234375","2025-07-04 17:42:37.331000"
"scroll","","7900","2025-07-04 17:42:37.355800"
"scroll","","7906.39990234375","2025-07-04 17:42:37.372700"
"scroll","","7912.7998046875","2025-07-04 17:42:37.387700"
"scroll","","7919.2001953125","2025-07-04 17:42:37.403100"
"scroll","","7924","2025-07-04 17:42:37.420000"
"scroll","","7928.7998046875","2025-07-04 17:42:37.436100"
"scroll","","8016.7998046875","2025-07-04 17:42:37.753200"
"scroll","","8055.2001953125","2025-07-04 17:42:37.770300"
"scroll","","8123.2001953125","2025-07-04 17:42:37.791200"
"scroll","","8168.7998046875","2025-07-04 17:42:37.822400"
"scroll","","8170.39990234375","2025-07-04 17:42:37.836500"
"scroll","","8192","2025-07-04 17:42:37.852600"
"scroll","","8208.7998046875","2025-07-04 17:42:37.868100"
"scroll","","8222.400390625","2025-07-04 17:42:37.884900"
"scroll","","8232.7998046875","2025-07-04 17:42:37.901800"
"scroll","","8242.400390625","2025-07-04 17:42:37.919400"
"scroll","","8250.400390625","2025-07-04 17:42:37.936200"
"scroll","","8258.400390625","2025-07-04 17:42:37.952700"
"scroll","","8264","2025-07-04 17:42:37.971700"
"scroll","","8268.7998046875","2025-07-04 17:42:37.985200"
"scroll","","8275.2001953125","2025-07-04 17:42:38.003500"
"scroll","","8284","2025-07-04 17:42:38.050900"
"scroll","","8287.2001953125","2025-07-04 17:42:38.067700"
"scroll","","8291.2001953125","2025-07-04 17:42:38.083900"
"scroll","","8294.400390625","2025-07-04 17:42:38.101100"
"scroll","","8296.7998046875","2025-07-04 17:42:38.117100"
"scroll","","8300","2025-07-04 17:42:38.133900"
"scroll","","8302.400390625","2025-07-04 17:42:38.150400"
"scroll","","8304.7998046875","2025-07-04 17:42:38.167000"
"scroll","","8307.2001953125","2025-07-04 17:42:38.183700"
"scroll","","8308.7998046875","2025-07-04 17:42:38.200300"
"scroll","","8311.2001953125","2025-07-04 17:42:38.217100"
"scroll","","8312","2025-07-04 17:42:38.233800"
"scroll","","8314.400390625","2025-07-04 17:42:38.250400"
"scroll","","8315.2001953125","2025-07-04 17:42:38.267100"
"scroll","","8316.7998046875","2025-07-04 17:42:38.283800"
"scroll","","8318.400390625","2025-07-04 17:42:38.300300"
"scroll","","8319.2001953125","2025-07-04 17:42:38.316900"
"scroll","","8320","2025-07-04 17:42:38.337900"
"scroll","","8322.400390625","2025-07-04 17:42:38.374700"
"scroll","","8324","2025-07-04 17:42:38.407200"
"scroll","","8324.7998046875","2025-07-04 17:42:38.418700"
"scroll","","8326.400390625","2025-07-04 17:42:38.451400"
"scroll","","8327.2001953125","2025-07-04 17:42:38.504400"
"scroll","","8328","2025-07-04 17:42:38.553000"
"scroll","","8336","2025-07-04 17:42:38.883300"
"scroll","","8340","2025-07-04 17:42:38.899900"
"scroll","","8348.7998046875","2025-07-04 17:42:38.916500"
"scroll","","8366.400390625","2025-07-04 17:42:38.933100"
"scroll","","8378.400390625","2025-07-04 17:42:38.950100"
"scroll","","8390.400390625","2025-07-04 17:42:38.966400"
"scroll","","8399.2001953125","2025-07-04 17:42:38.983000"
"scroll","","8404.7998046875","2025-07-04 17:42:38.999700"
"scroll","","8408","2025-07-04 17:42:39.016400"
"scroll","","8411.2001953125","2025-07-04 17:42:39.033100"
"scroll","","8412","2025-07-04 17:42:39.050000"
"scroll","","8412.7998046875","2025-07-04 17:42:39.084200"
"scroll","","8488","2025-07-04 17:42:39.406200"
"scroll","","8560.7998046875","2025-07-04 17:42:39.418900"
"scroll","","8638.400390625","2025-07-04 17:42:39.435000"
"scroll","","8716.7998046875","2025-07-04 17:42:39.451800"
"scroll","","8767.2001953125","2025-07-04 17:42:39.469600"
"scroll","","8848","2025-07-04 17:42:39.516800"
"scroll","","8876.7998046875","2025-07-04 17:42:39.534700"
"scroll","","8900.7998046875","2025-07-04 17:42:39.550300"
"scroll","","8922.400390625","2025-07-04 17:42:39.567100"
"scroll","","8940.7998046875","2025-07-04 17:42:39.584500"
"scroll","","8959.2001953125","2025-07-04 17:42:39.601200"
"scroll","","8974.400390625","2025-07-04 17:42:39.618100"
"scroll","","8988","2025-07-04 17:42:39.633600"
"scroll","","9000.7998046875","2025-07-04 17:42:39.652300"
"scroll","","9012.7998046875","2025-07-04 17:42:39.666700"
"scroll","","9024","2025-07-04 17:42:39.683500"
"scroll","","9035.2001953125","2025-07-04 17:42:39.700100"
"scroll","","9044.7998046875","2025-07-04 17:42:39.717000"
"scroll","","9055.2001953125","2025-07-04 17:42:39.737900"
"scroll","","9064","2025-07-04 17:42:39.750900"
"scroll","","9072","2025-07-04 17:42:39.771300"
"scroll","","9102.400390625","2025-07-04 17:42:40.421500"
"scroll","","9127.2001953125","2025-07-04 17:42:40.434400"
"scroll","","9188.7998046875","2025-07-04 17:42:40.449500"
"scroll","","9246.400390625","2025-07-04 17:42:40.466500"
"scroll","","9294.400390625","2025-07-04 17:42:40.484400"
"scroll","","9312","2025-07-04 17:42:40.500000"
"scroll","","9319.2001953125","2025-07-04 17:42:40.517100"
"scroll","","9324","2025-07-04 17:42:40.532900"
"scroll","","9326.400390625","2025-07-04 17:42:40.584200"
"scroll","","9327.2001953125","2025-07-04 17:42:40.599400"
"scroll","","9328","2025-07-04 17:42:40.616700"
"move","696","9836","2025-07-04 17:42:43.907000"
"move","696","9837","2025-07-04 17:42:43.950600"
"move","696","9838","2025-07-04 17:42:44.011600"
"move","696","9839","2025-07-04 17:42:44.026900"
"move","696","9841","2025-07-04 17:42:44.047000"
"move","695","9843","2025-07-04 17:42:44.064600"
"move","695","9844","2025-07-04 17:42:44.085100"
"move","694","9846","2025-07-04 17:42:44.098300"
"move","694","9847","2025-07-04 17:42:44.114000"
"move","694","9848","2025-07-04 17:42:44.131600"
"move","694","9849","2025-07-04 17:42:44.181700"
"move","694","9850","2025-07-04 17:42:44.205800"
"move","694","9849","2025-07-04 17:42:44.353200"
"move","694","9847","2025-07-04 17:42:44.364100"
"move","694","9841","2025-07-04 17:42:44.380700"
"move","694","9830","2025-07-04 17:42:44.397900"
"move","695","9826","2025-07-04 17:42:44.413900"
"move","696","9821","2025-07-04 17:42:44.430400"
"move","696","9819","2025-07-04 17:42:44.449800"
"move","698","9815","2025-07-04 17:42:44.464300"
"move","699","9814","2025-07-04 17:42:44.481300"
"move","700","9811","2025-07-04 17:42:44.497200"
"move","700","9810","2025-07-04 17:42:44.515600"
"move","700","9809","2025-07-04 17:42:44.573900"
"move","700","9808","2025-07-04 17:42:44.603700"
"move","701","9807","2025-07-04 17:42:44.666000"
"move","703","9806","2025-07-04 17:42:44.681000"
"move","704","9804","2025-07-04 17:42:44.696800"
"move","704","9803","2025-07-04 17:42:44.714800"
"move","704","9802","2025-07-04 17:42:44.731900"
"move","704","9801","2025-07-04 17:42:44.747700"
"move","705","9800","2025-07-04 17:42:44.763600"
"move","706","9799","2025-07-04 17:42:44.780000"
"move","707","9797","2025-07-04 17:42:44.830500"
"move","707","9796","2025-07-04 17:42:44.847500"
"move","709","9795","2025-07-04 17:42:44.863700"
"move","709","9792","2025-07-04 17:42:44.885800"
"move","709","9791","2025-07-04 17:42:44.899400"
"move","711","9790","2025-07-04 17:42:44.914600"
"move","712","9789","2025-07-04 17:42:44.933100"
"move","712","9788","2025-07-04 17:42:44.946100"
"move","713","9787","2025-07-04 17:42:44.972300"
"move","714","9786","2025-07-04 17:42:44.981800"
"move","716","9784","2025-07-04 17:42:44.999700"
"move","716","9783","2025-07-04 17:42:45.020000"
"move","718","9782","2025-07-04 17:42:45.033400"
"move","720","9780","2025-07-04 17:42:45.046000"
"move","721","9780","2025-07-04 17:42:45.062900"
"move","721","9779","2025-07-04 17:42:45.079900"
"move","722","9779","2025-07-04 17:42:45.097500"
"move","723","9779","2025-07-04 17:42:45.147700"
"move","723","9778","2025-07-04 17:42:45.174800"
"move","724","9778","2025-07-04 17:42:45.196500"
"move","724","9777","2025-07-04 17:42:45.209100"
"move","724","9776","2025-07-04 17:42:45.239800"
"move","728","9775","2025-07-04 17:42:45.265700"
"move","730","9773","2025-07-04 17:42:45.283800"
"move","731","9772","2025-07-04 17:42:45.296200"
"move","733","9771","2025-07-04 17:42:45.313600"
"move","736","9769","2025-07-04 17:42:45.329400"
"move","738","9767","2025-07-04 17:42:45.345800"
"move","740","9765","2025-07-04 17:42:45.363400"
"move","744","9763","2025-07-04 17:42:45.384400"
"move","747","9761","2025-07-04 17:42:45.398200"
"move","748","9759","2025-07-04 17:42:45.418200"
"move","750","9759","2025-07-04 17:42:45.429900"
"move","752","9759","2025-07-04 17:42:45.446500"
"move","754","9759","2025-07-04 17:42:45.472300"
"move","758","9759","2025-07-04 17:42:45.497300"
"scroll","","9331.2001953125","2025-07-04 17:42:45.917000"
"scroll","","9332.7998046875","2025-07-04 17:42:45.930200"
"scroll","","9334.400390625","2025-07-04 17:42:45.945200"
"scroll","","9335.2001953125","2025-07-04 17:42:45.962900"
"scroll","","9336","2025-07-04 17:42:45.978700"
"scroll","","9336.7998046875","2025-07-04 17:42:46.029800"
"scroll","","9338.400390625","2025-07-04 17:42:46.162700"
"scroll","","9339.2001953125","2025-07-04 17:42:46.211400"
"scroll","","9340","2025-07-04 17:42:46.247700"
"scroll","","9344","2025-07-04 17:42:46.294500"
"scroll","","9350.400390625","2025-07-04 17:42:46.310700"
"scroll","","9356.7998046875","2025-07-04 17:42:46.327100"
"scroll","","9368.7998046875","2025-07-04 17:42:46.343900"
"scroll","","9380.7998046875","2025-07-04 17:42:46.360800"
"scroll","","9396.7998046875","2025-07-04 17:42:46.377300"
"scroll","","9422.400390625","2025-07-04 17:42:46.399600"
"scroll","","9456.7998046875","2025-07-04 17:42:46.427400"
"scroll","","9466.400390625","2025-07-04 17:42:46.444000"
"scroll","","9468.7998046875","2025-07-04 17:42:46.460400"
"scroll","","9472.7998046875","2025-07-04 17:42:46.494800"
"scroll","","9475.2001953125","2025-07-04 17:42:46.512100"
"scroll","","9476","2025-07-04 17:42:46.528600"
"scroll","","9476.7998046875","2025-07-04 17:42:46.546900"
"scroll","","9478.400390625","2025-07-04 17:42:46.610600"
"move","758","9908.400390625","2025-07-04 17:42:47.242700"
"move","759","9907.400390625","2025-07-04 17:42:47.257500"
"move","759","9906.400390625","2025-07-04 17:42:47.267100"
"move","759","9905.400390625","2025-07-04 17:42:47.280700"
"move","760","9904.400390625","2025-07-04 17:42:47.296700"
"move","760","9902.400390625","2025-07-04 17:42:47.311300"
"move","761","9901.400390625","2025-07-04 17:42:47.328000"
"move","762","9899.400390625","2025-07-04 17:42:47.345500"
"move","764","9898.400390625","2025-07-04 17:42:47.361000"
"move","765","9894.400390625","2025-07-04 17:42:47.377700"
"move","767","9891.400390625","2025-07-04 17:42:47.396400"
"move","768","9889.400390625","2025-07-04 17:42:47.411300"
"move","768","9887.400390625","2025-07-04 17:42:47.428000"
"move","769","9883.400390625","2025-07-04 17:42:47.445300"
"move","771","9881.400390625","2025-07-04 17:42:47.461800"
"move","772","9877.400390625","2025-07-04 17:42:47.479500"
"move","772","9874.400390625","2025-07-04 17:42:47.494900"
"move","772","9873.400390625","2025-07-04 17:42:47.511000"
"move","772","9870.400390625","2025-07-04 17:42:47.528300"
"move","772","9869.400390625","2025-07-04 17:42:47.545600"
"move","772","9868.400390625","2025-07-04 17:42:47.577300"
"move","773","9868.400390625","2025-07-04 17:43:09.600900"
"move","774","9868.400390625","2025-07-04 17:43:09.611300"
"move","775","9868.400390625","2025-07-04 17:43:09.627500"
"move","776","9866.400390625","2025-07-04 17:43:09.645000"
"move","777","9866.400390625","2025-07-04 17:43:09.668300"
"move","777","9865.400390625","2025-07-04 17:43:09.681800"
"move","779","9865.400390625","2025-07-04 17:43:09.694500"
"move","779","9864.400390625","2025-07-04 17:43:09.711100"
"move","780","9862.400390625","2025-07-04 17:43:09.735000"
"move","780","9861.400390625","2025-07-04 17:43:09.743900"
"move","780","9860.400390625","2025-07-04 17:43:09.764600"
"move","781","9858.400390625","2025-07-04 17:43:09.791200"
"move","783","9857.400390625","2025-07-04 17:43:09.811900"
"move","783","9856.400390625","2025-07-04 17:43:09.827900"
"move","783","9853.400390625","2025-07-04 17:43:09.844800"
"move","783","9852.400390625","2025-07-04 17:43:09.862900"
"move","783","9850.400390625","2025-07-04 17:43:09.879400"
"move","783","9848.400390625","2025-07-04 17:43:09.894800"
"move","783","9845.400390625","2025-07-04 17:43:09.910500"
"move","780","9841.400390625","2025-07-04 17:43:09.928700"
"move","780","9840.400390625","2025-07-04 17:43:09.948400"
"move","779","9840.400390625","2025-07-04 17:43:09.961300"
"move","779","9838.400390625","2025-07-04 17:43:09.977600"
"move","778","9838.400390625","2025-07-04 17:43:09.994000"
"move","778","9837.400390625","2025-07-04 17:43:10.010200"
"move","777","9837.400390625","2025-07-04 17:43:10.026500"
"move","776","9837.400390625","2025-07-04 17:43:10.063800"
"move","776","9836.400390625","2025-07-04 17:43:10.634800"
"move","775","9835.400390625","2025-07-04 17:43:10.681500"
"move","774","9835.400390625","2025-07-04 17:43:10.708300"
"move","774","9834.400390625","2025-07-04 17:43:10.760600"
"move","774","9833.400390625","2025-07-04 17:43:10.785000"
"move","773","9833.400390625","2025-07-04 17:43:10.797700"
"move","773","9832.400390625","2025-07-04 17:43:10.844300"
"move","773","9831.400390625","2025-07-04 17:43:10.860400"
"move","772","9829.400390625","2025-07-04 17:43:10.876500"
"move","772","9828.400390625","2025-07-04 17:43:10.897800"
"move","772","9826.400390625","2025-07-04 17:43:10.909400"
"move","772","9824.400390625","2025-07-04 17:43:10.926100"
"move","771","9822.400390625","2025-07-04 17:43:10.944200"
"move","770","9819.400390625","2025-07-04 17:43:10.960500"
"move","770","9816.400390625","2025-07-04 17:43:10.976800"
"move","770","9810.400390625","2025-07-04 17:43:10.993500"
"move","770","9805.400390625","2025-07-04 17:43:11.009900"
"move","770","9797.400390625","2025-07-04 17:43:11.026600"
"move","770","9793.400390625","2025-07-04 17:43:11.043000"
"move","770","9789.400390625","2025-07-04 17:43:11.060400"
"move","770","9785.400390625","2025-07-04 17:43:11.077400"
"move","770","9784.400390625","2025-07-04 17:43:11.095100"
"move","770","9782.400390625","2025-07-04 17:43:11.111300"
"move","770","9781.400390625","2025-07-04 17:43:11.127100"
"move","770","9778.400390625","2025-07-04 17:43:11.143000"
"move","770","9777.400390625","2025-07-04 17:43:11.160000"
"move","770","9774.400390625","2025-07-04 17:43:11.176500"
"move","770","9772.400390625","2025-07-04 17:43:11.193100"
"move","771","9769.400390625","2025-07-04 17:43:11.211000"
"move","772","9765.400390625","2025-07-04 17:43:11.226800"
"move","772","9763.400390625","2025-07-04 17:43:11.243500"
"move","773","9757.400390625","2025-07-04 17:43:11.260200"
"move","774","9755.400390625","2025-07-04 17:43:11.276500"
"move","774","9750.400390625","2025-07-04 17:43:11.293300"
"move","775","9743.400390625","2025-07-04 17:43:11.309200"
"move","776","9734.400390625","2025-07-04 17:43:11.326100"
"move","777","9719.400390625","2025-07-04 17:43:11.343400"
"move","777","9705.400390625","2025-07-04 17:43:11.360300"
"move","777","9697.400390625","2025-07-04 17:43:11.377100"
"move","777","9692.400390625","2025-07-04 17:43:11.394600"
"move","779","9681.400390625","2025-07-04 17:43:11.411000"
"move","779","9679.400390625","2025-07-04 17:43:11.426900"
"move","779","9677.400390625","2025-07-04 17:43:11.442200"
"move","779","9676.400390625","2025-07-04 17:43:11.478400"
"move","779","9675.400390625","2025-07-04 17:43:11.526800"
"move","779","9674.400390625","2025-07-04 17:43:11.605400"
"move","779","9673.400390625","2025-07-04 17:43:11.644300"
"move","779","9671.400390625","2025-07-04 17:43:11.667200"
"move","779","9669.400390625","2025-07-04 17:43:11.676900"
"move","779","9665.400390625","2025-07-04 17:43:11.692400"
"move","779","9663.400390625","2025-07-04 17:43:11.709300"
"move","780","9660.400390625","2025-07-04 17:43:11.725400"
"move","780","9658.400390625","2025-07-04 17:43:11.742600"
"move","781","9657.400390625","2025-07-04 17:43:11.758400"
"move","782","9656.400390625","2025-07-04 17:43:11.775100"
"move","782","9655.400390625","2025-07-04 17:43:11.791900"
"move","783","9655.400390625","2025-07-04 17:43:11.808700"
"move","783","9654.400390625","2025-07-04 17:43:11.825100"
"move","784","9654.400390625","2025-07-04 17:43:11.842200"
"move","784","9653.400390625","2025-07-04 17:43:11.857900"
"move","784","9653.400390625","2025-07-04 17:43:12.461300"
"move","784","9653.400390625","2025-07-04 17:43:12.506700"
"click","784","9653.400390625","2025-07-04 17:43:12.510700"
"move","784","9655.400390625","2025-07-04 17:43:12.774900"
"move","779","9667.400390625","2025-07-04 17:43:12.791800"
"move","772","9684.400390625","2025-07-04 17:43:12.809300"
"move","768","9697.400390625","2025-07-04 17:43:12.826200"
"move","758","9723.400390625","2025-07-04 17:43:12.842700"
"move","748","9753.400390625","2025-07-04 17:43:12.865100"
"move","742","9768.400390625","2025-07-04 17:43:12.876600"
"move","736","9789.400390625","2025-07-04 17:43:12.892100"
"move","728","9806.400390625","2025-07-04 17:43:12.910200"
"move","723","9820.400390625","2025-07-04 17:43:12.925300"
"move","721","9825.400390625","2025-07-04 17:43:12.941600"
"move","720","9829.400390625","2025-07-04 17:43:12.960000"
"move","718","9835.400390625","2025-07-04 17:43:12.976500"
"move","718","9837.400390625","2025-07-04 17:43:12.993200"
"move","718","9838.400390625","2025-07-04 17:43:13.009100"
"scroll","","9484","2025-07-04 17:43:19.092200"
"scroll","","9508.7998046875","2025-07-04 17:43:19.102900"
"scroll","","9536","2025-07-04 17:43:19.119200"
"scroll","","9558.400390625","2025-07-04 17:43:19.137200"
"scroll","","9602.400390625","2025-07-04 17:43:19.153600"
"scroll","","9634.400390625","2025-07-04 17:43:19.170900"
"scroll","","9656.7998046875","2025-07-04 17:43:19.187200"
"scroll","","9670.400390625","2025-07-04 17:43:19.203600"
"scroll","","9676","2025-07-04 17:43:19.219300"
"scroll","","9684","2025-07-04 17:43:19.254200"
"scroll","","9690.400390625","2025-07-04 17:43:19.271600"
"scroll","","9692.7998046875","2025-07-04 17:43:19.286300"
"scroll","","9696","2025-07-04 17:43:19.303400"
"scroll","","9699.2001953125","2025-07-04 17:43:19.320100"
"scroll","","9700.7998046875","2025-07-04 17:43:19.337200"
"scroll","","9702.400390625","2025-07-04 17:43:19.352400"
"scroll","","9703.2001953125","2025-07-04 17:43:19.371400"
"scroll","","9704","2025-07-04 17:43:19.386000"
"scroll","","9704.7998046875","2025-07-04 17:43:19.402200"
"scroll","","9706.400390625","2025-07-04 17:43:19.419500"
"scroll","","9707.2001953125","2025-07-04 17:43:19.470800"
"scroll","","9791.2001953125","2025-07-04 17:43:19.553200"
"scroll","","9832","2025-07-04 17:43:19.569000"
"scroll","","9894.400390625","2025-07-04 17:43:19.586600"
"scroll","","9920","2025-07-04 17:43:19.602400"
"scroll","","9940.7998046875","2025-07-04 17:43:19.619900"
"scroll","","9954.400390625","2025-07-04 17:43:19.669700"
"scroll","","9963.2001953125","2025-07-04 17:43:19.686000"
"scroll","","9968.7998046875","2025-07-04 17:43:19.702700"
"scroll","","9975.2001953125","2025-07-04 17:43:19.720300"
"scroll","","9979.2001953125","2025-07-04 17:43:19.735500"
"scroll","","9983.2001953125","2025-07-04 17:43:19.753300"
"scroll","","9986.400390625","2025-07-04 17:43:19.768600"
"scroll","","9988","2025-07-04 17:43:19.785300"
"scroll","","9990.400390625","2025-07-04 17:43:19.802400"
"scroll","","9992","2025-07-04 17:43:19.818600"
"scroll","","9994.400390625","2025-07-04 17:43:19.838100"
"scroll","","9996","2025-07-04 17:43:19.854100"
"scroll","","9996.7998046875","2025-07-04 17:43:19.868900"
"scroll","","9998.400390625","2025-07-04 17:43:19.887000"
"scroll","","9999.2001953125","2025-07-04 17:43:19.902800"
"scroll","","10000","2025-07-04 17:43:19.918700"
"scroll","","10000.7998046875","2025-07-04 17:43:19.952800"
"scroll","","10002.400390625","2025-07-04 17:43:19.985400"
"scroll","","10003.2001953125","2025-07-04 17:43:20.036400"
"scroll","","10040.7998046875","2025-07-04 17:43:20.168900"
"scroll","","10072","2025-07-04 17:43:20.186400"
"scroll","","10120","2025-07-04 17:43:20.203400"
"scroll","","10144","2025-07-04 17:43:20.220000"
"scroll","","10158.400390625","2025-07-04 17:43:20.235500"
"scroll","","10168","2025-07-04 17:43:20.252300"
"scroll","","10178.400390625","2025-07-04 17:43:20.302100"
"scroll","","10182.400390625","2025-07-04 17:43:20.318600"
"scroll","","10184.7998046875","2025-07-04 17:43:20.335800"
"scroll","","10188","2025-07-04 17:43:20.352300"
"scroll","","10188.7998046875","2025-07-04 17:43:20.368700"
"scroll","","10191.2001953125","2025-07-04 17:43:20.384800"
"scroll","","10192","2025-07-04 17:43:20.402200"
"scroll","","10192.7998046875","2025-07-04 17:43:20.438000"
"scroll","","10194.400390625","2025-07-04 17:43:20.468300"
"scroll","","10195.2001953125","2025-07-04 17:43:20.906300"
"scroll","","10198.400390625","2025-07-04 17:43:21.600800"
"scroll","","10219.2001953125","2025-07-04 17:43:21.617000"
"scroll","","10240.7998046875","2025-07-04 17:43:21.635000"
"scroll","","10292","2025-07-04 17:43:21.651000"
"scroll","","10412","2025-07-04 17:43:21.670300"
"scroll","","10500.7998046875","2025-07-04 17:43:21.684300"
"scroll","","10542.400390625","2025-07-04 17:43:21.702600"
"scroll","","10611.2001953125","2025-07-04 17:43:21.717900"
"scroll","","10668","2025-07-04 17:43:21.750600"
"scroll","","10712","2025-07-04 17:43:21.768100"
"scroll","","10747.2001953125","2025-07-04 17:43:21.784200"
"scroll","","10778.400390625","2025-07-04 17:43:21.801100"
"scroll","","10804","2025-07-04 17:43:21.817300"
"scroll","","10828","2025-07-04 17:43:21.835400"
"scroll","","10850.400390625","2025-07-04 17:43:21.850700"
"scroll","","10870.400390625","2025-07-04 17:43:21.867400"
"scroll","","10888","2025-07-04 17:43:21.883900"
"scroll","","10904.7998046875","2025-07-04 17:43:21.902700"
"scroll","","10920.7998046875","2025-07-04 17:43:21.919000"
"scroll","","10936","2025-07-04 17:43:21.933600"
"scroll","","10948.7998046875","2025-07-04 17:43:21.950300"
"scroll","","10962.400390625","2025-07-04 17:43:21.967300"
"scroll","","10975.2001953125","2025-07-04 17:43:21.985000"
"scroll","","10996.7998046875","2025-07-04 17:43:22.032800"
"scroll","","11008","2025-07-04 17:43:22.049900"
"scroll","","11018.400390625","2025-07-04 17:43:22.066500"
"scroll","","11027.2001953125","2025-07-04 17:43:22.083200"
"move","718","11386.2001953125","2025-07-04 17:43:28.816500"
"move","718","11385.2001953125","2025-07-04 17:43:28.832500"
"move","719","11382.2001953125","2025-07-04 17:43:28.846200"
"move","720","11379.2001953125","2025-07-04 17:43:28.863300"
"move","720","11378.2001953125","2025-07-04 17:43:28.879400"
"move","721","11374.2001953125","2025-07-04 17:43:28.899300"
"move","721","11372.2001953125","2025-07-04 17:43:28.912500"
"move","722","11369.2001953125","2025-07-04 17:43:28.929100"
"move","722","11366.2001953125","2025-07-04 17:43:28.945300"
"move","722","11362.2001953125","2025-07-04 17:43:28.964300"
"move","724","11359.2001953125","2025-07-04 17:43:28.979300"
"move","724","11354.2001953125","2025-07-04 17:43:28.996800"
"move","725","11353.2001953125","2025-07-04 17:43:29.013400"
"move","726","11349.2001953125","2025-07-04 17:43:29.029400"
"move","728","11340.2001953125","2025-07-04 17:43:29.045900"
"move","728","11336.2001953125","2025-07-04 17:43:29.062100"
"move","729","11330.2001953125","2025-07-04 17:43:29.078800"
"move","729","11326.2001953125","2025-07-04 17:43:29.096500"
"move","730","11322.2001953125","2025-07-04 17:43:29.112900"
"move","730","11319.2001953125","2025-07-04 17:43:29.129800"
"move","732","11317.2001953125","2025-07-04 17:43:29.146700"
"move","732","11315.2001953125","2025-07-04 17:43:29.162800"
"move","732","11313.2001953125","2025-07-04 17:43:29.179400"
"move","733","11311.2001953125","2025-07-04 17:43:29.195800"
"move","734","11310.2001953125","2025-07-04 17:43:29.212400"
"move","735","11306.2001953125","2025-07-04 17:43:29.229000"
"move","736","11302.2001953125","2025-07-04 17:43:29.247400"
"move","736","11300.2001953125","2025-07-04 17:43:29.263900"
"move","738","11298.2001953125","2025-07-04 17:43:29.280500"
"move","740","11293.2001953125","2025-07-04 17:43:29.297600"
"move","740","11289.2001953125","2025-07-04 17:43:29.313300"
"move","741","11285.2001953125","2025-07-04 17:43:29.333800"
"move","741","11284.2001953125","2025-07-04 17:43:29.346000"
"move","741","11282.2001953125","2025-07-04 17:43:29.362800"
"move","744","11278.2001953125","2025-07-04 17:43:29.379800"
"move","746","11274.2001953125","2025-07-04 17:43:29.397500"
"move","746","11272.2001953125","2025-07-04 17:43:29.417400"
"move","753","11253.2001953125","2025-07-04 17:43:29.465700"
"move","754","11250.2001953125","2025-07-04 17:43:29.483400"
"move","755","11249.2001953125","2025-07-04 17:43:29.499300"
"move","755","11247.2001953125","2025-07-04 17:43:29.514200"
"move","755","11246.2001953125","2025-07-04 17:43:29.546900"
"move","756","11246.2001953125","2025-07-04 17:43:29.562500"
"move","756","11245.2001953125","2025-07-04 17:43:29.661500"
"move","738","11245.2001953125","2025-07-04 17:43:30.202200"
"move","728","11245.2001953125","2025-07-04 17:43:30.214900"
"move","708","11244.2001953125","2025-07-04 17:43:30.228800"
"move","692","11244.2001953125","2025-07-04 17:43:30.247500"
"move","679","11243.2001953125","2025-07-04 17:43:30.263400"
"move","655","11240.2001953125","2025-07-04 17:43:30.280300"
"move","647","11239.2001953125","2025-07-04 17:43:30.295700"
"move","642","11239.2001953125","2025-07-04 17:43:30.314200"
"move","638","11238.2001953125","2025-07-04 17:43:30.330500"
"move","634","11238.2001953125","2025-07-04 17:43:30.346400"
"move","633","11235.2001953125","2025-07-04 17:43:30.364100"
"move","630","11234.2001953125","2025-07-04 17:43:30.379100"
"move","626","11234.2001953125","2025-07-04 17:43:30.397100"
"move","624","11232.2001953125","2025-07-04 17:43:30.414100"
"move","618","11231.2001953125","2025-07-04 17:43:30.428600"
"move","615","11231.2001953125","2025-07-04 17:43:30.444500"
"move","612","11231.2001953125","2025-07-04 17:43:30.463800"
"move","609","11229.2001953125","2025-07-04 17:43:30.477900"
"move","606","11229.2001953125","2025-07-04 17:43:30.495000"
"move","604","11228.2001953125","2025-07-04 17:43:30.511800"
"move","600","11226.2001953125","2025-07-04 17:43:30.527300"
"move","597","11222.2001953125","2025-07-04 17:43:30.544700"
"move","592","11218.2001953125","2025-07-04 17:43:30.570500"
"move","591","11217.2001953125","2025-07-04 17:43:30.582500"
"move","590","11217.2001953125","2025-07-04 17:43:30.596300"
"move","589","11216.2001953125","2025-07-04 17:43:30.614500"
"move","588","11215.2001953125","2025-07-04 17:43:30.660000"
"move","589","11215.2001953125","2025-07-04 17:43:30.817000"
"move","590","11217.2001953125","2025-07-04 17:43:30.831300"
"move","592","11218.2001953125","2025-07-04 17:43:30.854600"
"move","595","11219.2001953125","2025-07-04 17:43:30.878900"
"move","596","11220.2001953125","2025-07-04 17:43:30.894100"
"move","596","11221.2001953125","2025-07-04 17:43:30.911700"
"move","597","11222.2001953125","2025-07-04 17:43:30.928100"
"move","599","11222.2001953125","2025-07-04 17:43:30.945500"
"move","599","11223.2001953125","2025-07-04 17:43:30.964900"
"move","600","11224.2001953125","2025-07-04 17:43:30.986100"
"move","601","11224.2001953125","2025-07-04 17:43:31.001300"
"move","602","11225.2001953125","2025-07-04 17:43:31.044600"
"move","603","11225.2001953125","2025-07-04 17:43:31.061300"
"move","603","11226.2001953125","2025-07-04 17:43:31.077800"
"move","604","11226.2001953125","2025-07-04 17:43:31.127400"
"move","605","11226.2001953125","2025-07-04 17:43:42.230600"
"move","605","11227.2001953125","2025-07-04 17:43:42.239400"
"move","605","11228.2001953125","2025-07-04 17:43:42.258900"
"move","606","11228.2001953125","2025-07-04 17:43:42.268100"
"move","607","11228.2001953125","2025-07-04 17:43:42.284800"
"move","608","11228.2001953125","2025-07-04 17:43:42.309600"
"move","608","11229.2001953125","2025-07-04 17:43:42.320500"
"move","609","11229.2001953125","2025-07-04 17:43:42.336500"
"move","609","11230.2001953125","2025-07-04 17:43:42.353200"
"move","611","11230.2001953125","2025-07-04 17:43:42.369300"
"move","612","11230.2001953125","2025-07-04 17:43:42.386000"
"move","613","11230.2001953125","2025-07-04 17:43:42.417100"
"move","613","11231.2001953125","2025-07-04 17:43:42.430500"
"move","615","11232.2001953125","2025-07-04 17:43:42.473200"
"move","616","11232.2001953125","2025-07-04 17:43:42.519100"
"move","617","11232.2001953125","2025-07-04 17:43:45.033500"
"move","618","11232.2001953125","2025-07-04 17:43:45.046700"
"move","624","11230.2001953125","2025-07-04 17:43:45.066500"
"move","640","11226.2001953125","2025-07-04 17:43:45.082600"
"move","647","11225.2001953125","2025-07-04 17:43:45.099500"
"move","652","11222.2001953125","2025-07-04 17:43:45.116200"
"move","668","11212.2001953125","2025-07-04 17:43:45.132900"
"move","684","11202.2001953125","2025-07-04 17:43:45.150100"
"move","703","11191.2001953125","2025-07-04 17:43:45.167300"
"move","724","11180.2001953125","2025-07-04 17:43:45.183800"
"move","739","11174.2001953125","2025-07-04 17:43:45.198800"
"move","757","11166.2001953125","2025-07-04 17:43:45.217100"
"move","764","11163.2001953125","2025-07-04 17:43:45.232900"
"move","843","11130.2001953125","2025-07-04 17:43:45.283900"
"move","856","11127.2001953125","2025-07-04 17:43:45.301500"
"move","865","11126.2001953125","2025-07-04 17:43:45.317500"
"move","870","11125.2001953125","2025-07-04 17:43:45.334700"
"move","876","11123.2001953125","2025-07-04 17:43:45.351000"
"move","880","11122.2001953125","2025-07-04 17:43:45.365900"
"move","883","11121.2001953125","2025-07-04 17:43:45.384100"
"move","885","11121.2001953125","2025-07-04 17:43:45.401600"
"move","886","11121.2001953125","2025-07-04 17:43:45.418200"
"move","887","11121.2001953125","2025-07-04 17:43:45.434300"
"move","888","11121.2001953125","2025-07-04 17:43:45.450500"
"move","885","11121.2001953125","2025-07-04 17:43:45.475200"
"move","852","11123.2001953125","2025-07-04 17:43:45.499200"
"move","836","11126.2001953125","2025-07-04 17:43:45.516300"
"move","815","11131.2001953125","2025-07-04 17:43:45.533600"
"move","792","11138.2001953125","2025-07-04 17:43:45.548600"
"move","784","11143.2001953125","2025-07-04 17:43:45.566100"
"move","779","11146.2001953125","2025-07-04 17:43:45.581700"
"move","776","11147.2001953125","2025-07-04 17:43:45.598100"
"move","774","11147.2001953125","2025-07-04 17:43:45.614600"
"move","773","11149.2001953125","2025-07-04 17:43:45.631400"
"move","772","11149.2001953125","2025-07-04 17:43:45.648700"
"move","772","11149.2001953125","2025-07-04 17:43:46.468100"
"click","772","11149.2001953125","2025-07-04 17:43:46.477400"
"move","770","11154.2001953125","2025-07-04 17:43:46.676600"
"move","765","11170.2001953125","2025-07-04 17:43:46.700700"
"move","748","11210.2001953125","2025-07-04 17:43:46.718500"
"move","741","11228.2001953125","2025-07-04 17:43:46.734100"
"move","733","11253.2001953125","2025-07-04 17:43:46.749200"
"move","729","11271.2001953125","2025-07-04 17:43:46.769300"
"move","728","11273.2001953125","2025-07-04 17:43:46.783400"
"move","728","11274.2001953125","2025-07-04 17:43:46.798800"
"scroll","","11028.7998046875","2025-07-04 17:43:46.962800"
"scroll","","11083.2001953125","2025-07-04 17:43:46.981000"
"scroll","","11184.7998046875","2025-07-04 17:43:46.997700"
"scroll","","11262.400390625","2025-07-04 17:43:47.015100"
"scroll","","11340.7998046875","2025-07-04 17:43:47.033400"
"scroll","","11423.2001953125","2025-07-04 17:43:47.079800"
"scroll","","11467.2001953125","2025-07-04 17:43:47.099900"
"scroll","","11527.2001953125","2025-07-04 17:43:47.146700"
"scroll","","11552","2025-07-04 17:43:47.162900"
"scroll","","11571.2001953125","2025-07-04 17:43:47.180000"
"scroll","","11588.7998046875","2025-07-04 17:43:47.196500"
"scroll","","11606.400390625","2025-07-04 17:43:47.212900"
"scroll","","11620","2025-07-04 17:43:47.229500"
"scroll","","11634.400390625","2025-07-04 17:43:47.246200"
"scroll","","11647.2001953125","2025-07-04 17:43:47.263200"
"scroll","","11658.400390625","2025-07-04 17:43:47.279600"
"scroll","","11668.7998046875","2025-07-04 17:43:47.301800"
"scroll","","11698.400390625","2025-07-04 17:43:47.352600"
"scroll","","11706.400390625","2025-07-04 17:43:47.364700"
"scroll","","11714.400390625","2025-07-04 17:43:47.380000"
"scroll","","11722.400390625","2025-07-04 17:43:47.397900"
"scroll","","11728.7998046875","2025-07-04 17:43:47.414200"
"scroll","","11736","2025-07-04 17:43:47.430900"
"scroll","","11742.400390625","2025-07-04 17:43:47.446600"
"scroll","","11743.2001953125","2025-07-04 17:43:47.700600"
"scroll","","11750.400390625","2025-07-04 17:43:48.084700"
"scroll","","11764","2025-07-04 17:43:48.098100"
"scroll","","11799.2001953125","2025-07-04 17:43:48.112900"
"scroll","","11815.2001953125","2025-07-04 17:43:48.130800"
"scroll","","11839.2001953125","2025-07-04 17:43:48.147700"
"scroll","","11876","2025-07-04 17:43:48.195900"
"scroll","","11880","2025-07-04 17:43:48.212300"
"scroll","","11884.7998046875","2025-07-04 17:43:48.248000"
"scroll","","11888","2025-07-04 17:43:48.262700"
"scroll","","11890.400390625","2025-07-04 17:43:48.279500"
"scroll","","11891.2001953125","2025-07-04 17:43:48.297500"
"scroll","","11892","2025-07-04 17:43:48.314000"
"scroll","","11892.7998046875","2025-07-04 17:43:48.331900"
"scroll","","11894.400390625","2025-07-04 17:43:48.380300"
"scroll","","11924.7998046875","2025-07-04 17:43:48.497700"
"scroll","","12032.7998046875","2025-07-04 17:43:48.512300"
"scroll","","12107.2001953125","2025-07-04 17:43:48.530900"
"scroll","","12152.7998046875","2025-07-04 17:43:48.546400"
"scroll","","12200.7998046875","2025-07-04 17:43:48.580900"
"scroll","","12235.2001953125","2025-07-04 17:43:48.597900"
"scroll","","12262.400390625","2025-07-04 17:43:48.613000"
"scroll","","12284.7998046875","2025-07-04 17:43:48.631600"
"scroll","","12304.7998046875","2025-07-04 17:43:48.645700"
"scroll","","12324","2025-07-04 17:43:48.663900"
"scroll","","12340","2025-07-04 17:43:48.679700"
"scroll","","12355.2001953125","2025-07-04 17:43:48.696800"
"scroll","","12368.7998046875","2025-07-04 17:43:48.714400"
"scroll","","12382.400390625","2025-07-04 17:43:48.729700"
"scroll","","12392.7998046875","2025-07-04 17:43:48.747100"
"scroll","","12404","2025-07-04 17:43:48.764900"
"scroll","","12414.400390625","2025-07-04 17:43:48.779100"
"scroll","","12424","2025-07-04 17:43:48.795700"
"scroll","","12432.7998046875","2025-07-04 17:43:48.812800"
"scroll","","12442.400390625","2025-07-04 17:43:48.829700"
"scroll","","12450.400390625","2025-07-04 17:43:48.847100"
"scroll","","12458.400390625","2025-07-04 17:43:48.862600"
"scroll","","12464.7998046875","2025-07-04 17:43:48.879500"
"scroll","","12471.2001953125","2025-07-04 17:43:49.279400"
"scroll","","12491.2001953125","2025-07-04 17:43:49.295800"
"scroll","","12527.2001953125","2025-07-04 17:43:49.313700"
"scroll","","12554.400390625","2025-07-04 17:43:49.328600"
"scroll","","12574.400390625","2025-07-04 17:43:49.345300"
"scroll","","12595.2001953125","2025-07-04 17:43:49.362800"
"scroll","","12622.400390625","2025-07-04 17:43:49.379500"
"scroll","","12624","2025-07-04 17:43:49.396200"
"scroll","","12635.2001953125","2025-07-04 17:43:49.429400"
"scroll","","12643.2001953125","2025-07-04 17:43:49.445300"
"scroll","","12648.7998046875","2025-07-04 17:43:49.462100"
"scroll","","12654.400390625","2025-07-04 17:43:49.479200"
"scroll","","12656.7998046875","2025-07-04 17:43:49.496800"
"scroll","","12660","2025-07-04 17:43:49.512600"
"scroll","","12663.2001953125","2025-07-04 17:43:49.544600"
"scroll","","12664.7998046875","2025-07-04 17:43:49.561000"
"scroll","","12667.2001953125","2025-07-04 17:43:49.577800"
"scroll","","12668","2025-07-04 17:43:49.594400"
"scroll","","12670.400390625","2025-07-04 17:43:49.611100"
"scroll","","12671.2001953125","2025-07-04 17:43:49.627800"
"scroll","","12672","2025-07-04 17:43:49.644400"
"scroll","","12672.7998046875","2025-07-04 17:43:49.661100"
"scroll","","12674.400390625","2025-07-04 17:43:49.679800"
"scroll","","12675.2001953125","2025-07-04 17:43:49.713000"
"scroll","","12676","2025-07-04 17:43:49.796200"
"move","725","12926","2025-07-04 17:43:49.898200"
"move","720","12931","2025-07-04 17:43:49.912900"
"move","712","12935","2025-07-04 17:43:49.931700"
"move","707","12939","2025-07-04 17:43:49.947800"
"move","701","12943","2025-07-04 17:43:49.966600"
"move","694","12950","2025-07-04 17:43:49.981500"
"move","683","12958","2025-07-04 17:43:49.997600"
"move","676","12962","2025-07-04 17:43:50.013300"
"move","668","12969","2025-07-04 17:43:50.030300"
"move","660","12975","2025-07-04 17:43:50.046000"
"move","648","12980","2025-07-04 17:43:50.063200"
"move","632","12988","2025-07-04 17:43:50.081500"
"move","624","12991","2025-07-04 17:43:50.104300"
"move","616","12997","2025-07-04 17:43:50.119500"
"move","612","13002","2025-07-04 17:43:50.130200"
"move","611","13003","2025-07-04 17:43:50.148100"
"scroll","","12703.2001953125","2025-07-04 17:43:50.383800"
"scroll","","12727.2001953125","2025-07-04 17:43:50.395500"
"scroll","","12759.2001953125","2025-07-04 17:43:50.413800"
"scroll","","12806.400390625","2025-07-04 17:43:50.428300"
"scroll","","12834.400390625","2025-07-04 17:43:50.445700"
"scroll","","12835.2001953125","2025-07-04 17:43:50.462400"
"scroll","","12851.2001953125","2025-07-04 17:43:50.494500"
"scroll","","12863.2001953125","2025-07-04 17:43:50.512300"
"scroll","","12872.7998046875","2025-07-04 17:43:50.531000"
"scroll","","12880","2025-07-04 17:43:50.545800"
"scroll","","12886.400390625","2025-07-04 17:43:50.561600"
"scroll","","12892","2025-07-04 17:43:50.581100"
"scroll","","12896","2025-07-04 17:43:50.595200"
"scroll","","12900.7998046875","2025-07-04 17:43:50.611000"
"scroll","","12904","2025-07-04 17:43:50.628000"
"scroll","","12907.2001953125","2025-07-04 17:43:50.645400"
"scroll","","12910.400390625","2025-07-04 17:43:50.662400"
"scroll","","12912.7998046875","2025-07-04 17:43:50.678800"
"scroll","","12915.2001953125","2025-07-04 17:43:50.696900"
"scroll","","12916.7998046875","2025-07-04 17:43:50.711300"
"scroll","","12919.2001953125","2025-07-04 17:43:50.728100"
"scroll","","12920","2025-07-04 17:43:50.744300"
"scroll","","12922.400390625","2025-07-04 17:43:50.762500"
"scroll","","12923.2001953125","2025-07-04 17:43:50.778600"
"scroll","","12990.400390625","2025-07-04 17:43:50.827800"
"scroll","","13026.400390625","2025-07-04 17:43:50.844000"
"scroll","","13052.7998046875","2025-07-04 17:43:50.861700"
"scroll","","13084.7998046875","2025-07-04 17:43:50.877200"
"scroll","","13096.7998046875","2025-07-04 17:43:50.894100"
"scroll","","13102.400390625","2025-07-04 17:43:50.913700"
"scroll","","13108.7998046875","2025-07-04 17:43:50.944200"
"scroll","","13114.400390625","2025-07-04 17:43:50.960800"
"scroll","","13118.400390625","2025-07-04 17:43:50.977800"
"scroll","","13120","2025-07-04 17:43:50.994300"
"scroll","","13122.400390625","2025-07-04 17:43:51.011000"
"scroll","","13124","2025-07-04 17:43:51.028000"
"scroll","","13124.7998046875","2025-07-04 17:43:51.045500"
"scroll","","13126.400390625","2025-07-04 17:43:51.061100"
"scroll","","13127.2001953125","2025-07-04 17:43:51.077900"
"scroll","","13128","2025-07-04 17:43:51.094100"
"scroll","","13128.7998046875","2025-07-04 17:43:51.143700"
"scroll","","13130.400390625","2025-07-04 17:43:51.466100"
"scroll","","13138.400390625","2025-07-04 17:43:51.478400"
"scroll","","13180.7998046875","2025-07-04 17:43:51.493600"
"scroll","","13216.7998046875","2025-07-04 17:43:51.510500"
"scroll","","13256.7998046875","2025-07-04 17:43:51.529100"
"scroll","","13308.7998046875","2025-07-04 17:43:51.544700"
"scroll","","13334.400390625","2025-07-04 17:43:51.560600"
"scroll","","13356","2025-07-04 17:43:51.594600"
"scroll","","13371.2001953125","2025-07-04 17:43:51.610900"
"scroll","","13383.2001953125","2025-07-04 17:43:51.627100"
"scroll","","13392.7998046875","2025-07-04 17:43:51.644900"
"scroll","","13400.7998046875","2025-07-04 17:43:51.660200"
"scroll","","13408.7998046875","2025-07-04 17:43:51.677800"
"scroll","","13415.2001953125","2025-07-04 17:43:51.694700"
"scroll","","13420.7998046875","2025-07-04 17:43:51.710600"
"scroll","","13426.400390625","2025-07-04 17:43:51.728600"
"scroll","","13431.2001953125","2025-07-04 17:43:51.743900"
"scroll","","13435.2001953125","2025-07-04 17:43:51.760000"
"scroll","","13438.400390625","2025-07-04 17:43:51.777300"
"scroll","","13442.400390625","2025-07-04 17:43:51.794000"
"scroll","","13444.7998046875","2025-07-04 17:43:51.811900"
"scroll","","13448","2025-07-04 17:43:51.829500"
"scroll","","13451.2001953125","2025-07-04 17:43:51.844500"
"scroll","","13452.7998046875","2025-07-04 17:43:51.860500"
"scroll","","13455.2001953125","2025-07-04 17:43:51.878600"
"scroll","","13456.7998046875","2025-07-04 17:43:51.893700"
"scroll","","13459.2001953125","2025-07-04 17:43:51.910400"
"scroll","","13460","2025-07-04 17:43:51.927400"
"scroll","","13462.400390625","2025-07-04 17:43:51.944100"
"scroll","","13463.2001953125","2025-07-04 17:43:51.960500"
"scroll","","13464.7998046875","2025-07-04 17:43:51.993000"
"scroll","","13466.400390625","2025-07-04 17:43:52.009100"
"scroll","","13467.2001953125","2025-07-04 17:43:52.026000"
"scroll","","13468","2025-07-04 17:43:52.042600"
"scroll","","13468.7998046875","2025-07-04 17:43:52.059400"
"scroll","","13470.400390625","2025-07-04 17:43:52.075800"
"scroll","","13471.2001953125","2025-07-04 17:43:52.093900"
"scroll","","13472","2025-07-04 17:43:52.127500"
"scroll","","13472.7998046875","2025-07-04 17:43:52.160800"
"scroll","","13484","2025-07-04 17:43:52.831200"
"scroll","","13499.2001953125","2025-07-04 17:43:52.845700"
"scroll","","13534.400390625","2025-07-04 17:43:52.859400"
"scroll","","13542.400390625","2025-07-04 17:43:52.876100"
"scroll","","13576.7998046875","2025-07-04 17:43:52.894400"
"scroll","","13631.2001953125","2025-07-04 17:43:52.912100"
"scroll","","13652","2025-07-04 17:43:52.928700"
"scroll","","13662.400390625","2025-07-04 17:43:52.942900"
"scroll","","13663.2001953125","2025-07-04 17:43:52.959500"
"scroll","","13676","2025-07-04 17:43:52.979200"
"scroll","","13686.400390625","2025-07-04 17:43:52.992800"
"scroll","","13694.400390625","2025-07-04 17:43:53.009400"
"scroll","","13700","2025-07-04 17:43:53.026700"
"scroll","","13704.7998046875","2025-07-04 17:43:53.043600"
"scroll","","13708.7998046875","2025-07-04 17:43:53.059700"
"scroll","","13712","2025-07-04 17:43:53.080400"
"scroll","","13715.2001953125","2025-07-04 17:43:53.092700"
"scroll","","13718.400390625","2025-07-04 17:43:53.112500"
"scroll","","13720","2025-07-04 17:43:53.125900"
"scroll","","13724","2025-07-04 17:43:53.175100"
"scroll","","13726.400390625","2025-07-04 17:43:53.191600"
"scroll","","13727.2001953125","2025-07-04 17:43:53.208200"
"scroll","","13728","2025-07-04 17:43:53.224800"
"scroll","","13728.7998046875","2025-07-04 17:43:53.241400"
"scroll","","13730.400390625","2025-07-04 17:43:53.258000"
"scroll","","13731.2001953125","2025-07-04 17:43:53.275400"
"scroll","","13732","2025-07-04 17:43:53.292000"
"scroll","","13732.7998046875","2025-07-04 17:43:53.308200"
"scroll","","13734.400390625","2025-07-04 17:43:53.344000"
"scroll","","13735.2001953125","2025-07-04 17:43:53.408900"
"move","609","14062.2001953125","2025-07-04 17:43:53.719700"
"move","601","14064.2001953125","2025-07-04 17:43:53.743400"
"move","594","14066.2001953125","2025-07-04 17:43:53.759600"
"move","591","14066.2001953125","2025-07-04 17:43:53.776900"
"move","586","14067.2001953125","2025-07-04 17:43:53.792500"
"move","581","14068.2001953125","2025-07-04 17:43:53.809900"
"move","580","14070.2001953125","2025-07-04 17:43:53.829500"
"move","579","14070.2001953125","2025-07-04 17:43:53.842400"
"move","577","14070.2001953125","2025-07-04 17:43:53.859200"
"move","576","14070.2001953125","2025-07-04 17:43:53.875900"
"move","575","14070.2001953125","2025-07-04 17:43:53.892400"
"move","574","14070.2001953125","2025-07-04 17:43:53.914600"
"move","574","14071.2001953125","2025-07-04 17:43:53.925600"
"move","573","14071.2001953125","2025-07-04 17:43:53.943200"
"move","572","14072.2001953125","2025-07-04 17:43:53.993000"
"scroll","","13752","2025-07-04 17:43:54.230400"
"scroll","","13787.2001953125","2025-07-04 17:43:54.242800"
"scroll","","13868.7998046875","2025-07-04 17:43:54.257900"
"scroll","","13924","2025-07-04 17:43:54.274800"
"scroll","","13998.400390625","2025-07-04 17:43:54.292100"
"scroll","","14036.7998046875","2025-07-04 17:43:54.308700"
"scroll","","14056","2025-07-04 17:43:54.327300"
"scroll","","14067.2001953125","2025-07-04 17:43:54.341600"
"scroll","","14080.7998046875","2025-07-04 17:43:54.375900"
"scroll","","14090.400390625","2025-07-04 17:43:54.392000"
"scroll","","14098.400390625","2025-07-04 17:43:54.407900"
"scroll","","14104","2025-07-04 17:43:54.425000"
"scroll","","14108.7998046875","2025-07-04 17:43:54.442400"
"scroll","","14114.400390625","2025-07-04 17:43:54.458700"
"scroll","","14120","2025-07-04 17:43:54.507000"
"scroll","","14123.2001953125","2025-07-04 17:43:54.524100"
"scroll","","14126.400390625","2025-07-04 17:43:54.540500"
"scroll","","14128","2025-07-04 17:43:54.557100"
"scroll","","14130.400390625","2025-07-04 17:43:54.574600"
"scroll","","14131.2001953125","2025-07-04 17:43:54.590700"
"scroll","","14132","2025-07-04 17:43:54.607200"
"scroll","","14134.400390625","2025-07-04 17:43:54.623800"
"scroll","","14135.2001953125","2025-07-04 17:43:54.640400"
"scroll","","14136","2025-07-04 17:43:54.657500"
"scroll","","14136.7998046875","2025-07-04 17:43:54.675100"
"scroll","","14138.400390625","2025-07-04 17:43:54.691300"
"scroll","","14139.2001953125","2025-07-04 17:43:54.725400"
"scroll","","14140","2025-07-04 17:43:54.791900"
"scroll","","14151.2001953125","2025-07-04 17:43:54.976000"
"scroll","","14170.400390625","2025-07-04 17:43:54.991800"
"scroll","","14187.2001953125","2025-07-04 17:43:55.008800"
"scroll","","14207.2001953125","2025-07-04 17:43:55.024300"
"scroll","","14215.2001953125","2025-07-04 17:43:55.043700"
"scroll","","14223.2001953125","2025-07-04 17:43:55.057600"
"scroll","","14226.400390625","2025-07-04 17:43:55.074100"
"scroll","","14230.400390625","2025-07-04 17:43:55.091600"
"scroll","","14232.7998046875","2025-07-04 17:43:55.109400"
"scroll","","14234.400390625","2025-07-04 17:43:55.158900"
"scroll","","14235.2001953125","2025-07-04 17:43:55.174200"
"scroll","","14236","2025-07-04 17:43:55.224500"
"move","574","14571","2025-07-04 17:44:16.783200"
"move","581","14564","2025-07-04 17:44:16.809300"
"move","593","14555","2025-07-04 17:44:16.824800"
"move","603","14549","2025-07-04 17:44:16.841200"
"move","609","14546","2025-07-04 17:44:16.857500"
"move","614","14543","2025-07-04 17:44:16.874000"
"move","617","14540","2025-07-04 17:44:16.890600"
"move","620","14539","2025-07-04 17:44:16.908700"
"move","628","14534","2025-07-04 17:44:16.927600"
"move","632","14531","2025-07-04 17:44:16.942800"
"move","640","14526","2025-07-04 17:44:16.958800"
"move","646","14523","2025-07-04 17:44:16.974200"
"move","650","14522","2025-07-04 17:44:16.991100"
"move","654","14519","2025-07-04 17:44:17.007300"
"move","655","14519","2025-07-04 17:44:17.025900"
"move","656","14519","2025-07-04 17:44:17.050400"
"move","659","14518","2025-07-04 17:44:17.113100"
"move","664","14515","2025-07-04 17:44:17.126800"
"move","683","14512","2025-07-04 17:44:17.141000"
"move","700","14509","2025-07-04 17:44:17.159400"
"move","713","14507","2025-07-04 17:44:17.175700"
"move","734","14506","2025-07-04 17:44:17.193100"
"move","740","14506","2025-07-04 17:44:17.208900"
"move","744","14506","2025-07-04 17:44:17.224600"
"move","746","14506","2025-07-04 17:44:17.243300"
"move","747","14506","2025-07-04 17:44:17.258900"
"move","748","14506","2025-07-04 17:44:17.274600"
"move","750","14506","2025-07-04 17:44:17.326800"
"move","751","14506","2025-07-04 17:44:17.351200"
"move","752","14506","2025-07-04 17:44:17.391900"
"move","752","14507","2025-07-04 17:44:17.483800"
"move","753","14507","2025-07-04 17:44:17.498000"
"move","755","14508","2025-07-04 17:44:17.512000"
"move","756","14509","2025-07-04 17:44:17.523000"
"move","760","14511","2025-07-04 17:44:17.541400"
"move","764","14512","2025-07-04 17:44:17.557700"
"move","766","14513","2025-07-04 17:44:17.576300"
"move","768","14514","2025-07-04 17:44:17.596700"
"move","768","14515","2025-07-04 17:44:17.613300"
"move","769","14515","2025-07-04 17:44:17.623400"
"move","770","14515","2025-07-04 17:44:17.644900"
"move","770","14516","2025-07-04 17:44:17.690100"
"move","771","14517","2025-07-04 17:44:17.708700"
"move","772","14517","2025-07-04 17:44:17.723900"
"move","772","14518","2025-07-04 17:44:17.741200"
"move","773","14518","2025-07-04 17:44:17.757800"
"move","774","14518","2025-07-04 17:44:17.785600"
"move","774","14518","2025-07-04 17:44:18.057100"
"click","774","14518","2025-07-04 17:44:18.210000"
"move","770","14522","2025-07-04 17:44:18.445500"
"move","763","14527","2025-07-04 17:44:18.455600"
"move","750","14535","2025-07-04 17:44:18.475200"
"move","740","14544","2025-07-04 17:44:18.490200"
"move","732","14550","2025-07-04 17:44:18.506800"
"move","724","14558","2025-07-04 17:44:18.523700"
"move","715","14565","2025-07-04 17:44:18.541600"
"scroll","","14238.400390625","2025-07-04 17:44:18.760700"
"scroll","","14272","2025-07-04 17:44:18.773400"
"scroll","","14375.2001953125","2025-07-04 17:44:18.791000"
"scroll","","14451.2001953125","2025-07-04 17:44:18.807100"
"scroll","","14534.400390625","2025-07-04 17:44:18.823700"
"scroll","","14602.400390625","2025-07-04 17:44:18.839600"
"scroll","","14624","2025-07-04 17:44:18.856700"
"scroll","","14660","2025-07-04 17:44:18.906100"
"scroll","","14676","2025-07-04 17:44:18.922600"
"scroll","","14688.7998046875","2025-07-04 17:44:18.940000"
"scroll","","14700","2025-07-04 17:44:18.957300"
"scroll","","14708.7998046875","2025-07-04 17:44:18.973200"
"scroll","","14716.7998046875","2025-07-04 17:44:18.991400"
"scroll","","14724","2025-07-04 17:44:19.007300"
"scroll","","14730.400390625","2025-07-04 17:44:19.022700"
"scroll","","14735.2001953125","2025-07-04 17:44:19.039600"
"scroll","","14740","2025-07-04 17:44:19.056000"
"scroll","","14744.7998046875","2025-07-04 17:44:19.073400"
"scroll","","14748.7998046875","2025-07-04 17:44:19.089200"
"scroll","","14756","2025-07-04 17:44:19.124100"
"scroll","","14759.2001953125","2025-07-04 17:44:19.140000"
"scroll","","14762.400390625","2025-07-04 17:44:19.156500"
"scroll","","14764","2025-07-04 17:44:19.174500"
"scroll","","14767.2001953125","2025-07-04 17:44:19.189400"
"scroll","","14768.7998046875","2025-07-04 17:44:19.205700"
"scroll","","14771.2001953125","2025-07-04 17:44:19.223200"
"scroll","","14772.7998046875","2025-07-04 17:44:19.240200"
"scroll","","14774.400390625","2025-07-04 17:44:19.255800"
"scroll","","14776","2025-07-04 17:44:19.273500"
"scroll","","14790.400390625","2025-07-04 17:44:19.842900"
"scroll","","14824.7998046875","2025-07-04 17:44:19.856600"
"scroll","","14899.2001953125","2025-07-04 17:44:19.871200"
"scroll","","14972","2025-07-04 17:44:19.887900"
"scroll","","15032.7998046875","2025-07-04 17:44:19.905500"
"scroll","","15108","2025-07-04 17:44:19.921200"
"scroll","","15142.400390625","2025-07-04 17:44:19.939000"
"scroll","","15148.7998046875","2025-07-04 17:44:19.955300"
"scroll","","15176","2025-07-04 17:44:19.988800"
"scroll","","15196","2025-07-04 17:44:20.005700"
"scroll","","15211.2001953125","2025-07-04 17:44:20.021300"
"scroll","","15224.7998046875","2025-07-04 17:44:20.038200"
"scroll","","15236","2025-07-04 17:44:20.054900"
"scroll","","15246.400390625","2025-07-04 17:44:20.072000"
"scroll","","15255.2001953125","2025-07-04 17:44:20.089200"
"scroll","","15263.2001953125","2025-07-04 17:44:20.105500"
"scroll","","15276","2025-07-04 17:44:20.138600"
"scroll","","15282.400390625","2025-07-04 17:44:20.154400"
"scroll","","15287.2001953125","2025-07-04 17:44:20.171900"
"scroll","","15292","2025-07-04 17:44:20.188200"
"scroll","","15296.7998046875","2025-07-04 17:44:20.204700"
"scroll","","15300.7998046875","2025-07-04 17:44:20.223000"
"scroll","","15304.7998046875","2025-07-04 17:44:20.238300"
"scroll","","15308.7998046875","2025-07-04 17:44:20.254600"
"scroll","","15312","2025-07-04 17:44:20.272100"
"scroll","","15315.2001953125","2025-07-04 17:44:20.288000"
"scroll","","15318.400390625","2025-07-04 17:44:20.306200"
"scroll","","15320.7998046875","2025-07-04 17:44:20.321900"
"scroll","","15324","2025-07-04 17:44:20.338800"
"scroll","","15326.400390625","2025-07-04 17:44:20.354400"
"scroll","","15328","2025-07-04 17:44:20.374000"
"scroll","","15330.400390625","2025-07-04 17:44:20.390000"
"scroll","","15332","2025-07-04 17:44:20.404000"
"scroll","","15334.400390625","2025-07-04 17:44:20.420900"
"scroll","","15336","2025-07-04 17:44:20.438700"
"scroll","","15338.400390625","2025-07-04 17:44:20.454100"
"scroll","","15339.2001953125","2025-07-04 17:44:20.473100"
"scroll","","15340","2025-07-04 17:44:20.488100"
"scroll","","15403.2001953125","2025-07-04 17:44:20.556100"
"scroll","","15474.400390625","2025-07-04 17:44:20.571000"
"scroll","","15564","2025-07-04 17:44:20.588500"
"scroll","","15628.7998046875","2025-07-04 17:44:20.605300"
"scroll","","15684","2025-07-04 17:44:20.622500"
"scroll","","15724.7998046875","2025-07-04 17:44:20.637400"
"scroll","","15735.2001953125","2025-07-04 17:44:20.656000"
"scroll","","15739.2001953125","2025-07-04 17:44:20.670700"
"scroll","","15748","2025-07-04 17:44:20.704100"
"scroll","","15755.2001953125","2025-07-04 17:44:20.722100"
"scroll","","15760","2025-07-04 17:44:20.738000"
"scroll","","15764","2025-07-04 17:44:20.755500"
"scroll","","15767.2001953125","2025-07-04 17:44:20.770900"
"scroll","","15770.400390625","2025-07-04 17:44:20.787600"
"scroll","","15772","2025-07-04 17:44:20.804600"
"scroll","","15774.400390625","2025-07-04 17:44:20.820500"
"scroll","","15775.2001953125","2025-07-04 17:44:20.837700"
"scroll","","15776","2025-07-04 17:44:20.855200"
"scroll","","15776.7998046875","2025-07-04 17:44:20.871400"
"scroll","","15778.400390625","2025-07-04 17:44:20.888900"
"scroll","","15779.2001953125","2025-07-04 17:44:20.904300"
"scroll","","15780","2025-07-04 17:44:20.939000"
"scroll","","15780.7998046875","2025-07-04 17:44:20.971600"
"scroll","","15782.400390625","2025-07-04 17:44:22.258500"
"scroll","","15814.400390625","2025-07-04 17:44:22.269800"
"scroll","","15886.400390625","2025-07-04 17:44:22.286500"
"scroll","","15943.2001953125","2025-07-04 17:44:22.302900"
"scroll","","15994.400390625","2025-07-04 17:44:22.320300"
"scroll","","16080","2025-07-04 17:44:22.338100"
"scroll","","16116.7998046875","2025-07-04 17:44:22.353800"
"scroll","","16160","2025-07-04 17:44:22.371500"
"scroll","","16184.7998046875","2025-07-04 17:44:22.403400"
"scroll","","16204","2025-07-04 17:44:22.419800"
"scroll","","16218.400390625","2025-07-04 17:44:22.436400"
"scroll","","16231.2001953125","2025-07-04 17:44:22.470000"
"scroll","","16240.7998046875","2025-07-04 17:44:22.485800"
"scroll","","16250.400390625","2025-07-04 17:44:22.504200"
"scroll","","16259.2001953125","2025-07-04 17:44:22.518800"
"scroll","","16266.400390625","2025-07-04 17:44:22.535400"
"scroll","","16272","2025-07-04 17:44:22.552100"
"scroll","","16278.400390625","2025-07-04 17:44:22.568800"
"scroll","","16283.2001953125","2025-07-04 17:44:22.585200"
"scroll","","16288","2025-07-04 17:44:22.602100"
"scroll","","16292.7998046875","2025-07-04 17:44:22.618600"
"scroll","","16296.7998046875","2025-07-04 17:44:22.635000"
"scroll","","16300.7998046875","2025-07-04 17:44:22.653900"
"scroll","","16304","2025-07-04 17:44:22.668800"
"scroll","","16308","2025-07-04 17:44:22.686200"
"scroll","","16311.2001953125","2025-07-04 17:44:22.702800"
"scroll","","16314.400390625","2025-07-04 17:44:22.718500"
"scroll","","16316","2025-07-04 17:44:22.735100"
"scroll","","16319.2001953125","2025-07-04 17:44:22.751800"
"scroll","","16320.7998046875","2025-07-04 17:44:22.768300"
"scroll","","16323.2001953125","2025-07-04 17:44:22.785100"
"scroll","","16324.7998046875","2025-07-04 17:44:22.801800"
"scroll","","16327.2001953125","2025-07-04 17:44:22.818500"
"scroll","","16328","2025-07-04 17:44:22.836600"
"move","714","16658","2025-07-04 17:44:22.890300"
"move","711","16661.7998046875","2025-07-04 17:44:22.904400"
"scroll","","16328.7998046875","2025-07-04 17:44:22.904700"
"move","700","16670.7998046875","2025-07-04 17:44:22.919800"
"move","691","16676.7998046875","2025-07-04 17:44:22.937400"
"move","680","16683.7998046875","2025-07-04 17:44:22.960100"
"move","675","16685.7998046875","2025-07-04 17:44:22.971800"
"move","671","16687.7998046875","2025-07-04 17:44:22.987600"
"move","665","16691.7998046875","2025-07-04 17:44:23.007300"
"move","661","16692.7998046875","2025-07-04 17:44:23.025500"
"move","660","16693.7998046875","2025-07-04 17:44:23.039800"
"move","656","16695.7998046875","2025-07-04 17:44:23.054000"
"scroll","","16330.400390625","2025-07-04 17:44:23.324400"
"scroll","","16348.7998046875","2025-07-04 17:44:23.336400"
"scroll","","16367.2001953125","2025-07-04 17:44:23.352600"
"scroll","","16388","2025-07-04 17:44:23.371500"
"scroll","","16392.80078125","2025-07-04 17:44:23.385300"
"scroll","","16395.19921875","2025-07-04 17:44:23.401800"
"scroll","","16396","2025-07-04 17:44:23.418800"
"scroll","","16420.80078125","2025-07-04 17:44:24.309000"
"scroll","","16460","2025-07-04 17:44:24.319900"
"scroll","","16503.19921875","2025-07-04 17:44:24.335000"
"scroll","","16586.400390625","2025-07-04 17:44:24.352100"
"scroll","","16636.80078125","2025-07-04 17:44:24.368700"
"scroll","","16688.80078125","2025-07-04 17:44:24.386500"
"scroll","","16722.400390625","2025-07-04 17:44:24.401300"
"scroll","","16735.19921875","2025-07-04 17:44:24.419900"
"scroll","","16752.80078125","2025-07-04 17:44:24.451200"
"scroll","","16766.400390625","2025-07-04 17:44:24.468000"
"scroll","","16776","2025-07-04 17:44:24.484900"
"scroll","","16784","2025-07-04 17:44:24.501700"
"scroll","","16791.19921875","2025-07-04 17:44:24.518700"
"scroll","","16796.80078125","2025-07-04 17:44:24.536100"
"scroll","","16802.400390625","2025-07-04 17:44:24.551400"
"scroll","","16807.19921875","2025-07-04 17:44:24.571600"
"scroll","","16811.19921875","2025-07-04 17:44:24.584400"
"scroll","","16814.400390625","2025-07-04 17:44:24.602200"
"scroll","","16816.80078125","2025-07-04 17:44:24.618100"
"scroll","","16820","2025-07-04 17:44:24.636600"
"scroll","","16823.19921875","2025-07-04 17:44:24.651600"
"scroll","","16824.80078125","2025-07-04 17:44:24.668200"
"scroll","","16827.19921875","2025-07-04 17:44:24.685100"
"scroll","","16828.80078125","2025-07-04 17:44:24.704200"
"scroll","","16831.19921875","2025-07-04 17:44:24.717900"
"scroll","","16832","2025-07-04 17:44:24.734600"
"scroll","","16834.400390625","2025-07-04 17:44:24.751700"
"scroll","","16835.19921875","2025-07-04 17:44:24.768800"
"scroll","","16836","2025-07-04 17:44:24.787800"
"scroll","","16836.80078125","2025-07-04 17:44:24.801400"
"scroll","","16838.400390625","2025-07-04 17:44:24.818300"
"scroll","","16839.19921875","2025-07-04 17:44:24.834600"
"scroll","","16840","2025-07-04 17:44:24.868300"
"scroll","","16840.80078125","2025-07-04 17:44:24.900200"
"scroll","","16842.400390625","2025-07-04 17:44:24.919500"
"scroll","","16843.19921875","2025-07-04 17:44:24.984200"
"scroll","","16844","2025-07-04 17:44:25.186600"
"scroll","","16844.80078125","2025-07-04 17:44:25.644800"
"scroll","","16856.80078125","2025-07-04 17:44:25.650200"
"scroll","","16919.19921875","2025-07-04 17:44:25.667900"
"scroll","","17010.400390625","2025-07-04 17:44:25.683500"
"scroll","","17082.400390625","2025-07-04 17:44:25.701200"
"scroll","","17148.80078125","2025-07-04 17:44:25.720400"
"scroll","","17211.19921875","2025-07-04 17:44:25.760400"
"scroll","","17240","2025-07-04 17:44:25.786100"
"scroll","","17264","2025-07-04 17:44:25.802300"
"scroll","","17282.400390625","2025-07-04 17:44:25.817600"
"scroll","","17296.80078125","2025-07-04 17:44:25.834000"
"scroll","","17311.19921875","2025-07-04 17:44:25.851000"
"scroll","","17322.400390625","2025-07-04 17:44:25.867700"
"scroll","","17332.80078125","2025-07-04 17:44:25.886900"
"scroll","","17342.400390625","2025-07-04 17:44:25.901100"
"scroll","","17351.19921875","2025-07-04 17:44:25.924400"
"scroll","","17366.400390625","2025-07-04 17:44:25.953600"
"scroll","","17372.80078125","2025-07-04 17:44:25.968600"
"scroll","","17379.19921875","2025-07-04 17:44:25.983600"
"scroll","","17384","2025-07-04 17:44:26.000200"
"scroll","","17390.400390625","2025-07-04 17:44:26.017200"
"scroll","","17395.19921875","2025-07-04 17:44:26.035600"
"scroll","","17399.19921875","2025-07-04 17:44:26.050500"
"scroll","","17403.19921875","2025-07-04 17:44:26.067100"
"scroll","","17407.19921875","2025-07-04 17:44:26.083500"
"scroll","","17411.19921875","2025-07-04 17:44:26.101400"
"scroll","","17415.19921875","2025-07-04 17:44:26.116900"
"scroll","","17418.400390625","2025-07-04 17:44:26.133800"
"scroll","","17420.80078125","2025-07-04 17:44:26.150400"
"scroll","","17424","2025-07-04 17:44:26.168800"
"scroll","","17427.19921875","2025-07-04 17:44:26.183700"
"scroll","","17428.80078125","2025-07-04 17:44:26.200400"
"scroll","","17432","2025-07-04 17:44:26.217300"
"scroll","","17434.400390625","2025-07-04 17:44:26.237000"
"scroll","","17436","2025-07-04 17:44:26.249800"
"scroll","","17438.400390625","2025-07-04 17:44:26.267300"
"scroll","","17440","2025-07-04 17:44:26.283200"
"scroll","","17442.400390625","2025-07-04 17:44:26.300600"
"scroll","","17443.19921875","2025-07-04 17:44:26.318300"
"scroll","","17444.80078125","2025-07-04 17:44:26.334400"
"scroll","","17446.400390625","2025-07-04 17:44:26.350100"
"scroll","","17448","2025-07-04 17:44:26.367100"
"scroll","","17448.80078125","2025-07-04 17:44:26.383100"
"scroll","","17450.400390625","2025-07-04 17:44:26.400300"
"scroll","","17451.19921875","2025-07-04 17:44:26.416400"
"scroll","","17452","2025-07-04 17:44:26.434500"
"scroll","","17452.80078125","2025-07-04 17:44:26.450600"
"scroll","","17454.400390625","2025-07-04 17:44:26.471100"
"scroll","","17455.19921875","2025-07-04 17:44:26.483000"
"scroll","","17456","2025-07-04 17:44:26.499600"
"scroll","","17456.80078125","2025-07-04 17:44:26.533300"
"scroll","","17458.400390625","2025-07-04 17:44:26.550400"
"scroll","","17459.19921875","2025-07-04 17:44:26.585400"
"scroll","","17460","2025-07-04 17:44:26.616400"
"scroll","","17460.80078125","2025-07-04 17:44:26.667200"
"scroll","","17462.400390625","2025-07-04 17:44:26.716400"
"scroll","","17463.19921875","2025-07-04 17:44:26.849700"
"scroll","","17474.400390625","2025-07-04 17:44:28.436100"
"scroll","","17480.80078125","2025-07-04 17:44:28.450600"
"scroll","","17499.19921875","2025-07-04 17:44:28.464700"
"scroll","","17512.80078125","2025-07-04 17:44:28.481300"
"scroll","","17526.400390625","2025-07-04 17:44:28.498300"
"scroll","","17551.19921875","2025-07-04 17:44:28.515700"
"scroll","","17560","2025-07-04 17:44:28.531900"
"scroll","","17566.400390625","2025-07-04 17:44:28.548900"
"scroll","","17572.80078125","2025-07-04 17:44:28.566200"
"scroll","","17575.19921875","2025-07-04 17:44:28.583300"
"scroll","","17576.80078125","2025-07-04 17:44:28.597900"
"scroll","","17578.400390625","2025-07-04 17:44:28.615900"
"scroll","","17579.19921875","2025-07-04 17:44:28.648000"
"scroll","","17588","2025-07-04 17:44:29.185700"
"scroll","","17611.19921875","2025-07-04 17:44:29.198200"
"scroll","","17634.400390625","2025-07-04 17:44:29.214100"
"scroll","","17687.19921875","2025-07-04 17:44:29.230900"
"scroll","","17728","2025-07-04 17:44:29.247100"
"scroll","","17751.19921875","2025-07-04 17:44:29.265300"
"scroll","","17788.80078125","2025-07-04 17:44:29.280700"
"scroll","","17800","2025-07-04 17:44:29.299500"
"scroll","","17804.80078125","2025-07-04 17:44:29.315000"
"scroll","","17812","2025-07-04 17:44:29.349100"
"scroll","","17816.80078125","2025-07-04 17:44:29.363800"
"scroll","","17820.80078125","2025-07-04 17:44:29.381100"
"scroll","","17824","2025-07-04 17:44:29.397400"
"scroll","","17826.400390625","2025-07-04 17:44:29.414700"
"scroll","","17828","2025-07-04 17:44:29.431200"
"scroll","","17828.80078125","2025-07-04 17:44:29.449400"
"scroll","","17830.400390625","2025-07-04 17:44:29.464500"
"scroll","","17831.19921875","2025-07-04 17:44:29.480700"
"scroll","","17832","2025-07-04 17:44:29.497700"
"scroll","","17832.80078125","2025-07-04 17:44:29.516300"
"scroll","","17834.400390625","2025-07-04 17:44:29.582800"
"move","656","18203.400390625","2025-07-04 17:44:32.973500"
"move","652","18207.400390625","2025-07-04 17:44:32.995500"
"move","648","18209.400390625","2025-07-04 17:44:33.012600"
"move","646","18212.400390625","2025-07-04 17:44:33.028400"
"move","640","18217.400390625","2025-07-04 17:44:33.045100"
"move","638","18217.400390625","2025-07-04 17:44:33.063600"
"move","635","18220.400390625","2025-07-04 17:44:33.079100"
"move","632","18223.400390625","2025-07-04 17:44:33.096700"
"move","629","18225.400390625","2025-07-04 17:44:33.112600"
"move","624","18232.400390625","2025-07-04 17:44:33.129200"
"move","621","18235.400390625","2025-07-04 17:44:33.144700"
"move","618","18237.400390625","2025-07-04 17:44:33.162000"
"move","615","18239.400390625","2025-07-04 17:44:33.178000"
"move","614","18241.400390625","2025-07-04 17:44:33.196700"
"move","612","18241.400390625","2025-07-04 17:44:33.213000"
"move","606","18249.400390625","2025-07-04 17:44:33.231600"
"move","601","18257.400390625","2025-07-04 17:44:33.247500"
"move","592","18274.400390625","2025-07-04 17:44:33.262900"
"move","588","18285.400390625","2025-07-04 17:44:33.279000"
"move","585","18292.400390625","2025-07-04 17:44:33.295300"
"move","582","18301.400390625","2025-07-04 17:44:33.311700"
"move","580","18307.400390625","2025-07-04 17:44:33.329500"
"move","579","18310.400390625","2025-07-04 17:44:33.346100"
"move","577","18317.400390625","2025-07-04 17:44:33.365600"
"move","576","18323.400390625","2025-07-04 17:44:33.387000"
"move","576","18325.400390625","2025-07-04 17:44:33.398100"
"move","576","18331.400390625","2025-07-04 17:44:33.413200"
"move","575","18335.400390625","2025-07-04 17:44:33.429600"
"move","573","18338.400390625","2025-07-04 17:44:33.445300"
"move","573","18340.400390625","2025-07-04 17:44:33.462500"
"move","573","18341.400390625","2025-07-04 17:44:33.479400"
"move","573","18343.400390625","2025-07-04 17:44:33.495600"
"move","573","18344.400390625","2025-07-04 17:44:33.513100"
"move","573","18346.400390625","2025-07-04 17:44:33.531700"
"move","573","18347.400390625","2025-07-04 17:44:33.551500"
"move","573","18348.400390625","2025-07-04 17:44:33.562800"
"move","573","18349.400390625","2025-07-04 17:44:33.580400"
"move","573","18351.400390625","2025-07-04 17:44:33.596600"
"move","573","18353.400390625","2025-07-04 17:44:33.611600"
"move","573","18354.400390625","2025-07-04 17:44:33.630600"
"move","573","18355.400390625","2025-07-04 17:44:33.645000"
"move","573","18357.400390625","2025-07-04 17:44:33.662100"
"move","573","18359.400390625","2025-07-04 17:44:33.678800"
"move","573","18360.400390625","2025-07-04 17:44:33.695600"
"move","573","18361.400390625","2025-07-04 17:44:33.711300"
"move","573","18362.400390625","2025-07-04 17:44:33.740500"
"move","574","18364.400390625","2025-07-04 17:44:33.761000"
"move","574","18365.400390625","2025-07-04 17:44:33.779200"
"move","575","18366.400390625","2025-07-04 17:44:33.832000"
"move","576","18367.400390625","2025-07-04 17:44:33.846200"
"move","578","18368.400390625","2025-07-04 17:44:33.861600"
"move","580","18368.400390625","2025-07-04 17:44:33.878200"
"move","581","18368.400390625","2025-07-04 17:44:33.895900"
"move","583","18369.400390625","2025-07-04 17:44:33.911400"
"move","584","18369.400390625","2025-07-04 17:44:33.929600"
"move","587","18370.400390625","2025-07-04 17:44:33.944900"
"move","588","18370.400390625","2025-07-04 17:44:33.961800"
"move","590","18370.400390625","2025-07-04 17:44:33.978100"
"move","593","18371.400390625","2025-07-04 17:44:33.995800"
"move","595","18373.400390625","2025-07-04 17:44:34.011700"
"move","597","18373.400390625","2025-07-04 17:44:34.027900"
"move","600","18374.400390625","2025-07-04 17:44:34.046500"
"move","601","18376.400390625","2025-07-04 17:44:34.061200"
"move","605","18377.400390625","2025-07-04 17:44:34.078900"
"move","607","18378.400390625","2025-07-04 17:44:34.095800"
"move","608","18378.400390625","2025-07-04 17:44:34.111900"
"move","611","18379.400390625","2025-07-04 17:44:34.128000"
"move","613","18380.400390625","2025-07-04 17:44:34.150800"
"move","614","18380.400390625","2025-07-04 17:44:34.162600"
"move","616","18381.400390625","2025-07-04 17:44:34.179100"
"move","620","18381.400390625","2025-07-04 17:44:34.194900"
"move","623","18381.400390625","2025-07-04 17:44:34.211000"
"move","626","18381.400390625","2025-07-04 17:44:34.227800"
"move","631","18381.400390625","2025-07-04 17:44:34.246800"
"move","632","18381.400390625","2025-07-04 17:44:34.261000"
"move","633","18381.400390625","2025-07-04 17:44:34.278500"
"move","636","18381.400390625","2025-07-04 17:44:34.299200"
"move","637","18381.400390625","2025-07-04 17:44:34.311600"
"move","638","18381.400390625","2025-07-04 17:44:34.328400"
"move","639","18381.400390625","2025-07-04 17:44:34.345000"
"move","640","18381.400390625","2025-07-04 17:44:34.360600"
"move","642","18381.400390625","2025-07-04 17:44:34.377500"
"move","644","18381.400390625","2025-07-04 17:44:34.394700"
"move","645","18381.400390625","2025-07-04 17:44:34.412000"
"move","647","18381.400390625","2025-07-04 17:44:34.427800"
"move","648","18381.400390625","2025-07-04 17:44:34.445400"
"move","649","18381.400390625","2025-07-04 17:44:34.518700"
"scroll","","17848.80078125","2025-07-04 17:44:49.653800"
"scroll","","17862.400390625","2025-07-04 17:44:49.664900"
"scroll","","17876.80078125","2025-07-04 17:44:49.682700"
"scroll","","17898.400390625","2025-07-04 17:44:49.698300"
"scroll","","17914.400390625","2025-07-04 17:44:49.715200"
"scroll","","17926.400390625","2025-07-04 17:44:49.731200"
"scroll","","17935.19921875","2025-07-04 17:44:49.748200"
"scroll","","17939.19921875","2025-07-04 17:44:49.765100"
"scroll","","17943.19921875","2025-07-04 17:44:49.781400"
"scroll","","17944.80078125","2025-07-04 17:44:49.798300"
"scroll","","17946.400390625","2025-07-04 17:44:49.816900"
"move","655","18491.400390625","2025-07-04 17:44:50.540300"
"move","676","18481.400390625","2025-07-04 17:44:50.565700"
"move","696","18470.400390625","2025-07-04 17:44:50.582600"
"move","708","18462.400390625","2025-07-04 17:44:50.598700"
"move","716","18456.400390625","2025-07-04 17:44:50.615600"
"move","732","18441.400390625","2025-07-04 17:44:50.631400"
"move","740","18434.400390625","2025-07-04 17:44:50.648200"
"move","745","18429.400390625","2025-07-04 17:44:50.664600"
"move","755","18417.400390625","2025-07-04 17:44:50.683000"
"move","762","18409.400390625","2025-07-04 17:44:50.699000"
"move","769","18403.400390625","2025-07-04 17:44:50.715700"
"move","780","18393.400390625","2025-07-04 17:44:50.731900"
"move","788","18385.400390625","2025-07-04 17:44:50.748100"
"move","794","18381.400390625","2025-07-04 17:44:50.764600"
"move","799","18376.400390625","2025-07-04 17:44:50.781000"
"move","804","18371.400390625","2025-07-04 17:44:50.797900"
"move","810","18364.400390625","2025-07-04 17:44:50.815400"
"move","814","18354.400390625","2025-07-04 17:44:50.837800"
"move","815","18353.400390625","2025-07-04 17:44:50.848700"
"move","818","18346.400390625","2025-07-04 17:44:50.865400"
"move","819","18345.400390625","2025-07-04 17:44:50.882100"
"move","819","18342.400390625","2025-07-04 17:44:50.897600"
"move","819","18341.400390625","2025-07-04 17:44:50.927700"
"move","818","18341.400390625","2025-07-04 17:44:50.992500"
"move","815","18340.400390625","2025-07-04 17:44:51.005300"
"move","811","18340.400390625","2025-07-04 17:44:51.015800"
"move","805","18339.400390625","2025-07-04 17:44:51.032400"
"move","796","18339.400390625","2025-07-04 17:44:51.047700"
"move","792","18339.400390625","2025-07-04 17:44:51.063900"
"move","789","18339.400390625","2025-07-04 17:44:51.081400"
"move","786","18339.400390625","2025-07-04 17:44:51.097800"
"move","784","18339.400390625","2025-07-04 17:44:51.116000"
"move","783","18339.400390625","2025-07-04 17:44:51.130500"
"move","782","18339.400390625","2025-07-04 17:44:51.158200"
"move","781","18339.400390625","2025-07-04 17:44:51.197500"
"move","780","18339.400390625","2025-07-04 17:44:51.246700"
"move","780","18338.400390625","2025-07-04 17:44:51.339800"
"move","780","18337.400390625","2025-07-04 17:44:51.348200"
"move","780","18336.400390625","2025-07-04 17:44:51.369100"
"move","780","18335.400390625","2025-07-04 17:44:51.382100"
"move","780","18334.400390625","2025-07-04 17:44:51.430300"
"move","780","18333.400390625","2025-07-04 17:44:51.452900"
"move","781","18333.400390625","2025-07-04 17:44:51.537300"
"move","782","18333.400390625","2025-07-04 17:44:51.558700"
"move","784","18333.400390625","2025-07-04 17:44:51.597000"
"move","785","18333.400390625","2025-07-04 17:44:51.650800"
"move","785","18333.400390625","2025-07-04 17:44:51.948800"
"click","785","18333.400390625","2025-07-04 17:44:52.152700"
"move","785","18335.400390625","2025-07-04 17:44:52.442600"
"move","785","18337.400390625","2025-07-04 17:44:52.451600"
"move","785","18341.400390625","2025-07-04 17:44:52.462800"
"move","785","18350.400390625","2025-07-04 17:44:52.480200"
"move","784","18357.400390625","2025-07-04 17:44:52.497000"
"move","784","18365.400390625","2025-07-04 17:44:52.513100"
"move","784","18369.400390625","2025-07-04 17:44:52.529800"
"move","784","18374.400390625","2025-07-04 17:44:52.546900"
"move","784","18381.400390625","2025-07-04 17:44:52.563700"
"move","784","18384.400390625","2025-07-04 17:44:52.581100"
"move","786","18388.400390625","2025-07-04 17:44:52.597200"
"move","788","18394.400390625","2025-07-04 17:44:52.613500"
"move","790","18397.400390625","2025-07-04 17:44:52.629800"
"move","790","18398.400390625","2025-07-04 17:44:52.646300"
"move","792","18401.400390625","2025-07-04 17:44:52.663600"
"move","792","18402.400390625","2025-07-04 17:44:52.682100"
"move","793","18403.400390625","2025-07-04 17:44:52.703500"
"move","793","18404.400390625","2025-07-04 17:44:52.713200"
"move","794","18405.400390625","2025-07-04 17:44:52.729900"
"move","795","18406.400390625","2025-07-04 17:44:52.752100"
"move","795","18407.400390625","2025-07-04 17:44:52.763100"
"move","803","18407.400390625","2025-07-04 17:44:53.048000"
"move","850","18404.400390625","2025-07-04 17:44:53.062400"
"move","884","18404.400390625","2025-07-04 17:44:53.079300"
"move","971","18410.400390625","2025-07-04 17:44:53.097300"
"move","1030","18417.400390625","2025-07-04 17:44:53.114000"
"move","1099","18432.400390625","2025-07-04 17:44:53.130400"
"move","1126","18441.400390625","2025-07-04 17:44:53.146400"
"move","1213","18470.400390625","2025-07-04 17:44:53.163800"
"move","1259","18486.400390625","2025-07-04 17:44:53.181000"
"move","1268","18492.400390625","2025-07-04 17:44:53.197600"
"move","1290","18511.400390625","2025-07-04 17:44:53.214200"
"move","1293","18517.400390625","2025-07-04 17:44:53.230700"
"move","1297","18517.400390625","2025-07-04 17:44:53.504600"
"move","1310","18516.400390625","2025-07-04 17:44:53.527600"
"move","1323","18512.400390625","2025-07-04 17:44:53.544300"
"move","1329","18508.400390625","2025-07-04 17:44:53.562000"
"move","1336","18505.400390625","2025-07-04 17:44:53.578500"
"move","1348","18502.400390625","2025-07-04 17:44:53.594200"
"move","1357","18500.400390625","2025-07-04 17:44:53.611300"
"move","1363","18499.400390625","2025-07-04 17:44:53.627600"
"move","1370","18498.400390625","2025-07-04 17:44:53.644300"
"move","1372","18498.400390625","2025-07-04 17:44:53.661400"
"move","1372","18501.400390625","2025-07-04 17:44:54.429200"
"move","1372","18514.400390625","2025-07-04 17:44:54.443700"
"move","1371","18523.400390625","2025-07-04 17:44:54.460500"
"move","1370","18529.400390625","2025-07-04 17:44:54.477800"
"move","1368","18541.400390625","2025-07-04 17:44:54.493900"
"move","1368","18544.400390625","2025-07-04 17:44:54.510200"
"move","1368","18549.400390625","2025-07-04 17:44:54.526900"
"move","1368","18552.400390625","2025-07-04 17:44:54.543600"
"move","1368","18556.400390625","2025-07-04 17:44:54.560500"
"move","1367","18561.400390625","2025-07-04 17:44:54.576900"
"move","1367","18565.400390625","2025-07-04 17:44:54.603900"
"move","1367","18567.400390625","2025-07-04 17:44:54.614400"
"move","1367","18569.400390625","2025-07-04 17:44:54.626900"
"move","1367","18570.400390625","2025-07-04 17:44:54.645600"
"move","1367","18573.400390625","2025-07-04 17:44:54.661100"
"move","1367","18576.400390625","2025-07-04 17:44:54.677800"
"move","1367","18578.400390625","2025-07-04 17:44:54.696800"
"move","1367","18580.400390625","2025-07-04 17:44:54.710600"
"move","1367","18581.400390625","2025-07-04 17:44:54.727400"
"move","1367","18582.400390625","2025-07-04 17:44:54.743800"
"move","1367","18583.400390625","2025-07-04 17:44:54.794800"
"move","1367","18585.400390625","2025-07-04 17:44:54.810700"
"move","1367","18586.400390625","2025-07-04 17:44:54.826800"
"move","1367","18587.400390625","2025-07-04 17:44:54.843700"
"move","1367","18588.400390625","2025-07-04 17:44:54.867300"
"move","1367","18589.400390625","2025-07-04 17:44:54.910600"
"move","1367","18590.400390625","2025-07-04 17:44:54.960900"
"move","1367","18592.400390625","2025-07-04 17:44:54.977000"
"move","1367","18593.400390625","2025-07-04 17:44:54.995300"
"move","1367","18594.400390625","2025-07-04 17:44:55.010100"
"move","1423","18592.400390625","2025-07-04 17:44:57.573300"
"move","1422","18593.400390625","2025-07-04 17:44:57.591700"
"move","1421","18594.400390625","2025-07-04 17:44:57.608800"
"move","1421","18595.400390625","2025-07-04 17:44:57.657900"
"move","1420","18596.400390625","2025-07-04 17:44:57.680000"
"move","1420","18597.400390625","2025-07-04 17:44:57.724600"
"move","1420","18597.400390625","2025-07-04 17:44:58.058800"
"move","1420","18597.400390625","2025-07-04 17:44:58.075500"
"move","1420","18597.400390625","2025-07-04 17:44:58.195000"
"click","1420","18597.400390625","2025-07-04 17:44:58.212100"
"move","1419","18598.400390625","2025-07-04 17:44:58.646100"
"move","1417","18599.400390625","2025-07-04 17:44:58.657200"
"move","1416","18601.400390625","2025-07-04 17:44:58.674000"
"move","1412","18603.400390625","2025-07-04 17:44:58.695100"
"move","1410","18605.400390625","2025-07-04 17:44:58.712300"
"move","1409","18605.400390625","2025-07-04 17:44:58.723900"
"move","1407","18606.400390625","2025-07-04 17:44:58.740400"
"move","1404","18609.400390625","2025-07-04 17:44:58.757500"
"move","1404","18610.400390625","2025-07-04 17:44:58.774800"
"move","1401","18611.400390625","2025-07-04 17:44:58.792300"
"move","1400","18613.400390625","2025-07-04 17:44:58.807600"
"move","1396","18615.400390625","2025-07-04 17:44:58.825100"
"move","1394","18617.400390625","2025-07-04 17:44:58.843900"
"move","1393","18617.400390625","2025-07-04 17:44:58.859100"
"move","1392","18617.400390625","2025-07-04 17:44:58.874400"
"move","1391","18617.400390625","2025-07-04 17:44:58.892100"
"move","1389","18618.400390625","2025-07-04 17:44:58.909500"
"move","1388","18618.400390625","2025-07-04 17:44:58.931600"
"move","1388","18619.400390625","2025-07-04 17:44:58.941100"
"move","1387","18619.400390625","2025-07-04 17:44:59.001800"
"move","1387","18620.400390625","2025-07-04 17:44:59.043500"
"move","1387","18620.400390625","2025-07-04 17:44:59.479300"
"click","1387","18620.400390625","2025-07-04 17:44:59.541400"