fix_x,fix_y,start_time,end_time,duration,dispersion,distance,fix_start_ts,saccade_before_duration,regression_flag,fixation_count_in_AOI,AOI_2,AOI_3,AOI_4,AOI_5,AOI_6,AOI_7,AOI_8,AOI_9,AOI_10,AOI_11,AOI_12,AOI_13,AOI_14,AOI_15,AOI_16,AOI_17,AOI_18,AOI_19,label
328,79,2025-07-11 15:42:24.181075,2025-07-11 15:42:25.372933,1.192,12.23,337.38,1752228744181,0.0,0,1,1,0,0,0,0,0,0,0,0,0,0,0,0,0,0,0,0,0,0.0
355,80,2025-07-11 15:42:25.372933,2025-07-11 15:42:25.951539,0.579,2.69,363.9,1752228745372,1.192,0,2,1,0,0,0,0,0,0,0,0,0,0,0,0,0,0,0,0,0,0.0
388,67,2025-07-11 15:42:25.951539,2025-07-11 15:42:26.481417,0.53,5.02,393.74,1752228745951,0.579,1,3,1,0,0,0,0,0,0,0,0,0,0,0,0,0,0,0,0,0,0.0
447,71,2025-07-11 15:42:26.863843,2025-07-11 15:42:27.235150,0.371,0.0,452.6,1752228746863,0.912,0,4,1,0,0,0,0,0,0,0,0,0,0,0,0,0,0,0,0,0,0.0
481,72,2025-07-11 15:42:27.235150,2025-07-11 15:42:27.612571,0.377,0.0,486.36,1752228747235,0.371,0,5,1,0,0,0,0,0,0,0,0,0,0,0,0,0,0,0,0,0,0.0
646,76,2025-07-11 15:42:28.859235,2025-07-11 15:42:29.240087,0.381,0.0,650.46,1752228748859,1.624,0,6,1,0,0,0,0,0,0,0,0,0,0,0,0,0,0,0,0,0,0.0
1160,88,2025-07-11 15:42:32.191288,2025-07-11 15:42:32.588688,0.397,0.0,1163.33,1752228752191,3.332,0,7,1,0,0,0,0,0,0,0,0,0,0,0,0,0,0,0,0,0,0.0
1207,87,2025-07-11 15:42:32.588688,2025-07-11 15:42:32.993663,0.405,0.0,1210.13,1752228752588,0.397,1,8,1,0,0,0,0,0,0,0,0,0,0,0,0,0,0,0,0,0,0.0
1246,82,2025-07-11 15:42:32.993663,2025-07-11 15:42:33.492498,0.499,0.0,1248.7,1752228752993,0.405,1,9,1,0,0,0,0,0,0,0,0,0,0,0,0,0,0,0,0,0,0.0
1301,81,2025-07-11 15:42:33.740184,2025-07-11 15:42:34.133691,0.394,0.0,1303.52,1752228753740,0.747,1,10,1,0,0,0,0,0,0,0,0,0,0,0,0,0,0,0,0,0,0.0
361,118,2025-07-11 15:42:34.890281,2025-07-11 15:42:35.767707,0.877,19.6,379.8,1752228754890,1.15,0,1,0,1,0,0,0,0,0,0,0,0,0,0,0,0,0,0,0,0,0.0
804,123,2025-07-11 15:42:37.824970,2025-07-11 15:42:38.281181,0.456,0.0,813.35,1752228757824,2.935,0,2,0,1,0,0,0,0,0,0,0,0,0,0,0,0,0,0,0,0,0.0
957,156,2025-07-11 15:42:39.083867,2025-07-11 15:42:39.490118,0.406,0.0,969.63,1752228759083,1.259,0,1,0,0,1,0,0,0,0,0,0,0,0,0,0,0,0,0,0,0,1.0
1367,122,2025-07-11 15:42:41.586546,2025-07-11 15:42:41.964805,0.378,0.0,1372.43,1752228761586,2.503,1,3,0,1,0,0,0,0,0,0,0,0,0,0,0,0,0,0,0,0,0.0
381,166,2025-07-11 15:42:42.532369,2025-07-11 15:42:43.676892,1.145,31.06,415.59,1752228762532,0.946,0,2,0,0,1,0,0,0,0,0,0,0,0,0,0,0,0,0,0,0,1.0
596,172,2025-07-11 15:42:44.662688,2025-07-11 15:42:45.058048,0.395,0.0,620.32,1752228764662,2.13,0,3,0,0,1,0,0,0,0,0,0,0,0,0,0,0,0,0,0,0,1.0
1190,176,2025-07-11 15:42:47.948956,2025-07-11 15:42:48.338518,0.39,0.0,1202.94,1752228767948,3.286,0,4,0,0,1,0,0,0,0,0,0,0,0,0,0,0,0,0,0,0,1.0
1245,181,2025-07-11 15:42:48.608080,2025-07-11 15:42:48.980134,0.372,0.0,1258.09,1752228768608,0.659,0,5,0,0,1,0,0,0,0,0,0,0,0,0,0,0,0,0,0,0,1.0
1277,182,2025-07-11 15:42:48.980134,2025-07-11 15:42:49.459501,0.479,0.0,1289.9,1752228768980,0.372,0,6,0,0,1,0,0,0,0,0,0,0,0,0,0,0,0,0,0,0,1.0
771,179,2025-07-11 15:42:51.346210,2025-07-11 15:42:51.831845,0.486,0.0,791.51,1752228771346,2.366,1,7,0,0,1,0,0,0,0,0,0,0,0,0,0,0,0,0,0,0,1.0
796,178,2025-07-11 15:42:51.831845,2025-07-11 15:42:52.207037,0.375,0.0,815.66,1752228771831,0.486,1,8,0,0,1,0,0,0,0,0,0,0,0,0,0,0,0,0,0,0,1.0
936,185,2025-07-11 15:42:52.582192,2025-07-11 15:42:53.116853,0.535,0.0,954.11,1752228772582,0.75,0,9,0,0,1,0,0,0,0,0,0,0,0,0,0,0,0,0,0,0,1.0
963,189,2025-07-11 15:42:53.116853,2025-07-11 15:42:53.684520,0.568,11.54,981.37,1752228773116,0.535,0,10,0,0,1,0,0,0,0,0,0,0,0,0,0,0,0,0,0,0,1.0
899,185,2025-07-11 15:42:53.815874,2025-07-11 15:42:54.496568,0.681,15.06,917.84,1752228773815,0.699,1,11,0,0,1,0,0,0,0,0,0,0,0,0,0,0,0,0,0,0,1.0
978,197,2025-07-11 15:42:55.318012,2025-07-11 15:42:55.704161,0.386,0.0,997.64,1752228775318,1.502,0,12,0,0,1,0,0,0,0,0,0,0,0,0,0,0,0,0,0,0,1.0
1028,178,2025-07-11 15:42:56.052734,2025-07-11 15:42:56.465732,0.413,0.0,1043.3,1752228776052,0.735,1,13,0,0,1,0,0,0,0,0,0,0,0,0,0,0,0,0,0,0,1.0
1160,188,2025-07-11 15:42:57.003625,2025-07-11 15:42:57.387186,0.384,0.0,1175.14,1752228777003,0.951,0,14,0,0,1,0,0,0,0,0,0,0,0,0,0,0,0,0,0,0,1.0
1246,183,2025-07-11 15:42:57.997252,2025-07-11 15:42:58.481864,0.485,0.0,1259.37,1752228777997,0.994,1,15,0,0,1,0,0,0,0,0,0,0,0,0,0,0,0,0,0,0,1.0
1273,180,2025-07-11 15:42:58.481864,2025-07-11 15:42:58.979116,0.497,0.71,1285.66,1752228778481,0.485,1,16,0,0,1,0,0,0,0,0,0,0,0,0,0,0,0,0,0,0,1.0
1299,181,2025-07-11 15:42:58.979116,2025-07-11 15:42:59.823194,0.844,19.1,1311.55,1752228778979,0.497,0,17,0,0,1,0,0,0,0,0,0,0,0,0,0,0,0,0,0,0,1.0
364,220,2025-07-11 15:43:00.465185,2025-07-11 15:43:01.211530,0.746,16.61,425.32,1752228780465,1.486,0,1,0,0,0,1,0,0,0,0,0,0,0,0,0,0,0,0,0,0,0.0
372,272,2025-07-11 15:43:01.939957,2025-07-11 15:43:02.331027,0.391,0.0,460.83,1752228781939,1.475,0,0,0,0,0,0,0,0,0,0,0,0,0,0,0,0,0,0,0,0,0.0
464,315,2025-07-11 15:43:04.232450,2025-07-11 15:43:04.697026,0.465,0.0,560.82,1752228784232,2.292,0,1,0,0,0,0,1,0,0,0,0,0,0,0,0,0,0,0,0,0,0.0
689,318,2025-07-11 15:43:06.465618,2025-07-11 15:43:06.948596,0.483,0.0,758.84,1752228786465,2.233,0,2,0,0,0,0,1,0,0,0,0,0,0,0,0,0,0,0,0,0,0.0
816,321,2025-07-11 15:43:07.445211,2025-07-11 15:43:07.856543,0.411,0.0,876.87,1752228787445,0.98,0,3,0,0,0,0,1,0,0,0,0,0,0,0,0,0,0,0,0,0,0.0
910,358,2025-07-11 15:43:08.492796,2025-07-11 15:43:08.993059,0.5,2.0,977.89,1752228788492,1.048,0,1,0,0,0,0,0,1,0,0,0,0,0,0,0,0,0,0,0,0,0.0
929,336,2025-07-11 15:43:08.993059,2025-07-11 15:43:09.607649,0.615,2.69,987.9,1752228788993,0.5,1,4,0,0,0,0,1,0,0,0,0,0,0,0,0,0,0,0,0,0,0.0
1045,343,2025-07-11 15:43:09.857508,2025-07-11 15:43:10.226908,0.369,0.0,1099.85,1752228789857,0.864,0,5,0,0,0,0,1,1,0,0,0,0,0,0,0,0,0,0,0,0,0.0
1073,338,2025-07-11 15:43:10.226908,2025-07-11 15:43:10.734400,0.507,2.06,1124.98,1752228790226,0.369,1,6,0,0,0,0,1,0,0,0,0,0,0,0,0,0,0,0,0,0,0.0
1364,329,2025-07-11 15:43:12.579816,2025-07-11 15:43:13.103535,0.524,2.06,1403.12,1752228792579,2.353,1,7,0,0,0,0,1,0,0,0,0,0,0,0,0,0,0,0,0,0,0.0
350,364,2025-07-11 15:43:13.616800,2025-07-11 15:43:14.350906,0.734,4.77,504.97,1752228793616,1.037,0,2,0,0,0,0,0,1,0,0,0,0,0,0,0,0,0,0,0,0,0.0
369,371,2025-07-11 15:43:15.001870,2025-07-11 15:43:15.560950,0.559,5.85,523.26,1752228795001,1.385,0,3,0,0,0,0,0,1,0,0,0,0,0,0,0,0,0,0,0,0,0.0
576,364,2025-07-11 15:43:16.812556,2025-07-11 15:43:17.186160,0.374,0.0,681.38,1752228796812,1.811,1,4,0,0,0,0,0,1,0,0,0,0,0,0,0,0,0,0,0,0,0.0
1384,370,2025-07-11 15:43:23.209087,2025-07-11 15:43:23.699399,0.49,0.0,1432.6,1752228803209,6.397,0,5,0,0,0,0,0,1,0,0,0,0,0,0,0,0,0,0,0,0,0.0
1413,368,2025-07-11 15:43:23.699399,2025-07-11 15:43:24.540588,0.841,8.5,1460.13,1752228803699,0.49,1,6,0,0,0,0,0,1,0,0,0,0,0,0,0,0,0,0,0,0,0.0
357,407,2025-07-11 15:43:25.051830,2025-07-11 15:43:25.894399,0.843,25.01,541.39,1752228805051,1.352,0,1,0,0,0,0,0,0,1,0,0,0,0,0,0,0,0,0,0,0,0.0
508,407,2025-07-11 15:43:27.602862,2025-07-11 15:43:27.979595,0.377,0.0,650.93,1752228807602,2.551,0,2,0,0,0,0,0,0,1,0,0,0,0,0,0,0,0,0,0,0,0.0
566,414,2025-07-11 15:43:28.596052,2025-07-11 15:43:29.323245,0.727,9.33,701.25,1752228808596,0.993,0,3,0,0,0,0,0,0,1,0,0,0,0,0,0,0,0,0,0,0,0.0
621,409,2025-07-11 15:43:29.687336,2025-07-11 15:43:30.159689,0.472,0.0,743.59,1752228809687,1.091,1,4,0,0,0,0,0,0,1,0,0,0,0,0,0,0,0,0,0,0,0.0
723,407,2025-07-11 15:43:30.467759,2025-07-11 15:43:30.908908,0.441,0.0,829.69,1752228810467,0.78,1,5,0,0,0,0,0,0,1,0,0,0,0,0,0,0,0,0,0,0,0.0
1351,448,2025-07-11 15:43:33.852234,2025-07-11 15:43:34.344295,0.492,2.12,1423.34,1752228813852,3.384,0,1,0,0,0,0,0,0,0,1,0,0,0,0,0,0,0,0,0,0,0.0
1367,418,2025-07-11 15:43:34.344295,2025-07-11 15:43:34.932105,0.588,0.71,1429.48,1752228814344,0.492,1,6,0,0,0,0,0,0,1,0,0,0,0,0,0,0,0,0,0,0,0.0
348,464,2025-07-11 15:43:35.428148,2025-07-11 15:43:36.058262,0.63,9.62,580.0,1752228815428,1.084,0,2,0,0,0,0,0,0,0,1,0,0,0,0,0,0,0,0,0,0,0.0
1499,523,2025-07-11 15:43:41.245008,2025-07-11 15:43:41.762467,0.517,4.27,1587.62,1752228821245,5.817,0,0,0,0,0,0,0,0,0,0,0,0,0,0,0,0,0,0,0,0,0.0
1503,490,2025-07-11 15:43:41.762467,2025-07-11 15:43:42.270542,0.508,2.55,1580.86,1752228821762,0.517,1,0,0,0,0,0,0,0,0,0,0,0,0,0,0,0,0,0,0,0,0.0
363,493,2025-07-11 15:43:42.648839,2025-07-11 15:43:43.620895,0.972,21.85,612.22,1752228822648,0.886,0,1,0,0,0,0,0,0,0,0,1,0,0,0,0,0,0,0,0,0,0.0
409,507,2025-07-11 15:43:43.620895,2025-07-11 15:43:44.115819,0.495,0.0,651.41,1752228823620,0.972,0,2,0,0,0,0,0,0,0,0,1,0,0,0,0,0,0,0,0,0,0.0
435,503,2025-07-11 15:43:44.115819,2025-07-11 15:43:44.502630,0.387,0.0,665.01,1752228824115,0.495,1,3,0,0,0,0,0,0,0,0,1,0,0,0,0,0,0,0,0,0,0.0
369,569,2025-07-11 15:43:49.985049,2025-07-11 15:43:51.016181,1.031,22.68,678.18,1752228829985,5.869,0,1,0,0,0,0,0,0,0,0,0,1,0,0,0,0,0,0,0,0,0.0
600,612,2025-07-11 15:43:57.700347,2025-07-11 15:43:58.178669,0.478,0.0,857.06,1752228837700,7.715,0,1,0,0,0,0,0,0,0,0,0,0,1,0,0,0,0,0,0,0,1.0
706,614,2025-07-11 15:43:58.689457,2025-07-11 15:43:59.173628,0.484,0.0,935.65,1752228838689,0.989,0,2,0,0,0,0,0,0,0,0,0,0,1,0,0,0,0,0,0,0,1.0
560,609,2025-07-11 15:44:01.931777,2025-07-11 15:44:02.812823,0.881,16.23,827.33,1752228841931,3.242,1,3,0,0,0,0,0,0,0,0,0,0,1,0,0,0,0,0,0,0,1.0
585,607,2025-07-11 15:44:02.812823,2025-07-11 15:44:03.307124,0.494,0.0,843.01,1752228842812,0.881,1,4,0,0,0,0,0,0,0,0,0,0,1,0,0,0,0,0,0,0,1.0
1060,618,2025-07-11 15:44:06.112520,2025-07-11 15:44:06.769415,0.657,1.8,1227.0,1752228846112,3.3,0,5,0,0,0,0,0,0,0,0,0,0,1,0,0,0,0,0,0,0,1.0
1255,642,2025-07-11 15:44:07.968137,2025-07-11 15:44:08.718542,0.75,6.6,1409.68,1752228847968,1.856,0,1,0,0,0,0,0,0,0,0,0,0,0,1,0,0,0,0,0,0,0.0
1135,608,2025-07-11 15:44:09.132630,2025-07-11 15:44:09.536185,0.404,0.0,1287.59,1752228849132,1.164,1,6,0,0,0,0,0,0,0,0,0,0,1,0,0,0,0,0,0,0,1.0
995,607,2025-07-11 15:44:10.061854,2025-07-11 15:44:11.279211,1.217,29.29,1165.54,1752228850061,0.929,1,7,0,0,0,0,0,0,0,0,0,0,1,0,0,0,0,0,0,0,1.0
1045,608,2025-07-11 15:44:11.279211,2025-07-11 15:44:11.661695,0.382,0.0,1209.0,1752228851279,1.217,0,8,0,0,0,0,0,0,0,0,0,0,1,0,0,0,0,0,0,0,1.0
355,655,2025-07-11 15:44:13.347824,2025-07-11 15:44:14.106798,0.759,7.36,745.02,1752228853347,2.069,0,2,0,0,0,0,0,0,0,0,0,0,0,1,0,0,0,0,0,0,0.0
567,648,2025-07-11 15:44:15.333955,2025-07-11 15:44:15.732102,0.398,0.0,861.04,1752228855333,1.986,1,3,0,0,0,0,0,0,0,0,0,0,0,1,0,0,0,0,0,0,0.0
764,660,2025-07-11 15:44:16.702423,2025-07-11 15:44:17.164515,0.462,0.0,1009.6,1752228856702,1.368,0,4,0,0,0,0,0,0,0,0,0,0,0,1,0,0,0,0,0,0,0.0
807,660,2025-07-11 15:44:17.164515,2025-07-11 15:44:17.538336,0.374,0.0,1042.52,1752228857164,0.462,0,5,0,0,0,0,0,0,0,0,0,0,0,1,0,0,0,0,0,0,0.0
959,660,2025-07-11 15:44:18.065744,2025-07-11 15:44:18.573315,0.508,3.5,1164.17,1752228858065,0.901,0,6,0,0,0,0,0,0,0,0,0,0,0,1,0,0,0,0,0,0,0.0
989,662,2025-07-11 15:44:18.573315,2025-07-11 15:44:18.966416,0.393,0.0,1190.11,1752228858573,0.508,0,7,0,0,0,0,0,0,0,0,0,0,0,1,0,0,0,0,0,0,0.0
1131,663,2025-07-11 15:44:19.661956,2025-07-11 15:44:20.146929,0.485,0.0,1311.0,1752228859661,1.089,0,8,0,0,0,0,0,0,0,0,0,0,0,1,0,0,0,0,0,0,0.0
1169,663,2025-07-11 15:44:20.146929,2025-07-11 15:44:20.630198,0.483,0.0,1343.92,1752228860146,0.485,0,9,0,0,0,0,0,0,0,0,0,0,0,1,0,0,0,0,0,0,0.0
1215,663,2025-07-11 15:44:20.630198,2025-07-11 15:44:21.017032,0.387,0.0,1384.12,1752228860630,0.483,0,10,0,0,0,0,0,0,0,0,0,0,0,1,0,0,0,0,0,0,0.0
1342,666,2025-07-11 15:44:21.663709,2025-07-11 15:44:22.135392,0.472,0.0,1498.17,1752228861663,1.034,0,11,0,0,0,0,0,0,0,0,0,0,0,1,0,0,0,0,0,0,0.0
358,711,2025-07-11 15:44:22.890779,2025-07-11 15:44:23.772434,0.882,19.5,796.04,1752228862890,1.227,0,1,0,0,0,0,0,0,0,0,0,0,0,0,1,0,0,0,0,0,0.0
360,761,2025-07-11 15:44:29.643007,2025-07-11 15:44:30.181527,0.539,3.5,841.86,1752228869643,6.752,0,1,0,0,0,0,0,0,0,0,0,0,0,0,0,1,0,0,0,0,0.0
555,763,2025-07-11 15:44:30.816039,2025-07-11 15:44:31.348110,0.532,2.55,943.5,1752228870816,1.173,0,2,0,0,0,0,0,0,0,0,0,0,0,0,0,1,0,0,0,0,0.0
959,753,2025-07-11 15:44:34.081225,2025-07-11 15:44:34.704601,0.623,8.02,1219.3,1752228874081,3.265,1,3,0,0,0,0,0,0,0,0,0,0,0,0,0,1,0,0,0,0,0.0
1104,756,2025-07-11 15:44:35.209560,2025-07-11 15:44:35.621812,0.412,0.0,1338.04,1752228875209,1.128,0,4,0,0,0,0,0,0,0,0,0,0,0,0,0,1,0,0,0,0,0.0
1141,760,2025-07-11 15:44:35.621812,2025-07-11 15:44:36.022429,0.401,0.0,1370.94,1752228875621,0.412,0,5,0,0,0,0,0,0,0,0,0,0,0,0,0,1,0,0,0,0,0.0
354,845,2025-07-11 15:44:36.294129,2025-07-11 15:44:36.999150,0.705,16.75,916.16,1752228876294,0.672,0,1,0,0,0,0,0,0,0,0,0,0,0,0,0,0,1,0,0,0,0.0
621,850,2025-07-11 15:44:38.391071,2025-07-11 15:44:38.812337,0.421,0.0,1052.68,1752228878391,2.097,0,2,0,0,0,0,0,0,0,0,0,0,0,0,0,0,1,0,0,0,0.0
876,847,2025-07-11 15:44:39.616856,2025-07-11 15:44:40.044523,0.428,0.0,1218.52,1752228879616,1.226,1,3,0,0,0,0,0,0,0,0,0,0,0,0,0,0,1,0,0,0,0.0
1568,856,2025-07-11 15:44:43.220439,2025-07-11 15:44:44.240299,1.02,5.01,1786.44,1752228883220,3.604,0,4,0,0,0,0,0,0,0,0,0,0,0,0,0,0,1,0,0,0,0.0
355,901,2025-07-11 15:44:44.690100,2025-07-11 15:44:45.729696,1.04,20.25,968.41,1752228884690,1.47,0,1,0,0,0,0,0,0,0,0,0,0,0,0,0,0,0,1,0,0,0.0
609,896,2025-07-11 15:44:46.819410,2025-07-11 15:44:47.365604,0.546,4.53,1083.37,1752228886819,2.129,1,2,0,0,0,0,0,0,0,0,0,0,0,0,0,0,0,1,0,0,0.0
645,896,2025-07-11 15:44:47.365604,2025-07-11 15:44:47.783110,0.418,0.0,1104.01,1752228887365,0.546,0,3,0,0,0,0,0,0,0,0,0,0,0,0,0,0,0,1,0,0,0.0
380,951,2025-07-11 15:44:51.367124,2025-07-11 15:44:51.748722,0.382,0.0,1024.11,1752228891367,4.002,0,1,0,0,0,0,0,0,0,0,0,0,0,0,0,0,0,0,1,0,0.0
354,955,2025-07-11 15:44:51.748722,2025-07-11 15:44:52.580451,0.832,13.25,1018.5,1752228891748,0.382,0,2,0,0,0,0,0,0,0,0,0,0,0,0,0,0,0,0,1,0,0.0
607,960,2025-07-11 15:44:53.954552,2025-07-11 15:44:54.459105,0.505,2.5,1135.8,1752228893954,2.206,0,3,0,0,0,0,0,0,0,0,0,0,0,0,0,0,0,0,1,0,0.0
634,952,2025-07-11 15:44:54.459105,2025-07-11 15:44:55.220065,0.761,8.75,1143.79,1752228894459,0.505,1,4,0,0,0,0,0,0,0,0,0,0,0,0,0,0,0,0,1,0,0.0
532,948,2025-07-11 15:44:55.560999,2025-07-11 15:44:56.213596,0.653,21.67,1087.07,1752228895560,1.102,1,5,0,0,0,0,0,0,0,0,0,0,0,0,0,0,0,0,1,0,0.0
613,947,2025-07-11 15:44:56.213596,2025-07-11 15:44:56.665206,0.452,0.0,1128.09,1752228896213,0.653,1,6,0,0,0,0,0,0,0,0,0,0,0,0,0,0,0,0,1,0,0.0
658,948,2025-07-11 15:44:56.665206,2025-07-11 15:44:57.175016,0.51,0.0,1153.98,1752228896665,0.452,0,7,0,0,0,0,0,0,0,0,0,0,0,0,0,0,0,0,1,0,0.0
729,945,2025-07-11 15:44:57.486412,2025-07-11 15:44:57.940165,0.454,0.0,1193.51,1752228897486,0.821,1,8,0,0,0,0,0,0,0,0,0,0,0,0,0,0,0,0,1,0,0.0
1266,958,2025-07-11 15:45:00.114929,2025-07-11 15:45:00.528645,0.414,0.0,1587.61,1752228900114,2.629,0,9,0,0,0,0,0,0,0,0,0,0,0,0,0,0,0,0,1,0,0.0
1304,959,2025-07-11 15:45:00.528645,2025-07-11 15:45:00.908808,0.38,0.0,1618.67,1752228900528,0.414,0,10,0,0,0,0,0,0,0,0,0,0,0,0,0,0,0,0,1,0,0.0
372,1007,2025-07-11 15:45:02.010273,2025-07-11 15:45:02.630403,0.62,4.38,1073.51,1752228902010,1.482,0,1,0,0,0,0,0,0,0,0,0,0,0,0,0,0,0,0,0,1,1.0
1463,952,2025-07-11 15:45:02.955576,2025-07-11 15:45:03.499321,0.544,0.5,1745.47,1752228902955,0.945,1,11,0,0,0,0,0,0,0,0,0,0,0,0,0,0,0,0,1,0,0.0
455,998,2025-07-11 15:45:03.872629,2025-07-11 15:45:04.485180,0.613,1.0,1096.83,1752228903872,0.917,0,2,0,0,0,0,0,0,0,0,0,0,0,0,0,0,0,0,0,1,1.0
361,1007,2025-07-11 15:45:04.947683,2025-07-11 15:45:05.455284,0.508,0.0,1069.75,1752228904947,1.075,0,3,0,0,0,0,0,0,0,0,0,0,0,0,0,0,0,0,0,1,1.0
650,1001,2025-07-11 15:45:07.347100,2025-07-11 15:45:07.719472,0.372,0.0,1193.52,1752228907347,2.399,1,4,0,0,0,0,0,0,0,0,0,0,0,0,0,0,0,0,0,1,1.0
683,996,2025-07-11 15:45:07.719472,2025-07-11 15:45:08.098228,0.379,0.0,1207.69,1752228907719,0.372,1,5,0,0,0,0,0,0,0,0,0,0,0,0,0,0,0,0,0,1,1.0
876,988,2025-07-11 15:45:08.881346,2025-07-11 15:45:09.310132,0.429,0.0,1320.42,1752228908881,1.162,1,6,0,0,0,0,0,0,0,0,0,0,0,0,0,0,0,0,0,1,1.0
929,983,2025-07-11 15:45:09.668887,2025-07-11 15:45:10.055612,0.387,0.0,1352.53,1752228909668,0.788,1,7,0,0,0,0,0,0,0,0,0,0,0,0,0,0,0,0,0,1,1.0
1208,993,2025-07-11 15:45:11.343991,2025-07-11 15:45:11.755963,0.412,0.0,1563.75,1752228911343,1.675,0,8,0,0,0,0,0,0,0,0,0,0,0,0,0,0,0,0,0,1,1.0
806,995,2025-07-11 15:45:12.209783,2025-07-11 15:45:13.200855,0.991,15.75,1280.49,1752228912209,0.866,0,9,0,0,0,0,0,0,0,0,0,0,0,0,0,0,0,0,0,1,1.0
1329,1005,2025-07-11 15:45:15.012310,2025-07-11 15:45:15.400699,0.388,0.0,1666.21,1752228915012,2.803,0,10,0,0,0,0,0,0,0,0,0,0,0,0,0,0,0,0,0,1,1.0
1363,1007,2025-07-11 15:45:15.400699,2025-07-11 15:45:15.887928,0.487,0.0,1694.64,1752228915400,0.388,0,11,0,0,0,0,0,0,0,0,0,0,0,0,0,0,0,0,0,1,1.0
329,75,2025-07-11 16:37:36.562234,2025-07-11 16:37:37.099410,0.537,6.52,337.44,1752232056562,0.0,0,1,1,0,0,0,0,0,0,0,0,0,0,0,0,0,0,0,0,0,0.0
1325,81,2025-07-11 16:37:42.305010,2025-07-11 16:37:42.691423,0.386,0.0,1327.47,1752232062305,5.743,0,2,1,0,0,0,0,0,0,0,0,0,0,0,0,0,0,0,0,0,0.0
381,141,2025-07-11 16:37:43.437060,2025-07-11 16:37:44.059883,0.623,8.63,406.25,1752232063437,1.132,0,1,0,1,0,0,0,0,0,0,0,0,0,0,0,0,0,0,0,0,0.0
441,120,2025-07-11 16:37:44.291405,2025-07-11 16:37:44.681477,0.39,0.0,457.04,1752232064291,0.854,1,2,0,1,0,0,0,0,0,0,0,0,0,0,0,0,0,0,0,0,0.0
1357,141,2025-07-11 16:37:51.262055,2025-07-11 16:37:51.670979,0.409,0.0,1364.31,1752232071262,6.971,0,3,0,1,0,0,0,0,0,0,0,0,0,0,0,0,0,0,0,0,0.0
389,177,2025-07-11 16:37:52.420210,2025-07-11 16:37:52.784416,0.364,0.0,427.38,1752232072420,1.158,0,1,0,0,1,0,0,0,0,0,0,0,0,0,0,0,0,0,0,0,0.0
361,177,2025-07-11 16:37:52.784416,2025-07-11 16:37:54.068119,1.284,23.12,402.06,1752232072784,0.364,0,2,0,0,1,0,0,0,0,0,0,0,0,0,0,0,0,0,0,0,0.0
980,178,2025-07-11 16:37:57.965918,2025-07-11 16:37:58.390422,0.425,0.0,996.03,1752232077965,5.182,0,3,0,0,1,0,0,0,0,0,0,0,0,0,0,0,0,0,0,0,0.0
387,228,2025-07-11 16:38:00.305199,2025-07-11 16:38:01.279596,0.974,18.22,449.17,1752232080305,2.339,0,1,0,0,0,1,0,0,0,0,0,0,0,0,0,0,0,0,0,0,1.0
457,218,2025-07-11 16:38:01.554444,2025-07-11 16:38:01.938837,0.384,0.0,506.33,1752232081554,1.249,1,2,0,0,0,1,0,0,0,0,0,0,0,0,0,0,0,0,0,0,1.0
757,270,2025-07-11 16:38:03.438357,2025-07-11 16:38:04.043577,0.605,1.5,803.71,1752232083438,1.884,0,1,0,0,0,0,1,0,0,0,0,0,0,0,0,0,0,0,0,0,1.0
958,224,2025-07-11 16:38:05.191195,2025-07-11 16:38:06.392802,1.202,6.8,983.84,1752232085191,1.753,1,3,0,0,0,1,0,0,0,0,0,0,0,0,0,0,0,0,0,0,1.0
1423,235,2025-07-11 16:38:08.765936,2025-07-11 16:38:09.237849,0.472,0.0,1442.27,1752232088765,3.575,0,4,0,0,0,1,0,0,0,0,0,0,0,0,0,0,0,0,0,0,1.0
355,277,2025-07-11 16:38:10.490102,2025-07-11 16:38:11.904495,1.414,24.35,450.28,1752232090490,1.724,0,2,0,0,0,0,1,0,0,0,0,0,0,0,0,0,0,0,0,0,1.0
975,306,2025-07-11 16:38:15.727562,2025-07-11 16:38:16.230310,0.503,1.12,1021.89,1752232095727,5.237,0,1,0,0,0,0,0,1,0,0,0,0,0,0,0,0,0,0,0,0,1.0
1107,278,2025-07-11 16:38:16.575207,2025-07-11 16:38:17.170910,0.596,8.25,1141.37,1752232096575,0.848,1,3,0,0,0,0,1,0,0,0,0,0,0,0,0,0,0,0,0,0,1.0
1051,270,2025-07-11 16:38:17.294049,2025-07-11 16:38:17.892893,0.599,19.41,1085.13,1752232097294,0.719,1,4,0,0,0,0,1,0,0,0,0,0,0,0,0,0,0,0,0,0,1.0
1377,273,2025-07-11 16:38:19.507878,2025-07-11 16:38:19.877695,0.37,0.0,1403.8,1752232099507,2.214,0,5,0,0,0,0,1,0,0,0,0,0,0,0,0,0,0,0,0,0,1.0
918,272,2025-07-11 16:38:20.601513,2025-07-11 16:38:21.225729,0.624,7.52,957.45,1752232100601,1.094,1,6,0,0,0,0,1,0,0,0,0,0,0,0,0,0,0,0,0,0,1.0
365,323,2025-07-11 16:38:24.029165,2025-07-11 16:38:24.526024,0.497,0.0,487.4,1752232104029,3.428,0,2,0,0,0,0,0,1,0,0,0,0,0,0,0,0,0,0,0,0,1.0
365,321,2025-07-11 16:38:24.768707,2025-07-11 16:38:25.139306,0.371,0.0,486.07,1752232104768,0.74,1,3,0,0,0,0,0,1,0,0,0,0,0,0,0,0,0,0,0,0,1.0
416,319,2025-07-11 16:38:25.139306,2025-07-11 16:38:25.519591,0.38,0.0,524.23,1752232105139,0.371,1,4,0,0,0,0,0,1,0,0,0,0,0,0,0,0,0,0,0,0,1.0
647,318,2025-07-11 16:38:26.518556,2025-07-11 16:38:26.952989,0.434,0.0,720.93,1752232106518,1.379,1,5,0,0,0,0,0,1,0,0,0,0,0,0,0,0,0,0,0,0,1.0
683,319,2025-07-11 16:38:26.952989,2025-07-11 16:38:27.323195,0.37,0.0,753.82,1752232106952,0.434,0,6,0,0,0,0,0,1,0,0,0,0,0,0,0,0,0,0,0,0,1.0
397,320,2025-07-11 16:38:32.772483,2025-07-11 16:38:33.481301,0.709,3.16,509.91,1752232112772,5.819,0,7,0,0,0,0,0,1,0,0,0,0,0,0,0,0,0,0,0,0,1.0
573,316,2025-07-11 16:38:33.736990,2025-07-11 16:38:34.188827,0.452,0.0,654.36,1752232113736,0.965,1,8,0,0,0,0,0,1,0,0,0,0,0,0,0,0,0,0,0,0,1.0
664,320,2025-07-11 16:38:34.433306,2025-07-11 16:38:35.296709,0.863,24.5,737.09,1752232114433,0.696,0,9,0,0,0,0,0,1,0,0,0,0,0,0,0,0,0,0,0,0,1.0
1142,332,2025-07-11 16:38:37.078332,2025-07-11 16:38:37.499100,0.421,0.0,1189.28,1752232117078,2.645,0,10,0,0,0,0,0,1,0,0,0,0,0,0,0,0,0,0,0,0,1.0
1329,321,2025-07-11 16:38:38.414130,2025-07-11 16:38:39.036773,0.623,5.52,1367.22,1752232118414,1.336,1,11,0,0,0,0,0,1,0,0,0,0,0,0,0,0,0,0,0,0,1.0
1361,326,2025-07-11 16:38:39.993367,2025-07-11 16:38:40.597782,0.604,2.0,1399.5,1752232119993,1.579,0,12,0,0,0,0,0,1,0,0,0,0,0,0,0,0,0,0,0,0,1.0
392,411,2025-07-11 16:38:46.067700,2025-07-11 16:38:46.948778,0.881,23.42,567.97,1752232126067,6.074,0,1,0,0,0,0,0,0,0,1,0,0,0,0,0,0,0,0,0,0,0.0
349,463,2025-07-11 16:38:51.596221,2025-07-11 16:38:51.977381,0.381,0.0,579.8,1752232131596,5.529,0,1,0,0,0,0,0,0,0,0,1,0,0,0,0,0,0,0,0,0,0.0
678,459,2025-07-11 16:38:54.135769,2025-07-11 16:38:54.585158,0.449,0.0,818.76,1752232134135,2.54,1,2,0,0,0,0,0,0,0,0,1,0,0,0,0,0,0,0,0,0,0.0
366,541,2025-07-11 16:38:54.730252,2025-07-11 16:38:55.511391,0.781,19.13,653.17,1752232134730,0.594,0,1,0,0,0,0,0,0,0,0,0,1,0,0,0,0,0,0,0,0,0.0
1165,557,2025-07-11 16:38:59.111858,2025-07-11 16:38:59.616778,0.505,0.0,1291.31,1752232139111,4.382,0,2,0,0,0,0,0,0,0,0,0,1,0,0,0,0,0,0,0,0,0.0
348,608,2025-07-11 16:39:01.743275,2025-07-11 16:39:02.209279,0.466,0.0,700.55,1752232141743,2.631,0,1,0,0,0,0,0,0,0,0,0,0,1,0,0,0,0,0,0,0,0.0
312,678,2025-07-11 16:39:07.988992,2025-07-11 16:39:08.480660,0.492,0.0,746.34,1752232147988,6.246,0,1,0,0,0,0,0,0,0,0,0,0,0,1,0,0,0,0,0,0,0.0
460,662,2025-07-11 16:39:08.989692,2025-07-11 16:39:09.467929,0.478,0.0,806.13,1752232148989,1.001,1,2,0,0,0,0,0,0,0,0,0,0,0,1,0,0,0,0,0,0,0.0
472,687,2025-07-11 16:39:14.304910,2025-07-11 16:39:14.803449,0.499,0.0,833.52,1752232154304,5.315,0,1,0,0,0,0,0,0,0,0,0,0,0,0,1,0,0,0,0,0,0.0
360,767,2025-07-11 16:39:14.803449,2025-07-11 16:39:15.278636,0.475,0.0,847.28,1752232154803,0.499,0,0,0,0,0,0,0,0,0,0,0,0,0,0,0,0,0,0,0,0,0.0
354,801,2025-07-11 16:39:17.975586,2025-07-11 16:39:18.445777,0.47,0.0,875.74,1752232157975,3.172,0,1,0,0,0,0,0,0,0,0,0,0,0,0,0,1,0,0,0,0,0.0
646,802,2025-07-11 16:39:20.086664,2025-07-11 16:39:20.698045,0.611,4.53,1029.82,1752232160086,2.111,0,2,0,0,0,0,0,0,0,0,0,0,0,0,0,1,0,0,0,0,0.0
850,800,2025-07-11 16:39:21.303694,2025-07-11 16:39:22.400455,1.097,23.77,1167.26,1752232161303,1.217,1,3,0,0,0,0,0,0,0,0,0,0,0,0,0,1,0,0,0,0,0.0
653,802,2025-07-11 16:39:22.915683,2025-07-11 16:39:23.310661,0.395,0.0,1034.22,1752232162915,1.612,0,4,0,0,0,0,0,0,0,0,0,0,0,0,0,1,0,0,0,0,0.0
1294,804,2025-07-11 16:39:24.906211,2025-07-11 16:39:25.323133,0.417,0.0,1523.43,1752232164906,1.991,0,5,0,0,0,0,0,0,0,0,0,0,0,0,0,1,0,0,0,0,0.0
380,864,2025-07-11 16:39:26.004863,2025-07-11 16:39:26.620012,0.615,16.42,943.87,1752232166004,1.099,0,1,0,0,0,0,0,0,0,0,0,0,0,0,0,0,1,0,0,0,0.0
897,858,2025-07-11 16:39:27.923912,2025-07-11 16:39:28.464957,0.541,1.58,1241.28,1752232167923,1.919,1,2,0,0,0,0,0,0,0,0,0,0,0,0,0,0,1,0,0,0,0.0
934,856,2025-07-11 16:39:28.464957,2025-07-11 16:39:28.955209,0.49,0.0,1266.92,1752232168464,0.541,1,3,0,0,0,0,0,0,0,0,0,0,0,0,0,0,1,0,0,0,0.0
1439,883,2025-07-11 16:39:30.975910,2025-07-11 16:39:31.522250,0.546,2.92,1688.32,1752232170975,2.511,0,0,0,0,0,0,0,0,0,0,0,0,0,0,0,0,0,0,0,0,0.0
1469,875,2025-07-11 16:39:31.522250,2025-07-11 16:39:32.391573,0.869,15.04,1709.85,1752232171522,0.546,1,0,0,0,0,0,0,0,0,0,0,0,0,0,0,0,0,0,0,0,0.0
382,917,2025-07-11 16:39:33.353542,2025-07-11 16:39:33.826840,0.473,0.0,993.38,1752232173353,1.831,0,1,0,0,0,0,0,0,0,0,0,0,0,0,0,0,0,1,0,0,0.0
377,986,2025-07-11 16:39:34.095235,2025-07-11 16:39:34.951466,0.856,7.6,1055.62,1752232174095,0.742,0,1,0,0,0,0,0,0,0,0,0,0,0,0,0,0,0,0,1,0,1.0
493,1009,2025-07-11 16:39:35.587076,2025-07-11 16:39:35.969957,0.383,0.0,1123.0,1752232175587,1.492,0,2,0,0,0,0,0,0,0,0,0,0,0,0,0,0,0,0,1,0,1.0
829,1011,2025-07-11 16:39:40.571230,2025-07-11 16:39:41.182028,0.611,7.52,1307.43,1752232180571,4.984,0,3,0,0,0,0,0,0,0,0,0,0,0,0,0,0,0,0,1,0,1.0
1327,1012,2025-07-11 16:39:42.381841,2025-07-11 16:39:42.763221,0.381,0.0,1668.85,1752232182381,1.811,0,4,0,0,0,0,0,0,0,0,0,0,0,0,0,0,0,0,1,0,1.0
974,1002,2025-07-11 16:39:43.031620,2025-07-11 16:39:43.753435,0.722,3.61,1397.38,1752232183031,0.65,1,5,0,0,0,0,0,0,0,0,0,0,0,0,0,0,0,0,1,0,1.0
908,1052,2025-07-11 16:39:47.332035,2025-07-11 16:39:48.194103,0.862,13.0,1389.66,1752232187332,4.3,0,0,0,0,0,0,0,0,0,0,0,0,0,0,0,0,0,0,0,0,0.0
894,1022,2025-07-11 16:39:48.194103,2025-07-11 16:39:48.701654,0.508,8.06,1357.84,1752232188194,0.862,1,0,0,0,0,0,0,0,0,0,0,0,0,0,0,0,0,0,0,0,0.0
1157,995,2025-07-11 16:39:51.632017,2025-07-11 16:39:52.043375,0.411,0.0,1526.0,1752232191632,3.438,1,6,0,0,0,0,0,0,0,0,0,0,0,0,0,0,0,0,1,0,1.0
1132,998,2025-07-11 16:39:52.043375,2025-07-11 16:39:53.197993,1.155,27.62,1509.11,1752232192043,0.411,0,7,0,0,0,0,0,0,0,0,0,0,0,0,0,0,0,0,1,0,1.0
1328,1004,2025-07-11 16:39:53.676739,2025-07-11 16:39:54.063321,0.387,0.0,1664.81,1752232193676,1.633,0,8,0,0,0,0,0,0,0,0,0,0,0,0,0,0,0,0,1,0,1.0
361,87,2025-07-11 16:52:26.913787,2025-07-11 16:52:27.926001,1.012,9.5,371.34,1752232946913,0.0,0,1,1,0,0,0,0,0,0,0,0,0,0,0,0,0,0,0,0,0,0.0
888,95,2025-07-11 16:52:30.380284,2025-07-11 16:52:30.779587,0.399,0.0,893.07,1752232950380,3.466,0,2,1,0,0,0,0,0,0,0,0,0,0,0,0,0,0,0,0,0,0.0
919,92,2025-07-11 16:52:30.779587,2025-07-11 16:52:31.193609,0.414,0.0,923.59,1752232950779,0.399,1,3,1,0,0,0,0,0,0,0,0,0,0,0,0,0,0,0,0,0,1.0
1218,91,2025-07-11 16:52:32.228493,2025-07-11 16:52:32.661544,0.433,0.0,1221.39,1752232952228,1.449,1,4,1,0,0,0,0,0,0,0,0,0,0,0,0,0,0,0,0,0,1.0
1250,90,2025-07-11 16:52:32.661544,2025-07-11 16:52:33.111103,0.45,0.0,1253.24,1752232952661,0.433,1,5,1,0,0,0,0,0,0,0,0,0,0,0,0,0,0,0,0,0,1.0
1275,92,2025-07-11 16:52:33.111103,2025-07-11 16:52:33.531472,0.42,0.0,1278.31,1752232953111,0.45,0,6,1,0,0,0,0,0,0,0,0,0,0,0,0,0,0,0,0,0,1.0
1319,92,2025-07-11 16:52:33.531472,2025-07-11 16:52:34.428752,0.897,13.09,1322.2,1752232953531,0.42,0,7,1,0,0,0,0,0,0,0,0,0,0,0,0,0,0,0,0,0,1.0
1282,130,2025-07-11 16:52:34.823365,2025-07-11 16:52:35.233917,0.411,0.0,1288.57,1752232954823,1.292,0,1,0,1,0,0,0,0,0,0,0,0,0,0,0,0,0,0,0,0,0.0
1267,105,2025-07-11 16:52:35.233917,2025-07-11 16:52:35.797405,0.563,7.62,1271.34,1752232955233,0.411,1,8,1,0,0,0,0,0,0,0,0,0,0,0,0,0,0,0,0,0,1.0
1226,100,2025-07-11 16:52:36.876927,2025-07-11 16:52:37.442750,0.566,4.92,1230.07,1752232956876,1.643,1,9,1,0,0,0,0,0,0,0,0,0,0,0,0,0,0,0,0,0,1.0
1255,90,2025-07-11 16:52:37.442750,2025-07-11 16:52:38.269072,0.826,6.64,1258.22,1752232957442,0.566,1,10,1,0,0,0,0,0,0,0,0,0,0,0,0,0,0,0,0,0,1.0
1281,85,2025-07-11 16:52:38.269072,2025-07-11 16:52:38.671158,0.402,0.0,1283.82,1752232958269,0.826,1,11,1,0,0,0,0,0,0,0,0,0,0,0,0,0,0,0,0,0,1.0
384,122,2025-07-11 16:52:39.953422,2025-07-11 16:52:41.523136,1.57,25.39,402.91,1752232959953,1.684,0,2,0,1,0,0,0,0,0,0,0,0,0,0,0,0,0,0,0,0,0.0
462,148,2025-07-11 16:52:42.274177,2025-07-11 16:52:42.684712,0.411,0.0,485.13,1752232962274,2.321,0,3,0,1,0,0,0,0,0,0,0,0,0,0,0,0,0,0,0,0,0.0
438,136,2025-07-11 16:52:42.684712,2025-07-11 16:52:43.515127,0.83,20.75,458.63,1752232962684,0.411,1,4,0,1,0,0,0,0,0,0,0,0,0,0,0,0,0,0,0,0,0.0
764,134,2025-07-11 16:52:44.484360,2025-07-11 16:52:44.870553,0.386,0.0,775.66,1752232964484,1.8,1,5,0,1,0,0,0,0,0,0,0,0,0,0,0,0,0,0,0,0,0.0
695,128,2025-07-11 16:52:44.999484,2025-07-11 16:52:45.385264,0.386,0.0,706.69,1752232964999,0.515,1,6,0,1,0,0,0,0,0,0,0,0,0,0,0,0,0,0,0,0,0.0
1434,143,2025-07-11 16:52:48.696616,2025-07-11 16:52:49.108562,0.412,0.0,1441.11,1752232968696,3.697,0,7,0,1,0,0,0,0,0,0,0,0,0,0,0,0,0,0,0,0,0.0
388,158,2025-07-11 16:52:49.512564,2025-07-11 16:52:50.046139,0.534,3.35,418.94,1752232969512,0.816,0,8,0,1,1,0,0,0,0,0,0,0,0,0,0,0,0,0,0,0,0.0
366,170,2025-07-11 16:52:50.046139,2025-07-11 16:52:50.706971,0.661,8.44,403.55,1752232970046,0.534,0,1,0,0,1,0,0,0,0,0,0,0,0,0,0,0,0,0,0,0,0.0
746,173,2025-07-11 16:52:52.730757,2025-07-11 16:52:53.117424,0.387,0.0,765.8,1752232972730,2.685,0,2,0,0,1,0,0,0,0,0,0,0,0,0,0,0,0,0,0,0,0.0
1180,181,2025-07-11 16:52:54.841785,2025-07-11 16:52:55.813038,0.971,6.4,1193.8,1752232974841,2.111,0,3,0,0,1,0,0,0,0,0,0,0,0,0,0,0,0,0,0,0,0.0
374,221,2025-07-11 16:52:58.329604,2025-07-11 16:52:59.406458,1.077,12.96,434.42,1752232978329,3.488,0,1,0,0,0,1,0,0,0,0,0,0,0,0,0,0,0,0,0,0,1.0
475,212,2025-07-11 16:52:59.937875,2025-07-11 16:53:00.514193,0.576,8.5,520.16,1752232979937,1.608,1,2,0,0,0,1,0,0,0,0,0,0,0,0,0,0,0,0,0,0,1.0
621,230,2025-07-11 16:53:01.044762,2025-07-11 16:53:01.437830,0.393,0.0,662.22,1752232981044,1.107,0,3,0,0,0,1,0,0,0,0,0,0,0,0,0,0,0,0,0,0,1.0
979,170,2025-07-11 16:53:02.641243,2025-07-11 16:53:03.028181,0.387,0.0,993.65,1752232982641,1.596,1,4,0,0,1,0,0,0,0,0,0,0,0,0,0,0,0,0,0,0,0.0
1494,189,2025-07-11 16:53:05.398547,2025-07-11 16:53:05.790069,0.392,0.0,1505.91,1752232985398,2.757,0,5,0,0,1,0,0,0,0,0,0,0,0,0,0,0,0,0,0,0,0.0
383,212,2025-07-11 16:53:06.339678,2025-07-11 16:53:07.059249,0.72,13.35,437.76,1752232986339,0.941,0,4,0,0,0,1,0,0,0,0,0,0,0,0,0,0,0,0,0,0,1.0
385,282,2025-07-11 16:53:11.430343,2025-07-11 16:53:12.104443,0.674,16.39,477.23,1752232991430,5.091,0,1,0,0,0,0,1,0,0,0,0,0,0,0,0,0,0,0,0,0,0.0
428,274,2025-07-11 16:53:12.104443,2025-07-11 16:53:12.494581,0.39,0.0,508.19,1752232992104,0.674,1,2,0,0,0,0,1,0,0,0,0,0,0,0,0,0,0,0,0,0,0.0
463,271,2025-07-11 16:53:12.494581,2025-07-11 16:53:12.914366,0.42,0.0,536.48,1752232992494,0.39,1,3,0,0,0,0,1,0,0,0,0,0,0,0,0,0,0,0,0,0,0.0
588,270,2025-07-11 16:53:13.295793,2025-07-11 16:53:13.696694,0.401,0.0,647.03,1752232993295,0.801,1,4,0,0,0,0,1,0,0,0,0,0,0,0,0,0,0,0,0,0,0.0
841,273,2025-07-11 16:53:15.162668,2025-07-11 16:53:15.563977,0.401,0.0,884.2,1752232995162,1.867,0,5,0,0,0,0,1,0,0,0,0,0,0,0,0,0,0,0,0,0,0.0
1101,275,2025-07-11 16:53:16.884811,2025-07-11 16:53:17.396022,0.511,13.04,1134.82,1752232996884,1.722,0,6,0,0,0,0,1,0,0,0,0,0,0,0,0,0,0,0,0,0,0.0
376,355,2025-07-11 16:53:17.816874,2025-07-11 16:53:18.606484,0.79,4.7,517.11,1752232997816,0.932,0,1,0,0,0,0,0,1,0,0,0,0,0,0,0,0,0,0,0,0,0.0
351,366,2025-07-11 16:53:18.606484,2025-07-11 16:53:19.011824,0.405,0.0,507.11,1752232998606,0.79,0,2,0,0,0,0,0,1,0,0,0,0,0,0,0,0,0,0,0,0,0.0
470,378,2025-07-11 16:53:19.144392,2025-07-11 16:53:19.656002,0.512,0.0,603.15,1752232999144,0.538,0,3,0,0,0,0,0,1,0,0,0,0,0,0,0,0,0,0,0,0,0.0
508,382,2025-07-11 16:53:19.656002,2025-07-11 16:53:20.055913,0.4,0.0,635.6,1752232999656,0.512,0,4,0,0,0,0,0,1,0,0,0,0,0,0,0,0,0,0,0,0,0.0
1031,375,2025-07-11 16:53:22.713269,2025-07-11 16:53:23.145650,0.432,0.0,1097.08,1752233002713,3.057,1,5,0,0,0,0,0,1,0,0,0,0,0,0,0,0,0,0,0,0,0.0
402,419,2025-07-11 16:53:25.023171,2025-07-11 16:53:25.401192,0.378,0.0,580.66,1752233005023,2.31,0,1,0,0,0,0,0,0,1,0,0,0,0,0,0,0,0,0,0,0,0.0
372,422,2025-07-11 16:53:25.401192,2025-07-11 16:53:25.804821,0.404,0.0,562.55,1752233005401,0.378,0,2,0,0,0,0,0,0,1,0,0,0,0,0,0,0,0,0,0,0,0.0
777,421,2025-07-11 16:53:28.086674,2025-07-11 16:53:28.488506,0.402,0.0,883.73,1752233008086,2.685,1,3,0,0,0,0,0,0,1,0,0,0,0,0,0,0,0,0,0,0,0.0
403,459,2025-07-11 16:53:31.528166,2025-07-11 16:53:31.951943,0.424,0.0,610.81,1752233011528,3.441,0,1,0,0,0,0,0,0,0,1,0,0,0,0,0,0,0,0,0,0,0.0
515,457,2025-07-11 16:53:32.874163,2025-07-11 16:53:33.262192,0.388,0.0,688.53,1752233012874,1.346,1,2,0,0,0,0,0,0,0,1,0,0,0,0,0,0,0,0,0,0,0.0
681,473,2025-07-11 16:53:34.062011,2025-07-11 16:53:34.490741,0.429,0.0,829.15,1752233014062,1.188,0,3,0,0,0,0,0,0,0,1,0,0,0,0,0,0,0,0,0,0,0.0
354,522,2025-07-11 16:53:38.593144,2025-07-11 16:53:39.676524,1.083,17.01,630.71,1752233018593,4.531,0,1,0,0,0,0,0,0,0,0,1,0,0,0,0,0,0,0,0,0,0.0
591,521,2025-07-11 16:53:41.405340,2025-07-11 16:53:41.790983,0.386,0.0,787.86,1752233021405,2.812,1,2,0,0,0,0,0,0,0,0,1,0,0,0,0,0,0,0,0,0,0.0
360,558,2025-07-11 16:53:46.040448,2025-07-11 16:53:46.452667,0.412,0.0,664.05,1752233026040,4.635,0,1,0,0,0,0,0,0,0,0,0,1,0,0,0,0,0,0,0,0,0.0
1045,561,2025-07-11 16:53:49.751101,2025-07-11 16:53:50.156302,0.405,0.0,1186.06,1752233029751,3.711,0,2,0,0,0,0,0,0,0,0,0,1,0,0,0,0,0,0,0,0,0.0
387,616,2025-07-11 16:53:52.163472,2025-07-11 16:53:52.632231,0.469,0.0,727.48,1752233032163,2.412,0,1,0,0,0,0,0,0,0,0,0,0,1,0,0,0,0,0,0,0,0.0
358,622,2025-07-11 16:53:52.632231,2025-07-11 16:53:53.405512,0.773,15.37,717.67,1752233032632,0.469,0,2,0,0,0,0,0,0,0,0,0,0,1,0,0,0,0,0,0,0,0.0
384,663,2025-07-11 16:53:58.502865,2025-07-11 16:53:59.695349,1.192,20.95,766.18,1752233038502,5.871,0,1,0,0,0,0,0,0,0,0,0,0,0,1,0,0,0,0,0,0,1.0
384,668,2025-07-11 16:54:01.572970,2025-07-11 16:54:02.803786,1.231,2.93,770.51,1752233041572,3.07,0,2,0,0,0,0,0,0,0,0,0,0,0,1,0,0,0,0,0,0,1.0
617,670,2025-07-11 16:54:03.992259,2025-07-11 16:54:04.503725,0.511,2.0,910.82,1752233043992,2.419,0,3,0,0,0,0,0,0,0,0,0,0,0,1,0,0,0,0,0,0,1.0
383,664,2025-07-11 16:54:05.330053,2025-07-11 16:54:05.990295,0.66,2.85,766.54,1752233045330,1.338,1,4,0,0,0,0,0,0,0,0,0,0,0,1,0,0,0,0,0,0,1.0
361,651,2025-07-11 16:54:05.990295,2025-07-11 16:54:07.073077,1.083,5.85,744.39,1752233045990,0.66,1,5,0,0,0,0,0,0,0,0,0,0,0,1,0,0,0,0,0,0,1.0
1273,658,2025-07-11 16:54:11.130655,2025-07-11 16:54:11.530813,0.4,0.0,1433.0,1752233051130,5.14,0,6,0,0,0,0,0,0,0,0,0,0,0,1,0,0,0,0,0,0,1.0
390,706,2025-07-11 16:54:12.831171,2025-07-11 16:54:13.393639,0.562,5.5,806.56,1752233052831,1.701,0,1,0,0,0,0,0,0,0,0,0,0,0,0,1,0,0,0,0,0,0.0
515,708,2025-07-11 16:54:13.951746,2025-07-11 16:54:14.331198,0.379,0.0,875.49,1752233053951,1.121,0,2,0,0,0,0,0,0,0,0,0,0,0,0,1,0,0,0,0,0,0.0
588,728,2025-07-11 16:54:14.979057,2025-07-11 16:54:15.378502,0.399,0.0,935.8,1752233054979,1.027,0,3,0,0,0,0,0,0,0,0,0,0,0,0,1,0,0,0,0,0,0.0
381,761,2025-07-11 16:54:19.871311,2025-07-11 16:54:20.374099,0.503,2.0,851.05,1752233059871,4.892,0,1,0,0,0,0,0,0,0,0,0,0,0,0,0,1,0,0,0,0,0.0
351,767,2025-07-11 16:54:20.374099,2025-07-11 16:54:20.909414,0.535,8.0,843.5,1752233060374,0.503,0,2,0,0,0,0,0,0,0,0,0,0,0,0,0,1,0,0,0,0,0.0
501,764,2025-07-11 16:54:21.845733,2025-07-11 16:54:22.261794,0.416,0.0,913.62,1752233061845,1.472,1,3,0,0,0,0,0,0,0,0,0,0,0,0,0,1,0,0,0,0,0.0
383,806,2025-07-11 16:54:27.385973,2025-07-11 16:54:28.307136,0.921,11.66,892.37,1752233067385,5.54,0,1,0,0,0,0,0,0,0,0,0,0,0,0,0,0,1,0,0,0,1.0
631,803,2025-07-11 16:54:29.353961,2025-07-11 16:54:29.755025,0.401,0.0,1021.26,1752233069353,1.968,1,2,0,0,0,0,0,0,0,0,0,0,0,0,0,0,1,0,0,0,1.0
452,813,2025-07-11 16:54:30.140782,2025-07-11 16:54:31.448875,1.308,24.27,930.2,1752233070140,0.787,0,3,0,0,0,0,0,0,0,0,0,0,0,0,0,0,1,0,0,0,1.0
522,809,2025-07-11 16:54:31.757194,2025-07-11 16:54:32.150431,0.393,0.0,962.79,1752233071757,1.616,1,4,0,0,0,0,0,0,0,0,0,0,0,0,0,0,1,0,0,0,1.0
455,807,2025-07-11 16:54:32.403600,2025-07-11 16:54:34.149095,1.745,27.11,926.43,1752233072403,0.646,1,5,0,0,0,0,0,0,0,0,0,0,0,0,0,0,1,0,0,0,1.0
1070,803,2025-07-11 16:54:36.953624,2025-07-11 16:54:37.361426,0.408,0.0,1337.8,1752233076953,4.55,1,6,0,0,0,0,0,0,0,0,0,0,0,0,0,0,1,0,0,0,1.0
349,861,2025-07-11 16:54:39.093385,2025-07-11 16:54:39.747233,0.654,15.09,929.04,1752233079093,2.14,0,1,0,0,0,0,0,0,0,0,0,0,0,0,0,0,0,1,0,0,0.0
378,964,2025-07-11 16:54:43.023567,2025-07-11 16:54:44.039818,1.016,19.87,1035.46,1752233083023,3.93,0,1,0,0,0,0,0,0,0,0,0,0,0,0,0,0,0,0,1,0,0.0
565,946,2025-07-11 16:54:44.904512,2025-07-11 16:54:45.307866,0.403,0.0,1101.88,1752233084904,1.881,1,2,0,0,0,0,0,0,0,0,0,0,0,0,0,0,0,0,1,0,0.0
649,944,2025-07-11 16:54:45.571657,2025-07-11 16:54:45.956385,0.385,0.0,1145.57,1752233085571,0.667,1,3,0,0,0,0,0,0,0,0,0,0,0,0,0,0,0,0,1,0,0.0
396,957,2025-07-11 16:54:46.371563,2025-07-11 16:54:47.191903,0.82,21.01,1035.7,1752233086371,0.8,0,4,0,0,0,0,0,0,0,0,0,0,0,0,0,0,0,0,1,0,0.0
395,1007,2025-07-11 16:54:51.117074,2025-07-11 16:54:51.504785,0.388,0.0,1081.7,1752233091117,4.746,0,1,0,0,0,0,0,0,0,0,0,0,0,0,0,0,0,0,0,1,1.0
369,1006,2025-07-11 16:54:51.504785,2025-07-11 16:54:51.902116,0.397,0.0,1071.54,1752233091504,0.388,1,2,0,0,0,0,0,0,0,0,0,0,0,0,0,0,0,0,0,1,1.0
880,992,2025-07-11 16:54:54.701718,2025-07-11 16:54:55.210317,0.509,0.0,1326.07,1752233094701,3.197,1,3,0,0,0,0,0,0,0,0,0,0,0,0,0,0,0,0,0,1,1.0
412,1006,2025-07-11 16:54:57.718125,2025-07-11 16:54:58.304044,0.586,12.04,1087.1,1752233097718,3.016,0,4,0,0,0,0,0,0,0,0,0,0,0,0,0,0,0,0,0,1,1.0
596,1003,2025-07-11 16:54:59.030776,2025-07-11 16:54:59.398962,0.368,0.0,1166.72,1752233099030,1.313,1,5,0,0,0,0,0,0,0,0,0,0,0,0,0,0,0,0,0,1,1.0
804,991,2025-07-11 16:55:00.448468,2025-07-11 16:55:00.867196,0.419,0.0,1276.13,1752233100448,1.418,1,6,0,0,0,0,0,0,0,0,0,0,0,0,0,0,0,0,0,1,1.0
1192,988,2025-07-11 16:55:01.593499,2025-07-11 16:55:02.030865,0.437,0.0,1548.23,1752233101593,1.145,1,7,0,0,0,0,0,0,0,0,0,0,0,0,0,0,0,0,0,1,1.0
328,89,2025-07-11 17:02:07.961743,2025-07-11 17:02:09.026418,1.065,14.68,339.86,1752233527961,0.0,0,1,1,0,0,0,0,0,0,0,0,0,0,0,0,0,0,0,0,0,0.0
354,89,2025-07-11 17:02:09.026418,2025-07-11 17:02:09.579388,0.553,8.06,365.02,1752233529026,1.065,0,2,1,0,0,0,0,0,0,0,0,0,0,0,0,0,0,0,0,0,0.0
579,81,2025-07-11 17:02:11.008490,2025-07-11 17:02:11.409883,0.401,0.0,584.64,1752233531008,1.982,1,3,1,0,0,0,0,0,0,0,0,0,0,0,0,0,0,0,0,0,0.0
616,79,2025-07-11 17:02:11.409883,2025-07-11 17:02:11.794293,0.384,0.0,621.05,1752233531409,0.401,1,4,1,0,0,0,0,0,0,0,0,0,0,0,0,0,0,0,0,0,0.0
1396,77,2025-07-11 17:02:15.768284,2025-07-11 17:02:16.134793,0.367,0.0,1398.12,1752233535768,4.358,1,5,1,0,0,0,0,0,0,0,0,0,0,0,0,0,0,0,0,0,0.0
359,127,2025-07-11 17:02:16.736400,2025-07-11 17:02:18.089910,1.354,24.88,380.8,1752233536736,0.968,0,1,0,1,0,0,0,0,0,0,0,0,0,0,0,0,0,0,0,0,0.0
917,131,2025-07-11 17:02:20.773154,2025-07-11 17:02:21.167245,0.394,0.0,926.31,1752233540773,4.037,0,2,0,1,0,0,0,0,0,0,0,0,0,0,0,0,0,0,0,0,0.0
1004,137,2025-07-11 17:02:21.549495,2025-07-11 17:02:22.113278,0.564,0.0,1013.3,1752233541549,0.776,0,3,0,1,0,0,0,0,0,0,0,0,0,0,0,0,0,0,0,0,0.0
1165,134,2025-07-11 17:02:22.540454,2025-07-11 17:02:22.958157,0.418,0.0,1172.68,1752233542540,0.991,1,4,0,1,0,0,0,0,0,0,0,0,0,0,0,0,0,0,0,0,0.0
1322,123,2025-07-11 17:02:23.664988,2025-07-11 17:02:24.103040,0.438,0.0,1327.71,1752233543664,1.125,1,5,0,1,0,0,0,0,0,0,0,0,0,0,0,0,0,0,0,0,0.0
363,171,2025-07-11 17:02:24.630253,2025-07-11 17:02:25.544477,0.914,19.22,401.26,1752233544630,0.965,0,1,0,0,1,0,0,0,0,0,0,0,0,0,0,0,0,0,0,0,1.0
531,166,2025-07-11 17:02:26.214925,2025-07-11 17:02:26.636207,0.421,0.0,556.34,1752233546214,1.585,1,2,0,0,1,0,0,0,0,0,0,0,0,0,0,0,0,0,0,0,1.0
556,167,2025-07-11 17:02:26.636207,2025-07-11 17:02:27.029436,0.393,0.0,580.54,1752233546636,0.421,0,3,0,0,1,0,0,0,0,0,0,0,0,0,0,0,0,0,0,0,1.0
758,174,2025-07-11 17:02:28.094468,2025-07-11 17:02:28.501691,0.407,0.0,777.71,1752233548094,1.458,0,4,0,0,1,0,0,0,0,0,0,0,0,0,0,0,0,0,0,0,1.0
960,175,2025-07-11 17:02:29.641469,2025-07-11 17:02:30.440064,0.799,27.31,975.82,1752233549641,1.547,0,5,0,0,1,0,0,0,0,0,0,0,0,0,0,0,0,0,0,0,1.0
897,182,2025-07-11 17:02:30.440064,2025-07-11 17:02:31.072887,0.633,17.12,915.28,1752233550440,0.799,0,6,0,0,1,0,0,0,0,0,0,0,0,0,0,0,0,0,0,0,1.0
990,174,2025-07-11 17:02:31.439400,2025-07-11 17:02:32.887112,1.448,10.9,1005.17,1752233551439,0.999,1,7,0,0,1,0,0,0,0,0,0,0,0,0,0,0,0,0,0,0,1.0
1016,176,2025-07-11 17:02:32.887112,2025-07-11 17:02:33.522103,0.635,1.49,1031.13,1752233552887,1.448,0,8,0,0,1,0,0,0,0,0,0,0,0,0,0,0,0,0,0,0,1.0
1312,182,2025-07-11 17:02:36.880238,2025-07-11 17:02:37.393503,0.513,4.0,1324.56,1752233556880,3.993,0,9,0,0,1,0,0,0,0,0,0,0,0,0,0,0,0,0,0,0,1.0
353,230,2025-07-11 17:02:38.036855,2025-07-11 17:02:39.016620,0.98,15.76,421.32,1752233558036,1.157,0,1,0,0,0,1,0,0,0,0,0,0,0,0,0,0,0,0,0,0,0.0
794,216,2025-07-11 17:02:41.537657,2025-07-11 17:02:42.047742,0.51,1.5,822.86,1752233561537,3.501,1,2,0,0,0,1,0,0,0,0,0,0,0,0,0,0,0,0,0,0,0.0
932,226,2025-07-11 17:02:42.430566,2025-07-11 17:02:42.822326,0.392,0.0,959.01,1752233562430,0.893,0,3,0,0,0,1,0,0,0,0,0,0,0,0,0,0,0,0,0,0,0.0
1088,230,2025-07-11 17:02:43.483447,2025-07-11 17:02:43.882769,0.399,0.0,1112.04,1752233563483,1.053,0,4,0,0,0,1,0,0,0,0,0,0,0,0,0,0,0,0,0,0,0.0
1313,221,2025-07-11 17:02:44.762947,2025-07-11 17:02:45.172263,0.409,0.0,1331.47,1752233564762,1.279,1,5,0,0,0,1,0,0,0,0,0,0,0,0,0,0,0,0,0,0,0.0
1412,230,2025-07-11 17:02:45.689024,2025-07-11 17:02:46.100581,0.412,0.0,1430.61,1752233565689,0.926,0,6,0,0,0,1,0,0,0,0,0,0,0,0,0,0,0,0,0,0,0.0
1437,232,2025-07-11 17:02:46.100581,2025-07-11 17:02:46.609919,0.509,2.55,1455.61,1752233566100,0.412,0,7,0,0,0,1,0,0,0,0,0,0,0,0,0,0,0,0,0,0,0.0
359,270,2025-07-11 17:02:47.344266,2025-07-11 17:02:48.190613,0.846,16.59,449.2,1752233567344,1.244,0,1,0,0,0,0,1,0,0,0,0,0,0,0,0,0,0,0,0,0,0.0
486,264,2025-07-11 17:02:48.834479,2025-07-11 17:02:49.463261,0.629,5.04,553.08,1752233568834,1.49,1,2,0,0,0,0,1,0,0,0,0,0,0,0,0,0,0,0,0,0,0.0
378,350,2025-07-11 17:02:49.941450,2025-07-11 17:02:50.977886,1.036,19.04,515.15,1752233569941,1.107,0,1,0,0,0,0,0,1,0,0,0,0,0,0,0,0,0,0,0,0,0.0
416,372,2025-07-11 17:02:50.977886,2025-07-11 17:02:51.384252,0.406,0.0,558.07,1752233570977,1.036,0,2,0,0,0,0,0,1,0,0,0,0,0,0,0,0,0,0,0,0,0.0
445,367,2025-07-11 17:02:51.384252,2025-07-11 17:02:52.156524,0.772,10.92,576.81,1752233571384,0.406,1,3,0,0,0,0,0,1,0,0,0,0,0,0,0,0,0,0,0,0,0.0
1136,362,2025-07-11 17:02:55.127630,2025-07-11 17:02:55.636895,0.509,2.06,1192.28,1752233575127,3.743,1,4,0,0,0,0,0,1,0,0,0,0,0,0,0,0,0,0,0,0,0.0
1477,360,2025-07-11 17:02:57.059690,2025-07-11 17:02:57.457144,0.397,0.0,1520.24,1752233577059,1.932,1,5,0,0,0,0,0,1,0,0,0,0,0,0,0,0,0,0,0,0,0.0
366,409,2025-07-11 17:02:57.853533,2025-07-11 17:02:59.068205,1.215,23.58,548.85,1752233577853,0.794,0,1,0,0,0,0,0,0,1,0,0,0,0,0,0,0,0,0,0,0,0.0
443,413,2025-07-11 17:02:59.317589,2025-07-11 17:02:59.700742,0.383,0.0,605.66,1752233579317,1.464,0,2,0,0,0,0,0,0,1,0,0,0,0,0,0,0,0,0,0,0,0.0
592,419,2025-07-11 17:03:00.467184,2025-07-11 17:03:00.875693,0.409,0.0,725.28,1752233580467,1.15,0,3,0,0,0,0,0,0,1,0,0,0,0,0,0,0,0,0,0,0,0.0
839,408,2025-07-11 17:03:01.899617,2025-07-11 17:03:02.383747,0.484,0.0,932.94,1752233581899,1.432,1,4,0,0,0,0,0,0,1,0,0,0,0,0,0,0,0,0,0,0,0.0
1136,412,2025-07-11 17:03:03.631599,2025-07-11 17:03:04.035476,0.404,0.0,1208.4,1752233583631,1.732,0,5,0,0,0,0,0,0,1,0,0,0,0,0,0,0,0,0,0,0,0.0
1328,398,2025-07-11 17:03:04.546754,2025-07-11 17:03:04.930572,0.384,0.0,1386.36,1752233584546,0.915,1,6,0,0,0,0,0,1,1,0,0,0,0,0,0,0,0,0,0,0,0.0
1388,396,2025-07-11 17:03:04.930572,2025-07-11 17:03:05.328758,0.398,0.0,1443.38,1752233584930,0.384,1,7,0,0,0,0,0,1,1,0,0,0,0,0,0,0,0,0,0,0,0.0
372,466,2025-07-11 17:03:05.818629,2025-07-11 17:03:06.852048,1.033,27.87,596.27,1752233585818,0.888,0,1,0,0,0,0,0,0,0,1,0,0,0,0,0,0,0,0,0,0,0.0
1434,464,2025-07-11 17:03:12.493297,2025-07-11 17:03:12.877088,0.384,0.0,1507.2,1752233592493,6.675,1,2,0,0,0,0,0,0,0,1,0,0,0,0,0,0,0,0,0,0,0.0
1463,461,2025-07-11 17:03:12.877088,2025-07-11 17:03:13.527196,0.65,5.37,1533.91,1752233592877,0.384,1,3,0,0,0,0,0,0,0,1,0,0,0,0,0,0,0,0,0,0,0.0
364,513,2025-07-11 17:03:13.781760,2025-07-11 17:03:14.422280,0.641,7.33,629.02,1752233593781,0.905,0,1,0,0,0,0,0,0,0,0,1,0,0,0,0,0,0,0,0,0,0.0
385,549,2025-07-11 17:03:20.334299,2025-07-11 17:03:21.487098,1.153,24.0,670.54,1752233600334,6.553,0,1,0,0,0,0,0,0,0,0,0,1,0,0,0,0,0,0,0,0,0.0
887,561,2025-07-11 17:03:28.777806,2025-07-11 17:03:29.294832,0.517,0.0,1049.52,1752233608777,8.444,0,2,0,0,0,0,0,0,0,0,0,1,0,0,0,0,0,0,0,0,0.0
1418,548,2025-07-11 17:03:31.404833,2025-07-11 17:03:31.893797,0.489,0.0,1520.21,1752233611404,2.627,1,3,0,0,0,0,0,0,0,0,0,1,0,0,0,0,0,0,0,0,0.0
395,627,2025-07-11 17:03:32.417586,2025-07-11 17:03:33.274971,0.857,9.87,741.05,1752233612417,1.013,0,1,0,0,0,0,0,0,0,0,0,0,1,0,0,0,0,0,0,0,0.0
422,704,2025-07-11 17:03:35.141932,2025-07-11 17:03:35.511200,0.369,0.0,820.79,1752233615141,2.724,0,1,0,0,0,0,0,0,0,0,0,0,0,1,0,0,0,0,0,0,0.0
457,714,2025-07-11 17:03:35.511200,2025-07-11 17:03:35.898495,0.387,0.0,847.73,1752233615511,0.369,0,2,0,0,0,0,0,0,0,0,0,0,0,1,0,0,0,0,0,0,0.0
527,713,2025-07-11 17:03:35.898495,2025-07-11 17:03:36.305189,0.407,0.0,886.62,1752233615898,0.387,1,3,0,0,0,0,0,0,0,0,0,0,0,1,0,0,0,0,0,0,0.0
397,760,2025-07-11 17:03:41.002889,2025-07-11 17:03:41.386204,0.383,0.0,857.44,1752233621002,5.104,0,1,0,0,0,0,0,0,0,0,0,0,0,0,1,0,0,0,0,0,0.0
370,764,2025-07-11 17:03:41.386204,2025-07-11 17:03:41.925808,0.54,4.5,848.88,1752233621386,0.383,0,2,0,0,0,0,0,0,0,0,0,0,0,0,1,0,0,0,0,0,0.0
515,755,2025-07-11 17:03:42.672916,2025-07-11 17:03:43.072809,0.4,0.0,913.92,1752233622672,1.287,1,3,0,0,0,0,0,0,0,0,0,0,0,0,1,0,0,0,0,0,0.0
384,808,2025-07-11 17:03:47.352308,2025-07-11 17:03:48.296175,0.944,9.76,894.61,1752233627352,4.679,0,1,0,0,0,0,0,0,0,0,0,0,0,0,0,1,0,0,0,0,0.0
570,795,2025-07-11 17:03:48.725762,2025-07-11 17:03:49.131914,0.406,0.0,978.23,1752233628725,1.373,1,2,0,0,0,0,0,0,0,0,0,0,0,0,0,1,0,0,0,0,0.0
384,858,2025-07-11 17:03:52.542362,2025-07-11 17:03:53.065308,0.523,0.0,940.01,1752233632542,3.817,0,1,0,0,0,0,0,0,0,0,0,0,0,0,0,0,1,0,0,0,0.0
390,907,2025-07-11 17:03:57.812671,2025-07-11 17:03:58.330096,0.517,13.5,987.29,1752233637812,5.27,0,1,0,0,0,0,0,0,0,0,0,0,0,0,0,0,0,1,0,0,0.0
546,899,2025-07-11 17:03:58.746507,2025-07-11 17:03:59.324069,0.578,4.0,1051.82,1752233638746,0.934,1,2,0,0,0,0,0,0,0,0,0,0,0,0,0,0,0,1,0,0,0.0
798,890,2025-07-11 17:04:00.239499,2025-07-11 17:04:00.643205,0.404,0.0,1195.37,1752233640239,1.493,1,3,0,0,0,0,0,0,0,0,0,0,0,0,0,0,0,1,0,0,0.0
378,952,2025-07-11 17:04:03.820772,2025-07-11 17:04:04.452715,0.632,2.0,1024.3,1752233643820,3.581,0,1,0,0,0,0,0,0,0,0,0,0,0,0,0,0,0,0,1,0,0.0
609,955,2025-07-11 17:04:05.903363,2025-07-11 17:04:06.293033,0.39,0.0,1132.65,1752233645903,2.083,0,2,0,0,0,0,0,0,0,0,0,0,0,0,0,0,0,0,1,0,0.0
643,952,2025-07-11 17:04:06.293033,2025-07-11 17:04:07.071265,0.778,7.16,1148.81,1752233646293,0.39,1,3,0,0,0,0,0,0,0,0,0,0,0,0,0,0,0,0,1,0,0.0
1260,947,2025-07-11 17:04:10.944896,2025-07-11 17:04:11.334946,0.39,0.0,1576.2,1752233650944,4.652,1,4,0,0,0,0,0,0,0,0,0,0,0,0,0,0,0,0,1,0,0.0
384,1000,2025-07-11 17:04:12.280278,2025-07-11 17:04:12.911833,0.632,10.75,1071.19,1752233652280,1.335,0,1,0,0,0,0,0,0,0,0,0,0,0,0,0,0,0,0,0,1,0.0
437,1003,2025-07-11 17:04:13.167974,2025-07-11 17:04:13.683119,0.515,3.04,1094.06,1752233653167,0.888,0,2,0,0,0,0,0,0,0,0,0,0,0,0,0,0,0,0,0,1,0.0
465,1005,2025-07-11 17:04:13.683119,2025-07-11 17:04:14.510687,0.828,2.37,1107.36,1752233653683,0.515,0,3,0,0,0,0,0,0,0,0,0,0,0,0,0,0,0,0,0,1,0.0
768,989,2025-07-11 17:04:15.275365,2025-07-11 17:04:15.795487,0.52,4.72,1252.18,1752233655275,1.592,1,4,0,0,0,0,0,0,0,0,0,0,0,0,0,0,0,0,0,1,0.0
785,478,2025-07-11 17:04:17.744759,2025-07-11 17:04:18.124954,0.38,0.0,919.08,1752233657744,2.469,1,4,0,0,0,0,0,0,0,1,0,0,0,0,0,0,0,0,0,0,0.0
425,465,2025-07-11 17:04:18.621789,2025-07-11 17:04:19.074347,0.453,0.0,629.96,1752233658621,0.877,1,5,0,0,0,0,0,0,0,1,0,0,0,0,0,0,0,0,0,0,0.0
544,396,2025-07-11 17:04:19.201435,2025-07-11 17:04:19.612672,0.411,0.0,672.87,1752233659201,0.58,1,8,0,0,0,0,0,1,1,0,0,0,0,0,0,0,0,0,0,0,0.0
352,87,2025-07-11 17:16:38.948162,2025-07-11 17:16:39.580933,0.633,7.49,362.59,1752234398948,0.0,0,1,1,0,0,0,0,0,0,0,0,0,0,0,0,0,0,0,0,0,0.0
383,78,2025-07-11 17:16:39.580933,2025-07-11 17:16:39.982888,0.402,0.0,390.86,1752234399580,0.633,1,2,1,0,0,0,0,0,0,0,0,0,0,0,0,0,0,0,0,0,0.0
443,69,2025-07-11 17:16:40.251447,2025-07-11 17:16:40.643370,0.392,0.0,448.34,1752234400251,0.671,1,3,1,0,0,0,0,0,0,0,0,0,0,0,0,0,0,0,0,0,0.0
1426,73,2025-07-11 17:16:46.045441,2025-07-11 17:16:46.671476,0.626,3.8,1427.87,1752234406045,5.794,0,4,1,0,0,0,0,0,0,0,0,0,0,0,0,0,0,0,0,0,0.0
369,109,2025-07-11 17:16:47.180373,2025-07-11 17:16:47.853709,0.673,3.07,384.76,1752234407180,1.135,0,5,1,0,0,0,0,0,0,0,0,0,0,0,0,0,0,0,0,0,0.0
343,188,2025-07-11 17:16:56.245416,2025-07-11 17:16:57.027451,0.782,12.5,391.14,1752234416245,9.065,0,1,0,0,1,0,0,0,0,0,0,0,0,0,0,0,0,0,0,0,1.0
628,219,2025-07-11 17:17:04.191127,2025-07-11 17:17:04.977910,0.787,15.34,665.09,1752234424191,7.946,0,1,0,0,0,1,0,0,0,0,0,0,0,0,0,0,0,0,0,0,0.0
345,147,2025-07-11 17:17:05.830528,2025-07-11 17:17:06.239456,0.409,0.0,375.01,1752234425830,1.639,1,1,0,1,0,0,0,0,0,0,0,0,0,0,0,0,0,0,0,0,0.0
355,120,2025-07-11 17:17:06.239456,2025-07-11 17:17:07.208559,0.969,10.62,374.73,1752234426239,0.409,1,2,0,1,0,0,0,0,0,0,0,0,0,0,0,0,0,0,0,0,0.0
366,137,2025-07-11 17:17:11.789794,2025-07-11 17:17:12.395103,0.605,6.08,390.8,1752234431789,5.55,0,3,0,1,0,0,0,0,0,0,0,0,0,0,0,0,0,0,0,0,0.0
1137,121,2025-07-11 17:17:16.248453,2025-07-11 17:17:17.231824,0.983,10.83,1143.42,1752234436248,4.459,1,4,0,1,0,0,0,0,0,0,0,0,0,0,0,0,0,0,0,0,0.0
359,180,2025-07-11 17:17:18.518717,2025-07-11 17:17:19.293893,0.775,19.0,401.6,1752234438518,2.27,0,2,0,0,1,0,0,0,0,0,0,0,0,0,0,0,0,0,0,0,1.0
901,175,2025-07-11 17:17:21.106613,2025-07-11 17:17:21.623643,0.517,4.03,917.84,1752234441106,2.588,1,3,0,0,1,0,0,0,0,0,0,0,0,0,0,0,0,0,0,0,1.0
1049,181,2025-07-11 17:17:21.874242,2025-07-11 17:17:22.742269,0.868,2.02,1064.5,1752234441874,0.768,0,4,0,0,1,0,0,0,0,0,0,0,0,0,0,0,0,0,0,0,1.0
387,290,2025-07-11 17:17:23.991639,2025-07-11 17:17:24.380734,0.389,0.0,483.6,1752234443991,2.117,0,0,0,0,0,0,0,0,0,0,0,0,0,0,0,0,0,0,0,0,0.0
365,307,2025-07-11 17:17:24.380734,2025-07-11 17:17:25.141486,0.761,12.05,476.94,1752234444380,0.389,0,1,0,0,0,0,1,0,0,0,0,0,0,0,0,0,0,0,0,0,0.0
748,310,2025-07-11 17:17:27.458292,2025-07-11 17:17:27.964056,0.506,3.04,809.69,1752234447458,3.078,0,2,0,0,0,0,1,0,0,0,0,0,0,0,0,0,0,0,0,0,0.0
1152,316,2025-07-11 17:17:29.951514,2025-07-11 17:17:30.668581,0.717,4.67,1194.55,1752234449951,2.493,0,3,0,0,0,0,1,0,0,0,0,0,0,0,0,0,0,0,0,0,0.0
1352,342,2025-07-11 17:17:31.613281,2025-07-11 17:17:31.982727,0.369,0.0,1394.59,1752234451613,1.662,0,4,0,0,0,0,1,0,0,0,0,0,0,0,0,0,0,0,0,0,0.0
1368,322,2025-07-11 17:17:31.982727,2025-07-11 17:17:32.607758,0.625,1.5,1405.39,1752234451982,0.369,1,5,0,0,0,0,1,0,0,0,0,0,0,0,0,0,0,0,0,0,0.0
350,372,2025-07-11 17:17:33.249493,2025-07-11 17:17:33.727534,0.478,0.0,510.77,1752234453249,1.267,0,1,0,0,0,0,0,1,0,0,0,0,0,0,0,0,0,0,0,0,0.0
1345,359,2025-07-11 17:17:39.166101,2025-07-11 17:17:39.561358,0.395,0.0,1392.09,1752234459166,5.917,1,2,0,0,0,0,0,1,0,0,0,0,0,0,0,0,0,0,0,0,0.0
352,424,2025-07-11 17:17:40.308886,2025-07-11 17:17:41.653759,1.345,3.53,551.07,1752234460308,1.143,0,1,0,0,0,0,0,0,1,0,0,0,0,0,0,0,0,0,0,0,0.0
381,427,2025-07-11 17:17:41.653759,2025-07-11 17:17:42.023138,0.369,0.0,572.27,1752234461653,1.345,0,2,0,0,0,0,0,0,1,0,0,0,0,0,0,0,0,0,0,0,0.0
1069,419,2025-07-11 17:17:45.023527,2025-07-11 17:17:45.505516,0.482,0.0,1148.18,1752234465023,3.37,1,3,0,0,0,0,0,0,1,0,0,0,0,0,0,0,0,0,0,0,0.0
1095,413,2025-07-11 17:17:45.505516,2025-07-11 17:17:46.100181,0.595,9.5,1170.3,1752234465505,0.482,1,4,0,0,0,0,0,0,1,0,0,0,0,0,0,0,0,0,0,0,0.0
1210,411,2025-07-11 17:17:46.472800,2025-07-11 17:17:46.882229,0.409,0.0,1277.9,1752234466472,0.967,1,5,0,0,0,0,0,0,1,0,0,0,0,0,0,0,0,0,0,0,0.0
1241,411,2025-07-11 17:17:46.882229,2025-07-11 17:17:47.368596,0.486,1.5,1307.29,1752234466882,0.409,0,6,0,0,0,0,0,0,1,0,0,0,0,0,0,0,0,0,0,0,0.0
344,479,2025-07-11 17:17:48.996225,2025-07-11 17:17:49.516217,0.52,0.0,589.73,1752234468996,2.114,0,1,0,0,0,0,0,0,0,1,0,0,0,0,0,0,0,0,0,0,0.0
995,467,2025-07-11 17:17:53.042984,2025-07-11 17:17:53.444719,0.402,0.0,1099.14,1752234473042,4.047,1,2,0,0,0,0,0,0,0,1,0,0,0,0,0,0,0,0,0,0,0.0
1068,464,2025-07-11 17:17:53.683318,2025-07-11 17:17:54.066339,0.383,0.0,1164.44,1752234473683,0.64,1,3,0,0,0,0,0,0,0,1,0,0,0,0,0,0,0,0,0,0,0.0
1358,456,2025-07-11 17:17:55.357202,2025-07-11 17:17:55.731727,0.375,0.0,1432.52,1752234475357,1.674,1,4,0,0,0,0,0,0,0,1,0,0,0,0,0,0,0,0,0,0,0.0
381,513,2025-07-11 17:17:56.372080,2025-07-11 17:17:57.209187,0.837,15.85,639.01,1752234476372,1.015,0,1,0,0,0,0,0,0,0,0,1,0,0,0,0,0,0,0,0,0,1.0
580,523,2025-07-11 17:17:58.141594,2025-07-11 17:17:58.825508,0.684,13.67,780.98,1752234478141,1.77,0,2,0,0,0,0,0,0,0,0,1,0,0,0,0,0,0,0,0,0,1.0
584,524,2025-07-11 17:17:59.872694,2025-07-11 17:18:00.500926,0.628,1.58,784.62,1752234479872,1.731,0,3,0,0,0,0,0,0,0,0,1,0,0,0,0,0,0,0,0,0,1.0
610,518,2025-07-11 17:18:00.500926,2025-07-11 17:18:00.901510,0.401,0.0,800.26,1752234480500,0.628,1,4,0,0,0,0,0,0,0,0,1,0,0,0,0,0,0,0,0,0,1.0
389,521,2025-07-11 17:18:01.496013,2025-07-11 17:18:01.997378,0.501,0.0,650.2,1752234481496,0.995,0,5,0,0,0,0,0,0,0,0,1,0,0,0,0,0,0,0,0,0,1.0
559,517,2025-07-11 17:18:02.576527,2025-07-11 17:18:03.202929,0.626,1.58,761.43,1752234482576,1.081,1,6,0,0,0,0,0,0,0,0,1,0,0,0,0,0,0,0,0,0,1.0
587,517,2025-07-11 17:18:03.202929,2025-07-11 17:18:03.886759,0.684,8.77,782.21,1752234483202,0.626,0,7,0,0,0,0,0,0,0,0,1,0,0,0,0,0,0,0,0,0,1.0
461,579,2025-07-11 17:18:08.553500,2025-07-11 17:18:08.923099,0.37,0.0,740.11,1752234488553,5.351,0,1,0,0,0,0,0,0,0,0,0,1,0,0,0,0,0,0,0,0,0.0
514,568,2025-07-11 17:18:09.054861,2025-07-11 17:18:09.429411,0.375,0.0,766.04,1752234489054,0.501,1,2,0,0,0,0,0,0,0,0,0,1,0,0,0,0,0,0,0,0,0.0
724,555,2025-07-11 17:18:10.269216,2025-07-11 17:18:10.649869,0.381,0.0,912.25,1752234490269,1.214,1,3,0,0,0,0,0,0,0,0,0,1,0,0,0,0,0,0,0,0,0.0
778,559,2025-07-11 17:18:10.649869,2025-07-11 17:18:11.263096,0.613,5.82,958.0,1752234490649,0.381,0,4,0,0,0,0,0,0,0,0,0,1,0,0,0,0,0,0,0,0,0.0
807,565,2025-07-11 17:18:11.263096,2025-07-11 17:18:11.742739,0.48,0.0,985.13,1752234491263,0.613,0,5,0,0,0,0,0,0,0,0,0,1,0,0,0,0,0,0,0,0,0.0
1356,555,2025-07-11 17:18:14.093486,2025-07-11 17:18:14.470835,0.377,0.0,1465.18,1752234494093,2.83,1,6,0,0,0,0,0,0,0,0,0,1,0,0,0,0,0,0,0,0,0.0
348,611,2025-07-11 17:18:15.128919,2025-07-11 17:18:16.085374,0.956,17.22,703.15,1752234495128,1.035,0,1,0,0,0,0,0,0,0,0,0,0,1,0,0,0,0,0,0,0,0.0
775,617,2025-07-11 17:18:18.065702,2025-07-11 17:18:18.647791,0.582,3.16,990.61,1752234498065,2.937,0,2,0,0,0,0,0,0,0,0,0,0,1,0,0,0,0,0,0,0,0.0
1006,613,2025-07-11 17:18:20.283824,2025-07-11 17:18:20.661121,0.377,0.0,1178.05,1752234500283,2.218,1,3,0,0,0,0,0,0,0,0,0,0,1,0,0,0,0,0,0,0,0.0
363,662,2025-07-11 17:18:23.333689,2025-07-11 17:18:23.910851,0.577,10.51,754.99,1752234503333,3.05,0,1,0,0,0,0,0,0,0,0,0,0,0,1,0,0,0,0,0,0,1.0
551,661,2025-07-11 17:18:25.020393,2025-07-11 17:18:25.533713,0.513,4.12,860.54,1752234505020,1.687,1,2,0,0,0,0,0,0,0,0,0,0,0,1,0,0,0,0,0,0,1.0
357,662,2025-07-11 17:18:28.964314,2025-07-11 17:18:29.433842,0.47,0.0,752.13,1752234508964,3.944,0,3,0,0,0,0,0,0,0,0,0,0,0,1,0,0,0,0,0,0,1.0
449,662,2025-07-11 17:18:29.665449,2025-07-11 17:18:30.044255,0.379,0.0,799.9,1752234509665,0.701,0,4,0,0,0,0,0,0,0,0,0,0,0,1,0,0,0,0,0,0,1.0
487,660,2025-07-11 17:18:30.044255,2025-07-11 17:18:30.666557,0.622,2.5,820.22,1752234510044,0.379,1,5,0,0,0,0,0,0,0,0,0,0,0,1,0,0,0,0,0,0,1.0
515,659,2025-07-11 17:18:30.666557,2025-07-11 17:18:31.044180,0.378,0.0,836.36,1752234510666,0.622,1,6,0,0,0,0,0,0,0,0,0,0,0,1,0,0,0,0,0,0,1.0
723,658,2025-07-11 17:18:32.151963,2025-07-11 17:18:32.663497,0.512,6.08,977.6,1752234512151,1.485,1,7,0,0,0,0,0,0,0,0,0,0,0,1,0,0,0,0,0,0,1.0
816,656,2025-07-11 17:18:33.129721,2025-07-11 17:18:33.516380,0.387,0.0,1046.99,1752234513129,0.978,1,8,0,0,0,0,0,0,0,0,0,0,0,1,0,0,0,0,0,0,1.0
1105,653,2025-07-11 17:18:34.941284,2025-07-11 17:18:35.312903,0.372,0.0,1283.52,1752234514941,1.812,1,9,0,0,0,0,0,0,0,0,0,0,0,1,0,0,0,0,0,0,1.0
344,753,2025-07-11 17:18:36.887036,2025-07-11 17:18:37.916327,1.029,19.09,827.86,1752234516887,1.946,0,1,0,0,0,0,0,0,0,0,0,0,0,0,1,0,0,0,0,0,0.0
1212,759,2025-07-11 17:18:41.978636,2025-07-11 17:18:42.485540,0.507,0.0,1430.04,1752234521978,5.092,0,2,0,0,0,0,0,0,0,0,0,0,0,0,1,0,0,0,0,0,0.0
1246,758,2025-07-11 17:18:42.485540,2025-07-11 17:18:42.868467,0.383,0.0,1458.45,1752234522485,0.507,1,3,0,0,0,0,0,0,0,0,0,0,0,0,1,0,0,0,0,0,0.0
1360,758,2025-07-11 17:18:43.230182,2025-07-11 17:18:43.817353,0.587,1.12,1556.97,1752234523230,0.745,0,4,0,0,0,0,0,0,0,0,0,0,0,0,1,0,0,0,0,0,0.0
359,794,2025-07-11 17:18:44.308633,2025-07-11 17:18:45.166366,0.858,9.69,871.39,1752234524308,1.078,0,1,0,0,0,0,0,0,0,0,0,0,0,0,0,1,0,0,0,0,0.0
421,816,2025-07-11 17:18:45.413689,2025-07-11 17:18:45.829053,0.415,0.0,918.2,1752234525413,1.105,0,2,0,0,0,0,0,0,0,0,0,0,0,0,0,1,0,0,0,0,0.0
1403,813,2025-07-11 17:18:51.306263,2025-07-11 17:18:52.212121,0.906,4.2,1621.54,1752234531306,5.893,1,3,0,0,0,0,0,0,0,0,0,0,0,0,0,1,0,0,0,0,0.0
369,858,2025-07-11 17:18:52.585371,2025-07-11 17:18:53.402803,0.817,23.32,933.98,1752234532585,1.279,0,1,0,0,0,0,0,0,0,0,0,0,0,0,0,0,1,0,0,0,0.0
609,865,2025-07-11 17:18:54.584065,2025-07-11 17:18:54.986899,0.403,0.0,1057.88,1752234534584,1.999,0,2,0,0,0,0,0,0,0,0,0,0,0,0,0,0,1,0,0,0,0.0
1302,860,2025-07-11 17:18:57.890815,2025-07-11 17:18:58.309552,0.419,0.0,1560.39,1752234537890,3.307,1,3,0,0,0,0,0,0,0,0,0,0,0,0,0,0,1,0,0,0,0.0
1360,858,2025-07-11 17:18:58.579850,2025-07-11 17:18:59.114408,0.535,2.06,1608.03,1752234538579,0.689,1,4,0,0,0,0,0,0,0,0,0,0,0,0,0,0,1,0,0,0,0.0
354,901,2025-07-11 17:18:59.788659,2025-07-11 17:19:00.642885,0.854,18.27,968.05,1752234539788,1.209,0,1,0,0,0,0,0,0,0,0,0,0,0,0,0,0,0,1,0,0,0.0
700,901,2025-07-11 17:19:02.095200,2025-07-11 17:19:02.723183,0.628,3.16,1140.96,1752234542095,2.307,0,2,0,0,0,0,0,0,0,0,0,0,0,0,0,0,0,1,0,0,0.0
1357,900,2025-07-11 17:19:06.642977,2025-07-11 17:19:07.148527,0.506,0.0,1628.33,1752234546642,4.548,1,3,0,0,0,0,0,0,0,0,0,0,0,0,0,0,0,1,0,0,0.0
1393,904,2025-07-11 17:19:07.148527,2025-07-11 17:19:07.627363,0.479,0.0,1660.62,1752234547148,0.506,0,4,0,0,0,0,0,0,0,0,0,0,0,0,0,0,0,1,0,0,0.0
373,941,2025-07-11 17:19:08.169919,2025-07-11 17:19:09.216883,1.047,20.53,1012.23,1752234548169,1.021,0,1,0,0,0,0,0,0,0,0,0,0,0,0,0,0,0,0,1,0,0.0
410,951,2025-07-11 17:19:09.216883,2025-07-11 17:19:09.603315,0.386,0.0,1035.62,1752234549216,1.047,0,2,0,0,0,0,0,0,0,0,0,0,0,0,0,0,0,0,1,0,0.0
766,942,2025-07-11 17:19:10.757785,2025-07-11 17:19:11.258066,0.5,6.08,1214.13,1752234550757,1.541,1,3,0,0,0,0,0,0,0,0,0,0,0,0,0,0,0,0,1,0,0.0
934,937,2025-07-11 17:19:12.184208,2025-07-11 17:19:12.575698,0.391,0.0,1323.0,1752234552184,1.426,1,4,0,0,0,0,0,0,0,0,0,0,0,0,0,0,0,0,1,0,0.0
1414,956,2025-07-11 17:19:15.119596,2025-07-11 17:19:15.514168,0.395,0.0,1706.85,1752234555119,2.935,0,5,0,0,0,0,0,0,0,0,0,0,0,0,0,0,0,0,1,0,0.0
377,1007,2025-07-11 17:19:15.740231,2025-07-11 17:19:16.132823,0.393,0.0,1075.26,1752234555740,0.621,0,1,0,0,0,0,0,0,0,0,0,0,0,0,0,0,0,0,0,1,0.0
1255,998,2025-07-11 17:19:20.560963,2025-07-11 17:19:20.958220,0.397,0.0,1603.44,1752234560560,4.821,1,2,0,0,0,0,0,0,0,0,0,0,0,0,0,0,0,0,0,1,0.0
1285,1003,2025-07-11 17:19:20.958220,2025-07-11 17:19:21.450364,0.492,2.06,1630.1,1752234560958,0.397,0,3,0,0,0,0,0,0,0,0,0,0,0,0,0,0,0,0,0,1,0.0
328,114,2025-07-11 17:28:51.637358,2025-07-11 17:28:52.099004,0.462,0.0,347.25,1752235131637,0.0,0,1,1,0,0,0,0,0,0,0,0,0,0,0,0,0,0,0,0,0,0.0
357,109,2025-07-11 17:28:52.099004,2025-07-11 17:28:52.529826,0.431,0.0,373.27,1752235132099,0.462,1,2,1,0,0,0,0,0,0,0,0,0,0,0,0,0,0,0,0,0,0.0
350,140,2025-07-11 17:28:58.952901,2025-07-11 17:28:59.847491,0.895,21.65,376.96,1752235138952,6.854,0,1,0,1,0,0,0,0,0,0,0,0,0,0,0,0,0,0,0,0,0.0
442,158,2025-07-11 17:28:59.998914,2025-07-11 17:29:00.453752,0.455,0.0,469.39,1752235139998,1.046,0,2,0,1,0,0,0,0,0,0,0,0,0,0,0,0,0,0,0,0,0.0
865,144,2025-07-11 17:29:02.560279,2025-07-11 17:29:03.248159,0.688,10.05,876.9,1752235142560,2.561,1,3,0,1,0,0,0,0,0,0,0,0,0,0,0,0,0,0,0,0,0.0
927,147,2025-07-11 17:29:04.008523,2025-07-11 17:29:04.435303,0.427,0.0,938.58,1752235144008,1.448,0,4,0,1,0,0,0,0,0,0,0,0,0,0,0,0,0,0,0,0,0.0
356,188,2025-07-11 17:29:07.189352,2025-07-11 17:29:08.099114,0.91,19.17,402.59,1752235147189,3.181,0,1,0,0,1,0,0,0,0,0,0,0,0,0,0,0,0,0,0,0,0.0
365,200,2025-07-11 17:29:10.522212,2025-07-11 17:29:11.298219,0.776,15.37,416.2,1752235150522,3.333,0,2,0,0,1,0,0,0,0,0,0,0,0,0,0,0,0,0,0,0,0.0
731,208,2025-07-11 17:29:13.798458,2025-07-11 17:29:14.237119,0.439,0.0,760.02,1752235153798,3.276,0,3,0,0,1,0,0,0,0,0,0,0,0,0,0,0,0,0,0,0,0.0
1313,201,2025-07-11 17:29:17.035425,2025-07-11 17:29:17.511423,0.476,0.0,1328.3,1752235157035,3.237,1,4,0,0,1,0,0,0,0,0,0,0,0,0,0,0,0,0,0,0,0.0
359,254,2025-07-11 17:29:18.380651,2025-07-11 17:29:19.232491,0.852,18.53,439.77,1752235158380,1.345,0,1,0,0,0,1,0,0,0,0,0,0,0,0,0,0,0,0,0,0,0.0
784,258,2025-07-11 17:29:21.729833,2025-07-11 17:29:22.375101,0.645,2.83,825.36,1752235161729,3.349,0,2,0,0,0,1,0,0,0,0,0,0,0,0,0,0,0,0,0,0,0.0
1285,252,2025-07-11 17:29:24.723292,2025-07-11 17:29:25.183221,0.46,0.0,1309.48,1752235164723,2.993,1,3,0,0,0,1,0,0,0,0,0,0,0,0,0,0,0,0,0,0,0.0
343,304,2025-07-11 17:29:26.383125,2025-07-11 17:29:26.833666,0.451,0.0,458.33,1752235166383,1.66,0,1,0,0,0,0,1,0,0,0,0,0,0,0,0,0,0,0,0,0,0.0
446,303,2025-07-11 17:29:27.004844,2025-07-11 17:29:27.492443,0.488,0.0,539.19,1752235167004,0.622,1,2,0,0,0,0,1,0,0,0,0,0,0,0,0,0,0,0,0,0,0.0
1343,303,2025-07-11 17:29:31.617974,2025-07-11 17:29:32.066794,0.449,0.0,1376.76,1752235171617,4.613,0,3,0,0,0,0,1,0,0,0,0,0,0,0,0,0,0,0,0,0,0.0
1369,305,2025-07-11 17:29:32.066794,2025-07-11 17:29:32.525396,0.459,0.0,1402.56,1752235172066,0.449,0,4,0,0,0,0,1,0,0,0,0,0,0,0,0,0,0,0,0,0,0.0
341,347,2025-07-11 17:29:33.310542,2025-07-11 17:29:33.803788,0.493,0.0,486.51,1752235173310,1.244,0,1,0,0,0,0,0,1,0,0,0,0,0,0,0,0,0,0,0,0,1.0
1154,362,2025-07-11 17:29:37.580086,2025-07-11 17:29:38.142137,0.562,9.22,1209.45,1752235177580,4.27,0,2,0,0,0,0,0,1,0,0,0,0,0,0,0,0,0,0,0,0,1.0
479,356,2025-07-11 17:29:39.785636,2025-07-11 17:29:40.561120,0.775,18.08,596.81,1752235179785,2.206,1,3,0,0,0,0,0,1,0,0,0,0,0,0,0,0,0,0,0,0,1.0
791,355,2025-07-11 17:29:41.796249,2025-07-11 17:29:42.362155,0.566,3.54,867.01,1752235181796,2.011,1,4,0,0,0,0,0,1,0,0,0,0,0,0,0,0,0,0,0,0,1.0
712,412,2025-07-11 17:29:49.936795,2025-07-11 17:29:50.381159,0.444,0.0,822.61,1752235189936,8.141,0,1,0,0,0,0,0,0,1,0,0,0,0,0,0,0,0,0,0,0,1.0
1064,409,2025-07-11 17:29:51.980115,2025-07-11 17:29:52.780154,0.8,3.73,1139.9,1752235191980,2.043,1,2,0,0,0,0,0,0,1,0,0,0,0,0,0,0,0,0,0,0,1.0
1091,406,2025-07-11 17:29:52.780154,2025-07-11 17:29:55.241132,2.461,14.3,1164.09,1752235192780,0.8,1,3,0,0,0,0,0,0,1,0,0,0,0,0,0,0,0,0,0,0,1.0
986,402,2025-07-11 17:29:57.607766,2025-07-11 17:29:58.229753,0.622,10.05,1064.8,1752235197607,4.828,1,4,0,0,0,0,0,0,1,0,0,0,0,0,0,0,0,0,0,0,1.0
1064,400,2025-07-11 17:29:58.422376,2025-07-11 17:29:58.947548,0.525,0.0,1136.7,1752235198422,0.815,1,5,0,0,0,0,0,0,1,0,0,0,0,0,0,0,0,0,0,0,1.0
346,448,2025-07-11 17:30:01.827430,2025-07-11 17:30:02.801965,0.975,14.27,566.06,1752235201827,3.405,0,1,0,0,0,0,0,0,0,1,0,0,0,0,0,0,0,0,0,0,0.0
485,460,2025-07-11 17:30:03.477151,2025-07-11 17:30:03.950615,0.473,0.0,668.45,1752235203477,1.65,0,2,0,0,0,0,0,0,0,1,0,0,0,0,0,0,0,0,0,0,0.0
549,456,2025-07-11 17:30:04.092482,2025-07-11 17:30:04.541978,0.449,0.0,713.68,1752235204092,0.615,1,3,0,0,0,0,0,0,0,1,0,0,0,0,0,0,0,0,0,0,0.0
1130,457,2025-07-11 17:30:07.199192,2025-07-11 17:30:07.622242,0.423,0.0,1218.91,1752235207199,3.107,0,4,0,0,0,0,0,0,0,1,0,0,0,0,0,0,0,0,0,0,0.0
1164,452,2025-07-11 17:30:07.622242,2025-07-11 17:30:08.205357,0.583,10.55,1248.68,1752235207622,0.423,1,5,0,0,0,0,0,0,0,1,0,0,0,0,0,0,0,0,0,0,0.0
428,456,2025-07-11 17:30:09.172489,2025-07-11 17:30:09.936393,0.764,21.21,625.4,1752235209172,1.55,0,6,0,0,0,0,0,0,0,1,0,0,0,0,0,0,0,0,0,0,0.0
1155,460,2025-07-11 17:30:12.757590,2025-07-11 17:30:13.477949,0.72,12.74,1243.23,1752235212757,3.585,0,7,0,0,0,0,0,0,0,1,0,0,0,0,0,0,0,0,0,0,0.0
1327,449,2025-07-11 17:30:13.758312,2025-07-11 17:30:14.180024,0.422,0.0,1400.9,1752235213758,1.001,1,8,0,0,0,0,0,0,0,1,0,0,0,0,0,0,0,0,0,0,0.0
360,498,2025-07-11 17:30:15.410798,2025-07-11 17:30:16.115293,0.704,16.36,614.49,1752235215410,1.652,0,1,0,0,0,0,0,0,0,0,1,0,0,0,0,0,0,0,0,0,0.0
706,505,2025-07-11 17:30:17.762129,2025-07-11 17:30:18.229993,0.468,0.0,868.02,1752235217762,2.351,0,2,0,0,0,0,0,0,0,0,1,0,0,0,0,0,0,0,0,0,0.0
365,546,2025-07-11 17:30:21.656910,2025-07-11 17:30:22.242491,0.586,7.02,656.77,1752235221656,3.895,0,1,0,0,0,0,0,0,0,0,0,1,0,0,0,0,0,0,0,0,0.0
344,605,2025-07-11 17:30:27.439952,2025-07-11 17:30:28.259220,0.819,17.36,695.96,1752235227439,5.783,0,1,0,0,0,0,0,0,0,0,0,0,1,0,0,0,0,0,0,0,0.0
971,603,2025-07-11 17:30:30.954581,2025-07-11 17:30:31.404331,0.45,0.0,1143.0,1752235230954,3.515,1,2,0,0,0,0,0,0,0,0,0,0,1,0,0,0,0,0,0,0,0.0
1074,598,2025-07-11 17:30:31.963043,2025-07-11 17:30:32.529578,0.567,3.04,1229.26,1752235231963,1.008,1,3,0,0,0,0,0,0,0,0,0,0,1,0,0,0,0,0,0,0,0.0
1119,593,2025-07-11 17:30:32.529578,2025-07-11 17:30:32.936343,0.407,0.0,1266.42,1752235232529,0.567,1,4,0,0,0,0,0,0,0,0,0,0,1,0,0,0,0,0,0,0,0.0
351,653,2025-07-11 17:30:34.774318,2025-07-11 17:30:35.367709,0.593,15.0,741.36,1752235234774,2.245,0,1,0,0,0,0,0,0,0,0,0,0,0,1,0,0,0,0,0,0,0.0
549,655,2025-07-11 17:30:36.059885,2025-07-11 17:30:36.505436,0.446,0.0,854.65,1752235236059,1.286,0,2,0,0,0,0,0,0,0,0,0,0,0,1,0,0,0,0,0,0,0.0
364,760,2025-07-11 17:30:37.793209,2025-07-11 17:30:38.670073,0.877,18.67,842.67,1752235237793,1.733,0,1,0,0,0,0,0,0,0,0,0,0,0,0,1,0,0,0,0,0,0.0
1191,751,2025-07-11 17:30:41.788985,2025-07-11 17:30:42.279201,0.49,0.0,1408.01,1752235241788,3.996,1,2,0,0,0,0,0,0,0,0,0,0,0,0,1,0,0,0,0,0,0.0
1218,752,2025-07-11 17:30:42.279201,2025-07-11 17:30:43.028448,0.749,7.52,1431.44,1752235242279,0.49,0,3,0,0,0,0,0,0,0,0,0,0,0,0,1,0,0,0,0,0,0.0
1419,751,2025-07-11 17:30:45.358140,2025-07-11 17:30:46.113691,0.756,3.07,1605.48,1752235245358,3.079,1,4,0,0,0,0,0,0,0,0,0,0,0,0,1,0,0,0,0,0,0.0
365,815,2025-07-11 17:30:46.442577,2025-07-11 17:30:46.892048,0.449,0.0,893.0,1752235246442,1.084,0,1,0,0,0,0,0,0,0,0,0,0,0,0,0,1,0,0,0,0,0.0
1093,793,2025-07-11 17:30:50.572540,2025-07-11 17:30:51.305255,0.733,4.71,1350.37,1752235250572,4.13,1,2,0,0,0,0,0,0,0,0,0,0,0,0,0,1,0,0,0,0,0.0
791,857,2025-07-11 17:30:55.290114,2025-07-11 17:30:55.768635,0.479,0.0,1166.25,1752235255290,4.718,0,1,0,0,0,0,0,0,0,0,0,0,0,0,0,0,1,0,0,0,1.0
825,855,2025-07-11 17:30:55.768635,2025-07-11 17:30:57.136635,1.368,24.41,1188.13,1752235255768,0.479,1,2,0,0,0,0,0,0,0,0,0,0,0,0,0,0,1,0,0,0,1.0
829,853,2025-07-11 17:30:59.049448,2025-07-11 17:31:00.997773,1.948,14.36,1189.47,1752235259049,3.281,1,3,0,0,0,0,0,0,0,0,0,0,0,0,0,0,1,0,0,0,1.0
861,847,2025-07-11 17:31:00.997773,2025-07-11 17:31:02.119639,1.122,22.6,1207.78,1752235260997,1.948,1,4,0,0,0,0,0,0,0,0,0,0,0,0,0,0,1,0,0,0,1.0
796,849,2025-07-11 17:31:02.309476,2025-07-11 17:31:03.548850,1.239,4.82,1163.79,1752235262309,1.312,0,5,0,0,0,0,0,0,0,0,0,0,0,0,0,0,1,0,0,0,1.0
879,852,2025-07-11 17:31:03.716775,2025-07-11 17:31:04.232113,0.515,0.0,1224.15,1752235263716,1.407,0,6,0,0,0,0,0,0,0,0,0,0,0,0,0,0,1,0,0,0,1.0
1362,851,2025-07-11 17:31:06.393490,2025-07-11 17:31:06.871119,0.478,0.0,1606.0,1752235266393,2.677,1,7,0,0,0,0,0,0,0,0,0,0,0,0,0,0,1,0,0,0,1.0
360,922,2025-07-11 17:31:07.330045,2025-07-11 17:31:07.834032,0.504,0.0,989.79,1752235267330,0.937,0,1,0,0,0,0,0,0,0,0,0,0,0,0,0,0,0,0,1,0,1.0
341,969,2025-07-11 17:31:07.834032,2025-07-11 17:31:08.689334,0.855,1.49,1027.25,1752235267834,0.504,0,2,0,0,0,0,0,0,0,0,0,0,0,0,0,0,0,0,1,1,1.0
396,951,2025-07-11 17:31:14.784110,2025-07-11 17:31:16.189466,1.405,9.84,1030.15,1752235274784,6.95,1,3,0,0,0,0,0,0,0,0,0,0,0,0,0,0,0,0,1,0,1.0
943,939,2025-07-11 17:31:18.721957,2025-07-11 17:31:19.230175,0.508,0.0,1330.78,1752235278721,3.938,1,4,0,0,0,0,0,0,0,0,0,0,0,0,0,0,0,0,1,0,1.0
423,949,2025-07-11 17:31:21.198560,2025-07-11 17:31:21.793757,0.595,11.01,1039.0,1752235281198,2.477,0,5,0,0,0,0,0,0,0,0,0,0,0,0,0,0,0,0,1,0,1.0
549,956,2025-07-11 17:31:22.305088,2025-07-11 17:31:22.780675,0.476,0.0,1102.42,1752235282305,1.107,0,6,0,0,0,0,0,0,0,0,0,0,0,0,0,0,0,0,1,0,1.0
490,962,2025-07-11 17:31:22.930470,2025-07-11 17:31:23.539210,0.609,17.61,1079.6,1752235282930,0.625,0,7,0,0,0,0,0,0,0,0,0,0,0,0,0,0,0,0,1,0,1.0
1029,937,2025-07-11 17:31:25.961357,2025-07-11 17:31:26.698482,0.737,8.0,1391.69,1752235285961,3.031,1,8,0,0,0,0,0,0,0,0,0,0,0,0,0,0,0,0,1,0,1.0
1323,957,2025-07-11 17:31:29.001754,2025-07-11 17:31:30.002721,1.001,9.8,1632.84,1752235289001,3.04,0,9,0,0,0,0,0,0,0,0,0,0,0,0,0,0,0,0,1,0,1.0
366,1017,2025-07-11 17:31:30.439782,2025-07-11 17:31:31.050334,0.611,5.5,1080.85,1752235290439,1.438,0,1,0,0,0,0,0,0,0,0,0,0,0,0,0,0,0,0,0,1,0.0
340,1016,2025-07-11 17:31:31.050334,2025-07-11 17:31:31.518953,0.469,0.0,1071.38,1752235291050,0.611,1,2,0,0,0,0,0,0,0,0,0,0,0,0,0,0,0,0,0,1,0.0
320,1042,2025-07-11 17:31:31.839232,2025-07-11 17:31:32.439702,0.6,8.6,1090.03,1752235291839,0.789,0,0,0,0,0,0,0,0,0,0,0,0,0,0,0,0,0,0,0,0,0.0
338,1020,2025-07-11 17:31:32.439702,2025-07-11 17:31:34.796744,2.357,16.29,1074.54,1752235292439,0.6,1,0,0,0,0,0,0,0,0,0,0,0,0,0,0,0,0,0,0,0,0.0
362,1012,2025-07-11 17:31:34.796744,2025-07-11 17:31:35.413438,0.617,4.61,1074.8,1752235294796,2.357,1,3,0,0,0,0,0,0,0,0,0,0,0,0,0,0,0,0,0,1,0.0
365,1021,2025-07-11 17:31:36.153445,2025-07-11 17:31:36.735912,0.582,6.02,1084.28,1752235296153,1.357,0,0,0,0,0,0,0,0,0,0,0,0,0,0,0,0,0,0,0,0,0.0
399,1039,2025-07-11 17:31:39.051339,2025-07-11 17:31:39.509223,0.458,0.0,1112.98,1752235299051,2.898,0,0,0,0,0,0,0,0,0,0,0,0,0,0,0,0,0,0,0,0,0.0
508,250,2025-07-11 17:39:18.324058,2025-07-11 17:39:18.925867,0.602,3.64,566.18,1752235758324,0.0,0,1,1,0,0,0,0,0,0,0,0,0,0,0,0,0,0,0,0,0,0.0
541,253,2025-07-11 17:39:18.925867,2025-07-11 17:39:19.513516,0.588,2.5,597.24,1752235758925,0.602,0,2,1,0,0,0,0,0,0,0,0,0,0,0,0,0,0,0,0,0,0.0
576,251,2025-07-11 17:39:19.513516,2025-07-11 17:39:19.935031,0.422,0.0,628.31,1752235759513,0.588,1,3,1,0,0,0,0,0,0,0,0,0,0,0,0,0,0,0,0,0,0.0
504,290,2025-07-11 17:39:25.334567,2025-07-11 17:39:25.796890,0.462,0.0,581.48,1752235765334,5.821,0,1,0,1,0,0,0,0,0,0,0,0,0,0,0,0,0,0,0,0,0.0
476,288,2025-07-11 17:39:25.796890,2025-07-11 17:39:26.411079,0.614,7.52,556.35,1752235765796,0.462,1,2,0,1,0,0,0,0,0,0,0,0,0,0,0,0,0,0,0,0,0.0
500,337,2025-07-11 17:39:31.296356,2025-07-11 17:39:31.905911,0.61,1.58,602.97,1752235771296,5.499,0,1,0,0,1,0,0,0,0,0,0,0,0,0,0,0,0,0,0,0,0.0
475,339,2025-07-11 17:39:31.905911,2025-07-11 17:39:32.519130,0.613,9.0,583.56,1752235771905,0.61,0,2,0,0,1,0,0,0,0,0,0,0,0,0,0,0,0,0,0,0,0.0
501,374,2025-07-11 17:39:37.766587,2025-07-11 17:39:38.215086,0.448,0.0,625.2,1752235777766,5.861,0,1,0,0,0,1,0,0,0,0,0,0,0,0,0,0,0,0,0,0,0.0
476,375,2025-07-11 17:39:38.215086,2025-07-11 17:39:39.214420,0.999,14.26,605.97,1752235778215,0.448,0,2,0,0,0,1,0,0,0,0,0,0,0,0,0,0,0,0,0,0,0.0
867,388,2025-07-11 17:39:40.883259,2025-07-11 17:39:41.317836,0.435,0.0,949.86,1752235780883,2.668,0,3,0,0,0,1,0,0,0,0,0,0,0,0,0,0,0,0,0,0,0.0
489,426,2025-07-11 17:39:44.403727,2025-07-11 17:39:45.338559,0.935,10.5,648.53,1752235784403,3.52,0,1,0,0,0,0,1,0,0,0,0,0,0,0,0,0,0,0,0,0,0.0
818,433,2025-07-11 17:39:47.005826,2025-07-11 17:39:47.587004,0.581,0.71,925.53,1752235787005,2.602,0,2,0,0,0,0,1,0,0,0,0,0,0,0,0,0,0,0,0,0,0.0
954,429,2025-07-11 17:39:48.040455,2025-07-11 17:39:48.507156,0.467,0.0,1046.02,1752235788040,1.035,1,3,0,0,0,0,1,0,0,0,0,0,0,0,0,0,0,0,0,0,0.0
984,432,2025-07-11 17:39:48.507156,2025-07-11 17:39:49.003033,0.496,0.0,1074.65,1752235788507,0.467,0,4,0,0,0,0,1,0,0,0,0,0,0,0,0,0,0,0,0,0,0.0
497,459,2025-07-11 17:39:52.255925,2025-07-11 17:39:53.273555,1.018,25.55,676.53,1752235792255,3.749,0,1,0,0,0,0,0,1,0,0,0,0,0,0,0,0,0,0,0,0,0.0
653,475,2025-07-11 17:39:53.729093,2025-07-11 17:39:54.198133,0.469,0.0,807.49,1752235793729,1.473,0,2,0,0,0,0,0,1,0,0,0,0,0,0,0,0,0,0,0,0,0.0
480,513,2025-07-11 17:39:59.462601,2025-07-11 17:40:00.105055,0.642,10.01,702.54,1752235799462,5.734,0,1,0,0,0,0,0,0,1,0,0,0,0,0,0,0,0,0,0,0,0.0
491,552,2025-07-11 17:40:06.114866,2025-07-11 17:40:07.083472,0.969,10.79,738.77,1752235806114,6.652,0,1,0,0,0,0,0,0,0,1,0,0,0,0,0,0,0,0,0,0,0.0
568,567,2025-07-11 17:40:07.265759,2025-07-11 17:40:08.449817,1.184,14.8,802.57,1752235807265,1.151,0,2,0,0,0,0,0,0,0,1,0,0,0,0,0,0,0,0,0,0,0.0
601,560,2025-07-11 17:40:08.449817,2025-07-11 17:40:08.929059,0.479,0.0,821.46,1752235808449,1.184,1,3,0,0,0,0,0,0,0,1,0,0,0,0,0,0,0,0,0,0,0.0
1384,564,2025-07-11 17:40:14.309132,2025-07-11 17:40:14.756053,0.447,0.0,1494.51,1752235814309,5.859,0,4,0,0,0,0,0,0,0,1,0,0,0,0,0,0,0,0,0,0,0.0
539,608,2025-07-11 17:40:15.362724,2025-07-11 17:40:16.447639,1.085,30.75,812.52,1752235815362,1.054,0,1,0,0,0,0,0,0,0,0,1,0,0,0,0,0,0,0,0,0,0.0
636,599,2025-07-11 17:40:16.605355,2025-07-11 17:40:17.044678,0.439,0.0,873.67,1752235816605,1.243,1,2,0,0,0,0,0,0,0,0,1,0,0,0,0,0,0,0,0,0,0.0
763,606,2025-07-11 17:40:17.505086,2025-07-11 17:40:17.929576,0.424,0.0,974.37,1752235817505,0.9,0,3,0,0,0,0,0,0,0,0,1,0,0,0,0,0,0,0,0,0,0.0
805,607,2025-07-11 17:40:17.929576,2025-07-11 17:40:18.360346,0.431,0.0,1008.2,1752235817929,0.424,0,4,0,0,0,0,0,0,0,0,1,0,0,0,0,0,0,0,0,0,0.0
1413,600,2025-07-11 17:40:21.474600,2025-07-11 17:40:21.938487,0.464,0.0,1535.11,1752235821474,3.545,1,5,0,0,0,0,0,0,0,0,1,0,0,0,0,0,0,0,0,0,0.0
499,650,2025-07-11 17:40:22.436980,2025-07-11 17:40:23.639473,1.202,30.84,819.45,1752235822436,0.962,0,1,0,0,0,0,0,0,0,0,0,1,0,0,0,0,0,0,0,0,0.0
499,698,2025-07-11 17:40:29.387336,2025-07-11 17:40:29.828652,0.441,0.0,858.02,1752235829387,6.95,0,1,0,0,0,0,0,0,0,0,0,0,1,0,0,0,0,0,0,0,0.0
473,699,2025-07-11 17:40:29.828652,2025-07-11 17:40:31.045145,1.216,15.02,844.0,1752235829828,0.441,0,2,0,0,0,0,0,0,0,0,0,0,1,0,0,0,0,0,0,0,0.0
496,724,2025-07-11 17:40:31.045145,2025-07-11 17:40:31.556186,0.511,0.0,877.61,1752235831045,1.216,0,1,0,0,0,0,0,0,0,0,0,0,0,1,0,0,0,0,0,0,0.0
805,741,2025-07-11 17:40:32.858826,2025-07-11 17:40:33.275690,0.417,0.0,1094.12,1752235832858,1.814,0,2,0,0,0,0,0,0,0,0,0,0,0,1,0,0,0,0,0,0,0.0
1162,742,2025-07-11 17:40:34.825361,2025-07-11 17:40:35.409395,0.584,2.06,1378.7,1752235834825,1.967,0,3,0,0,0,0,0,0,0,0,0,0,0,1,0,0,0,0,0,0,0.0
1189,729,2025-07-11 17:40:35.409395,2025-07-11 17:40:36.160660,0.751,9.8,1394.69,1752235835409,0.584,1,4,0,0,0,0,0,0,0,0,0,0,0,1,0,0,0,0,0,0,0.0
1365,747,2025-07-11 17:40:36.912837,2025-07-11 17:40:37.372929,0.46,0.0,1556.03,1752235836912,1.503,0,5,0,0,0,0,0,0,0,0,0,0,0,1,0,0,0,0,0,0,0.0
1410,748,2025-07-11 17:40:37.372929,2025-07-11 17:40:37.828824,0.456,0.0,1596.12,1752235837372,0.46,0,6,0,0,0,0,0,0,0,0,0,0,0,1,0,0,0,0,0,0,0.0
496,776,2025-07-11 17:40:38.139423,2025-07-11 17:40:38.584022,0.445,0.0,920.97,1752235838139,0.766,0,1,0,0,0,0,0,0,0,0,0,0,0,0,1,0,0,0,0,0,1.0
477,813,2025-07-11 17:40:39.200676,2025-07-11 17:40:39.653440,0.453,0.0,942.6,1752235839200,1.061,0,1,0,0,0,0,0,0,0,0,0,0,0,0,0,1,0,0,0,0,0.0
466,786,2025-07-11 17:40:39.653440,2025-07-11 17:40:40.115666,0.462,0.0,913.76,1752235839653,0.453,1,2,0,0,0,0,0,0,0,0,0,0,0,0,1,0,0,0,0,0,1.0
898,789,2025-07-11 17:40:42.674843,2025-07-11 17:40:43.128347,0.454,0.0,1195.38,1752235842674,3.021,0,3,0,0,0,0,0,0,0,0,0,0,0,0,1,0,0,0,0,0,1.0
941,788,2025-07-11 17:40:43.128347,2025-07-11 17:40:43.780649,0.652,7.0,1227.37,1752235843128,0.454,1,4,0,0,0,0,0,0,0,0,0,0,0,0,1,0,0,0,0,0,1.0
1031,786,2025-07-11 17:40:44.247808,2025-07-11 17:40:44.710180,0.462,0.0,1296.44,1752235844247,1.119,1,5,0,0,0,0,0,0,0,0,0,0,0,0,1,0,0,0,0,0,1.0
545,787,2025-07-11 17:40:45.139460,2025-07-11 17:40:45.572372,0.433,0.0,957.28,1752235845139,0.892,0,6,0,0,0,0,0,0,0,0,0,0,0,0,1,0,0,0,0,0,1.0
850,789,2025-07-11 17:40:47.115025,2025-07-11 17:40:48.475764,1.361,17.71,1159.75,1752235847115,1.976,0,7,0,0,0,0,0,0,0,0,0,0,0,0,1,0,0,0,0,0,1.0
990,783,2025-07-11 17:40:48.940288,2025-07-11 17:40:49.450805,0.511,0.0,1262.22,1752235848940,1.825,1,8,0,0,0,0,0,0,0,0,0,0,0,0,1,0,0,0,0,0,1.0
1033,787,2025-07-11 17:40:49.450805,2025-07-11 17:40:50.087724,0.637,6.02,1298.64,1752235849450,0.511,0,9,0,0,0,0,0,0,0,0,0,0,0,0,1,0,0,0,0,0,1.0
1287,794,2025-07-11 17:40:51.256380,2025-07-11 17:40:52.124827,0.868,10.82,1512.22,1752235851256,1.806,0,10,0,0,0,0,0,0,0,0,0,0,0,0,1,0,0,0,0,0,1.0
500,835,2025-07-11 17:40:52.702409,2025-07-11 17:40:53.345908,0.643,10.61,973.25,1752235852702,1.446,0,2,0,0,0,0,0,0,0,0,0,0,0,0,0,1,0,0,0,0,0.0
601,839,2025-07-11 17:40:53.792986,2025-07-11 17:40:54.213082,0.42,0.0,1032.05,1752235853792,1.091,0,3,0,0,0,0,0,0,0,0,0,0,0,0,0,1,0,0,0,0,0.0
629,840,2025-07-11 17:40:54.213082,2025-07-11 17:40:54.826191,0.613,5.59,1049.4,1752235854213,0.42,0,4,0,0,0,0,0,0,0,0,0,0,0,0,0,1,0,0,0,0,0.0
658,848,2025-07-11 17:40:54.826191,2025-07-11 17:40:55.228174,0.402,0.0,1073.34,1752235854826,0.613,0,1,0,0,0,0,0,0,0,0,0,0,0,0,0,0,1,0,0,0,0.0
519,839,2025-07-11 17:40:55.531369,2025-07-11 17:40:55.950286,0.419,0.0,986.55,1752235855531,0.705,1,5,0,0,0,0,0,0,0,0,0,0,0,0,0,1,0,0,0,0,0.0
484,846,2025-07-11 17:40:55.950286,2025-07-11 17:40:56.539612,0.589,9.01,974.67,1752235855950,0.419,0,6,0,0,0,0,0,0,0,0,0,0,0,0,0,1,0,0,0,0,0.0
609,836,2025-07-11 17:40:57.092725,2025-07-11 17:40:57.560795,0.468,0.0,1034.3,1752235857092,1.142,1,7,0,0,0,0,0,0,0,0,0,0,0,0,0,1,0,0,0,0,0.0
1315,827,2025-07-11 17:41:02.186270,2025-07-11 17:41:02.663801,0.478,0.0,1553.43,1752235862186,5.094,1,8,0,0,0,0,0,0,0,0,0,0,0,0,0,1,0,0,0,0,0.0
498,882,2025-07-11 17:41:03.270871,2025-07-11 17:41:04.265984,0.995,21.45,1012.88,1752235863270,1.085,0,2,0,0,0,0,0,0,0,0,0,0,0,0,0,0,1,0,0,0,0.0
570,877,2025-07-11 17:41:04.401962,2025-07-11 17:41:04.823738,0.422,0.0,1045.96,1752235864401,1.131,1,3,0,0,0,0,0,0,0,0,0,0,0,0,0,0,1,0,0,0,0.0
696,885,2025-07-11 17:41:05.112062,2025-07-11 17:41:05.577549,0.465,0.0,1125.9,1752235865112,0.71,0,4,0,0,0,0,0,0,0,0,0,0,0,0,0,0,1,0,0,0,0.0
786,883,2025-07-11 17:41:05.914297,2025-07-11 17:41:06.381377,0.467,0.0,1182.15,1752235865914,0.802,1,5,0,0,0,0,0,0,0,0,0,0,0,0,0,0,1,0,0,0,0.0
824,872,2025-07-11 17:41:06.381377,2025-07-11 17:41:06.955637,0.574,5.02,1199.73,1752235866381,0.467,1,6,0,0,0,0,0,0,0,0,0,0,0,0,0,0,1,0,0,0,0.0
799,870,2025-07-11 17:41:06.955637,2025-07-11 17:41:07.391320,0.436,0.0,1181.23,1752235866955,0.574,1,7,0,0,0,0,0,0,0,0,0,0,0,0,0,0,1,0,0,0,0.0
774,872,2025-07-11 17:41:07.391320,2025-07-11 17:41:08.127835,0.737,15.46,1165.96,1752235867391,0.436,0,8,0,0,0,0,0,0,0,0,0,0,0,0,0,0,1,0,0,0,0.0
1365,883,2025-07-11 17:41:11.860689,2025-07-11 17:41:12.291373,0.431,0.0,1625.7,1752235871860,4.469,0,9,0,0,0,0,0,0,0,0,0,0,0,0,0,0,1,0,0,0,0.0
498,931,2025-07-11 17:41:12.598017,2025-07-11 17:41:13.473831,0.876,19.71,1055.82,1752235872598,0.737,0,1,0,0,0,0,0,0,0,0,0,0,0,0,0,0,0,1,1,0,0.0
924,914,2025-07-11 17:41:15.907711,2025-07-11 17:41:16.331515,0.424,0.0,1299.68,1752235875907,3.31,1,2,0,0,0,0,0,0,0,0,0,0,0,0,0,0,0,1,0,0,0.0
995,911,2025-07-11 17:41:16.604457,2025-07-11 17:41:17.007590,0.403,0.0,1349.05,1752235876604,0.697,1,3,0,0,0,0,0,0,0,0,0,0,0,0,0,0,0,1,0,0,0.0
1407,933,2025-07-11 17:41:19.196509,2025-07-11 17:41:19.624251,0.428,0.0,1688.24,1752235879196,2.592,0,4,0,0,0,0,0,0,0,0,0,0,0,0,0,0,0,1,1,0,0.0
498,967,2025-07-11 17:41:19.904809,2025-07-11 17:41:20.757197,0.852,20.57,1087.7,1752235879904,0.708,0,1,0,0,0,0,0,0,0,0,0,0,0,0,0,0,0,0,1,0,0.0
606,963,2025-07-11 17:41:21.315569,2025-07-11 17:41:21.777236,0.462,0.0,1137.81,1752235881315,1.411,1,2,0,0,0,0,0,0,0,0,0,0,0,0,0,0,0,0,1,0,0.0
784,963,2025-07-11 17:41:22.943218,2025-07-11 17:41:23.356078,0.413,0.0,1241.78,1752235882943,1.628,0,3,0,0,0,0,0,0,0,0,0,0,0,0,0,0,0,0,1,0,0.0
810,968,2025-07-11 17:41:23.356078,2025-07-11 17:41:23.771448,0.415,0.0,1262.19,1752235883356,0.413,0,4,0,0,0,0,0,0,0,0,0,0,0,0,0,0,0,0,1,0,0.0
839,966,2025-07-11 17:41:23.771448,2025-07-11 17:41:24.221966,0.451,0.0,1279.48,1752235883771,0.415,1,5,0,0,0,0,0,0,0,0,0,0,0,0,0,0,0,0,1,0,0.0
852,1032,2025-07-11 17:41:24.508466,2025-07-11 17:41:25.016515,0.508,0.0,1338.26,1752235884508,0.737,0,0,0,0,0,0,0,0,0,0,0,0,0,0,0,0,0,0,0,0,0.0
846,994,2025-07-11 17:41:25.016515,2025-07-11 17:41:25.479962,0.463,0.0,1305.28,1752235885016,0.508,1,1,0,0,0,0,0,0,0,0,0,0,0,0,0,0,0,0,0,1,0.0
990,1003,2025-07-11 17:41:32.722070,2025-07-11 17:41:33.134773,0.413,0.0,1409.29,1752235892722,7.706,0,2,0,0,0,0,0,0,0,0,0,0,0,0,0,0,0,0,0,1,0.0
119,82,2025-07-11 17:53:05.808661,2025-07-11 17:53:06.575552,0.767,6.47,144.52,1752236585808,0.0,0,1,1,0,0,0,0,0,0,0,0,0,0,0,0,0,0,0,0,0,0.0
1415,81,2025-07-11 17:53:12.338700,2025-07-11 17:53:12.803003,0.464,0.0,1417.32,1752236592338,6.53,1,2,1,0,0,0,0,0,0,0,0,0,0,0,0,0,0,0,0,0,0.0
1732,88,2025-07-11 17:53:14.373071,2025-07-11 17:53:14.837893,0.465,0.0,1734.23,1752236594373,2.034,0,3,1,0,0,0,0,0,0,0,0,0,0,0,0,0,0,0,0,0,0.0
185,123,2025-07-11 17:53:15.114585,2025-07-11 17:53:16.231100,1.117,18.67,222.16,1752236595114,0.742,0,1,0,1,0,0,0,0,0,0,0,0,0,0,0,0,0,0,0,0,0.0
428,128,2025-07-11 17:53:17.601774,2025-07-11 17:53:18.161831,0.56,5.1,446.73,1752236597601,2.487,0,2,0,1,0,0,0,0,0,0,0,0,0,0,0,0,0,0,0,0,0.0
473,126,2025-07-11 17:53:18.161831,2025-07-11 17:53:18.586164,0.424,0.0,489.49,1752236598161,0.56,1,3,0,1,0,0,0,0,0,0,0,0,0,0,0,0,0,0,0,0,0.0
553,143,2025-07-11 17:53:19.021873,2025-07-11 17:53:19.456384,0.435,0.0,571.19,1752236599021,0.86,0,4,0,1,0,0,0,0,0,0,0,0,0,0,0,0,0,0,0,0,0.0
178,177,2025-07-11 17:53:25.697216,2025-07-11 17:53:26.320225,0.623,12.54,251.02,1752236605697,6.675,0,1,0,0,1,0,0,0,0,0,0,0,0,0,0,0,0,0,0,0,0.0
252,176,2025-07-11 17:53:26.494416,2025-07-11 17:53:27.333967,0.84,0.0,307.38,1752236606494,0.797,1,2,0,0,1,0,0,0,0,0,0,0,0,0,0,0,0,0,0,0,0.0
629,167,2025-07-11 17:53:29.108231,2025-07-11 17:53:29.768779,0.661,0.0,650.79,1752236609108,2.614,1,3,0,0,1,0,0,0,0,0,0,0,0,0,0,0,0,0,0,0,0.0
1339,177,2025-07-11 17:53:33.145474,2025-07-11 17:53:33.767077,0.622,0.0,1350.65,1752236613145,4.037,0,4,0,0,1,0,0,0,0,0,0,0,0,0,0,0,0,0,0,0,0.0
196,209,2025-07-11 17:53:37.165654,2025-07-11 17:53:38.041510,0.876,16.34,286.53,1752236617165,4.02,0,1,0,0,0,1,0,0,0,0,0,0,0,0,0,0,0,0,0,0,0.0
192,265,2025-07-11 17:53:46.824618,2025-07-11 17:53:47.364942,0.54,0.0,327.24,1752236626824,9.659,0,1,0,0,0,0,1,0,0,0,0,0,0,0,0,0,0,0,0,0,1.0
1711,269,2025-07-11 17:53:55.267279,2025-07-11 17:53:55.918840,0.652,14.5,1732.02,1752236635267,8.443,0,2,0,0,0,0,1,0,0,0,0,0,0,0,0,0,0,0,0,0,1.0
1583,263,2025-07-11 17:53:58.197759,2025-07-11 17:53:58.793404,0.596,7.52,1604.7,1752236638197,2.93,1,3,0,0,0,0,1,0,0,0,0,0,0,0,0,0,0,0,0,0,1.0
1676,265,2025-07-11 17:53:59.076741,2025-07-11 17:53:59.800372,0.724,3.16,1696.82,1752236639076,0.879,0,4,0,0,0,0,1,0,0,0,0,0,0,0,0,0,0,0,0,0,1.0
191,312,2025-07-11 17:54:00.462520,2025-07-11 17:54:01.049477,0.587,10.51,365.82,1752236640462,1.386,0,1,0,0,0,0,0,1,0,0,0,0,0,0,0,0,0,0,0,0,0.0
545,304,2025-07-11 17:54:03.308159,2025-07-11 17:54:03.746864,0.439,0.0,624.05,1752236643308,2.846,1,2,0,0,0,0,0,1,0,0,0,0,0,0,0,0,0,0,0,0,0.0
677,303,2025-07-11 17:54:04.146498,2025-07-11 17:54:04.536926,0.39,0.0,741.71,1752236644146,0.838,1,3,0,0,0,0,0,1,0,0,0,0,0,0,0,0,0,0,0,0,0.0
194,356,2025-07-11 17:54:10.648511,2025-07-11 17:54:11.372490,0.724,1.67,405.43,1752236650648,6.502,0,1,0,0,0,0,0,0,1,0,0,0,0,0,0,0,0,0,0,0,0.0
1113,357,2025-07-11 17:54:14.934710,2025-07-11 17:54:15.333949,0.399,0.0,1168.85,1752236654934,4.286,0,2,0,0,0,0,0,0,1,0,0,0,0,0,0,0,0,0,0,0,0.0
1741,379,2025-07-11 17:54:17.546094,2025-07-11 17:54:17.965415,0.419,0.0,1781.77,1752236657546,2.611,0,0,0,0,0,0,0,0,0,0,0,0,0,0,0,0,0,0,0,0,0.0
196,405,2025-07-11 17:54:18.375116,2025-07-11 17:54:18.910692,0.536,7.65,449.93,1752236658375,0.829,0,1,0,0,0,0,0,0,0,1,0,0,0,0,0,0,0,0,0,0,0.0
181,548,2025-07-11 17:54:20.696675,2025-07-11 17:54:21.104837,0.408,0.0,577.12,1752236660696,2.322,0,1,0,0,0,0,0,0,0,0,1,0,0,0,0,0,0,0,0,0,0.0
155,558,2025-07-11 17:54:21.104837,2025-07-11 17:54:21.517373,0.413,0.0,579.13,1752236661104,0.408,0,2,0,0,0,0,0,0,0,0,1,0,0,0,0,0,0,0,0,0,0.0
552,555,2025-07-11 17:54:24.097938,2025-07-11 17:54:24.502822,0.405,0.0,782.77,1752236664097,2.993,1,3,0,0,0,0,0,0,0,0,1,0,0,0,0,0,0,0,0,0,0.0
1012,562,2025-07-11 17:54:26.280601,2025-07-11 17:54:26.884712,0.604,10.0,1157.58,1752236666280,2.183,0,4,0,0,0,0,0,0,0,0,1,0,0,0,0,0,0,0,0,0,0.0
926,558,2025-07-11 17:54:27.048108,2025-07-11 17:54:27.550887,0.503,0.0,1081.13,1752236667048,0.768,1,5,0,0,0,0,0,0,0,0,1,0,0,0,0,0,0,0,0,0,0.0
967,557,2025-07-11 17:54:27.721299,2025-07-11 17:54:28.199010,0.478,0.0,1115.95,1752236667721,0.673,1,6,0,0,0,0,0,0,0,0,1,0,0,0,0,0,0,0,0,0,0.0
1185,557,2025-07-11 17:54:30.287323,2025-07-11 17:54:30.692522,0.405,0.0,1309.38,1752236670287,2.566,0,7,0,0,0,0,0,0,0,0,1,0,0,0,0,0,0,0,0,0,0.0
1669,554,2025-07-11 17:54:35.175990,2025-07-11 17:54:35.629107,0.453,0.0,1758.54,1752236675175,4.889,1,8,0,0,0,0,0,0,0,0,1,0,0,0,0,0,0,0,0,0,0.0
1700,556,2025-07-11 17:54:35.629107,2025-07-11 17:54:36.229285,0.6,2.06,1788.61,1752236675629,0.453,0,9,0,0,0,0,0,0,0,0,1,0,0,0,0,0,0,0,0,0,0.0
196,598,2025-07-11 17:54:36.634655,2025-07-11 17:54:37.039047,0.404,0.0,629.3,1752236676634,1.006,0,1,0,0,0,0,0,0,0,0,0,1,0,0,0,0,0,0,0,0,0.0
248,594,2025-07-11 17:54:37.599135,2025-07-11 17:54:38.019465,0.42,0.0,643.69,1752236677599,0.964,1,2,0,0,0,0,0,0,0,0,0,1,0,0,0,0,0,0,0,0,0.0
492,588,2025-07-11 17:54:38.945104,2025-07-11 17:54:39.415696,0.471,0.0,766.69,1752236678945,1.346,1,3,0,0,0,0,0,0,0,0,0,1,0,0,0,0,0,0,0,0,0.0
686,589,2025-07-11 17:54:40.019322,2025-07-11 17:54:40.437561,0.418,0.0,904.17,1752236680019,1.074,0,4,0,0,0,0,0,0,0,0,0,1,0,0,0,0,0,0,0,0,0.0
1657,603,2025-07-11 17:54:44.448413,2025-07-11 17:54:44.917679,0.469,0.0,1763.31,1752236684448,4.429,0,5,0,0,0,0,0,0,0,0,0,1,0,0,0,0,0,0,0,0,0.0
193,647,2025-07-11 17:54:45.201548,2025-07-11 17:54:45.638074,0.437,0.0,675.17,1752236685201,0.753,0,1,0,0,0,0,0,0,0,0,0,0,1,0,0,0,0,0,0,0,0.0
1106,637,2025-07-11 17:54:50.940703,2025-07-11 17:54:51.395302,0.455,0.0,1276.32,1752236690940,5.739,1,2,0,0,0,0,0,0,0,0,0,0,1,0,0,0,0,0,0,0,0.0
1569,643,2025-07-11 17:54:53.156765,2025-07-11 17:54:53.549952,0.393,0.0,1695.64,1752236693156,2.216,0,3,0,0,0,0,0,0,0,0,0,0,1,0,0,0,0,0,0,0,0.0
1644,676,2025-07-11 17:54:53.947687,2025-07-11 17:54:54.425134,0.477,0.0,1777.56,1752236693947,0.791,0,1,0,0,0,0,0,0,0,0,0,0,0,1,0,0,0,0,0,0,0.0
1660,654,2025-07-11 17:54:54.425134,2025-07-11 17:54:55.037031,0.612,6.08,1784.18,1752236694425,0.477,1,4,0,0,0,0,0,0,0,0,0,0,1,0,0,0,0,0,0,0,0.0
1687,646,2025-07-11 17:54:55.037031,2025-07-11 17:54:55.529743,0.493,0.0,1806.46,1752236695037,0.612,1,5,0,0,0,0,0,0,0,0,0,0,1,0,0,0,0,0,0,0,0.0
193,694,2025-07-11 17:54:56.089354,2025-07-11 17:54:56.690357,0.601,10.05,720.34,1752236696089,1.052,0,2,0,0,0,0,0,0,0,0,0,0,0,1,0,0,0,0,0,0,0.0
637,684,2025-07-11 17:54:59.057305,2025-07-11 17:54:59.544403,0.487,0.0,934.68,1752236699057,2.968,1,3,0,0,0,0,0,0,0,0,0,0,0,1,0,0,0,0,0,0,0.0
1205,684,2025-07-11 17:55:02.069368,2025-07-11 17:55:02.774930,0.706,4.45,1385.6,1752236702069,3.012,0,4,0,0,0,0,0,0,0,0,0,0,0,1,0,0,0,0,0,0,0.0
1538,691,2025-07-11 17:55:04.326989,2025-07-11 17:55:04.802523,0.476,0.0,1686.1,1752236704326,2.258,0,5,0,0,0,0,0,0,0,0,0,0,0,1,0,0,0,0,0,0,0.0
180,779,2025-07-11 17:55:13.472766,2025-07-11 17:55:14.144326,0.672,15.53,799.53,1752236713472,9.146,0,1,0,0,0,0,0,0,0,0,0,0,0,0,0,1,0,0,0,0,1.0
460,779,2025-07-11 17:55:15.155235,2025-07-11 17:55:15.593387,0.438,0.0,904.68,1752236715155,1.682,0,2,0,0,0,0,0,0,0,0,0,0,0,0,0,1,0,0,0,0,1.0
808,781,2025-07-11 17:55:16.836731,2025-07-11 17:55:17.262929,0.426,0.0,1123.75,1752236716836,1.681,0,3,0,0,0,0,0,0,0,0,0,0,0,0,0,1,0,0,0,0,1.0
1134,777,2025-07-11 17:55:18.154936,2025-07-11 17:55:18.562296,0.407,0.0,1374.66,1752236718154,1.318,1,4,0,0,0,0,0,0,0,0,0,0,0,0,0,1,0,0,0,0,1.0
444,780,2025-07-11 17:55:22.036047,2025-07-11 17:55:22.561732,0.526,1.58,897.52,1752236722036,3.881,0,5,0,0,0,0,0,0,0,0,0,0,0,0,0,1,0,0,0,0,1.0
474,781,2025-07-11 17:55:22.561732,2025-07-11 17:55:23.075279,0.514,16.0,913.58,1752236722561,0.526,0,6,0,0,0,0,0,0,0,0,0,0,0,0,0,1,0,0,0,0,1.0
521,783,2025-07-11 17:55:23.075279,2025-07-11 17:55:23.556322,0.481,0.0,940.49,1752236723075,0.514,0,7,0,0,0,0,0,0,0,0,0,0,0,0,0,1,0,0,0,0,1.0
243,797,2025-07-11 17:55:24.133935,2025-07-11 17:55:24.857290,0.723,2.6,833.22,1752236724133,1.059,0,1,0,0,0,0,0,0,0,0,0,0,0,0,0,0,1,0,0,0,0.0
312,859,2025-07-11 17:55:24.857290,2025-07-11 17:55:25.536472,0.679,10.02,913.91,1752236724857,0.723,0,1,0,0,0,0,0,0,0,0,0,0,0,0,0,0,0,1,0,0,0.0
391,821,2025-07-11 17:55:27.350374,2025-07-11 17:55:28.325389,0.975,7.55,909.35,1752236727350,2.493,1,2,0,0,0,0,0,0,0,0,0,0,0,0,0,0,1,0,0,0,0.0
253,757,2025-07-11 17:55:28.859361,2025-07-11 17:55:29.336348,0.477,0.0,798.16,1752236728859,1.509,1,8,0,0,0,0,0,0,0,0,0,0,0,0,0,1,0,0,0,0,1.0
276,777,2025-07-11 17:55:29.336348,2025-07-11 17:55:29.882979,0.547,0.0,824.56,1752236729336,0.477,0,9,0,0,0,0,0,0,0,0,0,0,0,0,0,1,0,0,0,0,1.0
375,780,2025-07-11 17:55:31.090627,2025-07-11 17:55:31.530237,0.44,0.0,865.46,1752236731090,1.754,0,10,0,0,0,0,0,0,0,0,0,0,0,0,0,1,0,0,0,0,1.0
358,813,2025-07-11 17:55:31.530237,2025-07-11 17:55:31.956300,0.426,0.0,888.33,1752236731530,0.44,0,3,0,0,0,0,0,0,0,0,0,0,0,0,0,0,1,0,0,0,0.0
326,795,2025-07-11 17:55:32.114860,2025-07-11 17:55:33.184598,1.07,25.78,859.24,1752236732114,0.585,1,4,0,0,0,0,0,0,0,0,0,0,0,0,0,0,1,0,0,0,0.0
305,753,2025-07-11 17:55:34.095297,2025-07-11 17:55:34.514925,0.42,0.0,812.42,1752236734095,1.98,1,11,0,0,0,0,0,0,0,0,0,0,0,0,0,1,0,0,0,0,1.0
455,778,2025-07-11 17:55:35.588515,2025-07-11 17:55:36.638469,1.05,8.09,901.28,1752236735588,1.493,0,12,0,0,0,0,0,0,0,0,0,0,0,0,0,1,0,0,0,0,1.0
243,828,2025-07-11 17:55:37.918992,2025-07-11 17:55:38.345939,0.427,0.0,862.92,1752236737918,2.33,0,5,0,0,0,0,0,0,0,0,0,0,0,0,0,0,1,0,0,0,0.0
185,811,2025-07-11 17:55:39.622059,2025-07-11 17:55:40.844492,1.222,26.01,831.83,1752236739622,1.703,1,6,0,0,0,0,0,0,0,0,0,0,0,0,0,0,1,0,0,0,0.0
222,828,2025-07-11 17:55:40.844492,2025-07-11 17:55:41.252982,0.408,0.0,857.24,1752236740844,1.222,0,7,0,0,0,0,0,0,0,0,0,0,0,0,0,0,1,0,0,0,0.0
256,831,2025-07-11 17:55:41.252982,2025-07-11 17:55:41.802628,0.55,2.06,869.54,1752236741252,0.408,0,8,0,0,0,0,0,0,0,0,0,0,0,0,0,0,1,0,0,0,0.0
257,861,2025-07-11 17:55:41.802628,2025-07-11 17:55:42.231008,0.428,0.0,898.54,1752236741802,0.55,0,2,0,0,0,0,0,0,0,0,0,0,0,0,0,0,0,1,0,0,0.0
232,842,2025-07-11 17:55:42.373521,2025-07-11 17:55:42.978234,0.605,5.83,873.38,1752236742373,0.571,1,3,0,0,0,0,0,0,0,0,0,0,0,0,0,0,0,1,0,0,0.0
201,825,2025-07-11 17:55:42.978234,2025-07-11 17:55:44.153698,1.175,14.21,849.13,1752236742978,0.605,1,9,0,0,0,0,0,0,0,0,0,0,0,0,0,0,1,0,0,0,0.0
327,835,2025-07-11 17:55:44.735627,2025-07-11 17:55:45.282946,0.547,5.22,896.75,1752236744735,1.757,0,10,0,0,0,0,0,0,0,0,0,0,0,0,0,0,1,0,0,0,0.0
167,795,2025-07-11 17:55:47.203936,2025-07-11 17:55:47.636299,0.432,0.0,812.35,1752236747203,2.468,1,11,0,0,0,0,0,0,0,0,0,0,0,0,0,0,1,0,0,0,0.0
194,856,2025-07-11 17:55:48.294921,2025-07-11 17:55:48.730462,0.436,0.0,877.71,1752236748294,1.091,0,4,0,0,0,0,0,0,0,0,0,0,0,0,0,0,0,1,0,0,0.0
298,832,2025-07-11 17:55:49.295029,2025-07-11 17:55:49.921994,0.627,8.9,883.76,1752236749295,1.0,1,12,0,0,0,0,0,0,0,0,0,0,0,0,0,0,1,0,0,0,0.0
241,782,2025-07-11 17:55:50.085357,2025-07-11 17:55:50.683265,0.598,3.2,818.29,1752236750085,0.79,1,13,0,0,0,0,0,0,0,0,0,0,0,0,0,1,0,0,0,0,1.0
474,809,2025-07-11 17:55:52.552744,2025-07-11 17:55:53.036430,0.484,0.0,937.63,1752236752552,2.467,0,13,0,0,0,0,0,0,0,0,0,0,0,0,0,0,1,0,0,0,0.0
499,811,2025-07-11 17:55:53.036430,2025-07-11 17:55:53.643679,0.607,3.91,952.22,1752236753036,0.484,0,14,0,0,0,0,0,0,0,0,0,0,0,0,0,0,1,0,0,0,0.0
572,931,2025-07-11 17:55:53.929407,2025-07-11 17:55:54.341787,0.412,0.0,1092.68,1752236753929,0.893,0,1,0,0,0,0,0,0,0,0,0,0,0,0,0,0,0,0,0,1,0.0
168,819,2025-07-11 17:55:55.443745,2025-07-11 17:55:55.876292,0.433,0.0,836.05,1752236755443,1.514,1,15,0,0,0,0,0,0,0,0,0,0,0,0,0,0,1,0,0,0,0.0
187,875,2025-07-11 17:55:55.876292,2025-07-11 17:55:56.351944,0.476,0.0,894.76,1752236755876,0.433,0,5,0,0,0,0,0,0,0,0,0,0,0,0,0,0,0,1,0,0,0.0
251,832,2025-07-11 17:55:57.550951,2025-07-11 17:55:58.101047,0.55,4.24,869.04,1752236757550,1.675,1,16,0,0,0,0,0,0,0,0,0,0,0,0,0,0,1,0,0,0,0.0
518,817,2025-07-11 17:55:59.216761,2025-07-11 17:55:59.748578,0.532,0.0,967.37,1752236759216,1.666,1,17,0,0,0,0,0,0,0,0,0,0,0,0,0,0,1,0,0,0,0.0
653,812,2025-07-11 17:56:00.271955,2025-07-11 17:56:00.732567,0.461,0.0,1041.99,1752236760271,1.055,1,18,0,0,0,0,0,0,0,0,0,0,0,0,0,0,1,0,0,0,0.0
1034,792,2025-07-11 17:56:06.055537,2025-07-11 17:56:06.623062,0.568,0.0,1302.47,1752236766055,5.784,1,14,0,0,0,0,0,0,0,0,0,0,0,0,0,1,0,0,0,0,1.0
1006,794,2025-07-11 17:56:06.623062,2025-07-11 17:56:07.473734,0.851,3.33,1281.59,1752236766623,0.568,0,19,0,0,0,0,0,0,0,0,0,0,0,0,0,0,1,0,0,0,0.0
201,871,2025-07-11 17:56:07.936167,2025-07-11 17:56:08.363070,0.427,0.0,893.89,1752236767936,1.313,0,6,0,0,0,0,0,0,0,0,0,0,0,0,0,0,0,1,0,0,0.0
337,879,2025-07-11 17:56:08.775903,2025-07-11 17:56:09.206913,0.431,0.0,941.39,1752236768775,0.84,0,7,0,0,0,0,0,0,0,0,0,0,0,0,0,0,0,1,0,0,0.0
441,883,2025-07-11 17:56:09.684353,2025-07-11 17:56:10.145239,0.461,0.0,987.0,1752236769684,0.908,0,1,0,0,0,0,0,0,0,0,0,0,0,0,0,0,0,0,1,0,1.0
463,953,2025-07-11 17:56:10.572052,2025-07-11 17:56:10.979693,0.408,0.0,1059.52,1752236770572,0.888,0,2,0,0,0,0,0,0,0,0,0,0,0,0,0,0,0,0,0,1,0.0
290,874,2025-07-11 17:56:12.349440,2025-07-11 17:56:12.792026,0.443,0.0,920.86,1752236772349,1.777,1,8,0,0,0,0,0,0,0,0,0,0,0,0,0,0,0,1,0,0,0.0
338,932,2025-07-11 17:56:12.938329,2025-07-11 17:56:13.395104,0.457,0.0,991.4,1752236772938,0.589,0,3,0,0,0,0,0,0,0,0,0,0,0,0,0,0,0,0,0,1,0.0
449,879,2025-07-11 17:56:16.789065,2025-07-11 17:56:17.182462,0.393,0.0,987.04,1752236776789,3.851,1,9,0,0,0,0,0,0,0,0,0,0,0,0,0,0,0,1,0,0,0.0
481,875,2025-07-11 17:56:17.182462,2025-07-11 17:56:17.590707,0.408,0.0,998.49,1752236777182,0.393,1,10,0,0,0,0,0,0,0,0,0,0,0,0,0,0,0,1,0,0,0.0
521,878,2025-07-11 17:56:17.590707,2025-07-11 17:56:18.152104,0.561,2.55,1020.94,1752236777590,0.408,0,11,0,0,0,0,0,0,0,0,0,0,0,0,0,0,0,1,0,0,0.0
548,875,2025-07-11 17:56:18.152104,2025-07-11 17:56:18.556374,0.404,0.0,1032.44,1752236778152,0.561,1,12,0,0,0,0,0,0,0,0,0,0,0,0,0,0,0,1,0,0,0.0
352,915,2025-07-11 17:56:19.926872,2025-07-11 17:56:20.365299,0.438,0.0,980.37,1752236779926,1.775,0,2,0,0,0,0,0,0,0,0,0,0,0,0,0,0,0,0,1,0,1.0
372,897,2025-07-11 17:56:20.365299,2025-07-11 17:56:21.182994,0.818,2.24,971.08,1752236780365,0.438,1,3,0,0,0,0,0,0,0,0,0,0,0,0,0,0,0,0,1,0,1.0
413,877,2025-07-11 17:56:22.460183,2025-07-11 17:56:22.971510,0.511,0.0,969.38,1752236782460,2.095,1,13,0,0,0,0,0,0,0,0,0,0,0,0,0,0,0,1,0,0,0.0
427,868,2025-07-11 17:56:23.708642,2025-07-11 17:56:24.504824,0.796,24.0,967.34,1752236783708,1.248,1,14,0,0,0,0,0,0,0,0,0,0,0,0,0,0,0,1,0,0,0.0
530,857,2025-07-11 17:56:24.782921,2025-07-11 17:56:25.198400,0.415,0.0,1007.65,1752236784782,1.074,1,15,0,0,0,0,0,0,0,0,0,0,0,0,0,0,0,1,0,0,0.0
1479,907,2025-07-11 17:56:29.822943,2025-07-11 17:56:30.259312,0.436,0.0,1734.96,1752236789822,5.04,0,4,0,0,0,0,0,0,0,0,0,0,0,0,0,0,0,0,1,0,1.0
203,902,2025-07-11 17:56:30.806986,2025-07-11 17:56:31.905430,1.098,9.44,924.56,1752236790806,0.984,1,5,0,0,0,0,0,0,0,0,0,0,0,0,0,0,0,0,1,0,1.0
502,911,2025-07-11 17:56:32.992814,2025-07-11 17:56:34.090539,1.098,19.19,1040.16,1752236792992,2.186,0,6,0,0,0,0,0,0,0,0,0,0,0,0,0,0,0,0,1,0,1.0
218,964,2025-07-11 17:56:38.635980,2025-07-11 17:56:39.315515,0.68,12.51,988.34,1752236798635,5.643,0,4,0,0,0,0,0,0,0,0,0,0,0,0,0,0,0,0,0,1,0.0
394,950,2025-07-11 17:56:39.449395,2025-07-11 17:56:39.891184,0.442,0.0,1028.46,1752236799449,0.813,1,5,0,0,0,0,0,0,0,0,0,0,0,0,0,0,0,0,0,1,0.0
430,946,2025-07-11 17:56:39.891184,2025-07-11 17:56:40.454417,0.563,0.5,1039.14,1752236799891,0.442,1,6,0,0,0,0,0,0,0,0,0,0,0,0,0,0,0,0,0,1,0.0
906,982,2025-07-11 17:56:41.408555,2025-07-11 17:56:41.884674,0.476,0.0,1336.1,1752236801408,1.517,0,0,0,0,0,0,0,0,0,0,0,0,0,0,0,0,0,0,0,0,0.0
191,1010,2025-07-11 17:56:44.651518,2025-07-11 17:56:45.303869,0.652,8.94,1027.9,1752236804651,3.243,0,0,0,0,0,0,0,0,0,0,0,0,0,0,0,0,0,0,0,0,0.0
221,889,2025-07-11 17:56:45.303869,2025-07-11 17:56:46.054191,0.75,8.72,916.06,1752236805303,0.652,1,7,0,0,0,0,0,0,0,0,0,0,0,0,0,0,0,0,1,0,1.0
562,904,2025-07-11 17:56:47.975845,2025-07-11 17:56:48.423452,0.448,0.0,1064.45,1752236807975,2.672,0,8,0,0,0,0,0,0,0,0,0,0,0,0,0,0,0,0,1,0,1.0
600,904,2025-07-11 17:56:48.423452,2025-07-11 17:56:49.007441,0.584,4.03,1085.0,1752236808423,0.448,0,9,0,0,0,0,0,0,0,0,0,0,0,0,0,0,0,0,1,0,1.0
628,901,2025-07-11 17:56:49.007441,2025-07-11 17:56:50.220858,1.213,9.88,1098.26,1752236809007,0.584,1,10,0,0,0,0,0,0,0,0,0,0,0,0,0,0,0,0,1,0,1.0
751,896,2025-07-11 17:56:50.761300,2025-07-11 17:56:51.166521,0.405,0.0,1169.11,1752236810761,1.754,1,11,0,0,0,0,0,0,0,0,0,0,0,0,0,0,0,0,1,0,1.0
243,269,2025-07-11 18:40:40.378443,2025-07-11 18:40:41.186226,0.808,7.72,362.51,1752239440378,0.0,0,1,1,0,0,0,0,0,0,0,0,0,0,0,0,0,0,0,0,0,0.0
650,242,2025-07-11 18:40:43.166414,2025-07-11 18:40:43.585859,0.419,0.0,693.59,1752239443166,2.788,1,2,1,0,0,0,0,0,0,0,0,0,0,0,0,0,0,0,0,0,0.0
1222,247,2025-07-11 18:40:46.369333,2025-07-11 18:40:46.912813,0.543,2.06,1246.71,1752239446369,3.203,0,3,1,0,0,0,0,0,0,0,0,0,0,0,0,0,0,0,0,0,0.0
1669,239,2025-07-11 18:40:48.760535,2025-07-11 18:40:49.177754,0.417,0.0,1686.03,1752239448760,2.391,1,4,1,0,0,0,0,0,0,0,0,0,0,0,0,0,0,0,0,0,0.0
219,294,2025-07-11 18:40:49.854179,2025-07-11 18:40:50.379162,0.525,0.5,366.6,1752239449854,1.094,0,1,0,1,0,0,0,0,0,0,0,0,0,0,0,0,0,0,0,0,0.0
95,411,2025-07-11 18:40:50.379162,2025-07-11 18:40:50.762065,0.383,0.0,421.84,1752239450379,0.525,0,0,0,0,0,0,0,0,0,0,0,0,0,0,0,0,0,0,0,0,0.0
323,317,2025-07-11 18:40:53.350181,2025-07-11 18:40:53.749183,0.399,0.0,452.57,1752239453350,2.971,1,2,0,1,0,0,0,0,0,0,0,0,0,0,0,0,0,0,0,0,0.0
340,298,2025-07-11 18:40:53.749183,2025-07-11 18:40:54.280034,0.531,2.5,452.11,1752239453749,0.399,1,3,0,1,0,0,0,0,0,0,0,0,0,0,0,0,0,0,0,0,0.0
445,310,2025-07-11 18:41:02.550602,2025-07-11 18:41:02.989996,0.439,0.0,542.33,1752239462550,8.801,0,4,0,1,0,0,0,0,0,0,0,0,0,0,0,0,0,0,0,0,0.0
241,347,2025-07-11 18:41:05.115347,2025-07-11 18:41:05.807040,0.692,17.67,422.48,1752239465115,2.565,0,1,0,0,1,0,0,0,0,0,0,0,0,0,0,0,0,0,0,0,1.0
422,239,2025-07-11 18:41:07.649192,2025-07-11 18:41:08.312686,0.663,16.4,484.98,1752239467649,2.534,1,5,1,0,0,0,0,0,0,0,0,0,0,0,0,0,0,0,0,0,0.0
608,341,2025-07-11 18:41:09.806588,2025-07-11 18:41:10.227838,0.421,0.0,697.1,1752239469806,2.157,0,2,0,0,1,0,0,0,0,0,0,0,0,0,0,0,0,0,0,0,1.0
889,341,2025-07-11 18:41:11.410190,2025-07-11 18:41:11.810248,0.4,0.0,952.16,1752239471410,1.604,0,3,0,0,1,0,0,0,0,0,0,0,0,0,0,0,0,0,0,0,1.0
934,339,2025-07-11 18:41:11.810248,2025-07-11 18:41:12.276083,0.466,0.0,993.62,1752239471810,0.4,1,4,0,0,1,0,0,0,0,0,0,0,0,0,0,0,0,0,0,0,1.0
1548,334,2025-07-11 18:41:15.057431,2025-07-11 18:41:15.457151,0.4,0.0,1583.62,1752239475057,3.247,1,5,0,0,1,0,0,0,0,0,0,0,0,0,0,0,0,0,0,0,1.0
1593,334,2025-07-11 18:41:15.457151,2025-07-11 18:41:15.856950,0.4,0.0,1627.64,1752239475457,0.4,0,6,0,0,1,0,0,0,0,0,0,0,0,0,0,0,0,0,0,0,1.0
375,358,2025-07-11 18:41:17.084012,2025-07-11 18:41:17.871979,0.788,11.24,518.45,1752239477084,1.627,0,7,0,0,1,0,0,0,0,0,0,0,0,0,0,0,0,0,0,0,1.0
397,344,2025-07-11 18:41:17.871979,2025-07-11 18:41:18.265434,0.393,0.0,525.3,1752239477871,0.788,1,8,0,0,1,0,0,0,0,0,0,0,0,0,0,0,0,0,0,0,1.0
469,337,2025-07-11 18:41:18.504754,2025-07-11 18:41:18.912262,0.408,0.0,577.52,1752239478504,0.633,1,9,0,0,1,0,0,0,0,0,0,0,0,0,0,0,0,0,0,0,1.0
592,343,2025-07-11 18:41:19.737122,2025-07-11 18:41:20.174223,0.437,0.0,684.19,1752239479737,1.232,0,10,0,0,1,0,0,0,0,0,0,0,0,0,0,0,0,0,0,0,1.0
724,339,2025-07-11 18:41:20.952980,2025-07-11 18:41:21.357475,0.404,0.0,799.44,1752239480952,1.216,1,11,0,0,1,0,0,0,0,0,0,0,0,0,0,0,0,0,0,0,1.0
796,343,2025-07-11 18:41:26.009489,2025-07-11 18:41:26.979006,0.97,8.12,866.76,1752239486009,5.057,0,12,0,0,1,0,0,0,0,0,0,0,0,0,0,0,0,0,0,0,1.0
660,340,2025-07-11 18:41:27.252238,2025-07-11 18:41:28.241172,0.989,3.12,742.43,1752239487252,1.243,1,13,0,0,1,0,0,0,0,0,0,0,0,0,0,0,0,0,0,0,1.0
276,396,2025-07-11 18:41:28.941417,2025-07-11 18:41:29.457578,0.516,5.02,482.69,1752239488941,1.689,0,1,0,0,0,1,0,0,0,0,0,0,0,0,0,0,0,0,0,0,0.0
625,384,2025-07-11 18:41:31.145508,2025-07-11 18:41:31.527813,0.382,0.0,733.54,1752239491145,2.204,1,2,0,0,0,1,0,0,0,0,0,0,0,0,0,0,0,0,0,0,0.0
330,432,2025-07-11 18:41:35.519927,2025-07-11 18:41:36.307923,0.788,3.35,543.62,1752239495519,4.374,0,1,0,0,0,0,1,0,0,0,0,0,0,0,0,0,0,0,0,0,0.0
298,437,2025-07-11 18:41:36.307923,2025-07-11 18:41:36.969661,0.662,13.35,528.94,1752239496307,0.788,0,2,0,0,0,0,1,0,0,0,0,0,0,0,0,0,0,0,0,0,0.0
1254,438,2025-07-11 18:41:41.446569,2025-07-11 18:41:41.870150,0.424,0.0,1328.29,1752239501446,5.139,0,3,0,0,0,0,1,0,0,0,0,0,0,0,0,0,0,0,0,0,0.0
1300,439,2025-07-11 18:41:41.870150,2025-07-11 18:41:42.360841,0.491,0.0,1372.12,1752239501870,0.424,0,4,0,0,0,0,1,0,0,0,0,0,0,0,0,0,0,0,0,0,0.0
1386,441,2025-07-11 18:41:42.515133,2025-07-11 18:41:42.982416,0.467,0.0,1454.47,1752239502515,0.645,0,5,0,0,0,0,1,0,0,0,0,0,0,0,0,0,0,0,0,0,0.0
292,483,2025-07-11 18:41:43.518299,2025-07-11 18:41:44.022231,0.504,0.0,564.4,1752239503518,1.003,0,1,0,0,0,0,0,1,0,0,0,0,0,0,0,0,0,0,0,0,0.0
264,480,2025-07-11 18:41:44.022231,2025-07-11 18:41:44.834228,0.812,14.06,547.81,1752239504022,0.504,1,2,0,0,0,0,0,1,0,0,0,0,0,0,0,0,0,0,0,0,0.0
404,489,2025-07-11 18:41:45.646316,2025-07-11 18:41:46.110085,0.464,0.0,634.3,1752239505646,1.624,0,3,0,0,0,0,0,1,0,0,0,0,0,0,0,0,0,0,0,0,0.0
1734,479,2025-07-11 18:41:51.817379,2025-07-11 18:41:52.480705,0.663,2.11,1798.94,1752239511817,6.171,1,4,0,0,0,0,0,1,0,0,0,0,0,0,0,0,0,0,0,0,0.0
241,536,2025-07-11 18:41:52.977633,2025-07-11 18:41:54.420091,1.442,15.28,587.69,1752239512977,1.16,0,1,0,0,0,0,0,0,1,0,0,0,0,0,0,0,0,0,0,0,0.0
1677,535,2025-07-11 18:42:01.351110,2025-07-11 18:42:01.825248,0.474,0.0,1760.27,1752239521351,8.373,1,2,0,0,0,0,0,0,1,0,0,0,0,0,0,0,0,0,0,0,0.0
246,571,2025-07-11 18:42:02.103787,2025-07-11 18:42:02.517883,0.414,0.0,621.74,1752239522103,0.753,0,1,0,0,0,0,0,0,0,1,0,0,0,0,0,0,0,0,0,0,0.0
221,574,2025-07-11 18:42:02.517883,2025-07-11 18:42:03.022311,0.504,7.52,615.07,1752239522517,0.414,0,2,0,0,0,0,0,0,0,1,0,0,0,0,0,0,0,0,0,0,0.0
311,620,2025-07-11 18:42:09.109490,2025-07-11 18:42:09.515539,0.406,0.0,693.63,1752239529109,6.592,0,1,0,0,0,0,0,0,0,0,1,0,0,0,0,0,0,0,0,0,0.0
284,622,2025-07-11 18:42:09.515539,2025-07-11 18:42:10.450776,0.935,9.9,683.77,1752239529515,0.406,0,2,0,0,0,0,0,0,0,0,1,0,0,0,0,0,0,0,0,0,0.0
482,627,2025-07-11 18:42:11.255403,2025-07-11 18:42:11.646383,0.391,0.0,790.86,1752239531255,1.74,0,3,0,0,0,0,0,0,0,0,1,0,0,0,0,0,0,0,0,0,0.0
1113,628,2025-07-11 18:42:14.069313,2025-07-11 18:42:14.460728,0.391,0.0,1277.95,1752239534069,2.814,0,4,0,0,0,0,0,0,0,0,1,0,0,0,0,0,0,0,0,0,0.0
1327,622,2025-07-11 18:42:15.113901,2025-07-11 18:42:15.505677,0.392,0.0,1465.54,1752239535113,1.045,1,5,0,0,0,0,0,0,0,0,1,0,0,0,0,0,0,0,0,0,0.0
1520,622,2025-07-11 18:42:15.971399,2025-07-11 18:42:16.372481,0.401,0.0,1642.34,1752239535971,0.857,0,6,0,0,0,0,0,0,0,0,1,0,0,0,0,0,0,0,0,0,0.0
260,679,2025-07-11 18:42:18.153338,2025-07-11 18:42:19.184942,1.032,20.6,727.08,1752239538153,2.182,0,1,0,0,0,0,0,0,0,0,0,1,0,0,0,0,0,0,0,0,1.0
349,678,2025-07-11 18:42:19.594334,2025-07-11 18:42:19.989214,0.395,0.0,762.55,1752239539594,1.441,1,2,0,0,0,0,0,0,0,0,0,1,0,0,0,0,0,0,0,0,1.0
376,675,2025-07-11 18:42:19.989214,2025-07-11 18:42:20.389406,0.4,0.0,772.66,1752239539989,0.395,1,3,0,0,0,0,0,0,0,0,0,1,0,0,0,0,0,0,0,0,1.0
1303,668,2025-07-11 18:42:24.261729,2025-07-11 18:42:25.038977,0.777,17.69,1464.25,1752239544261,4.273,1,4,0,0,0,0,0,0,0,0,0,1,0,0,0,0,0,0,0,0,1.0
1217,672,2025-07-11 18:42:25.171196,2025-07-11 18:42:25.704305,0.533,8.5,1390.21,1752239545171,0.909,0,5,0,0,0,0,0,0,0,0,0,1,0,0,0,0,0,0,0,0,1.0
1320,669,2025-07-11 18:42:25.978008,2025-07-11 18:42:26.595133,0.617,2.55,1479.85,1752239545978,0.807,1,6,0,0,0,0,0,0,0,0,0,1,0,0,0,0,0,0,0,0,1.0
1345,672,2025-07-11 18:42:26.595133,2025-07-11 18:42:27.418623,0.823,2.25,1503.53,1752239546595,0.617,0,7,0,0,0,0,0,0,0,0,0,1,0,0,0,0,0,0,0,0,1.0
1318,671,2025-07-11 18:42:27.418623,2025-07-11 18:42:28.558347,1.14,17.22,1478.97,1752239547418,0.823,1,8,0,0,0,0,0,0,0,0,0,1,0,0,0,0,0,0,0,0,1.0
1254,671,2025-07-11 18:42:28.762400,2025-07-11 18:42:29.865865,1.103,14.67,1422.24,1752239548762,1.344,0,9,0,0,0,0,0,0,0,0,0,1,0,0,0,0,0,0,0,0,1.0
1298,670,2025-07-11 18:42:29.865865,2025-07-11 18:42:30.566030,0.7,4.38,1460.72,1752239549865,1.103,1,10,0,0,0,0,0,0,0,0,0,1,0,0,0,0,0,0,0,0,1.0
1695,681,2025-07-11 18:42:32.208485,2025-07-11 18:42:32.719733,0.511,4.12,1826.69,1752239552208,2.343,0,11,0,0,0,0,0,0,0,0,0,1,0,0,0,0,0,0,0,0,1.0
1720,679,2025-07-11 18:42:32.719733,2025-07-11 18:42:33.346214,0.626,2.06,1849.17,1752239552719,0.511,1,12,0,0,0,0,0,0,0,0,0,1,0,0,0,0,0,0,0,0,1.0
231,723,2025-07-11 18:42:33.987272,2025-07-11 18:42:34.406650,0.419,0.0,759.01,1752239553987,1.268,0,1,0,0,0,0,0,0,0,0,0,0,1,0,0,0,0,0,0,0,1.0
985,726,2025-07-11 18:42:37.482746,2025-07-11 18:42:38.244414,0.762,13.52,1223.64,1752239557482,3.495,0,2,0,0,0,0,0,0,0,0,0,0,1,0,0,0,0,0,0,0,1.0
1275,714,2025-07-11 18:42:39.514554,2025-07-11 18:42:39.918643,0.404,0.0,1461.31,1752239559514,2.032,1,3,0,0,0,0,0,0,0,0,0,0,1,0,0,0,0,0,0,0,1.0
1474,719,2025-07-11 18:42:40.747566,2025-07-11 18:42:41.140164,0.393,0.0,1640.01,1752239560747,1.233,0,4,0,0,0,0,0,0,0,0,0,0,1,0,0,0,0,0,0,0,1.0
1338,711,2025-07-11 18:42:41.539486,2025-07-11 18:42:42.614996,1.076,1.17,1515.18,1752239561539,0.792,1,5,0,0,0,0,0,0,0,0,0,0,1,0,0,0,0,0,0,0,1.0
1310,713,2025-07-11 18:42:42.614996,2025-07-11 18:42:43.037804,0.423,0.0,1491.47,1752239562614,1.076,0,6,0,0,0,0,0,0,0,0,0,0,1,0,0,0,0,0,0,0,1.0
1133,718,2025-07-11 18:42:43.476956,2025-07-11 18:42:44.001529,0.525,10.55,1341.35,1752239563476,0.862,0,7,0,0,0,0,0,0,0,0,0,0,1,0,0,0,0,0,0,0,1.0
1330,721,2025-07-11 18:42:45.498421,2025-07-11 18:42:46.433631,0.935,3.01,1512.86,1752239565498,2.021,0,8,0,0,0,0,0,0,0,0,0,0,1,0,0,0,0,0,0,0,1.0
1361,720,2025-07-11 18:42:46.433631,2025-07-11 18:42:46.846742,0.413,0.0,1539.71,1752239566433,0.935,1,9,0,0,0,0,0,0,0,0,0,0,1,0,0,0,0,0,0,0,1.0
1500,733,2025-07-11 18:42:47.886720,2025-07-11 18:42:48.553045,0.666,18.74,1669.52,1752239567886,1.453,0,10,0,0,0,0,0,0,0,0,0,0,1,0,0,0,0,0,0,0,1.0
350,773,2025-07-11 18:42:50.792464,2025-07-11 18:42:51.188151,0.396,0.0,848.55,1752239570792,2.906,0,1,0,0,0,0,0,0,0,0,0,0,0,1,0,0,0,0,0,0,0.0
298,821,2025-07-11 18:42:52.468543,2025-07-11 18:42:53.077154,0.609,12.0,873.41,1752239572468,1.676,0,1,0,0,0,0,0,0,0,0,0,0,0,0,1,0,0,0,0,0,0.0
361,821,2025-07-11 18:42:53.077154,2025-07-11 18:42:53.574594,0.497,0.0,896.86,1752239573077,0.609,0,2,0,0,0,0,0,0,0,0,0,0,0,0,1,0,0,0,0,0,0.0
280,819,2025-07-11 18:42:53.734378,2025-07-11 18:42:54.524935,0.791,20.0,865.54,1752239573734,0.657,1,3,0,0,0,0,0,0,0,0,0,0,0,0,1,0,0,0,0,0,0.0
568,822,2025-07-11 18:42:55.827564,2025-07-11 18:42:56.228112,0.401,0.0,999.15,1752239575827,2.093,0,4,0,0,0,0,0,0,0,0,0,0,0,0,1,0,0,0,0,0,0.0
611,819,2025-07-11 18:42:56.228112,2025-07-11 18:42:56.729017,0.501,12.54,1021.8,1752239576228,0.401,1,5,0,0,0,0,0,0,0,0,0,0,0,0,1,0,0,0,0,0,0.0
658,816,2025-07-11 18:42:56.729017,2025-07-11 18:42:57.258359,0.529,5.02,1048.25,1752239576729,0.501,1,6,0,0,0,0,0,0,0,0,0,0,0,0,1,0,0,0,0,0,0.0
1310,815,2025-07-11 18:42:59.962310,2025-07-11 18:43:00.468030,0.506,0.0,1542.83,1752239579962,3.233,1,7,0,0,0,0,0,0,0,0,0,0,0,0,1,0,0,0,0,0,0.0
1670,825,2025-07-11 18:43:02.163545,2025-07-11 18:43:02.825465,0.662,21.04,1862.67,1752239582163,2.201,0,8,0,0,0,0,0,0,0,0,0,0,0,0,1,0,0,0,0,0,0.0
1391,814,2025-07-11 18:43:03.222423,2025-07-11 18:43:03.922669,0.7,13.33,1611.67,1752239583222,1.059,1,9,0,0,0,0,0,0,0,0,0,0,0,0,1,0,0,0,0,0,0.0
239,854,2025-07-11 18:43:05.535136,2025-07-11 18:43:05.936998,0.402,0.0,886.81,1752239585535,2.313,0,1,0,0,0,0,0,0,0,0,0,0,0,0,0,1,0,0,0,0,0.0
212,862,2025-07-11 18:43:05.936998,2025-07-11 18:43:06.326900,0.39,0.0,887.69,1752239585936,0.402,0,2,0,0,0,0,0,0,0,0,0,0,0,0,0,1,0,0,0,0,0.0
445,872,2025-07-11 18:43:07.324931,2025-07-11 18:43:07.833486,0.509,0.0,978.98,1752239587324,1.388,0,3,0,0,0,0,0,0,0,0,0,0,0,0,0,1,0,0,0,0,0.0
888,861,2025-07-11 18:43:11.216547,2025-07-11 18:43:11.649035,0.432,0.0,1236.88,1752239591216,3.892,1,4,0,0,0,0,0,0,0,0,0,0,0,0,0,1,0,0,0,0,0.0
979,865,2025-07-11 18:43:11.790988,2025-07-11 18:43:12.215387,0.424,0.0,1306.39,1752239591790,0.574,0,5,0,0,0,0,0,0,0,0,0,0,0,0,0,1,0,0,0,0,0.0
242,912,2025-07-11 18:43:16.014983,2025-07-11 18:43:16.413915,0.399,0.0,943.56,1752239596014,4.224,0,1,0,0,0,0,0,0,0,0,0,0,0,0,0,0,1,0,0,0,0.0
216,918,2025-07-11 18:43:16.413915,2025-07-11 18:43:16.799281,0.385,0.0,943.07,1752239596413,0.399,0,2,0,0,0,0,0,0,0,0,0,0,0,0,0,0,1,0,0,0,0.0
478,917,2025-07-11 18:43:18.001013,2025-07-11 18:43:18.441623,0.441,0.0,1034.1,1752239598001,1.587,1,3,0,0,0,0,0,0,0,0,0,0,0,0,0,0,1,0,0,0,0.0
505,912,2025-07-11 18:43:18.441623,2025-07-11 18:43:18.843851,0.402,0.0,1042.48,1752239598441,0.441,1,4,0,0,0,0,0,0,0,0,0,0,0,0,0,0,1,0,0,0,0.0
789,904,2025-07-11 18:43:20.727625,2025-07-11 18:43:21.284939,0.557,2.0,1199.89,1752239600727,2.286,1,5,0,0,0,0,0,0,0,0,0,0,0,0,0,0,1,0,0,0,0.0
1020,904,2025-07-11 18:43:22.541071,2025-07-11 18:43:22.960491,0.419,0.0,1362.94,1752239602541,1.813,0,6,0,0,0,0,0,0,0,0,0,0,0,0,0,0,1,0,0,0,0.0
244,964,2025-07-11 18:43:25.789459,2025-07-11 18:43:26.454396,0.665,10.01,994.4,1752239605789,3.248,0,1,0,0,0,0,0,0,0,0,0,0,0,0,0,0,0,1,0,0,1.0
544,960,2025-07-11 18:43:27.580384,2025-07-11 18:43:28.379255,0.799,19.03,1103.42,1752239607580,1.791,1,2,0,0,0,0,0,0,0,0,0,0,0,0,0,0,0,1,0,0,1.0
492,962,2025-07-11 18:43:28.379255,2025-07-11 18:43:28.809040,0.43,0.0,1080.51,1752239608379,0.799,0,3,0,0,0,0,0,0,0,0,0,0,0,0,0,0,0,1,0,0,1.0
451,962,2025-07-11 18:43:28.809040,2025-07-11 18:43:29.568532,0.759,18.2,1062.47,1752239608809,0.43,0,4,0,0,0,0,0,0,0,0,0,0,0,0,0,0,0,1,0,0,1.0
811,953,2025-07-11 18:43:30.545964,2025-07-11 18:43:31.170726,0.625,5.02,1251.37,1752239610545,1.737,1,5,0,0,0,0,0,0,0,0,0,0,0,0,0,0,0,1,0,0,1.0
460,955,2025-07-11 18:43:31.969009,2025-07-11 18:43:32.549601,0.581,2.24,1060.01,1752239611969,1.423,0,6,0,0,0,0,0,0,0,0,0,0,0,0,0,0,0,1,0,0,1.0
1073,953,2025-07-11 18:43:34.202831,2025-07-11 18:43:34.737455,0.535,2.06,1435.11,1752239614202,2.234,1,7,0,0,0,0,0,0,0,0,0,0,0,0,0,0,0,1,0,0,1.0
497,957,2025-07-11 18:43:35.097546,2025-07-11 18:43:36.069857,0.972,25.6,1078.36,1752239615097,0.895,0,8,0,0,0,0,0,0,0,0,0,0,0,0,0,0,0,1,0,0,1.0
337,1000,2025-07-11 18:43:39.852879,2025-07-11 18:43:40.368153,0.515,0.0,1055.26,1752239619852,4.755,0,1,0,0,0,0,0,0,0,0,0,0,0,0,0,0,0,0,1,0,1.0
309,1006,2025-07-11 18:43:40.368153,2025-07-11 18:43:40.880285,0.512,0.0,1052.39,1752239620368,0.515,0,2,0,0,0,0,0,0,0,0,0,0,0,0,0,0,0,0,1,0,1.0
546,1004,2025-07-11 18:43:41.975514,2025-07-11 18:43:42.558399,0.583,5.02,1142.86,1752239621975,1.607,1,3,0,0,0,0,0,0,0,0,0,0,0,0,0,0,0,0,1,0,1.0
782,1011,2025-07-11 18:43:43.724171,2025-07-11 18:43:44.240556,0.516,0.0,1278.14,1752239623724,1.749,0,4,0,0,0,0,0,0,0,0,0,0,0,0,0,0,0,0,1,0,1.0
427,1057,2025-07-11 18:43:47.248754,2025-07-11 18:43:47.930565,0.682,2.69,1139.99,1752239627248,3.525,0,0,0,0,0,0,0,0,0,0,0,0,0,0,0,0,0,0,0,0,0.0
429,1029,2025-07-11 18:43:47.930565,2025-07-11 18:43:49.119905,1.189,10.63,1114.85,1752239627930,0.682,1,0,0,0,0,0,0,0,0,0,0,0,0,0,0,0,0,0,0,0,0.0
442,1004,2025-07-11 18:43:49.119905,2025-07-11 18:43:49.607411,0.488,0.0,1096.99,1752239629119,1.189,1,5,0,0,0,0,0,0,0,0,0,0,0,0,0,0,0,0,1,0,1.0
484,1007,2025-07-11 18:43:49.607411,2025-07-11 18:43:50.151456,0.544,3.04,1117.28,1752239629607,0.488,0,6,0,0,0,0,0,0,0,0,0,0,0,0,0,0,0,0,1,0,1.0
512,1009,2025-07-11 18:43:50.151456,2025-07-11 18:43:50.835109,0.684,13.67,1131.47,1752239630151,0.544,0,7,0,0,0,0,0,0,0,0,0,0,0,0,0,0,0,0,1,0,1.0
490,1074,2025-07-11 18:43:54.525972,2025-07-11 18:43:54.915454,0.389,0.0,1180.5,1752239634525,4.375,0,0,0,0,0,0,0,0,0,0,0,0,0,0,0,0,0,0,0,0,0.0
457,1013,2025-07-11 18:43:55.201264,2025-07-11 18:43:56.573689,1.372,18.46,1111.31,1752239635201,0.675,1,8,0,0,0,0,0,0,0,0,0,0,0,0,0,0,0,0,1,0,1.0
484,1009,2025-07-11 18:43:56.573689,2025-07-11 18:43:56.990811,0.417,0.0,1119.08,1752239636573,1.372,1,9,0,0,0,0,0,0,0,0,0,0,0,0,0,0,0,0,1,0,1.0
510,1013,2025-07-11 18:43:56.990811,2025-07-11 18:43:57.379942,0.389,0.0,1134.14,1752239636990,0.417,0,10,0,0,0,0,0,0,0,0,0,0,0,0,0,0,0,0,1,0,1.0
534,1002,2025-07-11 18:43:57.379942,2025-07-11 18:43:58.387289,1.007,6.38,1135.41,1752239637379,0.389,1,11,0,0,0,0,0,0,0,0,0,0,0,0,0,0,0,0,1,0,1.0
559,995,2025-07-11 18:43:58.387289,2025-07-11 18:43:59.324182,0.937,8.73,1141.27,1752239638387,1.007,1,12,0,0,0,0,0,0,0,0,0,0,0,0,0,0,0,0,1,0,1.0
983,998,2025-07-11 18:44:01.895200,2025-07-11 18:44:02.332752,0.438,0.0,1400.82,1752239641895,3.508,0,13,0,0,0,0,0,0,0,0,0,0,0,0,0,0,0,0,1,0,1.0
1212,984,2025-07-11 18:44:03.313730,2025-07-11 18:44:03.692547,0.379,0.0,1561.15,1752239643313,1.419,1,14,0,0,0,0,0,0,0,0,0,0,0,0,0,0,0,0,1,0,1.0
1542,991,2025-07-11 18:44:04.749506,2025-07-11 18:44:05.124303,0.375,0.0,1832.99,1752239644749,1.436,0,15,0,0,0,0,0,0,0,0,0,0,0,0,0,0,0,0,1,0,1.0
291,249,2025-07-11 18:53:23.190657,2025-07-11 18:53:24.185133,0.994,11.81,382.99,1752240203190,0.0,0,1,1,0,0,0,0,0,0,0,0,0,0,0,0,0,0,0,0,0,0.0
324,251,2025-07-11 18:53:24.185133,2025-07-11 18:53:24.584725,0.4,0.0,409.85,1752240204185,0.994,0,2,1,0,0,0,0,0,0,0,0,0,0,0,0,0,0,0,0,0,0.0
502,227,2025-07-11 18:53:25.107158,2025-07-11 18:53:25.545324,0.438,0.0,550.94,1752240205107,0.922,1,0,0,0,0,0,0,0,0,0,0,0,0,0,0,0,0,0,0,0,0.0
612,238,2025-07-11 18:53:26.183577,2025-07-11 18:53:26.562423,0.379,0.0,656.65,1752240206183,1.076,0,3,1,0,0,0,0,0,0,0,0,0,0,0,0,0,0,0,0,0,0.0
577,247,2025-07-11 18:53:28.099293,2025-07-11 18:53:29.212213,1.113,22.26,627.64,1752240208099,1.916,0,4,1,0,0,0,0,0,0,0,0,0,0,0,0,0,0,0,0,0,0.0
748,250,2025-07-11 18:53:30.220364,2025-07-11 18:53:30.619712,0.399,0.0,788.67,1752240210220,2.121,0,5,1,0,0,0,0,0,0,0,0,0,0,0,0,0,0,0,0,0,0.0
943,245,2025-07-11 18:53:31.729948,2025-07-11 18:53:32.129213,0.399,0.0,974.31,1752240211729,1.51,1,6,1,0,0,0,0,0,0,0,0,0,0,0,0,0,0,0,0,0,0.0
1060,248,2025-07-11 18:53:32.934802,2025-07-11 18:53:33.312788,0.378,0.0,1088.62,1752240212934,1.205,0,7,1,0,0,0,0,0,0,0,0,0,0,0,0,0,0,0,0,0,0.0
1029,248,2025-07-11 18:53:33.821798,2025-07-11 18:53:34.343938,0.522,1.5,1058.46,1752240213821,0.887,0,8,1,0,0,0,0,0,0,0,0,0,0,0,0,0,0,0,0,0,0.0
1002,250,2025-07-11 18:53:34.343938,2025-07-11 18:53:35.226632,0.883,21.3,1032.72,1752240214343,0.522,0,9,1,0,0,0,0,0,0,0,0,0,0,0,0,0,0,0,0,0,0.0
268,295,2025-07-11 18:53:38.728913,2025-07-11 18:53:40.672265,1.943,26.05,398.56,1752240218728,4.385,0,1,0,1,0,0,0,0,0,0,0,0,0,0,0,0,0,0,0,0,1.0
684,294,2025-07-11 18:53:42.629020,2025-07-11 18:53:43.123347,0.494,0.0,744.51,1752240222629,3.9,1,2,0,1,0,0,0,0,0,0,0,0,0,0,0,0,0,0,0,0,1.0
325,302,2025-07-11 18:53:43.526912,2025-07-11 18:53:45.297320,1.77,26.8,443.65,1752240223526,0.898,0,3,0,1,0,0,0,0,0,0,0,0,0,0,0,0,0,0,0,0,1.0
866,290,2025-07-11 18:53:50.699827,2025-07-11 18:53:51.176789,0.477,0.0,913.27,1752240230699,7.173,1,4,0,1,0,0,0,0,0,0,0,0,0,0,0,0,0,0,0,0,1.0
1689,294,2025-07-11 18:53:54.815630,2025-07-11 18:53:55.217328,0.402,0.0,1714.4,1752240234815,4.116,0,5,0,1,0,0,0,0,0,0,0,0,0,0,0,0,0,0,0,0,1.0
563,332,2025-07-11 18:53:57.237373,2025-07-11 18:53:57.609235,0.372,0.0,653.6,1752240237237,2.422,0,1,0,0,1,0,0,0,0,0,0,0,0,0,0,0,0,0,0,0,0.0
918,339,2025-07-11 18:53:58.775282,2025-07-11 18:53:59.194139,0.419,0.0,978.59,1752240238775,1.538,0,2,0,0,1,0,0,0,0,0,0,0,0,0,0,0,0,0,0,0,0.0
1025,345,2025-07-11 18:53:59.555490,2025-07-11 18:53:59.940622,0.385,0.0,1081.5,1752240239555,0.78,0,3,0,0,1,0,0,0,0,0,0,0,0,0,0,0,0,0,0,0,0.0
1067,349,2025-07-11 18:53:59.940622,2025-07-11 18:54:00.353061,0.412,0.0,1122.63,1752240239940,0.385,0,4,0,0,1,0,0,0,0,0,0,0,0,0,0,0,0,0,0,0,0.0
258,386,2025-07-11 18:54:03.813697,2025-07-11 18:54:05.064238,1.251,29.0,464.28,1752240243813,3.873,0,1,0,0,0,1,0,0,0,0,0,0,0,0,0,0,0,0,0,0,1.0
298,385,2025-07-11 18:54:05.064238,2025-07-11 18:54:06.162420,1.098,9.74,486.86,1752240245064,1.251,1,2,0,0,0,1,0,0,0,0,0,0,0,0,0,0,0,0,0,0,1.0
500,380,2025-07-11 18:54:07.085393,2025-07-11 18:54:07.596250,0.511,3.54,628.01,1752240247085,2.021,1,3,0,0,0,1,0,0,0,0,0,0,0,0,0,0,0,0,0,0,1.0
729,389,2025-07-11 18:54:08.450977,2025-07-11 18:54:09.520982,1.07,2.24,826.29,1752240248450,1.366,0,4,0,0,0,1,0,0,0,0,0,0,0,0,0,0,0,0,0,0,1.0
755,388,2025-07-11 18:54:09.520982,2025-07-11 18:54:10.015784,0.495,2.06,848.86,1752240249520,1.07,1,5,0,0,0,1,0,0,0,0,0,0,0,0,0,0,0,0,0,0,1.0
751,368,2025-07-11 18:54:11.885404,2025-07-11 18:54:12.524425,0.639,3.59,836.32,1752240251885,2.364,1,6,0,0,0,1,0,0,0,0,0,0,0,0,0,0,0,0,0,0,1.0
726,372,2025-07-11 18:54:12.524425,2025-07-11 18:54:13.350976,0.827,6.45,815.76,1752240252524,0.639,0,7,0,0,0,1,0,0,0,0,0,0,0,0,0,0,0,0,0,0,1.0
586,386,2025-07-11 18:54:13.725520,2025-07-11 18:54:14.231201,0.506,0.0,701.71,1752240253725,1.201,0,8,0,0,0,1,0,0,0,0,0,0,0,0,0,0,0,0,0,0,1.0
658,380,2025-07-11 18:54:14.345725,2025-07-11 18:54:14.845475,0.5,0.0,759.84,1752240254345,0.62,1,9,0,0,0,1,0,0,0,0,0,0,0,0,0,0,0,0,0,0,1.0
704,378,2025-07-11 18:54:14.845475,2025-07-11 18:54:15.411597,0.566,2.55,799.06,1752240254845,0.5,1,10,0,0,0,1,0,0,0,0,0,0,0,0,0,0,0,0,0,0,1.0
845,382,2025-07-11 18:54:16.167773,2025-07-11 18:54:16.561017,0.393,0.0,927.33,1752240256167,1.322,0,11,0,0,0,1,0,0,0,0,0,0,0,0,0,0,0,0,0,0,1.0
1025,378,2025-07-11 18:54:17.581303,2025-07-11 18:54:18.222078,0.641,5.04,1092.48,1752240257581,1.414,1,12,0,0,0,1,0,0,0,0,0,0,0,0,0,0,0,0,0,0,1.0
730,378,2025-07-11 18:54:18.937462,2025-07-11 18:54:19.694917,0.757,14.5,822.06,1752240258937,1.356,0,13,0,0,0,1,0,0,0,0,0,0,0,0,0,0,0,0,0,0,1.0
1005,387,2025-07-11 18:54:20.566433,2025-07-11 18:54:20.940472,0.374,0.0,1076.94,1752240260566,1.629,0,14,0,0,0,1,0,0,0,0,0,0,0,0,0,0,0,0,0,0,1.0
1273,382,2025-07-11 18:54:21.683838,2025-07-11 18:54:22.057013,0.373,0.0,1329.08,1752240261683,1.117,1,15,0,0,0,1,0,0,0,0,0,0,0,0,0,0,0,0,0,0,1.0
1303,374,2025-07-11 18:54:22.057013,2025-07-11 18:54:22.935611,0.879,3.51,1355.61,1752240262057,0.373,1,16,0,0,0,1,0,0,0,0,0,0,0,0,0,0,0,0,0,0,1.0
958,386,2025-07-11 18:54:23.194735,2025-07-11 18:54:23.588574,0.394,0.0,1032.84,1752240263194,1.138,0,17,0,0,0,1,0,0,0,0,0,0,0,0,0,0,0,0,0,0,1.0
700,414,2025-07-11 18:54:25.389992,2025-07-11 18:54:27.372695,1.983,12.12,813.26,1752240265389,2.195,0,1,0,0,0,0,1,0,0,0,0,0,0,0,0,0,0,0,0,0,0.0
1652,369,2025-07-11 18:54:31.149365,2025-07-11 18:54:31.538448,0.389,0.0,1692.71,1752240271149,5.759,1,18,0,0,0,1,0,0,0,0,0,0,0,0,0,0,0,0,0,0,1.0
274,426,2025-07-11 18:54:32.693793,2025-07-11 18:54:33.169599,0.476,4.5,506.51,1752240272693,1.544,0,2,0,0,0,0,1,0,0,0,0,0,0,0,0,0,0,0,0,0,0.0
557,424,2025-07-11 18:54:34.726781,2025-07-11 18:54:35.106864,0.38,0.0,700.02,1752240274726,2.033,1,3,0,0,0,0,1,0,0,0,0,0,0,0,0,0,0,0,0,0,0.0
1680,429,2025-07-11 18:54:40.759430,2025-07-11 18:54:41.233621,0.474,0.0,1733.91,1752240280759,6.033,0,4,0,0,0,0,1,0,0,0,0,0,0,0,0,0,0,0,0,0,0.0
285,468,2025-07-11 18:54:41.896919,2025-07-11 18:54:42.407074,0.51,0.0,547.95,1752240281896,1.137,0,1,0,0,0,0,0,1,0,0,0,0,0,0,0,0,0,0,0,0,0.0
262,515,2025-07-11 18:54:51.043970,2025-07-11 18:54:51.666660,0.623,13.7,577.81,1752240291043,9.147,0,1,0,0,0,0,0,0,1,0,0,0,0,0,0,0,0,0,0,0,0.0
914,531,2025-07-11 18:54:55.450971,2025-07-11 18:54:55.944265,0.493,0.0,1057.05,1752240295450,4.407,0,2,0,0,0,0,0,0,1,0,0,0,0,0,0,0,0,0,0,0,0.0
575,520,2025-07-11 18:54:56.071999,2025-07-11 18:54:56.681598,0.61,14.01,775.26,1752240296071,0.621,1,3,0,0,0,0,0,0,1,0,0,0,0,0,0,0,0,0,0,0,0.0
1138,512,2025-07-11 18:54:58.940717,2025-07-11 18:54:59.333239,0.393,0.0,1247.87,1752240298940,2.869,1,4,0,0,0,0,0,0,1,0,0,0,0,0,0,0,0,0,0,0,0.0
621,567,2025-07-11 18:55:04.573220,2025-07-11 18:55:04.964718,0.391,0.0,840.91,1752240304573,5.633,0,1,0,0,0,0,0,0,0,1,0,0,0,0,0,0,0,0,0,0,0.0
966,567,2025-07-11 18:55:06.352720,2025-07-11 18:55:06.733263,0.381,0.0,1120.11,1752240306352,1.78,0,2,0,0,0,0,0,0,0,1,0,0,0,0,0,0,0,0,0,0,0.0
1212,556,2025-07-11 18:55:07.654719,2025-07-11 18:55:08.068497,0.414,0.0,1333.45,1752240307654,1.302,1,3,0,0,0,0,0,0,0,1,0,0,0,0,0,0,0,0,0,0,0.0
1239,555,2025-07-11 18:55:08.068497,2025-07-11 18:55:08.685507,0.617,3.9,1357.63,1752240308068,0.414,1,4,0,0,0,0,0,0,0,1,0,0,0,0,0,0,0,0,0,0,0.0
322,609,2025-07-11 18:55:09.036119,2025-07-11 18:55:09.540388,0.504,0.0,688.89,1752240309036,0.968,0,1,0,0,0,0,0,0,0,0,1,0,0,0,0,0,0,0,0,0,0.0
1013,612,2025-07-11 18:55:12.950388,2025-07-11 18:55:13.356123,0.406,0.0,1183.52,1752240312950,3.914,0,2,0,0,0,0,0,0,0,0,1,0,0,0,0,0,0,0,0,0,0.0
284,649,2025-07-11 18:55:16.298386,2025-07-11 18:55:16.896687,0.598,10.51,708.42,1752240316298,3.348,0,1,0,0,0,0,0,0,0,0,0,1,0,0,0,0,0,0,0,0,0.0
1567,639,2025-07-11 18:55:21.667150,2025-07-11 18:55:22.464130,0.797,5.73,1692.28,1752240321667,5.369,1,2,0,0,0,0,0,0,0,0,0,1,0,0,0,0,0,0,0,0,0.0
268,696,2025-07-11 18:55:23.860667,2025-07-11 18:55:24.246830,0.386,0.0,745.81,1752240323860,2.194,0,1,0,0,0,0,0,0,0,0,0,0,1,0,0,0,0,0,0,0,0.0
498,704,2025-07-11 18:55:25.834114,2025-07-11 18:55:26.472608,0.638,11.77,862.33,1752240325834,1.973,0,2,0,0,0,0,0,0,0,0,0,0,1,0,0,0,0,0,0,0,0.0
521,693,2025-07-11 18:55:26.472608,2025-07-11 18:55:26.913923,0.441,0.0,867.0,1752240326472,0.638,1,3,0,0,0,0,0,0,0,0,0,0,1,0,0,0,0,0,0,0,0.0
614,698,2025-07-11 18:55:27.444637,2025-07-11 18:55:27.821452,0.377,0.0,929.62,1752240327444,0.972,0,4,0,0,0,0,0,0,0,0,0,0,1,0,0,0,0,0,0,0,0.0
1167,702,2025-07-11 18:55:29.836567,2025-07-11 18:55:30.229665,0.393,0.0,1361.87,1752240329836,2.392,0,5,0,0,0,0,0,0,0,0,0,0,1,0,0,0,0,0,0,0,0.0
1307,697,2025-07-11 18:55:30.830467,2025-07-11 18:55:31.613925,0.783,0.5,1481.24,1752240330830,0.994,1,6,0,0,0,0,0,0,0,0,0,0,1,0,0,0,0,0,0,0,0.0
283,740,2025-07-11 18:55:33.296877,2025-07-11 18:55:34.036510,0.74,19.03,792.27,1752240333296,2.466,0,1,0,0,0,0,0,0,0,0,0,0,0,1,0,0,0,0,0,0,0.0
292,777,2025-07-11 18:55:39.771201,2025-07-11 18:55:40.146720,0.376,0.0,830.06,1752240339771,6.474,0,1,0,0,0,0,0,0,0,0,0,0,0,0,1,0,0,0,0,0,1.0
267,779,2025-07-11 18:55:40.146720,2025-07-11 18:55:41.016467,0.87,10.99,823.49,1752240340146,0.376,0,2,0,0,0,0,0,0,0,0,0,0,0,0,1,0,0,0,0,0,1.0
434,789,2025-07-11 18:55:41.377457,2025-07-11 18:55:41.868750,0.491,0.0,900.49,1752240341377,1.231,0,3,0,0,0,0,0,0,0,0,0,0,0,0,1,0,0,0,0,0,1.0
309,790,2025-07-11 18:55:41.868750,2025-07-11 18:55:42.268846,0.4,0.0,848.28,1752240341868,0.491,0,4,0,0,0,0,0,0,0,0,0,0,0,0,1,0,0,0,0,0,1.0
281,792,2025-07-11 18:55:42.268846,2025-07-11 18:55:44.291991,2.023,22.28,840.37,1752240342268,0.4,0,5,0,0,0,0,0,0,0,0,0,0,0,0,1,0,0,0,0,0,1.0
649,789,2025-07-11 18:55:45.403128,2025-07-11 18:55:45.918974,0.516,0.0,1021.63,1752240345403,3.134,1,6,0,0,0,0,0,0,0,0,0,0,0,0,1,0,0,0,0,0,1.0
304,793,2025-07-11 18:55:46.782189,2025-07-11 18:55:47.163927,0.382,0.0,849.27,1752240346782,1.379,0,7,0,0,0,0,0,0,0,0,0,0,0,0,1,0,0,0,0,0,1.0
279,794,2025-07-11 18:55:47.163927,2025-07-11 18:55:48.457989,1.294,10.69,841.59,1752240347163,0.382,0,8,0,0,0,0,0,0,0,0,0,0,0,0,1,0,0,0,0,0,1.0
1675,785,2025-07-11 18:55:54.320923,2025-07-11 18:55:54.721370,0.4,0.0,1849.82,1752240354320,7.157,1,9,0,0,0,0,0,0,0,0,0,0,0,0,1,0,0,0,0,0,1.0
1703,789,2025-07-11 18:55:54.721370,2025-07-11 18:55:55.205428,0.484,0.0,1876.89,1752240354721,0.4,0,10,0,0,0,0,0,0,0,0,0,0,0,0,1,0,0,0,0,0,1.0
286,838,2025-07-11 18:55:55.974491,2025-07-11 18:55:56.387754,0.413,0.0,885.46,1752240355974,1.253,0,1,0,0,0,0,0,0,0,0,0,0,0,0,0,1,0,0,0,0,0.0
403,879,2025-07-11 18:55:57.523085,2025-07-11 18:55:57.902068,0.379,0.0,966.98,1752240357523,1.549,0,1,0,0,0,0,0,0,0,0,0,0,0,0,0,0,1,0,0,0,0.0
402,855,2025-07-11 18:55:58.389746,2025-07-11 18:56:00.015223,1.625,11.54,944.79,1752240358389,0.867,1,2,0,0,0,0,0,0,0,0,0,0,0,0,0,0,1,0,0,0,0.0
475,824,2025-07-11 18:56:00.425390,2025-07-11 18:56:01.299728,0.874,20.51,951.11,1752240360425,2.036,1,2,0,0,0,0,0,0,0,0,0,0,0,0,0,1,0,0,0,0,0.0
527,824,2025-07-11 18:56:01.299728,2025-07-11 18:56:01.679609,0.38,0.0,978.11,1752240361299,0.874,0,3,0,0,0,0,0,0,0,0,0,0,0,0,0,1,0,0,0,0,0.0
328,877,2025-07-11 18:56:06.591169,2025-07-11 18:56:07.090996,0.5,1.5,936.33,1752240366591,5.291,0,3,0,0,0,0,0,0,0,0,0,0,0,0,0,0,1,0,0,0,0.0
303,879,2025-07-11 18:56:07.090996,2025-07-11 18:56:07.537848,0.447,0.0,929.76,1752240367090,0.5,0,4,0,0,0,0,0,0,0,0,0,0,0,0,0,0,1,0,0,0,0.0
356,882,2025-07-11 18:56:07.873337,2025-07-11 18:56:08.963799,1.09,12.33,951.14,1752240367873,0.782,0,5,0,0,0,0,0,0,0,0,0,0,0,0,0,0,1,0,0,0,0.0
386,873,2025-07-11 18:56:08.963799,2025-07-11 18:56:09.738783,0.775,13.27,954.53,1752240368963,1.09,1,6,0,0,0,0,0,0,0,0,0,0,0,0,0,0,1,0,0,0,0.0
1067,871,2025-07-11 18:56:12.154996,2025-07-11 18:56:12.908101,0.753,20.75,1377.36,1752240372154,3.191,1,7,0,0,0,0,0,0,0,0,0,0,0,0,0,0,1,0,0,0,0.0
277,930,2025-07-11 18:56:16.882990,2025-07-11 18:56:17.622000,0.739,13.67,970.38,1752240376882,4.728,0,1,0,0,0,0,0,0,0,0,0,0,0,0,0,0,0,1,0,0,0.0
346,997,2025-07-11 18:56:19.014445,2025-07-11 18:56:19.457350,0.443,0.0,1055.33,1752240379014,2.131,0,1,0,0,0,0,0,0,0,0,0,0,0,0,0,0,0,0,0,1,0.0
297,896,2025-07-11 18:56:19.457350,2025-07-11 18:56:19.917858,0.461,0.0,943.94,1752240379457,0.443,1,2,0,0,0,0,0,0,0,0,0,0,0,0,0,0,0,1,0,0,0.0
374,935,2025-07-11 18:56:20.147164,2025-07-11 18:56:20.590379,0.443,0.0,1007.03,1752240380147,0.69,0,3,0,0,0,0,0,0,0,0,0,0,0,0,0,0,0,1,1,0,0.0
373,981,2025-07-11 18:56:20.590379,2025-07-11 18:56:21.348021,0.758,18.25,1049.52,1752240380590,0.443,0,2,0,0,0,0,0,0,0,0,0,0,0,0,0,0,0,0,0,1,1.0
513,908,2025-07-11 18:56:22.180517,2025-07-11 18:56:22.571751,0.391,0.0,1042.9,1752240382180,1.59,1,4,0,0,0,0,0,0,0,0,0,0,0,0,0,0,0,1,0,0,0.0
787,918,2025-07-11 18:56:23.470529,2025-07-11 18:56:23.881651,0.411,0.0,1209.17,1752240383470,1.29,0,5,0,0,0,0,0,0,0,0,0,0,0,0,0,0,0,1,0,0,0.0
910,905,2025-07-11 18:56:24.464837,2025-07-11 18:56:24.862839,0.398,0.0,1283.4,1752240384464,0.994,1,6,0,0,0,0,0,0,0,0,0,0,0,0,0,0,0,1,0,0,0.0
273,961,2025-07-11 18:56:28.107481,2025-07-11 18:56:28.477630,0.37,0.0,999.02,1752240388107,3.643,0,1,0,0,0,0,0,0,0,0,0,0,0,0,0,0,0,0,1,0,1.0
759,960,2025-07-11 18:56:34.278581,2025-07-11 18:56:34.826565,0.548,2.5,1223.8,1752240394278,6.171,1,2,0,0,0,0,0,0,0,0,0,0,0,0,0,0,0,0,1,0,1.0
789,961,2025-07-11 18:56:34.826565,2025-07-11 18:56:35.659369,0.833,5.15,1243.4,1752240394826,0.548,0,3,0,0,0,0,0,0,0,0,0,0,0,0,0,0,0,0,1,0,1.0
813,962,2025-07-11 18:56:36.818337,2025-07-11 18:56:37.203062,0.385,0.0,1259.53,1752240396818,1.992,0,4,0,0,0,0,0,0,0,0,0,0,0,0,0,0,0,0,1,0,1.0
742,959,2025-07-11 18:56:38.032910,2025-07-11 18:56:38.441254,0.408,0.0,1212.54,1752240398032,1.215,1,5,0,0,0,0,0,0,0,0,0,0,0,0,0,0,0,0,1,0,1.0
608,969,2025-07-11 18:56:38.840422,2025-07-11 18:56:39.215664,0.375,0.0,1143.95,1752240398840,0.808,0,6,0,0,0,0,0,0,0,0,0,0,0,0,0,0,0,0,1,0,1.0
298,1015,2025-07-11 18:56:42.969059,2025-07-11 18:56:43.461980,0.493,0.0,1057.84,1752240402969,4.129,0,3,0,0,0,0,0,0,0,0,0,0,0,0,0,0,0,0,0,1,1.0
273,1018,2025-07-11 18:56:43.461980,2025-07-11 18:56:43.953466,0.491,0.0,1053.97,1752240403461,0.493,0,4,0,0,0,0,0,0,0,0,0,0,0,0,0,0,0,0,0,1,1.0
298,1013,2025-07-11 18:56:43.953466,2025-07-11 18:56:45.268763,1.315,16.71,1055.92,1752240403953,0.491,1,5,0,0,0,0,0,0,0,0,0,0,0,0,0,0,0,0,0,1,1.0
790,1003,2025-07-11 18:56:47.622794,2025-07-11 18:56:48.215713,0.593,0.5,1276.76,1752240407622,3.669,1,6,0,0,0,0,0,0,0,0,0,0,0,0,0,0,0,0,0,1,1.0
618,1006,2025-07-11 18:56:48.678721,2025-07-11 18:56:49.160432,0.482,14.01,1180.66,1752240408678,1.056,0,7,0,0,0,0,0,0,0,0,0,0,0,0,0,0,0,0,0,1,1.0
591,1000,2025-07-11 18:56:52.690631,2025-07-11 18:56:53.924448,1.234,7.23,1161.59,1752240412690,4.012,1,8,0,0,0,0,0,0,0,0,0,0,0,0,0,0,0,0,0,1,1.0
485,1013,2025-07-11 18:56:54.155162,2025-07-11 18:56:54.631274,0.476,0.0,1123.12,1752240414155,1.465,0,9,0,0,0,0,0,0,0,0,0,0,0,0,0,0,0,0,0,1,1.0
937,996,2025-07-11 18:56:55.781067,2025-07-11 18:56:56.167305,0.386,0.0,1367.47,1752240415781,1.626,1,10,0,0,0,0,0,0,0,0,0,0,0,0,0,0,0,0,0,1,1.0
296,1020,2025-07-11 18:56:59.035930,2025-07-11 18:56:59.506235,0.47,0.0,1062.08,1752240419035,3.255,0,11,0,0,0,0,0,0,0,0,0,0,0,0,0,0,0,0,0,1,1.0
523,1016,2025-07-11 18:57:00.032793,2025-07-11 18:57:00.456863,0.424,0.0,1142.71,1752240420032,0.997,1,12,0,0,0,0,0,0,0,0,0,0,0,0,0,0,0,0,0,1,1.0
550,1019,2025-07-11 18:57:00.456863,2025-07-11 18:57:01.813390,1.357,6.07,1157.96,1752240420456,0.424,0,13,0,0,0,0,0,0,0,0,0,0,0,0,0,0,0,0,0,1,1.0
576,1025,2025-07-11 18:57:01.813390,2025-07-11 18:57:04.153313,2.34,13.76,1175.76,1752240421813,1.357,0,0,0,0,0,0,0,0,0,0,0,0,0,0,0,0,0,0,0,0,0.0
769,1005,2025-07-11 18:57:04.555475,2025-07-11 18:57:04.962115,0.407,0.0,1265.46,1752240424555,2.742,1,14,0,0,0,0,0,0,0,0,0,0,0,0,0,0,0,0,0,1,1.0
794,1004,2025-07-11 18:57:04.962115,2025-07-11 18:57:06.350672,1.389,12.5,1280.02,1752240424962,0.407,1,15,0,0,0,0,0,0,0,0,0,0,0,0,0,0,0,0,0,1,1.0
417,76,2025-07-12 18:25:10.845999,2025-07-12 18:25:11.512583,0.667,11.0,423.87,1752324910845,0.0,0,1,1,0,0,0,0,0,0,0,0,0,0,0,0,0,0,0,0,0,0.0
447,72,2025-07-12 18:25:11.512583,2025-07-12 18:25:11.936427,0.424,0.0,452.76,1752324911512,0.667,1,2,1,0,0,0,0,0,0,0,0,0,0,0,0,0,0,0,0,0,0.0
481,75,2025-07-12 18:25:11.936427,2025-07-12 18:25:12.328711,0.392,0.0,486.81,1752324911936,0.424,0,3,1,0,0,0,0,0,0,0,0,0,0,0,0,0,0,0,0,0,0.0
669,64,2025-07-12 18:25:13.152677,2025-07-12 18:25:13.618874,0.466,0.0,672.05,1752324913152,1.216,1,4,1,0,0,0,0,0,0,0,0,0,0,0,0,0,0,0,0,0,0.0
1006,69,2025-07-12 18:25:15.415384,2025-07-12 18:25:15.814417,0.399,0.0,1008.36,1752324915415,2.263,0,5,1,0,0,0,0,0,0,0,0,0,0,0,0,0,0,0,0,0,0.0
1424,83,2025-07-12 18:25:17.846977,2025-07-12 18:25:18.374532,0.528,2.55,1426.42,1752324917846,2.432,0,6,1,0,0,0,0,0,0,0,0,0,0,0,0,0,0,0,0,0,0.0
399,118,2025-07-12 18:25:19.048802,2025-07-12 18:25:19.849763,0.801,12.26,416.08,1752324919048,1.202,0,1,0,1,0,0,0,0,0,0,0,0,0,0,0,0,0,0,0,0,0.0
595,118,2025-07-12 18:25:20.826111,2025-07-12 18:25:21.225933,0.4,0.0,606.59,1752324920826,1.777,0,2,0,1,0,0,0,0,0,0,0,0,0,0,0,0,0,0,0,0,0.0
975,128,2025-07-12 18:25:22.896283,2025-07-12 18:25:23.303207,0.407,0.0,983.37,1752324922896,2.07,0,3,0,1,0,0,0,0,0,0,0,0,0,0,0,0,0,0,0,0,0.0
428,198,2025-07-12 18:25:23.719416,2025-07-12 18:25:24.124418,0.405,0.0,471.58,1752324923719,0.823,0,1,0,0,1,0,0,0,0,0,0,0,0,0,0,0,0,0,0,0,0.0
1293,173,2025-07-12 18:25:28.767806,2025-07-12 18:25:29.300894,0.533,2.24,1304.52,1752324928767,5.048,1,0,0,0,0,0,0,0,0,0,0,0,0,0,0,0,0,0,0,0,0.0
1338,201,2025-07-12 18:25:29.558272,2025-07-12 18:25:29.964917,0.407,0.0,1353.01,1752324929558,0.79,0,2,0,0,1,0,0,0,0,0,0,0,0,0,0,0,0,0,0,0,0.0
1379,210,2025-07-12 18:25:29.964917,2025-07-12 18:25:30.814041,0.849,8.61,1394.9,1752324929964,0.407,0,3,0,0,1,0,0,0,0,0,0,0,0,0,0,0,0,0,0,0,0.0
1262,194,2025-07-12 18:25:31.088276,2025-07-12 18:25:31.525981,0.438,0.0,1276.82,1752324931088,1.123,1,4,0,0,1,0,0,0,0,0,0,0,0,0,0,0,0,0,0,0,0.0
1155,213,2025-07-12 18:25:31.934382,2025-07-12 18:25:32.462332,0.528,3.04,1174.48,1752324931934,0.846,0,5,0,0,1,0,0,0,0,0,0,0,0,0,0,0,0,0,0,0,0.0
426,305,2025-07-12 18:25:32.865883,2025-07-12 18:25:34.198700,1.333,17.28,523.93,1752324932865,0.932,0,1,0,0,0,1,0,0,0,0,0,0,0,0,0,0,0,0,0,0,0.0
672,283,2025-07-12 18:25:35.747693,2025-07-12 18:25:36.159430,0.412,0.0,729.16,1752324935747,2.882,1,2,0,0,0,1,0,0,0,0,0,0,0,0,0,0,0,0,0,0,0.0
731,287,2025-07-12 18:25:36.437517,2025-07-12 18:25:36.825606,0.388,0.0,785.32,1752324936437,0.69,0,3,0,0,0,1,0,0,0,0,0,0,0,0,0,0,0,0,0,0,0.0
1136,280,2025-07-12 18:25:39.350257,2025-07-12 18:25:39.740422,0.39,0.0,1170.0,1752324939350,2.913,1,4,0,0,0,1,0,0,0,0,0,0,0,0,0,0,0,0,0,0,0.0
1201,291,2025-07-12 18:25:40.006371,2025-07-12 18:25:40.407040,0.401,0.0,1235.75,1752324940006,0.656,0,5,0,0,0,1,0,0,0,0,0,0,0,0,0,0,0,0,0,0,0.0
455,343,2025-07-12 18:25:41.139543,2025-07-12 18:25:41.761395,0.622,11.5,569.8,1752324941139,1.133,0,1,0,0,0,0,1,0,0,0,0,0,0,0,0,0,0,0,0,0,0.0
558,344,2025-07-12 18:25:41.905420,2025-07-12 18:25:42.340968,0.436,0.0,655.52,1752324941905,0.766,0,2,0,0,0,0,1,0,0,0,0,0,0,0,0,0,0,0,0,0,0.0
715,347,2025-07-12 18:25:43.004432,2025-07-12 18:25:43.404269,0.4,0.0,794.75,1752324943004,1.099,0,3,0,0,0,0,1,0,0,0,0,0,0,0,0,0,0,0,0,0,0.0
768,333,2025-07-12 18:25:43.670790,2025-07-12 18:25:44.077311,0.407,0.0,837.09,1752324943670,0.666,1,4,0,0,0,0,1,0,0,0,0,0,0,0,0,0,0,0,0,0,0.0
1232,344,2025-07-12 18:25:46.618140,2025-07-12 18:25:47.027923,0.41,0.0,1279.12,1752324946618,2.947,0,5,0,0,0,0,1,0,0,0,0,0,0,0,0,0,0,0,0,0,0.0
1292,341,2025-07-12 18:25:47.311643,2025-07-12 18:25:47.711859,0.4,0.0,1336.24,1752324947311,0.694,1,6,0,0,0,0,1,0,0,0,0,0,0,0,0,0,0,0,0,0,0.0
1392,344,2025-07-12 18:25:48.256405,2025-07-12 18:25:48.649878,0.393,0.0,1433.88,1752324948256,0.945,0,7,0,0,0,0,1,0,0,0,0,0,0,0,0,0,0,0,0,0,0.0
1433,341,2025-07-12 18:25:48.649878,2025-07-12 18:25:49.156680,0.507,0.0,1473.01,1752324948649,0.393,1,8,0,0,0,0,1,0,0,0,0,0,0,0,0,0,0,0,0,0,0.0
397,365,2025-07-12 18:25:49.860345,2025-07-12 18:25:51.102429,1.242,22.22,539.29,1752324949860,1.21,0,1,0,0,0,0,0,1,0,0,0,0,0,0,0,0,0,0,0,0,0.0
450,375,2025-07-12 18:25:51.238371,2025-07-12 18:25:51.635420,0.397,0.0,585.77,1752324951238,1.378,0,2,0,0,0,0,0,1,0,0,0,0,0,0,0,0,0,0,0,0,0.0
571,377,2025-07-12 18:25:52.312543,2025-07-12 18:25:52.743965,0.431,0.0,684.23,1752324952312,1.074,0,3,0,0,0,0,0,1,0,0,0,0,0,0,0,0,0,0,0,0,0.0
410,469,2025-07-12 18:25:55.314362,2025-07-12 18:25:56.040307,0.726,16.03,622.95,1752324955314,3.002,0,1,0,0,0,0,0,0,1,0,0,0,0,0,0,0,0,0,0,0,0.0
886,464,2025-07-12 18:25:58.875482,2025-07-12 18:25:59.262556,0.387,0.0,1000.15,1752324958875,3.561,1,2,0,0,0,0,0,0,1,0,0,0,0,0,0,0,0,0,0,0,0.0
914,458,2025-07-12 18:25:59.262556,2025-07-12 18:25:59.924868,0.662,6.34,1022.33,1752324959262,0.387,1,3,0,0,0,0,0,0,1,0,0,0,0,0,0,0,0,0,0,0,0.0
1179,464,2025-07-12 18:26:01.589923,2025-07-12 18:26:01.991895,0.402,0.0,1267.02,1752324961589,2.327,0,4,0,0,0,0,0,0,1,0,0,0,0,0,0,0,0,0,0,0,0.0
1219,466,2025-07-12 18:26:01.991895,2025-07-12 18:26:02.396150,0.404,0.0,1305.04,1752324961991,0.402,0,5,0,0,0,0,0,0,1,0,0,0,0,0,0,0,0,0,0,0,0.0
1370,465,2025-07-12 18:26:02.922316,2025-07-12 18:26:03.322128,0.4,0.0,1446.76,1752324962922,0.93,1,6,0,0,0,0,0,0,1,0,0,0,0,0,0,0,0,0,0,0,0.0
1398,463,2025-07-12 18:26:03.322128,2025-07-12 18:26:03.733275,0.411,0.0,1472.68,1752324963322,0.4,1,7,0,0,0,0,0,0,1,0,0,0,0,0,0,0,0,0,0,0,0.0
425,501,2025-07-12 18:26:04.007615,2025-07-12 18:26:04.536514,0.529,1.5,656.98,1752324964007,0.685,0,1,0,0,0,0,0,0,0,1,0,0,0,0,0,0,0,0,0,0,0.0
398,513,2025-07-12 18:26:04.536514,2025-07-12 18:26:05.070576,0.534,4.12,649.29,1752324964536,0.529,0,2,0,0,0,0,0,0,0,1,0,0,0,0,0,0,0,0,0,0,0.0
537,507,2025-07-12 18:26:05.905041,2025-07-12 18:26:06.319088,0.414,0.0,738.52,1752324965905,1.369,1,3,0,0,0,0,0,0,0,1,0,0,0,0,0,0,0,0,0,0,0.0
616,508,2025-07-12 18:26:06.592316,2025-07-12 18:26:07.058853,0.467,0.0,798.45,1752324966592,0.687,0,4,0,0,0,0,0,0,0,1,0,0,0,0,0,0,0,0,0,0,0.0
966,514,2025-07-12 18:26:08.752963,2025-07-12 18:26:09.173222,0.42,0.0,1094.24,1752324968752,2.161,0,5,0,0,0,0,0,0,0,1,0,0,0,0,0,0,0,0,0,0,0.0
1179,511,2025-07-12 18:26:10.277272,2025-07-12 18:26:10.666311,0.389,0.0,1284.98,1752324970277,1.524,1,6,0,0,0,0,0,0,0,1,0,0,0,0,0,0,0,0,0,0,0.0
414,541,2025-07-12 18:26:12.234545,2025-07-12 18:26:13.651877,1.417,14.92,681.23,1752324972234,1.957,0,1,0,0,0,0,0,0,0,0,1,0,0,0,0,0,0,0,0,0,1.0
469,555,2025-07-12 18:26:13.940056,2025-07-12 18:26:14.724763,0.785,20.25,726.63,1752324973940,1.706,0,2,0,0,0,0,0,0,0,0,1,0,0,0,0,0,0,0,0,0,1.0
436,557,2025-07-12 18:26:14.724763,2025-07-12 18:26:15.688902,0.964,19.9,707.35,1752324974724,0.785,0,3,0,0,0,0,0,0,0,0,1,0,0,0,0,0,0,0,0,0,1.0
477,553,2025-07-12 18:26:15.688902,2025-07-12 18:26:16.518588,0.83,3.58,730.3,1752324975688,0.964,1,4,0,0,0,0,0,0,0,0,1,0,0,0,0,0,0,0,0,0,1.0
524,545,2025-07-12 18:26:16.518588,2025-07-12 18:26:16.912372,0.394,0.0,756.04,1752324976518,0.83,1,5,0,0,0,0,0,0,0,0,1,0,0,0,0,0,0,0,0,0,1.0
1037,562,2025-07-12 18:26:19.278463,2025-07-12 18:26:19.677304,0.399,0.0,1179.5,1752324979278,2.76,0,6,0,0,0,0,0,0,0,0,1,0,0,0,0,0,0,0,0,0,1.0
1312,567,2025-07-12 18:26:20.745967,2025-07-12 18:26:21.141577,0.396,0.0,1429.28,1752324980745,1.468,0,7,0,0,0,0,0,0,0,0,1,0,0,0,0,0,0,0,0,0,1.0
429,596,2025-07-12 18:26:21.811739,2025-07-12 18:26:23.289157,1.477,22.45,734.34,1752324981811,1.066,0,1,0,0,0,0,0,0,0,0,0,1,0,0,0,0,0,0,0,0,1.0
862,607,2025-07-12 18:26:25.287775,2025-07-12 18:26:25.696063,0.408,0.0,1054.27,1752324985287,3.476,0,2,0,0,0,0,0,0,0,0,0,1,0,0,0,0,0,0,0,0,1.0
1084,605,2025-07-12 18:26:26.606210,2025-07-12 18:26:27.003327,0.397,0.0,1241.4,1752324986606,1.318,1,3,0,0,0,0,0,0,0,0,0,1,0,0,0,0,0,0,0,0,1.0
855,599,2025-07-12 18:26:27.398232,2025-07-12 18:26:27.788123,0.39,0.0,1043.95,1752324987398,0.792,1,4,0,0,0,0,0,0,0,0,0,1,0,0,0,0,0,0,0,0,1.0
822,601,2025-07-12 18:26:27.788123,2025-07-12 18:26:28.185821,0.398,0.0,1018.28,1752324987788,0.39,0,5,0,0,0,0,0,0,0,0,0,1,0,0,0,0,0,0,0,0,1.0
788,605,2025-07-12 18:26:28.185821,2025-07-12 18:26:28.723281,0.537,5.02,993.46,1752324988185,0.398,0,6,0,0,0,0,0,0,0,0,0,1,0,0,0,0,0,0,0,0,1.0
1380,596,2025-07-12 18:26:31.184738,2025-07-12 18:26:31.894027,0.709,22.34,1503.2,1752324991184,2.999,1,7,0,0,0,0,0,0,0,0,0,1,0,0,0,0,0,0,0,0,1.0
795,608,2025-07-12 18:26:32.534415,2025-07-12 18:26:32.932391,0.398,0.0,1000.84,1752324992534,1.35,0,8,0,0,0,0,0,0,0,0,0,1,0,0,0,0,0,0,0,0,1.0
767,607,2025-07-12 18:26:32.932391,2025-07-12 18:26:33.731424,0.799,10.01,978.13,1752324992932,0.398,1,9,0,0,0,0,0,0,0,0,0,1,0,0,0,0,0,0,0,0,1.0
900,608,2025-07-12 18:26:34.302493,2025-07-12 18:26:34.721287,0.419,0.0,1086.12,1752324994302,1.37,0,10,0,0,0,0,0,0,0,0,0,1,0,0,0,0,0,0,0,0,1.0
931,609,2025-07-12 18:26:34.721287,2025-07-12 18:26:35.365557,0.644,16.42,1112.49,1752324994721,0.419,0,11,0,0,0,0,0,0,0,0,0,1,0,0,0,0,0,0,0,0,1.0
870,600,2025-07-12 18:26:35.499457,2025-07-12 18:26:35.906481,0.407,0.0,1056.83,1752324995499,0.778,1,12,0,0,0,0,0,0,0,0,0,1,0,0,0,0,0,0,0,0,1.0
958,605,2025-07-12 18:26:36.295630,2025-07-12 18:26:36.823292,0.528,3.0,1133.04,1752324996295,0.796,0,13,0,0,0,0,0,0,0,0,0,1,0,0,0,0,0,0,0,0,1.0
988,605,2025-07-12 18:26:36.823292,2025-07-12 18:26:37.500581,0.677,7.36,1158.52,1752324996823,0.528,0,14,0,0,0,0,0,0,0,0,0,1,0,0,0,0,0,0,0,0,1.0
1369,612,2025-07-12 18:26:39.376814,2025-07-12 18:26:39.769983,0.393,0.0,1499.57,1752324999376,2.554,0,15,0,0,0,0,0,0,0,0,0,1,0,0,0,0,0,0,0,0,1.0
422,645,2025-07-12 18:26:40.301635,2025-07-12 18:26:41.211476,0.91,20.59,770.78,1752325000301,0.925,0,1,0,0,0,0,0,0,0,0,0,0,1,0,0,0,0,0,0,0,0.0
604,649,2025-07-12 18:26:41.860556,2025-07-12 18:26:43.378121,1.518,27.23,886.58,1752325001860,1.559,0,2,0,0,0,0,0,0,0,0,0,0,1,0,0,0,0,0,0,0,0.0
744,655,2025-07-12 18:26:44.156781,2025-07-12 18:26:44.559424,0.403,0.0,991.24,1752325004156,2.296,0,3,0,0,0,0,0,0,0,0,0,0,1,0,0,0,0,0,0,0,0.0
1270,651,2025-07-12 18:26:46.429466,2025-07-12 18:26:46.823329,0.394,0.0,1427.13,1752325006429,2.273,1,4,0,0,0,0,0,0,0,0,0,0,1,0,0,0,0,0,0,0,0.0
429,692,2025-07-12 18:26:47.739921,2025-07-12 18:26:48.253283,0.513,0.0,814.19,1752325007739,1.31,0,1,0,0,0,0,0,0,0,0,0,0,0,1,0,0,0,0,0,0,0.0
552,700,2025-07-12 18:26:48.536649,2025-07-12 18:26:48.936124,0.399,0.0,891.46,1752325008536,0.797,0,2,0,0,0,0,0,0,0,0,0,0,0,1,0,0,0,0,0,0,0.0
655,697,2025-07-12 18:26:49.202164,2025-07-12 18:26:49.730194,0.528,6.5,956.47,1752325009202,0.666,1,3,0,0,0,0,0,0,0,0,0,0,0,1,0,0,0,0,0,0,0.0
683,696,2025-07-12 18:26:49.730194,2025-07-12 18:26:50.251748,0.522,9.06,975.14,1752325009730,0.528,1,4,0,0,0,0,0,0,0,0,0,0,0,1,0,0,0,0,0,0,0.0
736,771,2025-07-12 18:26:50.251748,2025-07-12 18:26:50.650939,0.399,0.0,1065.9,1752325010251,0.522,0,1,0,0,0,0,0,0,0,0,0,0,0,0,0,1,0,0,0,0,0.0
748,708,2025-07-12 18:26:51.054031,2025-07-12 18:26:51.586280,0.532,4.03,1029.94,1752325011054,0.802,1,1,0,0,0,0,0,0,0,0,0,0,0,0,1,0,0,0,0,0,0.0
760,679,2025-07-12 18:26:51.586280,2025-07-12 18:26:52.034123,0.448,0.0,1019.14,1752325011586,0.532,1,5,0,0,0,0,0,0,0,0,0,0,0,1,0,0,0,0,0,0,0.0
1190,687,2025-07-12 18:26:54.652252,2025-07-12 18:26:55.031248,0.379,0.0,1374.07,1752325014652,3.066,0,6,0,0,0,0,0,0,0,0,0,0,0,1,0,0,0,0,0,0,0.0
1285,678,2025-07-12 18:26:55.164593,2025-07-12 18:26:55.565572,0.401,0.0,1452.9,1752325015164,0.512,1,7,0,0,0,0,0,0,0,0,0,0,0,1,0,0,0,0,0,0,0.0
1333,676,2025-07-12 18:26:55.565572,2025-07-12 18:26:56.075334,0.51,1.0,1494.61,1752325015565,0.401,1,8,0,0,0,0,0,0,0,0,0,0,0,1,0,0,0,0,0,0,0.0
1358,681,2025-07-12 18:26:56.075334,2025-07-12 18:26:56.470282,0.395,0.0,1519.19,1752325016075,0.51,0,9,0,0,0,0,0,0,0,0,0,0,0,1,0,0,0,0,0,0,0.0
420,732,2025-07-12 18:26:56.744025,2025-07-12 18:26:57.129864,0.386,0.0,843.93,1752325016744,0.669,0,2,0,0,0,0,0,0,0,0,0,0,0,0,1,0,0,0,0,0,0.0
394,734,2025-07-12 18:26:57.129864,2025-07-12 18:26:57.530241,0.4,0.0,833.06,1752325017129,0.386,0,3,0,0,0,0,0,0,0,0,0,0,0,0,1,0,0,0,0,0,0.0
435,781,2025-07-12 18:27:03.588843,2025-07-12 18:27:03.990703,0.402,0.0,893.97,1752325023588,6.459,0,2,0,0,0,0,0,0,0,0,0,0,0,0,0,1,0,0,0,0,0.0
501,776,2025-07-12 18:27:04.123182,2025-07-12 18:27:04.759094,0.636,3.54,923.68,1752325024123,0.534,1,3,0,0,0,0,0,0,0,0,0,0,0,0,0,1,0,0,0,0,0.0
601,778,2025-07-12 18:27:05.033475,2025-07-12 18:27:05.431355,0.398,0.0,983.1,1752325025033,0.91,0,4,0,0,0,0,0,0,0,0,0,0,0,0,0,1,0,0,0,0,0.0
864,779,2025-07-12 18:27:06.732162,2025-07-12 18:27:07.188401,0.456,0.0,1163.33,1752325026732,1.699,0,5,0,0,0,0,0,0,0,0,0,0,0,0,0,1,0,0,0,0,0.0
408,830,2025-07-12 18:27:09.948911,2025-07-12 18:27:10.752260,0.803,19.5,924.86,1752325029948,3.217,0,1,0,0,0,0,0,0,0,0,0,0,0,0,0,0,1,0,0,0,0.0
571,836,2025-07-12 18:27:11.434897,2025-07-12 18:27:11.835206,0.4,0.0,1012.39,1752325031434,1.486,0,2,0,0,0,0,0,0,0,0,0,0,0,0,0,0,1,0,0,0,0.0
602,836,2025-07-12 18:27:11.835206,2025-07-12 18:27:12.241135,0.406,0.0,1030.19,1752325031835,0.4,0,3,0,0,0,0,0,0,0,0,0,0,0,0,0,0,1,0,0,0,0.0
639,832,2025-07-12 18:27:12.241135,2025-07-12 18:27:12.634080,0.393,0.0,1049.07,1752325032241,0.406,1,4,0,0,0,0,0,0,0,0,0,0,0,0,0,0,1,0,0,0,0.0
432,876,2025-07-12 18:27:16.252634,2025-07-12 18:27:16.807698,0.555,12.59,976.73,1752325036252,4.011,0,1,0,0,0,0,0,0,0,0,0,0,0,0,0,0,0,1,0,0,0.0
412,908,2025-07-12 18:27:18.000350,2025-07-12 18:27:18.796173,0.796,6.57,997.1,1752325038000,1.748,0,1,0,0,0,0,0,0,0,0,0,0,0,0,0,0,0,0,1,0,0.0
512,868,2025-07-12 18:27:19.067182,2025-07-12 18:27:19.756937,0.69,5.37,1007.75,1752325039067,1.067,1,2,0,0,0,0,0,0,0,0,0,0,0,0,0,0,0,1,0,0,0.0
600,876,2025-07-12 18:27:20.021111,2025-07-12 18:27:20.411402,0.39,0.0,1061.78,1752325040021,0.954,0,3,0,0,0,0,0,0,0,0,0,0,0,0,0,0,0,1,0,0,0.0
656,875,2025-07-12 18:27:20.411402,2025-07-12 18:27:20.811358,0.4,0.0,1093.6,1752325040411,0.39,1,4,0,0,0,0,0,0,0,0,0,0,0,0,0,0,0,1,0,0,0.0
484,884,2025-07-12 18:27:20.944361,2025-07-12 18:27:21.343588,0.399,0.0,1007.83,1752325040944,0.533,0,2,0,0,0,0,0,0,0,0,0,0,0,0,0,0,0,0,1,0,0.0
447,895,2025-07-12 18:27:21.343588,2025-07-12 18:27:21.748448,0.405,0.0,1000.42,1752325041343,0.399,0,3,0,0,0,0,0,0,0,0,0,0,0,0,0,0,0,0,1,0,0.0
832,860,2025-07-12 18:27:24.113223,2025-07-12 18:27:24.514168,0.401,0.0,1196.59,1752325044113,2.77,1,5,0,0,0,0,0,0,0,0,0,0,0,0,0,0,0,1,0,0,0.0
463,924,2025-07-12 18:27:27.946122,2025-07-12 18:27:28.362402,0.416,0.0,1033.51,1752325047946,3.833,0,4,0,0,0,0,0,0,0,0,0,0,0,0,0,0,0,0,1,0,0.0
433,923,2025-07-12 18:27:28.362402,2025-07-12 18:27:29.408904,1.047,23.84,1019.52,1752325048362,0.416,1,5,0,0,0,0,0,0,0,0,0,0,0,0,0,0,0,0,1,0,0.0
725,921,2025-07-12 18:27:30.470570,2025-07-12 18:27:31.012949,0.542,0.5,1172.12,1752325050470,2.108,1,6,0,0,0,0,0,0,0,0,0,0,0,0,0,0,0,0,1,0,0.0
752,919,2025-07-12 18:27:31.012949,2025-07-12 18:27:31.434797,0.422,0.0,1187.46,1752325051012,0.542,1,7,0,0,0,0,0,0,0,0,0,0,0,0,0,0,0,0,1,0,0.0
823,920,2025-07-12 18:27:31.697231,2025-07-12 18:27:32.088581,0.391,0.0,1234.39,1752325051697,0.684,0,8,0,0,0,0,0,0,0,0,0,0,0,0,0,0,0,0,1,0,0.0
943,915,2025-07-12 18:27:32.487802,2025-07-12 18:27:33.144644,0.657,7.07,1313.95,1752325052487,0.791,1,9,0,0,0,0,0,0,0,0,0,0,0,0,0,0,0,0,1,0,0.0
981,913,2025-07-12 18:27:33.144644,2025-07-12 18:27:33.541681,0.397,0.0,1340.12,1752325053144,0.657,1,10,0,0,0,0,0,0,0,0,0,0,0,0,0,0,0,0,1,0,0.0
442,934,2025-07-12 18:27:35.601533,2025-07-12 18:27:35.999762,0.398,0.0,1033.31,1752325055601,2.457,0,1,0,0,0,0,0,0,0,0,0,0,0,0,0,0,0,0,0,1,1.0
418,946,2025-07-12 18:27:35.999762,2025-07-12 18:27:36.715527,0.716,6.29,1034.23,1752325055999,0.398,0,2,0,0,0,0,0,0,0,0,0,0,0,0,0,0,0,0,0,1,1.0
476,971,2025-07-12 18:27:38.180788,2025-07-12 18:27:38.602250,0.421,0.0,1081.4,1752325058180,2.181,0,3,0,0,0,0,0,0,0,0,0,0,0,0,0,0,0,0,0,1,1.0
423,996,2025-07-12 18:27:39.015807,2025-07-12 18:27:39.571798,0.556,3.64,1082.1,1752325059015,0.835,0,0,0,0,0,0,0,0,0,0,0,0,0,0,0,0,0,0,0,0,0.0
538,1062,2025-07-12 18:27:39.571798,2025-07-12 18:27:40.134069,0.562,4.61,1190.5,1752325059571,0.556,0,0,0,0,0,0,0,0,0,0,0,0,0,0,0,0,0,0,0,0,0.0
511,1063,2025-07-12 18:27:40.134069,2025-07-12 18:27:40.533200,0.399,0.0,1179.44,1752325060134,0.562,0,0,0,0,0,0,0,0,0,0,0,0,0,0,0,0,0,0,0,0,0.0
439,1025,2025-07-12 18:27:40.922665,2025-07-12 18:27:41.304491,0.382,0.0,1115.05,1752325060922,0.789,1,0,0,0,0,0,0,0,0,0,0,0,0,0,0,0,0,0,0,0,0.0
427,995,2025-07-12 18:27:41.304491,2025-07-12 18:27:41.944734,0.64,4.67,1082.75,1752325061304,0.382,1,0,0,0,0,0,0,0,0,0,0,0,0,0,0,0,0,0,0,0,0.0
429,968,2025-07-12 18:27:41.944734,2025-07-12 18:27:42.950774,1.006,6.58,1058.8,1752325061944,0.64,1,4,0,0,0,0,0,0,0,0,0,0,0,0,0,0,0,0,0,1,1.0
501,960,2025-07-12 18:27:43.210404,2025-07-12 18:27:43.870692,0.66,17.67,1082.87,1752325063210,1.266,1,5,0,0,0,0,0,0,0,0,0,0,0,0,0,0,0,0,0,1,1.0
448,958,2025-07-12 18:27:43.870692,2025-07-12 18:27:44.908782,1.038,4.57,1057.58,1752325063870,0.66,1,6,0,0,0,0,0,0,0,0,0,0,0,0,0,0,0,0,0,1,1.0
419,951,2025-07-12 18:27:44.908782,2025-07-12 18:27:45.777644,0.869,11.96,1039.21,1752325064908,1.038,1,7,0,0,0,0,0,0,0,0,0,0,0,0,0,0,0,0,0,1,1.0
592,955,2025-07-12 18:27:46.703952,2025-07-12 18:27:47.095580,0.392,0.0,1123.61,1752325066703,1.795,0,8,0,0,0,0,0,0,0,0,0,0,0,0,0,0,0,0,0,1,1.0
773,951,2025-07-12 18:27:47.622611,2025-07-12 18:27:48.157140,0.535,1.5,1225.53,1752325067622,0.919,1,9,0,0,0,0,0,0,0,0,0,0,0,0,0,0,0,0,0,1,1.0
930,954,2025-07-12 18:27:49.092931,2025-07-12 18:27:49.621986,0.529,3.04,1332.3,1752325069092,1.47,0,10,0,0,0,0,0,0,0,0,0,0,0,0,0,0,0,0,0,1,1.0
958,953,2025-07-12 18:27:49.621986,2025-07-12 18:27:50.401164,0.779,5.5,1351.29,1752325069621,0.529,1,11,0,0,0,0,0,0,0,0,0,0,0,0,0,0,0,0,0,1,1.0
1001,953,2025-07-12 18:27:50.401164,2025-07-12 18:27:50.799586,0.398,0.0,1382.1,1752325070401,0.779,0,12,0,0,0,0,0,0,0,0,0,0,0,0,0,0,0,0,0,1,1.0
588,957,2025-07-12 18:27:51.905339,2025-07-12 18:27:52.309908,0.405,0.0,1123.21,1752325071905,1.504,0,13,0,0,0,0,0,0,0,0,0,0,0,0,0,0,0,0,0,1,1.0
740,961,2025-07-12 18:27:53.725958,2025-07-12 18:27:54.173906,0.448,0.0,1212.9,1752325073725,1.821,0,14,0,0,0,0,0,0,0,0,0,0,0,0,0,0,0,0,0,1,1.0
778,959,2025-07-12 18:27:54.173906,2025-07-12 18:27:54.608732,0.435,0.0,1234.89,1752325074173,0.448,1,15,0,0,0,0,0,0,0,0,0,0,0,0,0,0,0,0,0,1,1.0
808,959,2025-07-12 18:27:54.608732,2025-07-12 18:27:55.137325,0.529,3.54,1254.01,1752325074608,0.435,0,16,0,0,0,0,0,0,0,0,0,0,0,0,0,0,0,0,0,1,1.0
835,955,2025-07-12 18:27:55.137325,2025-07-12 18:27:56.083250,0.946,9.34,1268.56,1752325075137,0.529,1,17,0,0,0,0,0,0,0,0,0,0,0,0,0,0,0,0,0,1,1.0
932,956,2025-07-12 18:27:56.609888,2025-07-12 18:27:57.048528,0.439,0.0,1335.13,1752325076609,1.473,0,18,0,0,0,0,0,0,0,0,0,0,0,0,0,0,0,0,0,1,1.0
469,1010,2025-07-12 18:27:58.282239,2025-07-12 18:27:58.686850,0.405,0.0,1113.58,1752325078282,1.672,0,0,0,0,0,0,0,0,0,0,0,0,0,0,0,0,0,0,0,0,0.0
1770,985,2025-07-12 18:27:58.950287,2025-07-12 18:27:59.481091,0.531,2.92,2025.62,1752325078950,0.668,1,0,0,0,0,0,0,0,0,0,0,0,0,0,0,0,0,0,0,0,0.0
320,66,2025-07-12 18:34:32.674251,2025-07-12 18:34:33.445959,0.772,11.79,326.74,1752325472674,0.0,0,1,0,0,0,0,0,0,0,0,0,0,0,0,0,0,0,0,0,0,0.0
1176,47,2025-07-12 18:34:37.497928,2025-07-12 18:34:37.909483,0.412,0.0,1176.94,1752325477497,4.824,1,2,0,1,0,0,0,0,0,0,0,0,0,0,0,0,0,0,0,0,0.0
328,120,2025-07-12 18:34:39.936361,2025-07-12 18:34:40.465886,0.53,0.0,349.26,1752325479936,2.438,0,1,0,0,1,0,0,0,0,0,0,0,0,0,0,0,0,0,0,0,0.0
303,178,2025-07-12 18:34:47.459866,2025-07-12 18:34:48.640260,1.18,16.62,351.42,1752325487459,7.524,0,1,0,0,1,0,0,0,0,0,0,0,0,0,0,0,0,0,0,0,0.0
1077,171,2025-07-12 18:34:52.659317,2025-07-12 18:34:53.074568,0.415,0.0,1090.49,1752325492659,5.199,1,2,0,0,1,0,0,0,0,0,0,0,0,0,0,0,0,0,0,0,0.0
306,209,2025-07-12 18:34:55.077787,2025-07-12 18:34:56.522132,1.444,19.59,370.56,1752325495077,2.418,0,1,0,0,0,1,0,0,0,0,0,0,0,0,0,0,0,0,0,0,0.0
538,216,2025-07-12 18:34:57.078769,2025-07-12 18:34:57.488114,0.409,0.0,579.74,1752325497078,2.001,0,2,0,0,0,1,0,0,0,0,0,0,0,0,0,0,0,0,0,0,0.0
313,270,2025-07-12 18:35:03.041918,2025-07-12 18:35:03.833798,0.792,7.2,413.36,1752325503041,5.963,0,1,0,0,0,0,1,0,0,0,0,0,0,0,0,0,0,0,0,0,0.0
324,334,2025-07-12 18:35:09.415846,2025-07-12 18:35:09.796560,0.381,0.0,465.33,1752325509415,6.374,0,1,0,0,0,0,0,1,0,0,0,0,0,0,0,0,0,0,0,0,1.0
666,331,2025-07-12 18:35:11.812293,2025-07-12 18:35:12.613436,0.801,2.61,743.72,1752325511812,2.396,1,2,0,0,0,0,0,1,0,0,0,0,0,0,0,0,0,0,0,0,1.0
763,330,2025-07-12 18:35:13.023186,2025-07-12 18:35:13.669477,0.646,4.03,831.31,1752325513023,1.211,1,3,0,0,0,0,0,1,0,0,0,0,0,0,0,0,0,0,0,0,1.0
861,331,2025-07-12 18:35:14.157747,2025-07-12 18:35:14.608836,0.451,0.0,922.43,1752325514157,1.135,0,4,0,0,0,0,0,1,0,0,0,0,0,0,0,0,0,0,0,0,1.0
578,343,2025-07-12 18:35:15.415491,2025-07-12 18:35:16.573727,1.158,7.44,672.11,1752325515415,1.258,0,5,0,0,0,0,0,1,0,0,0,0,0,0,0,0,0,0,0,0,1.0
554,330,2025-07-12 18:35:16.573727,2025-07-12 18:35:17.154604,0.581,5.02,644.84,1752325516573,1.158,1,6,0,0,0,0,0,1,0,0,0,0,0,0,0,0,0,0,0,0,1.0
675,327,2025-07-12 18:35:17.992370,2025-07-12 18:35:18.608457,0.616,3.64,750.04,1752325517992,1.419,1,7,0,0,0,0,0,1,0,0,0,0,0,0,0,0,0,0,0,0,1.0
705,318,2025-07-12 18:35:18.608457,2025-07-12 18:35:19.158512,0.55,4.12,773.4,1752325518608,0.616,1,8,0,0,0,0,0,1,0,0,0,0,0,0,0,0,0,0,0,0,1.0
734,322,2025-07-12 18:35:19.158512,2025-07-12 18:35:19.760531,0.602,4.61,801.52,1752325519158,0.55,0,9,0,0,0,0,0,1,0,0,0,0,0,0,0,0,0,0,0,0,1.0
761,325,2025-07-12 18:35:19.760531,2025-07-12 18:35:20.194166,0.434,0.0,827.49,1752325519760,0.602,0,10,0,0,0,0,0,1,0,0,0,0,0,0,0,0,0,0,0,0,1.0
679,323,2025-07-12 18:35:22.069472,2025-07-12 18:35:22.920587,0.851,16.0,751.91,1752325522069,2.309,1,11,0,0,0,0,0,1,0,0,0,0,0,0,0,0,0,0,0,0,1.0
757,323,2025-07-12 18:35:23.223065,2025-07-12 18:35:23.798680,0.576,3.0,823.03,1752325523223,1.154,0,12,0,0,0,0,0,1,0,0,0,0,0,0,0,0,0,0,0,0,1.0
782,326,2025-07-12 18:35:23.798680,2025-07-12 18:35:24.486811,0.688,6.8,847.23,1752325523798,0.576,0,13,0,0,0,0,0,1,0,0,0,0,0,0,0,0,0,0,0,0,1.0
1223,324,2025-07-12 18:35:26.556746,2025-07-12 18:35:26.940187,0.383,0.0,1265.19,1752325526556,2.758,1,14,0,0,0,0,0,1,0,0,0,0,0,0,0,0,0,0,0,0,1.0
1385,317,2025-07-12 18:35:27.590413,2025-07-12 18:35:27.990307,0.4,0.0,1420.81,1752325527590,1.034,1,15,0,0,0,0,0,1,0,0,0,0,0,0,0,0,0,0,0,0,1.0
330,385,2025-07-12 18:35:28.386723,2025-07-12 18:35:29.544921,1.158,27.46,507.07,1752325528386,0.796,0,1,0,0,0,0,0,0,1,0,0,0,0,0,0,0,0,0,0,0,0.0
363,376,2025-07-12 18:35:29.544921,2025-07-12 18:35:30.088104,0.543,2.06,522.63,1752325529544,1.158,1,2,0,0,0,0,0,0,1,0,0,0,0,0,0,0,0,0,0,0,0.0
697,369,2025-07-12 18:35:32.105723,2025-07-12 18:35:32.671717,0.566,3.54,788.65,1752325532105,2.561,1,3,0,0,0,0,0,0,1,0,0,0,0,0,0,0,0,0,0,0,0.0
729,371,2025-07-12 18:35:32.671717,2025-07-12 18:35:33.071968,0.4,0.0,817.97,1752325532671,0.566,0,4,0,0,0,0,0,0,1,0,0,0,0,0,0,0,0,0,0,0,0.0
1140,374,2025-07-12 18:35:36.100985,2025-07-12 18:35:36.513417,0.412,0.0,1199.78,1752325536100,3.429,0,5,0,0,0,0,0,0,1,0,0,0,0,0,0,0,0,0,0,0,0.0
1214,373,2025-07-12 18:35:36.783191,2025-07-12 18:35:37.181376,0.398,0.0,1270.01,1752325536783,0.682,1,6,0,0,0,0,0,0,1,0,0,0,0,0,0,0,0,0,0,0,0.0
355,430,2025-07-12 18:35:39.146827,2025-07-12 18:35:39.824456,0.678,13.04,557.61,1752325539146,2.364,0,1,0,0,0,0,0,0,0,1,0,0,0,0,0,0,0,0,0,0,0.0
346,530,2025-07-12 18:35:45.257123,2025-07-12 18:35:45.683244,0.426,0.0,632.94,1752325545257,6.11,0,1,0,0,0,0,0,0,0,0,1,0,0,0,0,0,0,0,0,0,0.0
322,541,2025-07-12 18:35:45.683244,2025-07-12 18:35:46.206789,0.524,7.52,629.58,1752325545683,0.426,0,2,0,0,0,0,0,0,0,0,1,0,0,0,0,0,0,0,0,0,0.0
349,540,2025-07-12 18:35:46.206789,2025-07-12 18:35:46.585698,0.379,0.0,642.96,1752325546206,0.524,1,3,0,0,0,0,0,0,0,0,1,0,0,0,0,0,0,0,0,0,0.0
626,533,2025-07-12 18:35:48.366280,2025-07-12 18:35:48.772515,0.406,0.0,822.17,1752325548366,2.159,1,4,0,0,0,0,0,0,0,0,1,0,0,0,0,0,0,0,0,0,0.0
913,538,2025-07-12 18:35:50.234009,2025-07-12 18:35:50.628817,0.395,0.0,1059.72,1752325550234,1.868,0,5,0,0,0,0,0,0,0,0,1,0,0,0,0,0,0,0,0,0,0.0
988,525,2025-07-12 18:35:50.914092,2025-07-12 18:35:51.376981,0.463,0.0,1118.82,1752325550914,0.68,1,6,0,0,0,0,0,0,0,0,1,0,0,0,0,0,0,0,0,0,0.0
1112,525,2025-07-12 18:35:51.942209,2025-07-12 18:35:52.322452,0.38,0.0,1229.7,1752325551942,1.028,0,7,0,0,0,0,0,0,0,0,1,0,0,0,0,0,0,0,0,0,0.0
1178,533,2025-07-12 18:35:52.599200,2025-07-12 18:35:53.106175,0.507,0.0,1292.97,1752325552599,0.657,0,8,0,0,0,0,0,0,0,0,1,0,0,0,0,0,0,0,0,0,0.0
323,576,2025-07-12 18:35:55.137758,2025-07-12 18:35:56.044222,0.906,21.06,660.38,1752325555137,2.539,0,1,0,0,0,0,0,0,0,0,0,1,0,0,0,0,0,0,0,0,0.0
695,587,2025-07-12 18:35:58.140531,2025-07-12 18:35:58.547480,0.407,0.0,909.72,1752325558140,3.003,0,2,0,0,0,0,0,0,0,0,0,1,0,0,0,0,0,0,0,0,0.0
806,587,2025-07-12 18:35:59.105965,2025-07-12 18:35:59.497639,0.392,0.0,997.1,1752325559105,0.965,0,3,0,0,0,0,0,0,0,0,0,1,0,0,0,0,0,0,0,0,0.0
1555,577,2025-07-12 18:36:04.098808,2025-07-12 18:36:04.513237,0.414,0.0,1658.6,1752325564098,4.993,1,4,0,0,0,0,0,0,0,0,0,1,0,0,0,0,0,0,0,0,0.0
337,633,2025-07-12 18:36:05.189880,2025-07-12 18:36:05.584717,0.395,0.0,717.12,1752325565189,1.091,0,1,0,0,0,0,0,0,0,0,0,0,1,0,0,0,0,0,0,0,1.0
311,634,2025-07-12 18:36:05.584717,2025-07-12 18:36:06.100893,0.516,7.07,706.17,1752325565584,0.395,0,2,0,0,0,0,0,0,0,0,0,0,1,0,0,0,0,0,0,0,1.0
344,635,2025-07-12 18:36:06.100893,2025-07-12 18:36:06.506922,0.406,0.0,722.19,1752325566100,0.516,0,3,0,0,0,0,0,0,0,0,0,0,1,0,0,0,0,0,0,0,1.0
1108,635,2025-07-12 18:36:10.905323,2025-07-12 18:36:11.431003,0.526,3.54,1277.06,1752325570905,4.804,0,4,0,0,0,0,0,0,0,0,0,0,1,0,0,0,0,0,0,0,1.0
1172,632,2025-07-12 18:36:11.691884,2025-07-12 18:36:12.100295,0.408,0.0,1331.54,1752325571691,0.787,1,5,0,0,0,0,0,0,0,0,0,0,0,1,0,0,0,0,0,0,0.0
766,645,2025-07-12 18:36:15.315212,2025-07-12 18:36:15.702491,0.387,0.0,1001.39,1752325575315,3.623,0,6,0,0,0,0,0,0,0,0,0,0,1,0,0,0,0,0,0,0,1.0
895,636,2025-07-12 18:36:15.987674,2025-07-12 18:36:16.461268,0.474,0.0,1097.96,1752325575987,0.672,1,7,0,0,0,0,0,0,0,0,0,0,1,0,0,0,0,0,0,0,1.0
802,630,2025-07-12 18:36:17.672540,2025-07-12 18:36:18.338410,0.666,15.39,1019.85,1752325577672,1.685,1,8,0,0,0,0,0,0,0,0,0,0,1,0,0,0,0,0,0,0,1.0
900,631,2025-07-12 18:36:18.804545,2025-07-12 18:36:19.265118,0.461,0.0,1099.16,1752325578804,1.132,0,9,0,0,0,0,0,0,0,0,0,0,1,0,0,0,0,0,0,0,1.0
928,629,2025-07-12 18:36:19.265118,2025-07-12 18:36:19.719865,0.455,0.0,1121.08,1752325579265,0.461,1,10,0,0,0,0,0,0,0,0,0,0,1,0,0,0,0,0,0,0,1.0
1470,635,2025-07-12 18:36:21.947058,2025-07-12 18:36:22.342985,0.396,0.0,1601.29,1752325581947,2.682,0,11,0,0,0,0,0,0,0,0,0,0,1,0,0,0,0,0,0,0,1.0
342,689,2025-07-12 18:36:22.779155,2025-07-12 18:36:23.756853,0.978,23.0,769.21,1752325582779,0.832,0,1,0,0,0,0,0,0,0,0,0,0,0,1,0,0,0,0,0,0,0.0
997,690,2025-07-12 18:36:26.431253,2025-07-12 18:36:26.857651,0.426,0.0,1212.48,1752325586431,3.652,0,2,0,0,0,0,0,0,0,0,0,0,0,1,0,0,0,0,0,0,0.0
1024,690,2025-07-12 18:36:26.857651,2025-07-12 18:36:27.286792,0.429,0.0,1234.78,1752325586857,0.426,0,3,0,0,0,0,0,0,0,0,0,0,0,1,0,0,0,0,0,0,0.0
1301,693,2025-07-12 18:36:28.172815,2025-07-12 18:36:28.583295,0.41,0.0,1474.06,1752325588172,1.315,0,4,0,0,0,0,0,0,0,0,0,0,0,1,0,0,0,0,0,0,0.0
1486,700,2025-07-12 18:36:29.605393,2025-07-12 18:36:30.285011,0.68,12.33,1642.62,1752325589605,1.433,0,5,0,0,0,0,0,0,0,0,0,0,0,1,0,0,0,0,0,0,0.0
1077,688,2025-07-12 18:36:30.673253,2025-07-12 18:36:31.211571,0.538,8.02,1278.0,1752325590673,1.068,1,6,0,0,0,0,0,0,0,0,0,0,0,1,0,0,0,0,0,0,0.0
322,756,2025-07-12 18:36:33.816660,2025-07-12 18:36:34.236234,0.42,0.0,821.72,1752325593816,3.143,0,1,0,0,0,0,0,0,0,0,0,0,0,0,1,0,0,0,0,0,0.0
293,814,2025-07-12 18:36:34.782732,2025-07-12 18:36:35.246152,0.463,0.0,865.13,1752325594782,0.966,0,1,0,0,0,0,0,0,0,0,0,0,0,0,0,0,1,0,0,0,0.0
307,775,2025-07-12 18:36:36.405626,2025-07-12 18:36:37.000138,0.595,2.69,833.59,1752325596405,1.623,1,1,0,0,0,0,0,0,0,0,0,0,0,0,0,1,0,0,0,0,0.0
296,750,2025-07-12 18:36:37.000138,2025-07-12 18:36:37.554089,0.554,8.73,806.3,1752325597000,0.595,1,2,0,0,0,0,0,0,0,0,0,0,0,0,1,0,0,0,0,0,0.0
323,748,2025-07-12 18:36:37.554089,2025-07-12 18:36:37.951426,0.397,0.0,814.76,1752325597554,0.554,1,3,0,0,0,0,0,0,0,0,0,0,0,0,1,0,0,0,0,0,0.0
350,749,2025-07-12 18:36:37.951426,2025-07-12 18:36:38.358439,0.407,0.0,826.74,1752325597951,0.397,0,4,0,0,0,0,0,0,0,0,0,0,0,0,1,0,0,0,0,0,0.0
667,743,2025-07-12 18:36:40.036924,2025-07-12 18:36:40.424313,0.387,0.0,998.47,1752325600036,2.085,1,5,0,0,0,0,0,0,0,0,0,0,0,0,1,0,0,0,0,0,0.0
327,788,2025-07-12 18:36:43.979562,2025-07-12 18:36:44.490343,0.511,0.0,853.15,1752325603979,3.943,0,2,0,0,0,0,0,0,0,0,0,0,0,0,0,1,0,0,0,0,0.0
768,800,2025-07-12 18:36:47.090045,2025-07-12 18:36:47.472113,0.382,0.0,1108.97,1752325607090,3.11,0,3,0,0,0,0,0,0,0,0,0,0,0,0,0,1,0,0,0,0,0.0
803,797,2025-07-12 18:36:47.472113,2025-07-12 18:36:47.865823,0.394,0.0,1131.38,1752325607472,0.382,1,4,0,0,0,0,0,0,0,0,0,0,0,0,0,1,0,0,0,0,0.0
1016,789,2025-07-12 18:36:48.738145,2025-07-12 18:36:49.176322,0.438,0.0,1286.38,1752325608738,1.266,1,5,0,0,0,0,0,0,0,0,0,0,0,0,0,1,0,0,0,0,0.0
718,849,2025-07-12 18:36:52.889162,2025-07-12 18:36:53.285367,0.396,0.0,1111.9,1752325612889,4.151,0,2,0,0,0,0,0,0,0,0,0,0,0,0,0,0,1,0,0,0,0.0
332,965,2025-07-12 18:36:56.360820,2025-07-12 18:36:57.675960,1.315,30.87,1020.51,1752325616360,3.472,0,1,0,0,0,0,0,0,0,0,0,0,0,0,0,0,0,1,0,0,0.0
391,963,2025-07-12 18:36:59.450650,2025-07-12 18:37:00.004357,0.554,12.01,1039.35,1752325619450,3.09,1,2,0,0,0,0,0,0,0,0,0,0,0,0,0,0,0,1,0,0,0.0
498,1027,2025-07-12 18:37:00.400635,2025-07-12 18:37:01.860001,1.459,22.63,1141.37,1752325620400,0.95,0,0,0,0,0,0,0,0,0,0,0,0,0,0,0,0,0,0,0,0,0.0
695,956,2025-07-12 18:37:02.660553,2025-07-12 18:37:03.062344,0.402,0.0,1181.93,1752325622660,2.26,1,3,0,0,0,0,0,0,0,0,0,0,0,0,0,0,0,1,0,0,0.0
370,984,2025-07-12 18:37:08.909452,2025-07-12 18:37:09.574155,0.665,11.08,1051.26,1752325628909,6.249,0,1,0,0,0,0,0,0,0,0,0,0,0,0,0,0,0,0,1,0,1.0
413,1000,2025-07-12 18:37:11.399401,2025-07-12 18:37:11.825203,0.426,0.0,1081.93,1752325631399,2.49,0,2,0,0,0,0,0,0,0,0,0,0,0,0,0,0,0,0,1,0,1.0
432,1011,2025-07-12 18:37:14.364785,2025-07-12 18:37:15.000049,0.635,7.02,1099.43,1752325634364,2.965,0,3,0,0,0,0,0,0,0,0,0,0,0,0,0,0,0,0,1,0,1.0
576,1007,2025-07-12 18:37:15.560419,2025-07-12 18:37:15.993570,0.433,0.0,1160.1,1752325635560,1.196,1,4,0,0,0,0,0,0,0,0,0,0,0,0,0,0,0,0,1,0,1.0
375,996,2025-07-12 18:37:16.581547,2025-07-12 18:37:16.989201,0.408,0.0,1064.26,1752325636581,1.021,1,5,0,0,0,0,0,0,0,0,0,0,0,0,0,0,0,0,1,0,1.0
348,998,2025-07-12 18:37:16.989201,2025-07-12 18:37:18.052172,1.063,2.88,1056.93,1752325636989,0.408,0,6,0,0,0,0,0,0,0,0,0,0,0,0,0,0,0,0,1,0,1.0
277,54,2025-07-12 18:51:34.652614,2025-07-12 18:51:35.393062,0.74,9.3,282.21,1752326494652,0.0,0,1,1,0,0,0,0,0,0,0,0,0,0,0,0,0,0,0,0,0,0.0
468,54,2025-07-12 18:51:36.677933,2025-07-12 18:51:37.074570,0.397,0.0,471.11,1752326496677,2.025,0,2,1,0,0,0,0,0,0,0,0,0,0,0,0,0,0,0,0,0,0.0
646,55,2025-07-12 18:51:38.137292,2025-07-12 18:51:38.642577,0.505,0.0,648.34,1752326498137,1.459,0,3,1,0,0,0,0,0,0,0,0,0,0,0,0,0,0,0,0,0,0.0
687,62,2025-07-12 18:51:38.642577,2025-07-12 18:51:39.053378,0.411,0.0,689.79,1752326498642,0.505,0,4,1,0,0,0,0,0,0,0,0,0,0,0,0,0,0,0,0,0,0.0
1137,60,2025-07-12 18:51:41.552032,2025-07-12 18:51:41.984780,0.433,0.0,1138.58,1752326501552,2.909,1,5,1,0,0,0,0,0,0,0,0,0,0,0,0,0,0,0,0,0,0.0
1475,53,2025-07-12 18:51:43.183552,2025-07-12 18:51:43.653225,0.47,0.0,1475.95,1752326503183,1.632,1,6,1,0,0,0,0,0,0,0,0,0,0,0,0,0,0,0,0,0,0.0
301,99,2025-07-12 18:51:43.942195,2025-07-12 18:51:44.827348,0.885,18.54,316.86,1752326503942,0.759,0,1,0,1,0,0,0,0,0,0,0,0,0,0,0,0,0,0,0,0,0.0
839,105,2025-07-12 18:51:47.834324,2025-07-12 18:51:48.269504,0.435,0.0,845.54,1752326507834,3.892,0,2,0,1,0,0,0,0,0,0,0,0,0,0,0,0,0,0,0,0,0.0
1489,110,2025-07-12 18:51:51.117111,2025-07-12 18:51:51.697090,0.58,0.5,1493.06,1752326511117,3.283,0,3,0,1,0,0,0,0,0,0,0,0,0,0,0,0,0,0,0,0,0.0
318,170,2025-07-12 18:51:51.989901,2025-07-12 18:51:52.767057,0.777,18.77,360.59,1752326511989,0.873,0,1,0,0,1,0,0,0,0,0,0,0,0,0,0,0,0,0,0,0,0.0
1266,165,2025-07-12 18:51:57.746184,2025-07-12 18:51:58.456052,0.71,5.91,1276.71,1752326517746,5.756,1,2,0,0,1,0,0,0,0,0,0,0,0,0,0,0,0,0,0,0,0.0
1292,161,2025-07-12 18:51:58.456052,2025-07-12 18:51:59.045442,0.589,3.5,1301.99,1752326518456,0.71,1,3,0,0,1,0,0,0,0,0,0,0,0,0,0,0,0,0,0,0,0.0
1333,162,2025-07-12 18:51:59.045442,2025-07-12 18:51:59.486580,0.441,0.0,1342.81,1752326519045,0.589,0,4,0,0,1,0,0,0,0,0,0,0,0,0,0,0,0,0,0,0,0.0
283,219,2025-07-12 18:52:00.053998,2025-07-12 18:52:00.499636,0.446,0.0,357.84,1752326520053,1.009,0,1,0,0,0,1,0,0,0,0,0,0,0,0,0,0,0,0,0,0,1.0
443,209,2025-07-12 18:52:01.076115,2025-07-12 18:52:01.520614,0.444,0.0,489.83,1752326521076,1.022,1,2,0,0,0,1,0,0,0,0,0,0,0,0,0,0,0,0,0,0,1.0
569,208,2025-07-12 18:52:08.909829,2025-07-12 18:52:09.766454,0.857,25.78,605.83,1752326528909,7.834,1,3,0,0,0,1,0,0,0,0,0,0,0,0,0,0,0,0,0,0,1.0
616,202,2025-07-12 18:52:09.766454,2025-07-12 18:52:10.172860,0.406,0.0,648.27,1752326529766,0.857,1,4,0,0,0,1,0,0,0,0,0,0,0,0,0,0,0,0,0,0,1.0
648,203,2025-07-12 18:52:10.172860,2025-07-12 18:52:10.861478,0.689,3.67,679.05,1752326530172,0.406,0,5,0,0,0,1,0,0,0,0,0,0,0,0,0,0,0,0,0,0,1.0
774,203,2025-07-12 18:52:12.251161,2025-07-12 18:52:13.219133,0.968,13.58,800.18,1752326532251,2.078,0,6,0,0,0,1,0,0,0,0,0,0,0,0,0,0,0,0,0,0,1.0
807,216,2025-07-12 18:52:13.219133,2025-07-12 18:52:13.654438,0.435,0.0,835.41,1752326533219,0.968,0,7,0,0,0,1,0,0,0,0,0,0,0,0,0,0,0,0,0,0,1.0
1039,209,2025-07-12 18:52:15.631316,2025-07-12 18:52:16.032425,0.401,0.0,1059.81,1752326535631,2.412,1,8,0,0,0,1,0,0,0,0,0,0,0,0,0,0,0,0,0,0,1.0
1125,210,2025-07-12 18:52:16.589343,2025-07-12 18:52:17.005099,0.416,0.0,1144.43,1752326536589,0.958,0,9,0,0,0,1,0,0,0,0,0,0,0,0,0,0,0,0,0,0,1.0
1155,214,2025-07-12 18:52:17.005099,2025-07-12 18:52:17.916348,0.911,5.76,1174.66,1752326537005,0.416,0,10,0,0,0,1,0,0,0,0,0,0,0,0,0,0,0,0,0,0,1.0
1181,207,2025-07-12 18:52:17.916348,2025-07-12 18:52:19.134345,1.218,9.58,1199.0,1752326537916,0.911,1,11,0,0,0,1,0,0,0,0,0,0,0,0,0,0,0,0,0,0,1.0
1203,223,2025-07-12 18:52:19.134345,2025-07-12 18:52:19.577846,0.444,0.0,1223.49,1752326539134,1.218,0,12,0,0,0,1,0,0,0,0,0,0,0,0,0,0,0,0,0,0,1.0
1230,232,2025-07-12 18:52:19.577846,2025-07-12 18:52:20.022951,0.445,0.0,1251.69,1752326539577,0.444,0,13,0,0,0,1,0,0,0,0,0,0,0,0,0,0,0,0,0,0,1.0
1298,224,2025-07-12 18:52:20.416218,2025-07-12 18:52:21.013541,0.597,4.61,1317.19,1752326540416,0.838,1,14,0,0,0,1,0,0,0,0,0,0,0,0,0,0,0,0,0,0,1.0
1096,233,2025-07-12 18:52:22.024304,2025-07-12 18:52:22.605177,0.581,5.59,1120.49,1752326542024,1.608,0,15,0,0,0,1,0,0,0,0,0,0,0,0,0,0,0,0,0,0,1.0
1079,212,2025-07-12 18:52:22.605177,2025-07-12 18:52:23.694637,1.089,9.07,1099.63,1752326542605,0.581,1,16,0,0,0,1,0,0,0,0,0,0,0,0,0,0,0,0,0,0,1.0
1189,221,2025-07-12 18:52:24.509654,2025-07-12 18:52:25.218255,0.709,3.04,1209.36,1752326544509,1.904,0,17,0,0,0,1,0,0,0,0,0,0,0,0,0,0,0,0,0,0,1.0
1221,217,2025-07-12 18:52:25.218255,2025-07-12 18:52:25.760671,0.542,3.54,1240.13,1752326545218,0.709,1,18,0,0,0,1,0,0,0,0,0,0,0,0,0,0,0,0,0,0,1.0
1247,213,2025-07-12 18:52:25.760671,2025-07-12 18:52:26.175730,0.415,0.0,1265.06,1752326545760,0.542,1,19,0,0,0,1,0,0,0,0,0,0,0,0,0,0,0,0,0,0,1.0
1421,213,2025-07-12 18:52:26.688503,2025-07-12 18:52:27.119818,0.431,0.0,1436.88,1752326546688,0.928,0,20,0,0,0,1,0,0,0,0,0,0,0,0,0,0,0,0,0,0,1.0
323,271,2025-07-12 18:52:27.401881,2025-07-12 18:52:27.853887,0.452,0.0,421.63,1752326547401,0.713,0,1,0,0,0,0,1,0,0,0,0,0,0,0,0,0,0,0,0,0,0.0
297,268,2025-07-12 18:52:27.853887,2025-07-12 18:52:28.235419,0.382,0.0,400.04,1752326547853,0.452,1,2,0,0,0,0,1,0,0,0,0,0,0,0,0,0,0,0,0,0,0.0
998,262,2025-07-12 18:52:33.083134,2025-07-12 18:52:33.521521,0.438,0.0,1031.82,1752326553083,5.229,1,3,0,0,0,0,1,0,0,0,0,0,0,0,0,0,0,0,0,0,0.0
1100,278,2025-07-12 18:52:36.162668,2025-07-12 18:52:36.587800,0.425,0.0,1134.59,1752326556162,3.08,0,4,0,0,0,0,1,0,0,0,0,0,0,0,0,0,0,0,0,0,0.0
1197,270,2025-07-12 18:52:36.895086,2025-07-12 18:52:37.327672,0.433,0.0,1227.07,1752326556895,0.732,1,5,0,0,0,0,1,0,0,0,0,0,0,0,0,0,0,0,0,0,0.0
1228,268,2025-07-12 18:52:37.327672,2025-07-12 18:52:37.837568,0.51,0.71,1256.9,1752326557327,0.433,1,6,0,0,0,0,1,0,0,0,0,0,0,0,0,0,0,0,0,0,0.0
328,317,2025-07-12 18:52:40.288507,2025-07-12 18:52:41.014069,0.726,24.0,456.15,1752326560288,2.961,0,1,0,0,0,0,0,1,0,0,0,0,0,0,0,0,0,0,0,0,0.0
505,316,2025-07-12 18:52:41.932374,2025-07-12 18:52:42.337725,0.405,0.0,595.72,1752326561932,1.644,1,2,0,0,0,0,0,1,0,0,0,0,0,0,0,0,0,0,0,0,0.0
299,426,2025-07-12 18:52:43.187232,2025-07-12 18:52:43.645658,0.458,0.0,520.46,1752326563187,1.255,0,1,0,0,0,0,0,0,1,0,0,0,0,0,0,0,0,0,0,0,0.0
317,481,2025-07-12 18:52:49.875007,2025-07-12 18:52:50.784157,0.909,12.77,576.06,1752326569875,6.688,0,1,0,0,0,0,0,0,0,1,0,0,0,0,0,0,0,0,0,0,0.0
559,470,2025-07-12 18:52:51.613703,2025-07-12 18:52:52.203045,0.589,6.18,730.33,1752326571613,1.739,1,2,0,0,0,0,0,0,0,1,0,0,0,0,0,0,0,0,0,0,0.0
307,533,2025-07-12 18:52:56.073099,2025-07-12 18:52:56.494977,0.422,0.0,615.09,1752326576073,4.459,0,1,0,0,0,0,0,0,0,0,1,0,0,0,0,0,0,0,0,0,0.0
1300,528,2025-07-12 18:53:00.861741,2025-07-12 18:53:01.257824,0.396,0.0,1403.13,1752326580861,4.789,1,2,0,0,0,0,0,0,0,0,1,0,0,0,0,0,0,0,0,0,0.0
1391,523,2025-07-12 18:53:01.541999,2025-07-12 18:53:01.991768,0.45,0.0,1486.07,1752326581541,0.68,1,3,0,0,0,0,0,0,0,0,1,0,0,0,0,0,0,0,0,0,0.0
330,645,2025-07-12 18:53:08.774558,2025-07-12 18:53:09.272831,0.498,0.0,724.52,1752326588774,7.233,0,1,0,0,0,0,0,0,0,0,0,0,1,0,0,0,0,0,0,0,0.0
336,701,2025-07-12 18:53:15.068189,2025-07-12 18:53:15.475280,0.407,0.0,777.37,1752326595068,6.294,0,1,0,0,0,0,0,0,0,0,0,0,0,1,0,0,0,0,0,0,0.0
309,704,2025-07-12 18:53:15.475280,2025-07-12 18:53:16.008638,0.533,2.83,768.83,1752326595475,0.407,0,2,0,0,0,0,0,0,0,0,0,0,0,1,0,0,0,0,0,0,0.0
399,687,2025-07-12 18:53:16.519362,2025-07-12 18:53:16.965101,0.446,0.0,794.46,1752326596519,1.044,1,3,0,0,0,0,0,0,0,0,0,0,0,1,0,0,0,0,0,0,0.0
442,687,2025-07-12 18:53:16.965101,2025-07-12 18:53:17.389582,0.424,0.0,816.9,1752326596965,0.446,0,4,0,0,0,0,0,0,0,0,0,0,0,1,0,0,0,0,0,0,0.0
510,687,2025-07-12 18:53:17.693007,2025-07-12 18:53:18.270869,0.578,3.54,855.61,1752326597693,0.728,0,5,0,0,0,0,0,0,0,0,0,0,0,1,0,0,0,0,0,0,0.0
1137,684,2025-07-12 18:53:21.446261,2025-07-12 18:53:21.942570,0.496,3.0,1326.89,1752326601446,3.753,1,6,0,0,0,0,0,0,0,0,0,0,0,1,0,0,0,0,0,0,0.0
293,741,2025-07-12 18:53:23.753859,2025-07-12 18:53:24.195183,0.441,0.0,796.82,1752326603753,2.308,0,1,0,0,0,0,0,0,0,0,0,0,0,0,1,0,0,0,0,0,0.0
319,744,2025-07-12 18:53:24.195183,2025-07-12 18:53:24.604324,0.409,0.0,809.5,1752326604195,0.441,0,2,0,0,0,0,0,0,0,0,0,0,0,0,1,0,0,0,0,0,0.0
1384,785,2025-07-12 18:53:36.477279,2025-07-12 18:53:36.938851,0.462,0.0,1591.13,1752326616477,12.282,0,1,0,0,0,0,0,0,0,0,0,0,0,0,0,1,0,0,0,0,0.0
330,843,2025-07-12 18:53:38.008488,2025-07-12 18:53:38.435461,0.427,0.0,905.29,1752326618008,1.531,0,1,0,0,0,0,0,0,0,0,0,0,0,0,0,0,1,0,0,0,0.0
321,893,2025-07-12 18:53:44.412369,2025-07-12 18:53:45.039579,0.627,12.54,948.94,1752326624412,6.404,0,1,0,0,0,0,0,0,0,0,0,0,0,0,0,0,0,1,0,0,1.0
656,896,2025-07-12 18:53:46.339135,2025-07-12 18:53:46.739938,0.401,0.0,1110.47,1752326626339,1.927,0,2,0,0,0,0,0,0,0,0,0,0,0,0,0,0,0,1,0,0,1.0
852,884,2025-07-12 18:53:51.200053,2025-07-12 18:53:51.752304,0.552,12.0,1227.75,1752326631200,4.861,1,3,0,0,0,0,0,0,0,0,0,0,0,0,0,0,0,1,0,0,1.0
921,891,2025-07-12 18:53:52.023655,2025-07-12 18:53:52.466637,0.443,0.0,1281.45,1752326632023,0.824,0,4,0,0,0,0,0,0,0,0,0,0,0,0,0,0,0,1,0,0,1.0
953,884,2025-07-12 18:53:52.466637,2025-07-12 18:53:52.860662,0.394,0.0,1299.87,1752326632466,0.443,1,5,0,0,0,0,0,0,0,0,0,0,0,0,0,0,0,1,0,0,1.0
1156,883,2025-07-12 18:53:53.755280,2025-07-12 18:53:54.157225,0.402,0.0,1454.66,1752326633755,1.289,1,6,0,0,0,0,0,0,0,0,0,0,0,0,0,0,0,1,0,0,1.0
341,1005,2025-07-12 18:53:58.779284,2025-07-12 18:53:59.335382,0.556,8.06,1061.28,1752326638779,5.024,0,1,0,0,0,0,0,0,0,0,0,0,0,0,0,0,0,0,1,0,0.0
557,995,2025-07-12 18:54:00.114873,2025-07-12 18:54:00.558336,0.443,0.0,1140.3,1752326640114,1.336,1,2,0,0,0,0,0,0,0,0,0,0,0,0,0,0,0,0,1,0,0.0
793,991,2025-07-12 18:54:01.800991,2025-07-12 18:54:02.212641,0.412,0.0,1269.22,1752326641800,1.686,1,3,0,0,0,0,0,0,0,0,0,0,0,0,0,0,0,0,1,0,0.0
851,992,2025-07-12 18:54:02.349299,2025-07-12 18:54:02.755927,0.407,0.0,1307.01,1752326642349,0.548,0,4,0,0,0,0,0,0,0,0,0,0,0,0,0,0,0,0,1,0,0.0
465,998,2025-07-12 18:54:05.124459,2025-07-12 18:54:05.521708,0.397,0.0,1101.01,1752326645124,2.775,0,5,0,0,0,0,0,0,0,0,0,0,0,0,0,0,0,0,1,0,0.0
241,70,2025-07-12 18:57:46.216952,2025-07-12 18:57:46.821130,0.604,7.5,250.96,1752326866216,0.0,0,0,0,0,0,0,0,0,0,0,0,0,0,0,0,0,0,0,0,0,0.0
284,72,2025-07-12 18:57:46.821130,2025-07-12 18:57:47.229346,0.408,0.0,292.98,1752326866821,0.604,0,1,1,0,0,0,0,0,0,0,0,0,0,0,0,0,0,0,0,0,0.0
1015,59,2025-07-12 18:57:50.554491,2025-07-12 18:57:51.396405,0.842,4.91,1016.71,1752326870554,3.733,1,2,1,0,0,0,0,0,0,0,0,0,0,0,0,0,0,0,0,0,0.0
780,62,2025-07-12 18:57:52.762159,2025-07-12 18:57:53.317278,0.555,15.51,782.46,1752326872762,2.208,0,3,1,0,0,0,0,0,0,0,0,0,0,0,0,0,0,0,0,0,0.0
309,117,2025-07-12 18:57:55.815840,2025-07-12 18:57:56.517776,0.702,20.28,330.41,1752326875815,3.054,0,1,0,1,0,0,0,0,0,0,0,0,0,0,0,0,0,0,0,0,0.0
991,117,2025-07-12 18:57:59.576047,2025-07-12 18:57:59.970602,0.395,0.0,997.88,1752326879576,3.76,0,2,0,1,0,0,0,0,0,0,0,0,0,0,0,0,0,0,0,0,0.0
314,174,2025-07-12 18:58:02.102539,2025-07-12 18:58:02.806973,0.704,16.34,358.99,1752326882102,2.526,0,1,0,0,1,0,0,0,0,0,0,0,0,0,0,0,0,0,0,0,0.0
1430,166,2025-07-12 18:58:07.453928,2025-07-12 18:58:08.070165,0.616,3.04,1439.6,1752326887453,5.351,1,2,0,0,1,0,0,0,0,0,0,0,0,0,0,0,0,0,0,0,0.0
1492,165,2025-07-12 18:58:08.368018,2025-07-12 18:58:08.780728,0.413,0.0,1501.1,1752326888368,0.914,1,3,0,0,1,0,0,0,0,0,0,0,0,0,0,0,0,0,0,0,0.0
282,229,2025-07-12 18:58:09.204577,2025-07-12 18:58:10.031031,0.826,13.19,363.27,1752326889204,0.837,0,1,0,0,0,1,0,0,0,0,0,0,0,0,0,0,0,0,0,0,0.0
356,226,2025-07-12 18:58:10.168045,2025-07-12 18:58:10.627292,0.459,0.0,421.68,1752326890168,0.963,1,2,0,0,0,1,0,0,0,0,0,0,0,0,0,0,0,0,0,0,0.0
467,215,2025-07-12 18:58:11.222549,2025-07-12 18:58:12.011241,0.789,1.05,514.11,1752326891222,1.055,1,3,0,0,0,1,0,0,0,0,0,0,0,0,0,0,0,0,0,0,0.0
509,275,2025-07-12 18:58:17.538828,2025-07-12 18:58:17.936240,0.397,0.0,578.54,1752326897538,6.316,0,1,0,0,0,0,1,0,0,0,0,0,0,0,0,0,0,0,0,0,0.0
538,274,2025-07-12 18:58:17.936240,2025-07-12 18:58:18.353888,0.418,0.0,603.75,1752326897936,0.397,1,2,0,0,0,0,1,0,0,0,0,0,0,0,0,0,0,0,0,0,0.0
1026,375,2025-07-12 18:58:21.629282,2025-07-12 18:58:22.044530,0.415,0.0,1092.38,1752326901629,3.693,0,1,0,0,0,0,0,1,0,0,0,0,0,0,0,0,0,0,0,0,0.0
319,430,2025-07-12 18:58:23.640098,2025-07-12 18:58:24.077673,0.438,0.0,535.41,1752326903640,2.011,0,1,0,0,0,0,0,0,1,0,0,0,0,0,0,0,0,0,0,0,0.0
414,426,2025-07-12 18:58:24.214959,2025-07-12 18:58:24.632891,0.418,0.0,594.03,1752326904214,0.575,1,2,0,0,0,0,0,0,1,0,0,0,0,0,0,0,0,0,0,0,0.0
756,485,2025-07-12 18:58:32.428509,2025-07-12 18:58:32.884804,0.456,0.0,898.2,1752326912428,8.214,0,1,0,0,0,0,0,0,0,1,0,0,0,0,0,0,0,0,0,0,0.0
310,546,2025-07-12 18:58:35.600710,2025-07-12 18:58:36.070587,0.47,0.0,627.87,1752326915600,3.172,0,1,0,0,0,0,0,0,0,0,1,0,0,0,0,0,0,0,0,0,0.0
450,539,2025-07-12 18:58:36.477106,2025-07-12 18:58:36.873232,0.396,0.0,702.15,1752326916477,0.876,1,2,0,0,0,0,0,0,0,0,1,0,0,0,0,0,0,0,0,0,0.0
948,591,2025-07-12 18:58:45.752488,2025-07-12 18:58:47.004619,1.252,20.17,1117.13,1752326925752,9.275,0,1,0,0,0,0,0,0,0,0,0,1,0,0,0,0,0,0,0,0,0.0
312,639,2025-07-12 18:58:49.453633,2025-07-12 18:58:49.993042,0.539,11.05,711.1,1752326929453,3.701,0,1,0,0,0,0,0,0,0,0,0,0,1,0,0,0,0,0,0,0,0.0
872,633,2025-07-12 18:58:52.690724,2025-07-12 18:58:53.102414,0.412,0.0,1077.53,1752326932690,3.237,1,2,0,0,0,0,0,0,0,0,0,0,1,0,0,0,0,0,0,0,0.0
1360,625,2025-07-12 18:58:54.689827,2025-07-12 18:58:55.086980,0.397,0.0,1496.74,1752326934689,1.999,1,3,0,0,0,0,0,0,0,0,0,0,1,0,0,0,0,0,0,0,0.0
600,801,2025-07-12 18:59:03.945979,2025-07-12 18:59:04.357161,0.411,0.0,1000.8,1752326943945,9.256,0,1,0,0,0,0,0,0,0,0,0,0,0,0,1,0,0,0,0,0,0.0
833,796,2025-07-12 18:59:05.205834,2025-07-12 18:59:06.045640,0.84,17.71,1152.17,1752326945205,1.26,1,2,0,0,0,0,0,0,0,0,0,0,0,0,1,0,0,0,0,0,0.0
313,872,2025-07-12 18:59:09.727360,2025-07-12 18:59:10.165548,0.438,0.0,926.47,1752326949727,4.522,0,1,0,0,0,0,0,0,0,0,0,0,0,0,0,0,1,0,0,0,1.0
319,898,2025-07-12 18:59:10.165548,2025-07-12 18:59:10.842674,0.677,6.67,952.98,1752326950165,0.438,0,2,0,0,0,0,0,0,0,0,0,0,0,0,0,0,1,0,0,0,1.0
305,872,2025-07-12 18:59:10.842674,2025-07-12 18:59:11.646626,0.804,14.42,923.8,1752326950842,0.677,1,3,0,0,0,0,0,0,0,0,0,0,0,0,0,0,1,0,0,0,1.0
407,847,2025-07-12 18:59:12.218492,2025-07-12 18:59:12.726498,0.508,0.0,939.71,1752326952218,1.376,1,1,0,0,0,0,0,0,0,0,0,0,0,0,0,1,0,0,0,0,0.0
685,841,2025-07-12 18:59:14.078091,2025-07-12 18:59:14.558707,0.481,0.0,1084.67,1752326954078,1.86,1,2,0,0,0,0,0,0,0,0,0,0,0,0,0,1,0,0,0,0,0.0
737,836,2025-07-12 18:59:14.558707,2025-07-12 18:59:15.024670,0.466,0.0,1114.48,1752326954558,0.481,1,3,0,0,0,0,0,0,0,0,0,0,0,0,0,1,0,0,0,0,0.0
317,900,2025-07-12 18:59:17.995756,2025-07-12 18:59:18.765451,0.77,18.0,954.2,1752326957995,3.437,0,4,0,0,0,0,0,0,0,0,0,0,0,0,0,0,1,0,0,0,1.0
426,901,2025-07-12 18:59:19.224434,2025-07-12 18:59:19.820312,0.596,2.0,996.63,1752326959224,1.229,0,5,0,0,0,0,0,0,0,0,0,0,0,0,0,0,1,0,0,0,1.0
1402,900,2025-07-12 18:59:25.102037,2025-07-12 18:59:25.555905,0.454,0.0,1666.01,1752326965102,5.878,1,6,0,0,0,0,0,0,0,0,0,0,0,0,0,0,1,0,0,0,1.0
1429,897,2025-07-12 18:59:25.555905,2025-07-12 18:59:26.128048,0.572,2.24,1687.2,1752326965555,0.454,1,7,0,0,0,0,0,0,0,0,0,0,0,0,0,0,1,0,0,0,1.0
328,950,2025-07-12 18:59:26.424122,2025-07-12 18:59:27.012086,0.588,12.5,1005.03,1752326966424,0.868,0,1,0,0,0,0,0,0,0,0,0,0,0,0,0,0,0,1,0,0,1.0
328,903,2025-07-12 18:59:32.169995,2025-07-12 18:59:32.605765,0.436,0.0,960.73,1752326972169,5.746,1,8,0,0,0,0,0,0,0,0,0,0,0,0,0,0,1,0,0,0,1.0
683,896,2025-07-12 18:59:34.180802,2025-07-12 18:59:34.628549,0.448,0.0,1126.63,1752326974180,2.011,1,9,0,0,0,0,0,0,0,0,0,0,0,0,0,0,1,0,0,0,1.0
845,898,2025-07-12 18:59:35.244035,2025-07-12 18:59:35.664568,0.421,0.0,1233.06,1752326975244,1.063,0,10,0,0,0,0,0,0,0,0,0,0,0,0,0,0,1,0,0,0,1.0
1373,905,2025-07-12 18:59:38.252426,2025-07-12 18:59:38.795605,0.543,0.0,1644.43,1752326978252,3.008,0,11,0,0,0,0,0,0,0,0,0,0,0,0,0,0,1,0,0,0,1.0
775,897,2025-07-12 18:59:39.417966,2025-07-12 18:59:39.860752,0.443,0.0,1185.43,1752326979417,1.166,1,12,0,0,0,0,0,0,0,0,0,0,0,0,0,0,1,0,0,0,1.0
607,947,2025-07-12 18:59:41.968631,2025-07-12 18:59:42.375162,0.407,0.0,1124.84,1752326981968,2.551,0,2,0,0,0,0,0,0,0,0,0,0,0,0,0,0,0,1,0,0,1.0
934,945,2025-07-12 18:59:44.197541,2025-07-12 18:59:44.631438,0.434,0.0,1328.68,1752326984197,2.229,1,3,0,0,0,0,0,0,0,0,0,0,0,0,0,0,0,1,0,0,1.0
961,943,2025-07-12 18:59:44.631438,2025-07-12 18:59:45.549517,0.918,6.55,1346.39,1752326984631,0.434,1,4,0,0,0,0,0,0,0,0,0,0,0,0,0,0,0,1,0,0,1.0
348,1002,2025-07-12 18:59:46.226201,2025-07-12 18:59:46.628426,0.402,0.0,1060.71,1752326986226,1.595,0,1,0,0,0,0,0,0,0,0,0,0,0,0,0,0,0,0,1,0,0.0
1404,1000,2025-07-12 18:59:50.548916,2025-07-12 18:59:52.045317,1.496,22.59,1723.72,1752326990548,4.323,1,2,0,0,0,0,0,0,0,0,0,0,0,0,0,0,0,0,1,0,0.0
765,1035,2025-07-12 18:59:52.310359,2025-07-12 18:59:52.707098,0.397,0.0,1287.03,1752326992310,1.761,0,0,0,0,0,0,0,0,0,0,0,0,0,0,0,0,0,0,0,0,0.0
939,1046,2025-07-12 18:59:54.509712,2025-07-12 18:59:54.911617,0.402,0.0,1405.64,1752326994509,2.199,0,0,0,0,0,0,0,0,0,0,0,0,0,0,0,0,0,0,0,0,0.0
287,60,2025-07-12 19:10:03.526697,2025-07-12 19:10:04.802876,1.276,9.58,293.2,1752327603526,0.0,0,1,1,0,0,0,0,0,0,0,0,0,0,0,0,0,0,0,0,0,0.0
530,59,2025-07-12 19:10:05.704812,2025-07-12 19:10:06.139126,0.434,0.0,533.27,1752327605704,2.178,1,2,1,0,0,0,0,0,0,0,0,0,0,0,0,0,0,0,0,0,0.0
286,114,2025-07-12 19:10:10.852700,2025-07-12 19:10:11.484686,0.632,8.5,307.88,1752327610852,5.148,0,1,0,1,0,0,0,0,0,0,0,0,0,0,0,0,0,0,0,0,0.0
1367,113,2025-07-12 19:10:17.399217,2025-07-12 19:10:17.814795,0.416,0.0,1371.66,1752327617399,6.547,1,2,0,1,0,0,0,0,0,0,0,0,0,0,0,0,0,0,0,0,0.0
1397,113,2025-07-12 19:10:17.814795,2025-07-12 19:10:18.247437,0.433,0.0,1401.56,1752327617814,0.416,0,3,0,1,0,0,0,0,0,0,0,0,0,0,0,0,0,0,0,0,0.0
283,168,2025-07-12 19:10:18.816096,2025-07-12 19:10:19.422598,0.607,5.1,329.11,1752327618816,1.001,0,1,0,0,1,0,0,0,0,0,0,0,0,0,0,0,0,0,0,0,0.0
610,161,2025-07-12 19:10:20.301255,2025-07-12 19:10:20.761730,0.46,0.0,630.89,1752327620301,1.485,1,2,0,0,1,0,0,0,0,0,0,0,0,0,0,0,0,0,0,0,0.0
822,166,2025-07-12 19:10:21.769748,2025-07-12 19:10:22.185148,0.415,0.0,838.59,1752327621769,1.468,0,3,0,0,1,0,0,0,0,0,0,0,0,0,0,0,0,0,0,0,0.0
282,205,2025-07-12 19:10:25.710794,2025-07-12 19:10:26.179201,0.468,0.0,348.64,1752327625710,3.941,0,1,0,0,0,1,0,0,0,0,0,0,0,0,0,0,0,0,0,0,0.0
567,209,2025-07-12 19:10:27.395393,2025-07-12 19:10:27.984504,0.589,5.59,604.29,1752327627395,1.685,0,2,0,0,0,1,0,0,0,0,0,0,0,0,0,0,0,0,0,0,0.0
598,203,2025-07-12 19:10:27.984504,2025-07-12 19:10:28.387144,0.403,0.0,631.52,1752327627984,0.589,1,3,0,0,0,1,0,0,0,0,0,0,0,0,0,0,0,0,0,0,0.0
631,111,2025-07-12 19:10:28.945720,2025-07-12 19:10:29.403484,0.458,0.0,640.69,1752327628945,0.961,1,4,0,1,0,0,0,0,0,0,0,0,0,0,0,0,0,0,0,0,0.0
645,193,2025-07-12 19:10:29.707002,2025-07-12 19:10:30.135755,0.429,0.0,673.26,1752327629707,0.761,0,4,0,0,1,0,0,0,0,0,0,0,0,0,0,0,0,0,0,0,0.0
265,279,2025-07-12 19:10:35.802589,2025-07-12 19:10:36.421720,0.619,6.96,384.79,1752327635802,6.096,0,1,0,0,0,0,1,0,0,0,0,0,0,0,0,0,0,0,0,0,0.0
1435,329,2025-07-12 19:10:47.712985,2025-07-12 19:10:48.209884,0.497,0.0,1472.23,1752327647712,11.91,0,1,0,0,0,0,0,1,0,0,0,0,0,0,0,0,0,0,0,0,0.0
784,370,2025-07-12 19:10:51.275692,2025-07-12 19:10:51.856796,0.581,2.5,866.92,1752327651275,3.563,0,1,0,0,0,0,0,0,1,0,0,0,0,0,0,0,0,0,0,0,0.0
778,491,2025-07-12 19:10:54.444549,2025-07-12 19:10:54.951992,0.507,0.0,919.98,1752327654444,3.169,0,1,0,0,0,0,0,0,0,1,0,0,0,0,0,0,0,0,0,0,0.0
1124,488,2025-07-12 19:10:57.147705,2025-07-12 19:10:57.619756,0.472,0.0,1225.37,1752327657147,2.703,1,2,0,0,0,0,0,0,0,1,0,0,0,0,0,0,0,0,0,0,0.0
1503,495,2025-07-12 19:10:59.662920,2025-07-12 19:11:00.137019,0.474,0.0,1582.41,1752327659662,2.515,0,3,0,0,0,0,0,0,0,1,0,0,0,0,0,0,0,0,0,0,0.0
1536,496,2025-07-12 19:11:00.137019,2025-07-12 19:11:00.645195,0.508,0.0,1614.1,1752327660137,0.474,0,4,0,0,0,0,0,0,0,1,0,0,0,0,0,0,0,0,0,0,0.0
247,515,2025-07-12 19:11:01.404492,2025-07-12 19:11:01.967937,0.563,10.44,571.17,1752327661404,1.267,0,1,0,0,0,0,0,0,0,0,1,0,0,0,0,0,0,0,0,0,0.0
417,536,2025-07-12 19:11:02.893408,2025-07-12 19:11:03.391189,0.498,0.0,679.11,1752327662893,1.489,0,2,0,0,0,0,0,0,0,0,1,0,0,0,0,0,0,0,0,0,0.0
1272,525,2025-07-12 19:11:08.026252,2025-07-12 19:11:08.493953,0.468,0.0,1376.08,1752327668026,5.133,1,3,0,0,0,0,0,0,0,0,1,0,0,0,0,0,0,0,0,0,0.0
1304,526,2025-07-12 19:11:08.493953,2025-07-12 19:11:08.927811,0.434,0.0,1406.09,1752327668493,0.468,0,4,0,0,0,0,0,0,0,0,1,0,0,0,0,0,0,0,0,0,0.0
309,601,2025-07-12 19:11:09.362675,2025-07-12 19:11:09.889051,0.526,0.0,675.78,1752327669362,0.869,0,1,0,0,0,0,0,0,0,0,0,1,0,0,0,0,0,0,0,0,0.0
483,583,2025-07-12 19:11:10.788169,2025-07-12 19:11:11.200829,0.413,0.0,757.09,1752327670788,1.425,1,2,0,0,0,0,0,0,0,0,0,1,0,0,0,0,0,0,0,0,0.0
527,582,2025-07-12 19:11:11.200829,2025-07-12 19:11:11.685128,0.484,0.0,785.15,1752327671200,0.413,1,3,0,0,0,0,0,0,0,0,0,1,0,0,0,0,0,0,0,0,0.0
686,592,2025-07-12 19:11:12.406946,2025-07-12 19:11:12.931841,0.525,0.0,906.12,1752327672406,1.206,0,4,0,0,0,0,0,0,0,0,0,1,0,0,0,0,0,0,0,0,0.0
848,599,2025-07-12 19:11:13.550656,2025-07-12 19:11:14.026121,0.475,0.0,1038.22,1752327673550,1.144,0,5,0,0,0,0,0,0,0,0,0,1,0,0,0,0,0,0,0,0,0.0
1414,580,2025-07-12 19:11:17.927720,2025-07-12 19:11:18.362345,0.435,0.0,1528.33,1752327677927,4.377,1,6,0,0,0,0,0,0,0,0,0,1,0,0,0,0,0,0,0,0,0.0
314,636,2025-07-12 19:11:19.101042,2025-07-12 19:11:19.721967,0.621,4.03,709.29,1752327679101,1.173,0,1,0,0,0,0,0,0,0,0,0,0,1,0,0,0,0,0,0,0,0.0
647,645,2025-07-12 19:11:23.335407,2025-07-12 19:11:23.758102,0.423,0.0,913.58,1752327683335,4.234,0,2,0,0,0,0,0,0,0,0,0,0,1,0,0,0,0,0,0,0,0.0
782,637,2025-07-12 19:11:24.313195,2025-07-12 19:11:24.725128,0.412,0.0,1008.61,1752327684313,0.978,1,3,0,0,0,0,0,0,0,0,0,0,1,0,0,0,0,0,0,0,0.0
1457,641,2025-07-12 19:11:27.544963,2025-07-12 19:11:28.309613,0.765,4.45,1591.77,1752327687544,3.232,0,4,0,0,0,0,0,0,0,0,0,0,1,0,0,0,0,0,0,0,0.0
393,693,2025-07-12 19:11:29.342669,2025-07-12 19:11:29.773056,0.43,0.0,796.68,1752327689342,1.798,0,1,0,0,0,0,0,0,0,0,0,0,0,1,0,0,0,0,0,0,0.0
1449,691,2025-07-12 19:11:34.480876,2025-07-12 19:11:35.054005,0.573,2.06,1605.33,1752327694480,5.138,1,2,0,0,0,0,0,0,0,0,0,0,0,1,0,0,0,0,0,0,0.0
301,750,2025-07-12 19:11:35.689080,2025-07-12 19:11:36.377218,0.688,13.09,808.15,1752327695689,1.208,0,1,0,0,0,0,0,0,0,0,0,0,0,0,1,0,0,0,0,0,0.0
334,811,2025-07-12 19:11:42.295667,2025-07-12 19:11:42.906805,0.611,7.07,877.08,1752327702295,6.607,0,1,0,0,0,0,0,0,0,0,0,0,0,0,0,1,0,0,0,0,0.0
423,856,2025-07-12 19:11:48.058830,2025-07-12 19:11:48.494248,0.435,0.0,954.81,1752327708058,5.763,0,1,0,0,0,0,0,0,0,0,0,0,0,0,0,0,1,0,0,0,0.0
943,843,2025-07-12 19:11:50.373361,2025-07-12 19:11:50.863245,0.49,0.0,1264.87,1752327710373,2.315,1,2,0,0,0,0,0,0,0,0,0,0,0,0,0,0,1,0,0,0,0.0
363,943,2025-07-12 19:11:51.007108,2025-07-12 19:11:51.456722,0.45,0.0,1010.45,1752327711007,0.634,0,1,0,0,0,0,0,0,0,0,0,0,0,0,0,0,0,1,0,0,0.0
438,995,2025-07-12 19:11:56.829555,2025-07-12 19:11:58.030609,1.201,15.76,1087.14,1752327716829,5.822,0,1,0,0,0,0,0,0,0,0,0,0,0,0,0,0,0,0,1,0,0.0
546,999,2025-07-12 19:11:58.602761,2025-07-12 19:11:59.371456,0.769,6.15,1138.47,1752327718602,1.773,0,2,0,0,0,0,0,0,0,0,0,0,0,0,0,0,0,0,1,0,0.0
749,1053,2025-07-12 19:12:01.463517,2025-07-12 19:12:01.898988,0.435,0.0,1292.21,1752327721463,2.861,0,0,0,0,0,0,0,0,0,0,0,0,0,0,0,0,0,0,0,0,0.0
348,74,2025-07-12 19:20:26.235447,2025-07-12 19:20:26.938491,0.703,10.59,355.78,1752328226235,0.0,0,1,1,0,0,0,0,0,0,0,0,0,0,0,0,0,0,0,0,0,0.0
380,82,2025-07-12 19:20:26.938491,2025-07-12 19:20:27.362701,0.424,0.0,388.75,1752328226938,0.703,0,2,1,0,0,0,0,0,0,0,0,0,0,0,0,0,0,0,0,0,0.0
441,77,2025-07-12 19:20:27.670341,2025-07-12 19:20:28.152439,0.482,0.0,447.67,1752328227670,0.732,1,3,1,0,0,0,0,0,0,0,0,0,0,0,0,0,0,0,0,0,1.0
476,72,2025-07-12 19:20:28.152439,2025-07-12 19:20:28.572974,0.421,0.0,481.41,1752328228152,0.482,1,4,1,0,0,0,0,0,0,0,0,0,0,0,0,0,0,0,0,0,1.0
840,74,2025-07-12 19:20:30.205556,2025-07-12 19:20:30.800864,0.595,1.8,843.25,1752328230205,2.053,0,5,1,0,0,0,0,0,0,0,0,0,0,0,0,0,0,0,0,0,1.0
1256,75,2025-07-12 19:20:33.648294,2025-07-12 19:20:34.116983,0.469,0.0,1258.24,1752328233648,3.443,0,6,1,0,0,0,0,0,0,0,0,0,0,0,0,0,0,0,0,0,1.0
758,76,2025-07-12 19:20:35.290839,2025-07-12 19:20:35.746933,0.456,0.0,761.8,1752328235290,1.643,0,7,1,0,0,0,0,0,0,0,0,0,0,0,0,0,0,0,0,0,1.0
786,74,2025-07-12 19:20:35.746933,2025-07-12 19:20:36.189609,0.443,0.0,789.48,1752328235746,0.456,1,8,1,0,0,0,0,0,0,0,0,0,0,0,0,0,0,0,0,0,1.0
910,72,2025-07-12 19:20:37.113190,2025-07-12 19:20:37.576755,0.464,0.0,912.84,1752328237113,1.366,1,9,1,0,0,0,0,0,0,0,0,0,0,0,0,0,0,0,0,0,1.0
967,71,2025-07-12 19:20:37.719826,2025-07-12 19:20:38.137576,0.418,0.0,969.6,1752328237719,0.607,1,10,1,0,0,0,0,0,0,0,0,0,0,0,0,0,0,0,0,0,1.0
1236,64,2025-07-12 19:20:39.450944,2025-07-12 19:20:39.916178,0.465,0.0,1237.66,1752328239450,1.731,1,11,1,0,0,0,0,0,0,0,0,0,0,0,0,0,0,0,0,0,1.0
685,74,2025-07-12 19:20:40.966492,2025-07-12 19:20:41.985160,1.019,17.8,688.99,1752328240966,1.516,0,12,1,0,0,0,0,0,0,0,0,0,0,0,0,0,0,0,0,0,1.0
824,72,2025-07-12 19:20:42.933930,2025-07-12 19:20:43.385627,0.452,0.0,827.14,1752328242933,1.967,1,13,1,0,0,0,0,0,0,0,0,0,0,0,0,0,0,0,0,0,1.0
1011,81,2025-07-12 19:20:44.290136,2025-07-12 19:20:44.792170,0.502,0.0,1014.24,1752328244290,1.356,0,14,1,0,0,0,0,0,0,0,0,0,0,0,0,0,0,0,0,0,1.0
1178,74,2025-07-12 19:20:45.761919,2025-07-12 19:20:46.332022,0.57,0.0,1180.32,1752328245761,1.472,1,15,1,0,0,0,0,0,0,0,0,0,0,0,0,0,0,0,0,0,1.0
1337,74,2025-07-12 19:20:47.368387,2025-07-12 19:20:47.939170,0.571,2.0,1339.05,1752328247368,1.606,0,16,1,0,0,0,0,0,0,0,0,0,0,0,0,0,0,0,0,0,1.0
382,124,2025-07-12 19:20:48.636814,2025-07-12 19:20:49.091646,0.455,0.0,401.62,1752328248636,1.268,0,1,0,1,0,0,0,0,0,0,0,0,0,0,0,0,0,0,0,0,0.0
1270,112,2025-07-12 19:20:53.510011,2025-07-12 19:20:54.104028,0.594,3.04,1274.93,1752328253510,4.873,1,2,0,1,0,0,0,0,0,0,0,0,0,0,0,0,0,0,0,0,0.0
1297,115,2025-07-12 19:20:54.104028,2025-07-12 19:20:54.488006,0.384,0.0,1302.09,1752328254104,0.594,0,3,0,1,0,0,0,0,0,0,0,0,0,0,0,0,0,0,0,0,0.0
410,179,2025-07-12 19:20:54.896111,2025-07-12 19:20:55.473281,0.577,1.58,447.37,1752328254896,0.792,0,1,0,0,1,0,0,0,0,0,0,0,0,0,0,0,0,0,0,0,1.0
381,177,2025-07-12 19:20:55.473281,2025-07-12 19:20:55.865838,0.393,0.0,420.11,1752328255473,0.577,1,2,0,0,1,0,0,0,0,0,0,0,0,0,0,0,0,0,0,0,1.0
405,161,2025-07-12 19:20:55.865838,2025-07-12 19:20:56.480185,0.614,4.5,435.83,1752328255865,0.393,1,3,0,0,1,0,0,0,0,0,0,0,0,0,0,0,0,0,0,0,1.0
966,158,2025-07-12 19:20:59.955254,2025-07-12 19:21:00.357665,0.402,0.0,978.84,1752328259955,4.089,1,4,0,0,1,0,0,0,0,0,0,0,0,0,0,0,0,0,0,0,1.0
1122,151,2025-07-12 19:21:00.611489,2025-07-12 19:21:01.078451,0.467,0.0,1132.12,1752328260611,0.656,1,5,0,0,1,0,0,0,0,0,0,0,0,0,0,0,0,0,0,0,1.0
1294,159,2025-07-12 19:21:01.691330,2025-07-12 19:21:02.107802,0.416,0.0,1303.73,1752328261691,1.08,0,6,0,0,1,0,0,0,0,0,0,0,0,0,0,0,0,0,0,0,1.0
429,167,2025-07-12 19:21:03.767891,2025-07-12 19:21:04.184320,0.416,0.0,460.36,1752328263767,2.077,0,7,0,0,1,0,0,0,0,0,0,0,0,0,0,0,0,0,0,0,1.0
518,163,2025-07-12 19:21:04.755223,2025-07-12 19:21:05.160403,0.405,0.0,543.04,1752328264755,0.987,1,8,0,0,1,0,0,0,0,0,0,0,0,0,0,0,0,0,0,0,1.0
764,157,2025-07-12 19:21:06.380521,2025-07-12 19:21:08.114955,1.734,21.45,779.96,1752328266380,1.625,1,9,0,0,1,0,0,0,0,0,0,0,0,0,0,0,0,0,0,0,1.0
976,158,2025-07-12 19:21:09.504821,2025-07-12 19:21:10.071234,0.566,3.16,988.71,1752328269504,3.124,0,10,0,0,1,0,0,0,0,0,0,0,0,0,0,0,0,0,0,0,1.0
1005,162,2025-07-12 19:21:10.071234,2025-07-12 19:21:11.589409,1.518,9.07,1017.97,1752328270071,0.566,0,11,0,0,1,0,0,0,0,0,0,0,0,0,0,0,0,0,0,0,1.0
1030,156,2025-07-12 19:21:11.589409,2025-07-12 19:21:12.255217,0.666,1.41,1041.75,1752328271589,1.518,1,12,0,0,1,0,0,0,0,0,0,0,0,0,0,0,0,0,0,0,1.0
1135,162,2025-07-12 19:21:12.808974,2025-07-12 19:21:13.385423,0.576,1.5,1146.5,1752328272808,1.22,0,13,0,0,1,0,0,0,0,0,0,0,0,0,0,0,0,0,0,0,1.0
1165,161,2025-07-12 19:21:13.385423,2025-07-12 19:21:13.813199,0.428,0.0,1176.07,1752328273385,0.576,1,14,0,0,1,0,0,0,0,0,0,0,0,0,0,0,0,0,0,0,1.0
1302,160,2025-07-12 19:21:14.553179,2025-07-12 19:21:16.549572,1.996,21.0,1311.79,1752328274553,1.168,1,15,0,0,1,0,0,0,0,0,0,0,0,0,0,0,0,0,0,0,1.0
1226,167,2025-07-12 19:21:16.841753,2025-07-12 19:21:17.684591,0.843,15.77,1237.32,1752328276841,2.289,0,16,0,0,1,0,0,0,0,0,0,0,0,0,0,0,0,0,0,0,1.0
1256,162,2025-07-12 19:21:17.684591,2025-07-12 19:21:18.391357,0.707,3.28,1266.4,1752328277684,0.843,1,17,0,0,1,0,0,0,0,0,0,0,0,0,0,0,0,0,0,0,1.0
383,217,2025-07-12 19:21:19.193214,2025-07-12 19:21:19.929143,0.736,9.36,440.2,1752328279193,1.509,0,1,0,0,0,1,0,0,0,0,0,0,0,0,0,0,0,0,0,0,0.0
528,207,2025-07-12 19:21:20.479722,2025-07-12 19:21:20.900399,0.421,0.0,567.13,1752328280479,1.287,1,2,0,0,0,1,0,0,0,0,0,0,0,0,0,0,0,0,0,0,0.0
556,210,2025-07-12 19:21:20.900399,2025-07-12 19:21:21.438787,0.538,3.54,594.34,1752328280900,0.421,0,3,0,0,0,1,0,0,0,0,0,0,0,0,0,0,0,0,0,0,0.0
391,284,2025-07-12 19:21:22.229192,2025-07-12 19:21:22.683586,0.454,0.0,483.26,1752328282229,1.329,0,1,0,0,0,0,1,0,0,0,0,0,0,0,0,0,0,0,0,0,0.0
1328,331,2025-07-12 19:21:33.413553,2025-07-12 19:21:33.842810,0.429,0.0,1368.63,1752328293413,11.184,0,1,0,0,0,0,0,1,0,0,0,0,0,0,0,0,0,0,0,0,0.0
1372,379,2025-07-12 19:21:40.256066,2025-07-12 19:21:40.653908,0.398,0.0,1423.39,1752328300256,6.843,0,1,0,0,0,0,0,0,1,0,0,0,0,0,0,0,0,0,0,0,0.0
416,441,2025-07-12 19:21:41.099752,2025-07-12 19:21:41.671711,0.572,4.03,606.25,1752328301099,0.844,0,1,0,0,0,0,0,0,0,1,0,0,0,0,0,0,0,0,0,0,0.0
734,426,2025-07-12 19:21:43.350344,2025-07-12 19:21:43.770386,0.42,0.0,848.66,1752328303350,2.251,1,2,0,0,0,0,0,0,0,1,0,0,0,0,0,0,0,0,0,0,0.0
1376,427,2025-07-12 19:21:46.433664,2025-07-12 19:21:46.860326,0.427,0.0,1440.73,1752328306433,3.083,0,3,0,0,0,0,0,0,0,1,0,0,0,0,0,0,0,0,0,0,0.0
405,490,2025-07-12 19:21:47.492978,2025-07-12 19:21:48.261660,0.769,4.27,635.71,1752328307492,1.059,0,0,0,0,0,0,0,0,0,0,0,0,0,0,0,0,0,0,0,0,0.0
477,469,2025-07-12 19:21:48.521290,2025-07-12 19:21:48.937884,0.417,0.0,668.95,1752328308521,1.028,1,1,0,0,0,0,0,0,0,0,1,0,0,0,0,0,0,0,0,0,0.0
418,566,2025-07-12 19:21:51.217609,2025-07-12 19:21:51.816812,0.599,11.01,703.62,1752328311217,2.696,0,1,0,0,0,0,0,0,0,0,0,1,0,0,0,0,0,0,0,0,0.0
740,561,2025-07-12 19:21:53.528009,2025-07-12 19:21:53.998076,0.47,0.0,928.61,1752328313528,2.31,1,2,0,0,0,0,0,0,0,0,0,1,0,0,0,0,0,0,0,0,0.0
1291,559,2025-07-12 19:21:57.081284,2025-07-12 19:21:57.513396,0.432,0.0,1406.83,1752328317081,3.553,1,3,0,0,0,0,0,0,0,0,0,1,0,0,0,0,0,0,0,0,0.0
414,624,2025-07-12 19:21:57.919684,2025-07-12 19:21:58.469870,0.55,13.01,748.85,1752328317919,0.838,0,1,0,0,0,0,0,0,0,0,0,0,0,1,0,0,0,0,0,0,0.0
471,751,2025-07-12 19:21:59.420689,2025-07-12 19:21:59.845496,0.425,0.0,886.48,1752328319420,1.501,0,1,0,0,0,0,0,0,0,0,0,0,0,0,1,1,0,0,0,0,0.0
414,655,2025-07-12 19:22:01.680168,2025-07-12 19:22:02.231658,0.551,2.0,774.87,1752328321680,2.259,1,2,0,0,0,0,0,0,0,0,0,0,0,1,0,0,0,0,0,0,0.0
413,662,2025-07-12 19:22:08.864745,2025-07-12 19:22:09.532123,0.667,2.5,780.26,1752328328864,7.185,0,0,0,0,0,0,0,0,0,0,0,0,0,0,0,0,0,0,0,0,0.0
376,733,2025-07-12 19:22:10.170178,2025-07-12 19:22:10.659244,0.489,0.0,823.81,1752328330170,1.305,0,2,0,0,0,0,0,0,0,0,0,0,0,0,1,0,0,0,0,0,0.0
481,752,2025-07-12 19:22:11.075701,2025-07-12 19:22:12.296629,1.221,18.72,892.67,1752328331075,0.906,0,3,0,0,0,0,0,0,0,0,0,0,0,0,1,1,0,0,0,0,0.0
475,789,2025-07-12 19:22:12.296629,2025-07-12 19:22:12.732848,0.436,0.0,920.95,1752328332296,1.221,0,1,0,0,0,0,0,0,0,0,0,0,0,0,0,1,0,0,0,0,0.0
698,745,2025-07-12 19:22:14.821300,2025-07-12 19:22:15.277143,0.456,0.0,1020.9,1752328334821,2.525,1,4,0,0,0,0,0,0,0,0,0,0,0,0,1,0,0,0,0,0,0.0
763,736,2025-07-12 19:22:15.410049,2025-07-12 19:22:16.103420,0.693,4.0,1060.12,1752328335410,0.589,1,5,0,0,0,0,0,0,0,0,0,0,0,0,1,0,0,0,0,0,0.0
792,736,2025-07-12 19:22:16.103420,2025-07-12 19:22:16.521189,0.418,0.0,1081.18,1752328336103,0.693,0,6,0,0,0,0,0,0,0,0,0,0,0,0,1,0,0,0,0,0,0.0
399,792,2025-07-12 19:22:20.507355,2025-07-12 19:22:21.166968,0.66,9.67,886.83,1752328340507,4.404,0,2,0,0,0,0,0,0,0,0,0,0,0,0,0,1,0,0,0,0,0.0
426,794,2025-07-12 19:22:21.166968,2025-07-12 19:22:21.587564,0.421,0.0,901.06,1752328341166,0.66,0,3,0,0,0,0,0,0,0,0,0,0,0,0,0,1,0,0,0,0,0.0
498,799,2025-07-12 19:22:21.812379,2025-07-12 19:22:22.315200,0.503,0.0,941.49,1752328341812,0.645,0,4,0,0,0,0,0,0,0,0,0,0,0,0,0,1,1,0,0,0,0.0
538,781,2025-07-12 19:22:22.315200,2025-07-12 19:22:22.798412,0.483,0.0,948.37,1752328342315,0.503,1,5,0,0,0,0,0,0,0,0,0,0,0,0,0,1,0,0,0,0,0.0
625,781,2025-07-12 19:22:23.217068,2025-07-12 19:22:23.784611,0.568,4.53,1000.29,1752328343217,0.902,0,6,0,0,0,0,0,0,0,0,0,0,0,0,0,1,0,0,0,0,0.0
650,789,2025-07-12 19:22:23.784611,2025-07-12 19:22:24.333279,0.549,7.02,1022.26,1752328343784,0.568,0,7,0,0,0,0,0,0,0,0,0,0,0,0,0,1,0,0,0,0,0.0
688,790,2025-07-12 19:22:24.333279,2025-07-12 19:22:24.721803,0.389,0.0,1047.59,1752328344333,0.549,0,8,0,0,0,0,0,0,0,0,0,0,0,0,0,1,0,0,0,0,0.0
757,791,2025-07-12 19:22:24.992557,2025-07-12 19:22:25.579791,0.587,3.54,1094.87,1752328344992,0.659,0,9,0,0,0,0,0,0,0,0,0,0,0,0,0,1,0,0,0,0,0.0
1112,781,2025-07-12 19:22:27.775303,2025-07-12 19:22:28.199058,0.424,0.0,1358.86,1752328347775,2.783,1,10,0,0,0,0,0,0,0,0,0,0,0,0,0,1,0,0,0,0,0.0
1257,783,2025-07-12 19:22:28.809331,2025-07-12 19:22:29.957848,1.149,13.34,1480.92,1752328348809,1.034,0,11,0,0,0,0,0,0,0,0,0,0,0,0,0,1,0,0,0,0,0.0
1355,785,2025-07-12 19:22:30.480638,2025-07-12 19:22:30.888116,0.407,0.0,1565.97,1752328350480,1.671,0,12,0,0,0,0,0,0,0,0,0,0,0,0,0,1,0,0,0,0,0.0
513,814,2025-07-12 19:22:32.396836,2025-07-12 19:22:32.929705,0.533,5.1,962.17,1752328352396,1.916,0,1,0,0,0,0,0,0,0,0,0,0,0,0,0,0,1,0,0,0,0.0
539,817,2025-07-12 19:22:32.929705,2025-07-12 19:22:33.326123,0.396,0.0,978.78,1752328352929,0.533,0,2,0,0,0,0,0,0,0,0,0,0,0,0,0,0,1,0,0,0,0.0
738,827,2025-07-12 19:22:34.302180,2025-07-12 19:22:35.497223,1.195,18.88,1108.41,1752328354302,1.372,0,3,0,0,0,0,0,0,0,0,0,0,0,0,0,0,1,0,0,0,0.0
851,818,2025-07-12 19:22:35.784470,2025-07-12 19:22:36.191536,0.407,0.0,1180.39,1752328355784,1.482,1,4,0,0,0,0,0,0,0,0,0,0,0,0,0,0,1,0,0,0,0.0
396,882,2025-07-12 19:22:39.207266,2025-07-12 19:22:39.745400,0.538,4.53,966.82,1752328359207,3.423,0,1,0,0,0,0,0,0,0,0,0,0,0,0,0,0,0,1,0,0,0.0
616,874,2025-07-12 19:22:40.567389,2025-07-12 19:22:41.022453,0.455,0.0,1069.27,1752328360567,1.36,1,2,0,0,0,0,0,0,0,0,0,0,0,0,0,0,0,1,0,0,0.0
759,872,2025-07-12 19:22:41.462911,2025-07-12 19:22:41.856835,0.394,0.0,1156.06,1752328361462,0.896,1,3,0,0,0,0,0,0,0,0,0,0,0,0,0,0,0,1,0,0,0.0
786,869,2025-07-12 19:22:41.856835,2025-07-12 19:22:42.525088,0.668,16.22,1171.73,1752328361856,0.394,1,4,0,0,0,0,0,0,0,0,0,0,0,0,0,0,0,1,0,0,0.0
406,961,2025-07-12 19:22:43.067033,2025-07-12 19:22:43.488279,0.421,0.0,1043.24,1752328363067,1.21,0,1,0,0,0,0,0,0,0,0,0,0,0,0,0,0,0,0,1,0,0.0
695,964,2025-07-12 19:22:45.021096,2025-07-12 19:22:45.418155,0.397,0.0,1188.41,1752328365021,1.954,0,2,0,0,0,0,0,0,0,0,0,0,0,0,0,0,0,0,1,0,0.0
753,963,2025-07-12 19:22:45.710352,2025-07-12 19:22:46.115664,0.405,0.0,1222.45,1752328365710,0.689,1,3,0,0,0,0,0,0,0,0,0,0,0,0,0,0,0,0,1,0,0.0
783,961,2025-07-12 19:22:46.115664,2025-07-12 19:22:46.648819,0.533,4.0,1239.6,1752328366115,0.405,1,4,0,0,0,0,0,0,0,0,0,0,0,0,0,0,0,0,1,0,0.0
808,960,2025-07-12 19:22:46.648819,2025-07-12 19:22:47.221145,0.572,7.57,1254.78,1752328366648,0.533,1,5,0,0,0,0,0,0,0,0,0,0,0,0,0,0,0,0,1,0,0.0
1089,961,2025-07-12 19:22:48.501441,2025-07-12 19:22:49.483214,0.982,16.94,1452.39,1752328368501,1.853,0,6,0,0,0,0,0,0,0,0,0,0,0,0,0,0,0,0,1,0,0.0
1323,965,2025-07-12 19:22:50.935113,2025-07-12 19:22:51.348299,0.413,0.0,1637.55,1752328370935,2.434,0,7,0,0,0,0,0,0,0,0,0,0,0,0,0,0,0,0,1,0,0.0
1369,964,2025-07-12 19:22:51.348299,2025-07-12 19:22:51.868230,0.52,2.55,1674.35,1752328371348,0.413,1,8,0,0,0,0,0,0,0,0,0,0,0,0,0,0,0,0,1,0,0.0
418,1010,2025-07-12 19:22:52.269729,2025-07-12 19:22:53.163938,0.894,20.73,1093.08,1752328372269,0.921,0,1,0,0,0,0,0,0,0,0,0,0,0,0,0,0,0,0,0,1,1.0
707,1002,2025-07-12 19:22:55.924594,2025-07-12 19:22:56.373672,0.449,0.0,1226.32,1752328375924,3.655,1,2,0,0,0,0,0,0,0,0,0,0,0,0,0,0,0,0,0,1,1.0
1280,1006,2025-07-12 19:22:58.697213,2025-07-12 19:22:59.290272,0.593,5.1,1628.02,1752328378697,2.773,0,3,0,0,0,0,0,0,0,0,0,0,0,0,0,0,0,0,0,1,1.0
550,1005,2025-07-12 19:23:00.182230,2025-07-12 19:23:00.904640,0.722,16.33,1145.65,1752328380182,1.485,1,4,0,0,0,0,0,0,0,0,0,0,0,0,0,0,0,0,0,1,1.0
581,1007,2025-07-12 19:23:00.904640,2025-07-12 19:23:01.315063,0.41,0.0,1162.59,1752328380904,0.722,0,5,0,0,0,0,0,0,0,0,0,0,0,0,0,0,0,0,0,1,1.0
905,988,2025-07-12 19:23:02.653829,2025-07-12 19:23:03.083855,0.43,0.0,1339.84,1752328382653,1.749,1,6,0,0,0,0,0,0,0,0,0,0,0,0,0,0,0,0,0,1,1.0
963,990,2025-07-12 19:23:03.366918,2025-07-12 19:23:04.497312,1.13,6.55,1381.11,1752328383366,0.713,0,7,0,0,0,0,0,0,0,0,0,0,0,0,0,0,0,0,0,1,1.0
963,991,2025-07-12 19:23:04.796698,2025-07-12 19:23:05.298840,0.502,0.0,1381.83,1752328384796,1.43,0,8,0,0,0,0,0,0,0,0,0,0,0,0,0,0,0,0,0,1,1.0
932,1000,2025-07-12 19:23:05.298840,2025-07-12 19:23:06.129900,0.831,17.63,1366.98,1752328385298,0.502,0,9,0,0,0,0,0,0,0,0,0,0,0,0,0,0,0,0,0,1,1.0
963,994,2025-07-12 19:23:06.129900,2025-07-12 19:23:06.752229,0.622,16.01,1383.98,1752328386129,0.831,1,10,0,0,0,0,0,0,0,0,0,0,0,0,0,0,0,0,0,1,1.0
623,1014,2025-07-12 19:23:08.584833,2025-07-12 19:23:09.421939,0.837,7.6,1190.09,1752328388584,2.455,0,11,0,0,0,0,0,0,0,0,0,0,0,0,0,0,0,0,0,1,1.0
1174,994,2025-07-12 19:23:10.004831,2025-07-12 19:23:10.393749,0.389,0.0,1538.28,1752328390004,1.42,1,12,0,0,0,0,0,0,0,0,0,0,0,0,0,0,0,0,0,1,1.0
1216,996,2025-07-12 19:23:10.393749,2025-07-12 19:23:10.785718,0.392,0.0,1571.84,1752328390393,0.389,0,13,0,0,0,0,0,0,0,0,0,0,0,0,0,0,0,0,0,1,1.0
1275,1003,2025-07-12 19:23:10.925562,2025-07-12 19:23:11.450099,0.525,3.04,1622.23,1752328390925,0.532,0,14,0,0,0,0,0,0,0,0,0,0,0,0,0,0,0,0,0,1,1.0
1070,1003,2025-07-12 19:23:12.172322,2025-07-12 19:23:12.609296,0.437,0.0,1466.6,1752328392172,1.247,0,15,0,0,0,0,0,0,0,0,0,0,0,0,0,0,0,0,0,1,1.0
1045,1000,2025-07-12 19:23:12.609296,2025-07-12 19:23:13.024776,0.415,0.0,1446.38,1752328392609,0.437,1,16,0,0,0,0,0,0,0,0,0,0,0,0,0,0,0,0,0,1,1.0
1074,998,2025-07-12 19:23:13.024776,2025-07-12 19:23:13.429996,0.405,0.0,1466.11,1752328393024,0.415,1,17,0,0,0,0,0,0,0,0,0,0,0,0,0,0,0,0,0,1,1.0
1227,994,2025-07-12 19:23:14.162117,2025-07-12 19:23:14.595685,0.434,0.0,1579.1,1752328394162,1.137,1,18,0,0,0,0,0,0,0,0,0,0,0,0,0,0,0,0,0,1,1.0
612,1010,2025-07-12 19:23:16.235700,2025-07-12 19:23:16.775181,0.539,8.5,1180.95,1752328396235,2.074,0,19,0,0,0,0,0,0,0,0,0,0,0,0,0,0,0,0,0,1,1.0
646,1010,2025-07-12 19:23:16.775181,2025-07-12 19:23:17.234820,0.46,0.0,1198.92,1752328396775,0.539,0,20,0,0,0,0,0,0,0,0,0,0,0,0,0,0,0,0,0,1,1.0
1171,995,2025-07-12 19:23:19.991838,2025-07-12 19:23:20.403776,0.412,0.0,1536.64,1752328399991,3.217,1,21,0,0,0,0,0,0,0,0,0,0,0,0,0,0,0,0,0,1,1.0
252,58,2025-07-13 00:12:25.212287,2025-07-13 00:12:25.995125,0.783,8.39,258.59,1752345745212,0.0,0,1,1,0,0,0,0,0,0,0,0,0,0,0,0,0,0,0,0,0,0.0
281,57,2025-07-13 00:12:25.995125,2025-07-13 00:12:26.479947,0.485,2.55,286.72,1752345745995,0.783,1,2,1,0,0,0,0,0,0,0,0,0,0,0,0,0,0,0,0,0,0.0
461,56,2025-07-13 00:12:27.227955,2025-07-13 00:12:27.624418,0.396,0.0,464.39,1752345747227,1.233,1,3,1,0,0,0,0,0,0,0,0,0,0,0,0,0,0,0,0,0,0.0
829,2,2025-07-13 00:12:30.255130,2025-07-13 00:12:30.930818,0.676,4.77,829.0,1752345750255,3.027,1,0,0,0,0,0,0,0,0,0,0,0,0,0,0,0,0,0,0,0,0.0
842,24,2025-07-13 00:12:30.930818,2025-07-13 00:12:31.337930,0.407,0.0,842.34,1752345750930,0.676,0,0,0,0,0,0,0,0,0,0,0,0,0,0,0,0,0,0,0,0,0.0
880,41,2025-07-13 00:12:31.337930,2025-07-13 00:12:31.737614,0.4,0.0,880.95,1752345751337,0.407,0,0,0,0,0,0,0,0,0,0,0,0,0,0,0,0,0,0,0,0,0.0
1066,52,2025-07-13 00:12:32.539413,2025-07-13 00:12:32.940736,0.401,0.0,1067.27,1752345752539,1.201,0,4,1,0,0,0,0,0,0,0,0,0,0,0,0,0,0,0,0,0,0.0
1650,54,2025-07-13 00:12:35.351136,2025-07-13 00:12:35.737491,0.386,0.0,1650.88,1752345755351,2.812,0,5,1,0,0,0,0,0,0,0,0,0,0,0,0,0,0,0,0,0,0.0
220,111,2025-07-13 00:12:36.363252,2025-07-13 00:12:37.185500,0.822,28.0,246.42,1752345756363,1.012,0,1,0,1,0,0,0,0,0,0,0,0,0,0,0,0,0,0,0,0,0.0
543,116,2025-07-13 00:12:38.972185,2025-07-13 00:12:39.381189,0.409,0.0,555.25,1752345758972,2.609,0,2,0,1,0,0,0,0,0,0,0,0,0,0,0,0,0,0,0,0,0.0
1624,106,2025-07-13 00:12:44.787258,2025-07-13 00:12:45.194598,0.407,0.0,1627.46,1752345764787,5.815,1,3,0,1,0,0,0,0,0,0,0,0,0,0,0,0,0,0,0,0,0.0
1652,108,2025-07-13 00:12:45.194598,2025-07-13 00:12:45.576233,0.382,0.0,1655.53,1752345765194,0.407,0,4,0,1,0,0,0,0,0,0,0,0,0,0,0,0,0,0,0,0,0.0
871,144,2025-07-13 00:12:49.225886,2025-07-13 00:12:50.242763,1.017,3.44,882.82,1752345769225,4.031,0,5,0,1,0,0,0,0,0,0,0,0,0,0,0,0,0,0,0,0,0.0
150,201,2025-07-13 00:12:53.161581,2025-07-13 00:12:53.556411,0.395,0.0,250.8,1752345773161,3.936,0,1,0,0,1,0,0,0,0,0,0,0,0,0,0,0,0,0,0,0,1.0
217,186,2025-07-13 00:12:53.936443,2025-07-13 00:12:54.319448,0.383,0.0,285.81,1752345773936,0.775,1,2,0,0,1,0,0,0,0,0,0,0,0,0,0,0,0,0,0,0,1.0
933,159,2025-07-13 00:12:57.424732,2025-07-13 00:12:57.817838,0.393,0.0,946.45,1752345777424,3.488,1,3,0,0,1,0,0,0,0,0,0,0,0,0,0,0,0,0,0,0,1.0
832,162,2025-07-13 00:12:59.499149,2025-07-13 00:13:00.532095,1.033,7.9,847.62,1752345779499,2.074,0,4,0,0,1,0,0,0,0,0,0,0,0,0,0,0,0,0,0,0,1.0
554,190,2025-07-13 00:13:01.347991,2025-07-13 00:13:01.799545,0.452,0.0,585.68,1752345781347,1.849,0,5,0,0,1,0,0,0,0,0,0,0,0,0,0,0,0,0,0,0,1.0
760,204,2025-07-13 00:13:02.830132,2025-07-13 00:13:03.346063,0.516,0.0,786.9,1752345782830,1.482,0,6,0,0,1,0,0,0,0,0,0,0,0,0,0,0,0,0,0,0,1.0
790,190,2025-07-13 00:13:03.346063,2025-07-13 00:13:03.884488,0.538,0.0,812.53,1752345783346,0.516,1,7,0,0,1,0,0,0,0,0,0,0,0,0,0,0,0,0,0,0,1.0
817,183,2025-07-13 00:13:03.884488,2025-07-13 00:13:04.271785,0.387,0.0,837.24,1752345783884,0.538,1,8,0,0,1,0,0,0,0,0,0,0,0,0,0,0,0,0,0,0,1.0
845,176,2025-07-13 00:13:04.271785,2025-07-13 00:13:04.794760,0.523,5.7,863.13,1752345784271,0.387,1,9,0,0,1,0,0,0,0,0,0,0,0,0,0,0,0,0,0,0,1.0
772,199,2025-07-13 00:13:06.610113,2025-07-13 00:13:06.977749,0.368,0.0,797.24,1752345786610,2.338,0,10,0,0,1,0,0,0,0,0,0,0,0,0,0,0,0,0,0,0,1.0
1379,145,2025-07-13 00:13:09.591322,2025-07-13 00:13:09.969905,0.379,0.0,1386.6,1752345789591,2.981,1,6,0,1,0,0,0,0,0,0,0,0,0,0,0,0,0,0,0,0,0.0
1352,139,2025-07-13 00:13:09.969905,2025-07-13 00:13:10.467223,0.497,4.53,1359.13,1752345789969,0.379,1,7,0,1,0,0,0,0,0,0,0,0,0,0,0,0,0,0,0,0,0.0
1162,169,2025-07-13 00:13:11.090017,2025-07-13 00:13:11.814238,0.724,3.4,1174.23,1752345791090,1.12,0,11,0,0,1,0,0,0,0,0,0,0,0,0,0,0,0,0,0,0,1.0
1136,171,2025-07-13 00:13:11.814238,2025-07-13 00:13:12.640680,0.826,8.78,1148.8,1752345791814,0.724,0,12,0,0,1,0,0,0,0,0,0,0,0,0,0,0,0,0,0,0,1.0
1289,167,2025-07-13 00:13:15.201689,2025-07-13 00:13:15.582961,0.381,0.0,1299.77,1752345795201,3.387,1,13,0,0,1,0,0,0,0,0,0,0,0,0,0,0,0,0,0,0,1.0
232,230,2025-07-13 00:13:15.947804,2025-07-13 00:13:16.576807,0.629,10.5,326.69,1752345795947,0.746,0,1,0,0,0,1,0,0,0,0,0,0,0,0,0,0,0,0,0,0,0.0
356,226,2025-07-13 00:13:17.188169,2025-07-13 00:13:17.585825,0.398,0.0,421.68,1752345797188,1.24,1,2,0,0,0,1,0,0,0,0,0,0,0,0,0,0,0,0,0,0,0.0
1040,220,2025-07-13 00:13:22.193034,2025-07-13 00:13:22.565877,0.373,0.0,1063.01,1752345802193,5.005,1,3,0,0,0,1,0,0,0,0,0,0,0,0,0,0,0,0,0,0,0.0
1090,223,2025-07-13 00:13:22.697900,2025-07-13 00:13:23.063987,0.366,0.0,1112.58,1752345802697,0.505,0,4,0,0,0,1,0,0,0,0,0,0,0,0,0,0,0,0,0,0,0.0
250,286,2025-07-13 00:13:25.639873,2025-07-13 00:13:26.174234,0.534,1.0,379.86,1752345805639,2.942,0,1,0,0,0,0,1,0,0,0,0,0,0,0,0,0,0,0,0,0,0.0
251,331,2025-07-13 00:13:33.807650,2025-07-13 00:13:34.290494,0.483,0.0,415.41,1752345813807,8.168,0,1,0,0,0,0,0,1,0,0,0,0,0,0,0,0,0,0,0,0,0.0
221,403,2025-07-13 00:13:39.845014,2025-07-13 00:13:40.229864,0.385,0.0,459.62,1752345819845,6.037,0,1,0,0,0,0,0,0,1,0,0,0,0,0,0,0,0,0,0,0,0.0
234,464,2025-07-13 00:13:46.345285,2025-07-13 00:13:47.190981,0.846,12.26,519.67,1752345826345,6.5,0,1,0,0,0,0,0,0,0,1,0,0,0,0,0,0,0,0,0,0,0.0
240,516,2025-07-13 00:13:52.918593,2025-07-13 00:13:53.556749,0.638,7.07,569.08,1752345832918,6.573,0,1,0,0,0,0,0,0,0,0,1,0,0,0,0,0,0,0,0,0,0.0
832,515,2025-07-13 00:13:56.537828,2025-07-13 00:13:57.159191,0.621,7.07,978.49,1752345836537,3.619,1,2,0,0,0,0,0,0,0,0,1,0,0,0,0,0,0,0,0,0,0.0
930,508,2025-07-13 00:13:57.520481,2025-07-13 00:13:57.952932,0.432,0.0,1059.7,1752345837520,0.983,1,3,0,0,0,0,0,0,0,0,1,0,0,0,0,0,0,0,0,0,0.0
299,581,2025-07-13 00:14:00.934560,2025-07-13 00:14:01.941753,1.007,29.17,653.42,1752345840934,3.414,0,1,0,0,0,0,0,0,0,0,0,1,0,0,0,0,0,0,0,0,1.0
391,578,2025-07-13 00:14:02.575791,2025-07-13 00:14:03.249165,0.673,6.32,697.83,1752345842575,1.641,1,2,0,0,0,0,0,0,0,0,0,1,0,0,0,0,0,0,0,0,1.0
450,579,2025-07-13 00:14:03.476874,2025-07-13 00:14:03.965459,0.489,0.0,733.31,1752345843476,0.901,0,3,0,0,0,0,0,0,0,0,0,1,0,0,0,0,0,0,0,0,1.0
483,580,2025-07-13 00:14:03.965459,2025-07-13 00:14:04.348472,0.383,0.0,754.78,1752345843965,0.489,0,4,0,0,0,0,0,0,0,0,0,1,0,0,0,0,0,0,0,0,1.0
510,581,2025-07-13 00:14:04.348472,2025-07-13 00:14:05.042201,0.694,3.8,773.09,1752345844348,0.383,0,5,0,0,0,0,0,0,0,0,0,1,0,0,0,0,0,0,0,0,1.0
418,581,2025-07-13 00:14:05.552166,2025-07-13 00:14:05.953888,0.402,0.0,715.74,1752345845552,1.204,0,6,0,0,0,0,0,0,0,0,0,1,0,0,0,0,0,0,0,0,1.0
385,585,2025-07-13 00:14:05.953888,2025-07-13 00:14:06.946686,0.993,5.16,700.32,1752345845953,0.402,0,7,0,0,0,0,0,0,0,0,0,1,0,0,0,0,0,0,0,0,1.0
359,588,2025-07-13 00:14:06.946686,2025-07-13 00:14:07.432906,0.486,0.0,688.93,1752345846946,0.993,0,8,0,0,0,0,0,0,0,0,0,1,0,0,0,0,0,0,0,0,1.0
386,581,2025-07-13 00:14:11.959318,2025-07-13 00:14:13.490686,1.531,21.01,697.54,1752345851959,5.013,1,9,0,0,0,0,0,0,0,0,0,1,0,0,0,0,0,0,0,0,1.0
412,584,2025-07-13 00:14:13.490686,2025-07-13 00:14:14.018825,0.528,2.55,714.7,1752345853490,1.531,0,10,0,0,0,0,0,0,0,0,0,1,0,0,0,0,0,0,0,0,1.0
438,582,2025-07-13 00:14:14.018825,2025-07-13 00:14:14.690295,0.671,4.06,728.4,1752345854018,0.528,1,11,0,0,0,0,0,0,0,0,0,1,0,0,0,0,0,0,0,0,1.0
228,646,2025-07-13 00:14:19.830873,2025-07-13 00:14:20.302148,0.471,0.0,685.05,1752345859830,5.812,0,1,0,0,0,0,0,0,0,0,0,0,1,0,0,0,0,0,0,0,0.0
258,705,2025-07-13 00:14:25.614717,2025-07-13 00:14:26.131195,0.516,10.5,750.73,1752345865614,5.784,0,1,0,0,0,0,0,0,0,0,0,0,0,1,0,0,0,0,0,0,0.0
742,747,2025-07-13 00:14:28.017573,2025-07-13 00:14:28.415891,0.398,0.0,1052.89,1752345868017,2.403,0,1,0,0,0,0,0,0,0,0,0,0,0,0,1,0,0,0,0,0,0.0
587,770,2025-07-13 00:14:34.773483,2025-07-13 00:14:35.251995,0.479,0.0,968.23,1752345874773,6.756,0,2,0,0,0,0,0,0,0,0,0,0,0,0,1,0,0,0,0,0,0.0
243,804,2025-07-13 00:14:39.091901,2025-07-13 00:14:39.605117,0.513,1.0,839.92,1752345879091,4.318,0,1,0,0,0,0,0,0,0,0,0,0,0,0,0,1,0,0,0,0,0.0
219,813,2025-07-13 00:14:39.605117,2025-07-13 00:14:39.970171,0.365,0.0,841.98,1752345879605,0.513,0,2,0,0,0,0,0,0,0,0,0,0,0,0,0,1,0,0,0,0,0.0
258,877,2025-07-13 00:14:44.619081,2025-07-13 00:14:45.245225,0.626,16.17,914.16,1752345884619,5.014,0,1,0,0,0,0,0,0,0,0,0,0,0,0,0,0,1,0,0,0,0.0
231,997,2025-07-13 00:14:56.235510,2025-07-13 00:14:56.991198,0.756,18.54,1023.41,1752345896235,11.616,0,1,0,0,0,0,0,0,0,0,0,0,0,0,0,0,0,0,1,0,0.0
772,986,2025-07-13 00:14:59.566659,2025-07-13 00:15:00.090811,0.524,0.0,1252.27,1752345899566,3.331,1,2,0,0,0,0,0,0,0,0,0,0,0,0,0,0,0,0,1,0,0.0
272,63,2025-07-13 00:32:17.324704,2025-07-13 00:32:17.996302,0.672,2.92,279.2,1752346937324,0.0,0,1,1,0,0,0,0,0,0,0,0,0,0,0,0,0,0,0,0,0,0.0
265,78,2025-07-13 00:32:26.779097,2025-07-13 00:32:27.265972,0.487,0.0,276.24,1752346946779,9.454,0,2,1,0,0,0,0,0,0,0,0,0,0,0,0,0,0,0,0,0,0.0
231,156,2025-07-13 00:32:33.607123,2025-07-13 00:32:35.035044,1.428,20.72,278.74,1752346953607,6.828,0,1,0,0,1,0,0,0,0,0,0,0,0,0,0,0,0,0,0,0,1.0
626,154,2025-07-13 00:32:37.135525,2025-07-13 00:32:37.649077,0.514,0.0,644.66,1752346957135,3.528,1,2,0,0,1,0,0,0,0,0,0,0,0,0,0,0,0,0,0,0,1.0
616,134,2025-07-13 00:32:38.515126,2025-07-13 00:32:39.406928,0.892,5.68,630.41,1752346958515,1.38,1,1,0,1,0,0,0,0,0,0,0,0,0,0,0,0,0,0,0,0,0.0
667,222,2025-07-13 00:32:39.406928,2025-07-13 00:32:39.894363,0.487,0.0,702.97,1752346959406,0.892,0,1,0,0,0,1,0,0,0,0,0,0,0,0,0,0,0,0,0,0,1.0
692,230,2025-07-13 00:32:39.894363,2025-07-13 00:32:40.367110,0.473,0.0,729.22,1752346959894,0.487,0,2,0,0,0,1,0,0,0,0,0,0,0,0,0,0,0,0,0,0,1.0
437,167,2025-07-13 00:32:42.138852,2025-07-13 00:32:42.642750,0.504,0.0,467.82,1752346962138,2.244,1,3,0,0,1,0,0,0,0,0,0,0,0,0,0,0,0,0,0,0,1.0
246,228,2025-07-13 00:32:48.765904,2025-07-13 00:32:49.738430,0.973,22.51,335.41,1752346968765,6.627,0,3,0,0,0,1,0,0,0,0,0,0,0,0,0,0,0,0,0,0,1.0
652,224,2025-07-13 00:32:52.132984,2025-07-13 00:32:52.772551,0.64,14.22,689.41,1752346972132,3.367,1,4,0,0,0,1,0,0,0,0,0,0,0,0,0,0,0,0,0,0,1.0
244,223,2025-07-13 00:32:53.293982,2025-07-13 00:32:53.865029,0.571,0.0,330.55,1752346973293,1.161,1,5,0,0,0,1,0,0,0,0,0,0,0,0,0,0,0,0,0,0,1.0
1055,152,2025-07-13 00:32:55.086735,2025-07-13 00:32:55.641828,0.555,0.0,1065.89,1752346975086,1.793,1,4,0,0,1,0,0,0,0,0,0,0,0,0,0,0,0,0,0,0,1.0
1341,161,2025-07-13 00:32:57.643455,2025-07-13 00:32:58.177647,0.534,0.0,1350.63,1752346977643,2.557,0,5,0,0,1,0,0,0,0,0,0,0,0,0,0,0,0,0,0,0,1.0
1144,162,2025-07-13 00:33:00.302025,2025-07-13 00:33:00.864666,0.563,0.0,1155.41,1752346980302,2.659,0,6,0,0,1,0,0,0,0,0,0,0,0,0,0,0,0,0,0,0,1.0
1273,180,2025-07-13 00:33:01.860262,2025-07-13 00:33:02.373015,0.513,0.0,1285.66,1752346981860,1.558,0,7,0,0,1,0,0,0,0,0,0,0,0,0,0,0,0,0,0,0,1.0
1382,169,2025-07-13 00:33:02.846466,2025-07-13 00:33:03.341591,0.495,0.0,1392.29,1752346982846,0.986,1,8,0,0,1,0,0,0,0,0,0,0,0,0,0,0,0,0,0,0,1.0
284,194,2025-07-13 00:33:05.086256,2025-07-13 00:33:05.594163,0.508,0.0,343.94,1752346985086,2.24,0,9,0,0,1,0,0,0,0,0,0,0,0,0,0,0,0,0,0,0,1.0
265,212,2025-07-13 00:33:05.594163,2025-07-13 00:33:06.074423,0.48,0.0,339.37,1752346985594,0.508,0,6,0,0,0,1,0,0,0,0,0,0,0,0,0,0,0,0,0,0,1.0
488,209,2025-07-13 00:33:12.174457,2025-07-13 00:33:12.960534,0.786,13.19,530.87,1752346992174,6.58,1,7,0,0,0,1,0,0,0,0,0,0,0,0,0,0,0,0,0,0,1.0
413,231,2025-07-13 00:33:15.011994,2025-07-13 00:33:15.534089,0.522,0.0,473.21,1752346995011,2.838,0,8,0,0,0,1,0,0,0,0,0,0,0,0,0,0,0,0,0,0,1.0
1257,162,2025-07-13 00:33:19.463303,2025-07-13 00:33:20.155688,0.692,2.5,1267.4,1752346999463,4.451,1,10,0,0,1,0,0,0,0,0,0,0,0,0,0,0,0,0,0,0,1.0
826,183,2025-07-13 00:33:21.590855,2025-07-13 00:33:22.216954,0.626,8.86,846.03,1752347001590,2.128,0,11,0,0,1,0,0,0,0,0,0,0,0,0,0,0,0,0,0,0,1.0
1280,450,2025-07-13 00:33:49.334359,2025-07-13 00:33:49.859902,0.526,0.0,1356.8,1752347029334,27.744,0,1,0,0,0,0,0,0,0,1,0,0,0,0,0,0,0,0,0,0,1.0
1533,456,2025-07-13 00:33:52.052507,2025-07-13 00:33:52.552716,0.5,0.0,1599.38,1752347032052,2.718,0,2,0,0,0,0,0,0,0,1,0,0,0,0,0,0,0,0,0,0,1.0
1394,451,2025-07-13 00:33:53.041633,2025-07-13 00:33:53.855931,0.814,2.06,1465.14,1752347033041,0.989,1,3,0,0,0,0,0,0,0,1,0,0,0,0,0,0,0,0,0,0,1.0
1399,470,2025-07-13 00:33:55.434083,2025-07-13 00:33:57.675417,2.241,12.41,1475.84,1752347035434,2.392,0,4,0,0,0,0,0,0,0,1,0,0,0,0,0,0,0,0,0,0,1.0
274,533,2025-07-13 00:33:58.965771,2025-07-13 00:33:59.945131,0.979,23.35,599.3,1752347038965,3.532,0,1,0,0,0,0,0,0,0,0,1,0,0,0,0,0,0,0,0,0,0.0
775,519,2025-07-13 00:34:03.924432,2025-07-13 00:34:04.483512,0.559,0.0,932.73,1752347043924,4.959,1,2,0,0,0,0,0,0,0,0,1,0,0,0,0,0,0,0,0,0,0.0
262,573,2025-07-13 00:34:09.852318,2025-07-13 00:34:11.054646,1.202,28.4,630.06,1752347049852,5.928,0,1,0,0,0,0,0,0,0,0,0,1,0,0,0,0,0,0,0,0,0.0
252,627,2025-07-13 00:34:18.361309,2025-07-13 00:34:19.624130,1.263,20.85,675.75,1752347058361,8.509,0,1,0,0,0,0,0,0,0,0,0,0,1,0,0,0,0,0,0,0,0.0
250,691,2025-07-13 00:34:25.405077,2025-07-13 00:34:26.135879,0.731,12.26,734.83,1752347065405,7.044,0,1,0,0,0,0,0,0,0,0,0,0,0,1,0,0,0,0,0,0,0.0
223,753,2025-07-13 00:34:31.754064,2025-07-13 00:34:32.685698,0.932,11.67,785.33,1752347071754,6.349,0,1,0,0,0,0,0,0,0,0,0,0,0,0,1,0,0,0,0,0,0.0
199,860,2025-07-13 00:34:44.534425,2025-07-13 00:34:45.056082,0.522,0.0,882.72,1752347084534,12.78,0,1,0,0,0,0,0,0,0,0,0,0,0,0,0,0,1,0,0,0,0.0
1622,977,2025-07-13 00:35:02.298421,2025-07-13 00:35:02.828860,0.53,0.0,1893.52,1752347102298,17.764,0,1,0,0,0,0,0,0,0,0,0,0,0,0,0,0,0,0,1,0,0.0
183,61,2025-07-13 00:41:48.634094,2025-07-13 00:41:49.177793,0.544,0.0,192.9,1752347508634,0.0,0,1,1,0,0,0,0,0,0,0,0,0,0,0,0,0,0,0,0,0,0.0
207,70,2025-07-13 00:41:49.177793,2025-07-13 00:41:49.693492,0.516,0.0,218.52,1752347509177,0.544,0,2,1,0,0,0,0,0,0,0,0,0,0,0,0,0,0,0,0,0,0.0
212,122,2025-07-13 00:41:59.475012,2025-07-13 00:42:00.122325,0.647,10.01,244.6,1752347519475,10.297,0,1,0,1,0,0,0,0,0,0,0,0,0,0,0,0,0,0,0,0,0.0
224,154,2025-07-13 00:42:06.074128,2025-07-13 00:42:06.724311,0.65,2.55,271.83,1752347526074,6.599,0,1,0,0,1,0,0,0,0,0,0,0,0,0,0,0,0,0,0,0,0.0
1634,172,2025-07-13 00:42:12.185591,2025-07-13 00:42:12.812933,0.627,0.0,1643.03,1752347532185,6.111,0,2,0,0,1,0,0,0,0,0,0,0,0,0,0,0,0,0,0,0,0.0
237,218,2025-07-13 00:42:13.447346,2025-07-13 00:42:14.478526,1.031,23.69,322.01,1752347533447,1.262,0,1,0,0,0,1,0,0,0,0,0,0,0,0,0,0,0,0,0,0,1.0
223,297,2025-07-13 00:42:23.642543,2025-07-13 00:42:24.552237,0.91,21.73,371.4,1752347543642,10.195,0,1,0,0,0,0,1,0,0,0,0,0,0,0,0,0,0,0,0,0,1.0
1375,220,2025-07-13 00:42:31.038558,2025-07-13 00:42:31.610506,0.572,0.0,1392.49,1752347551038,7.396,1,2,0,0,0,1,0,0,0,0,0,0,0,0,0,0,0,0,0,0,1.0
633,215,2025-07-13 00:42:46.986426,2025-07-13 00:42:47.698628,0.712,15.0,668.52,1752347566986,15.948,1,3,0,0,0,1,0,0,0,0,0,0,0,0,0,0,0,0,0,0,1.0
560,81,2025-07-13 00:42:49.208493,2025-07-13 00:42:49.705834,0.497,0.0,565.83,1752347569208,2.222,1,3,1,0,0,0,0,0,0,0,0,0,0,0,0,0,0,0,0,0,0.0
1639,229,2025-07-13 00:42:57.109927,2025-07-13 00:42:57.702753,0.593,0.0,1654.92,1752347577109,7.901,0,4,0,0,0,1,0,0,0,0,0,0,0,0,0,0,0,0,0,0,1.0
228,283,2025-07-13 00:42:58.616916,2025-07-13 00:42:59.443704,0.827,19.01,363.42,1752347578616,1.507,0,2,0,0,0,0,1,0,0,0,0,0,0,0,0,0,0,0,0,0,1.0
1650,285,2025-07-13 00:43:08.993905,2025-07-13 00:43:09.552399,0.558,0.0,1674.43,1752347588993,10.377,0,3,0,0,0,0,1,0,0,0,0,0,0,0,0,0,0,0,0,0,1.0
229,524,2025-07-13 00:43:33.924737,2025-07-13 00:43:34.421548,0.497,0.0,571.85,1752347613924,24.931,0,1,0,0,0,0,0,0,0,0,1,0,0,0,0,0,0,0,0,0,0.0
652,519,2025-07-13 00:43:36.345893,2025-07-13 00:43:36.827195,0.481,0.0,833.35,1752347616345,2.421,1,2,0,0,0,0,0,0,0,0,1,0,0,0,0,0,0,0,0,0,0.0
210,580,2025-07-13 00:43:41.336558,2025-07-13 00:43:42.561239,1.225,19.53,616.85,1752347621336,4.991,0,1,0,0,0,0,0,0,0,0,0,1,0,0,0,0,0,0,0,0,0.0
240,582,2025-07-13 00:43:42.561239,2025-07-13 00:43:43.097324,0.536,0.0,629.54,1752347622561,1.225,0,2,0,0,0,0,0,0,0,0,0,1,0,0,0,0,0,0,0,0,0.0
439,573,2025-07-13 00:43:43.811584,2025-07-13 00:43:44.335471,0.524,0.0,721.84,1752347623811,1.25,1,3,0,0,0,0,0,0,0,0,0,1,0,0,0,0,0,0,0,0,0.0
1147,576,2025-07-13 00:43:46.780690,2025-07-13 00:43:47.447199,0.667,1.41,1283.5,1752347626780,2.969,0,4,0,0,0,0,0,0,0,0,0,1,0,0,0,0,0,0,0,0,0.0
224,625,2025-07-13 00:43:49.921215,2025-07-13 00:43:50.484587,0.563,0.0,663.93,1752347629921,3.141,0,1,0,0,0,0,0,0,0,0,0,0,1,0,0,0,0,0,0,0,1.0
349,633,2025-07-13 00:43:50.842547,2025-07-13 00:43:51.804632,0.962,6.91,722.83,1752347630842,0.921,0,2,0,0,0,0,0,0,0,0,0,0,1,0,0,0,0,0,0,0,1.0
803,643,2025-07-13 00:43:59.384256,2025-07-13 00:43:59.965502,0.581,0.0,1028.72,1752347639384,8.542,0,3,0,0,0,0,0,0,0,0,0,0,1,0,0,0,0,0,0,0,1.0
994,639,2025-07-13 00:44:00.736609,2025-07-13 00:44:01.432086,0.695,2.24,1181.68,1752347640736,1.352,1,4,0,0,0,0,0,0,0,0,0,0,1,0,0,0,0,0,0,0,1.0
939,635,2025-07-13 00:44:07.935717,2025-07-13 00:44:08.441706,0.506,0.0,1133.55,1752347647935,7.199,1,5,0,0,0,0,0,0,0,0,0,0,1,0,0,0,0,0,0,0,1.0
950,640,2025-07-13 00:44:09.460136,2025-07-13 00:44:09.956843,0.497,0.0,1145.47,1752347649460,1.524,0,6,0,0,0,0,0,0,0,0,0,0,1,0,0,0,0,0,0,0,1.0
216,679,2025-07-13 00:44:13.438630,2025-07-13 00:44:14.562196,1.124,15.4,712.53,1752347653438,3.978,0,1,0,0,0,0,0,0,0,0,0,0,0,1,0,0,0,0,0,0,0.0
233,750,2025-07-13 00:44:24.252563,2025-07-13 00:44:25.188745,0.936,14.4,785.36,1752347664252,10.814,0,1,0,0,0,0,0,0,0,0,0,0,0,0,1,0,0,0,0,0,0.0
515,749,2025-07-13 00:44:26.857191,2025-07-13 00:44:27.386870,0.53,0.0,908.97,1752347666857,2.605,1,2,0,0,0,0,0,0,0,0,0,0,0,0,1,0,0,0,0,0,0.0
202,812,2025-07-13 00:44:34.326139,2025-07-13 00:44:35.432445,1.106,16.92,836.75,1752347674326,7.469,0,1,0,0,0,0,0,0,0,0,0,0,0,0,0,1,0,0,0,0,0.0
290,810,2025-07-13 00:44:37.136695,2025-07-13 00:44:37.989048,0.852,11.69,860.35,1752347677136,2.811,1,2,0,0,0,0,0,0,0,0,0,0,0,0,0,1,0,0,0,0,0.0
998,805,2025-07-13 00:44:40.253046,2025-07-13 00:44:40.747190,0.494,0.0,1282.2,1752347680253,3.116,1,3,0,0,0,0,0,0,0,0,0,0,0,0,0,1,0,0,0,0,0.0
1026,805,2025-07-13 00:44:40.747190,2025-07-13 00:44:41.214100,0.467,0.0,1304.11,1752347680747,0.494,0,4,0,0,0,0,0,0,0,0,0,0,0,0,0,1,0,0,0,0,0.0
232,871,2025-07-13 00:44:44.177699,2025-07-13 00:44:44.698487,0.521,0.0,901.37,1752347684177,3.431,0,1,0,0,0,0,0,0,0,0,0,0,0,0,0,0,1,0,0,0,0.0
514,972,2025-07-13 00:44:58.641927,2025-07-13 00:44:59.149683,0.508,0.0,1099.54,1752347698641,14.464,0,1,0,0,0,0,0,0,0,0,0,0,0,0,0,0,0,0,1,0,1.0
433,957,2025-07-13 00:45:01.343971,2025-07-13 00:45:01.996840,0.653,2.12,1050.4,1752347701343,2.702,1,2,0,0,0,0,0,0,0,0,0,0,0,0,0,0,0,0,1,0,1.0
730,917,2025-07-13 00:45:06.144321,2025-07-13 00:45:06.786147,0.642,0.0,1172.09,1752347706144,4.8,1,1,0,0,0,0,0,0,0,0,0,0,0,0,0,0,0,1,0,0,1.0
1351,907,2025-07-13 00:45:10.898507,2025-07-13 00:45:11.730376,0.832,0.5,1627.22,1752347710898,4.754,1,2,0,0,0,0,0,0,0,0,0,0,0,0,0,0,0,1,0,0,1.0
301,971,2025-07-13 00:45:28.371799,2025-07-13 00:45:28.912250,0.54,0.0,1016.58,1752347728371,17.473,0,3,0,0,0,0,0,0,0,0,0,0,0,0,0,0,0,0,1,0,1.0
521,974,2025-07-13 00:45:29.618585,2025-07-13 00:45:30.731890,1.113,14.5,1104.59,1752347729618,1.247,0,4,0,0,0,0,0,0,0,0,0,0,0,0,0,0,0,0,1,0,1.0
559,8,2025-07-13 00:45:36.019164,2025-07-13 00:45:36.611342,0.592,0.0,559.06,1752347736019,6.401,1,1,0,0,0,0,0,0,0,0,0,0,0,0,0,0,0,0,0,1,0.0
264,69,2025-07-13 00:51:08.278572,2025-07-13 00:51:09.567641,1.289,6.86,272.87,1752348068278,0.0,0,1,1,0,0,0,0,0,0,0,0,0,0,0,0,0,0,0,0,0,0.0
749,14,2025-07-13 00:51:13.442825,2025-07-13 00:51:13.916755,0.474,0.0,749.13,1752348073442,5.164,1,1,0,0,0,0,0,0,0,0,0,0,0,0,0,0,0,0,0,1,0.0
968,57,2025-07-13 00:51:16.526973,2025-07-13 00:51:17.134913,0.608,0.0,969.68,1752348076526,3.084,0,2,1,0,0,0,0,0,0,0,0,0,0,0,0,0,0,0,0,0,0.0
220,101,2025-07-13 00:51:20.352353,2025-07-13 00:51:21.111098,0.759,0.0,242.08,1752348080352,3.825,0,1,0,1,0,0,0,0,0,0,0,0,0,0,0,0,0,0,0,0,0.0
1443,133,2025-07-13 00:51:27.850602,2025-07-13 00:51:28.461122,0.611,0.0,1449.12,1752348087850,7.498,0,2,0,1,0,0,0,0,0,0,0,0,0,0,0,0,0,0,0,0,0.0
216,126,2025-07-13 00:51:30.799170,2025-07-13 00:51:31.710434,0.911,3.91,250.06,1752348090799,2.949,1,3,0,1,0,0,0,0,0,0,0,0,0,0,0,0,0,0,0,0,0.0
245,217,2025-07-13 00:51:40.846869,2025-07-13 00:51:41.466177,0.619,0.0,327.28,1752348100846,10.048,0,1,0,0,0,1,0,0,0,0,0,0,0,0,0,0,0,0,0,0,0.0
873,193,2025-07-13 00:51:46.274048,2025-07-13 00:51:46.924682,0.651,0.0,894.08,1752348106274,5.427,1,1,0,0,1,0,0,0,0,0,0,0,0,0,0,0,0,0,0,0,0.0
225,261,2025-07-13 00:51:51.869487,2025-07-13 00:51:52.484237,0.615,0.0,344.6,1752348111869,5.595,0,0,0,0,0,0,0,0,0,0,0,0,0,0,0,0,0,0,0,0,0.0
1711,283,2025-07-13 00:52:00.996316,2025-07-13 00:52:01.737483,0.741,1.58,1734.25,1752348120996,9.127,0,1,0,0,0,0,1,0,0,0,0,0,0,0,0,0,0,0,0,0,0.0
234,313,2025-07-13 00:52:03.712032,2025-07-13 00:52:04.216712,0.505,0.0,390.8,1752348123712,2.716,0,2,0,0,0,0,1,0,0,0,0,0,0,0,0,0,0,0,0,0,0.0
219,375,2025-07-13 00:52:11.645953,2025-07-13 00:52:12.519511,0.874,13.02,434.26,1752348131645,7.934,0,0,0,0,0,0,0,0,0,0,0,0,0,0,0,0,0,0,0,0,0.0
727,403,2025-07-13 00:52:15.443288,2025-07-13 00:52:16.656478,1.213,3.81,831.23,1752348135443,3.797,0,1,0,0,0,0,0,0,1,0,0,0,0,0,0,0,0,0,0,0,1.0
1667,395,2025-07-13 00:52:19.730951,2025-07-13 00:52:20.277104,0.546,0.0,1713.16,1752348139730,4.288,1,2,0,0,0,0,0,0,1,0,0,0,0,0,0,0,0,0,0,0,1.0
449,399,2025-07-13 00:52:22.220201,2025-07-13 00:52:22.751336,0.531,0.0,600.67,1752348142220,2.489,0,3,0,0,0,0,0,0,1,0,0,0,0,0,0,0,0,0,0,0,1.0
571,398,2025-07-13 00:52:23.257428,2025-07-13 00:52:23.780362,0.523,0.0,696.02,1752348143257,1.037,1,4,0,0,0,0,0,0,1,0,0,0,0,0,0,0,0,0,0,0,1.0
496,402,2025-07-13 00:52:23.971850,2025-07-13 00:52:24.764367,0.793,14.08,638.45,1752348143971,0.714,0,5,0,0,0,0,0,0,1,0,0,0,0,0,0,0,0,0,0,0,1.0
853,402,2025-07-13 00:52:27.347730,2025-07-13 00:52:27.982787,0.635,0.0,942.98,1752348147347,3.376,0,6,0,0,0,0,0,0,1,0,0,0,0,0,0,0,0,0,0,0,1.0
240,436,2025-07-13 00:52:33.095086,2025-07-13 00:52:33.682132,0.587,0.0,497.69,1752348153095,5.747,0,1,0,0,0,0,0,0,0,1,0,0,0,0,0,0,0,0,0,0,0.0
217,453,2025-07-13 00:52:33.682132,2025-07-13 00:52:34.272279,0.59,0.0,502.29,1752348153682,0.587,0,2,0,0,0,0,0,0,0,1,0,0,0,0,0,0,0,0,0,0,0.0
617,450,2025-07-13 00:52:36.513176,2025-07-13 00:52:37.030379,0.517,0.0,763.67,1752348156513,2.831,1,3,0,0,0,0,0,0,0,1,0,0,0,0,0,0,0,0,0,0,0.0
262,491,2025-07-13 00:52:41.040099,2025-07-13 00:52:42.072762,1.033,15.34,556.53,1752348161040,4.527,0,1,0,0,0,0,0,0,0,0,1,0,0,0,0,0,0,0,0,0,0.0
260,552,2025-07-13 00:52:49.490052,2025-07-13 00:52:50.435192,0.945,12.88,610.17,1752348169490,8.45,0,1,0,0,0,0,0,0,0,0,0,1,0,0,0,0,0,0,0,0,0.0
260,618,2025-07-13 00:52:56.698678,2025-07-13 00:52:58.078911,1.38,18.2,670.47,1752348176698,7.209,0,1,0,0,0,0,0,0,0,0,0,0,1,0,0,0,0,0,0,0,0.0
1049,623,2025-07-13 00:53:00.836935,2025-07-13 00:53:01.448514,0.612,0.0,1220.05,1752348180836,4.138,0,2,0,0,0,0,0,0,0,0,0,0,1,0,0,0,0,0,0,0,0.0
234,685,2025-07-13 00:53:05.533539,2025-07-13 00:53:06.176763,0.643,5.1,723.87,1752348185533,4.697,0,1,0,0,0,0,0,0,0,0,0,0,0,1,0,0,0,0,0,0,1.0
551,684,2025-07-13 00:53:08.349487,2025-07-13 00:53:08.945885,0.596,0.0,878.33,1752348188349,2.816,1,2,0,0,0,0,0,0,0,0,0,0,0,1,0,0,0,0,0,0,1.0
1697,671,2025-07-13 00:53:14.438916,2025-07-13 00:53:14.991511,0.553,0.0,1824.84,1752348194438,6.089,1,3,0,0,0,0,0,0,0,0,0,0,0,1,0,0,0,0,0,0,1.0
1625,738,2025-07-13 00:53:20.276078,2025-07-13 00:53:20.808635,0.533,0.0,1784.73,1752348200276,5.837,0,1,0,0,0,0,0,0,0,0,0,0,0,0,1,0,0,0,0,0,1.0
1687,727,2025-07-13 00:53:21.180345,2025-07-13 00:53:21.752026,0.572,0.0,1836.98,1752348201180,0.904,1,2,0,0,0,0,0,0,0,0,0,0,0,0,1,0,0,0,0,0,1.0
707,695,2025-07-13 00:53:23.833108,2025-07-13 00:53:24.343228,0.51,0.0,991.4,1752348203833,2.653,1,4,0,0,0,0,0,0,0,0,0,0,0,1,0,0,0,0,0,0,1.0
757,670,2025-07-13 00:53:28.629697,2025-07-13 00:53:29.527551,0.898,7.03,1010.91,1752348208629,4.797,1,5,0,0,0,0,0,0,0,0,0,0,0,1,0,0,0,0,0,0,1.0
732,676,2025-07-13 00:53:29.527551,2025-07-13 00:53:30.303056,0.776,4.61,996.39,1752348209527,0.898,0,6,0,0,0,0,0,0,0,0,0,0,0,1,0,0,0,0,0,0,1.0
757,681,2025-07-13 00:53:31.382498,2025-07-13 00:53:32.512048,1.13,15.21,1018.24,1752348211382,1.855,0,7,0,0,0,0,0,0,0,0,0,0,0,1,0,0,0,0,0,0,1.0
1578,669,2025-07-13 00:53:36.680463,2025-07-13 00:53:37.267704,0.587,0.0,1713.96,1752348216680,5.298,1,8,0,0,0,0,0,0,0,0,0,0,0,1,0,0,0,0,0,0,1.0
253,743,2025-07-13 00:53:38.912469,2025-07-13 00:53:39.390435,0.478,0.0,784.89,1752348218912,2.232,0,3,0,0,0,0,0,0,0,0,0,0,0,0,1,0,0,0,0,0,1.0
337,727,2025-07-13 00:53:39.773885,2025-07-13 00:53:40.466607,0.693,3.64,801.31,1752348219773,0.861,1,4,0,0,0,0,0,0,0,0,0,0,0,0,1,0,0,0,0,0,1.0
293,794,2025-07-13 00:53:45.606925,2025-07-13 00:53:46.642252,1.035,18.75,846.34,1752348225606,5.833,0,1,0,0,0,0,0,0,0,0,0,0,0,0,0,1,0,0,0,0,1.0
365,792,2025-07-13 00:53:46.996736,2025-07-13 00:53:47.505996,0.509,0.0,872.06,1752348226996,1.39,1,2,0,0,0,0,0,0,0,0,0,0,0,0,0,1,0,0,0,0,1.0
404,792,2025-07-13 00:53:47.505996,2025-07-13 00:53:48.042141,0.536,0.0,889.09,1752348227505,0.509,0,3,0,0,0,0,0,0,0,0,0,0,0,0,0,1,0,0,0,0,1.0
361,856,2025-07-13 00:53:48.237695,2025-07-13 00:53:49.179842,0.942,6.74,929.01,1752348228237,0.732,0,1,0,0,0,0,0,0,0,0,0,0,0,0,0,0,1,0,0,0,0.0
1180,856,2025-07-13 00:53:53.593961,2025-07-13 00:53:54.402107,0.808,29.73,1457.78,1752348233593,5.356,0,2,0,0,0,0,0,0,0,0,0,0,0,0,0,0,1,0,0,0,0.0
1053,865,2025-07-13 00:53:54.725460,2025-07-13 00:53:56.194854,1.469,6.26,1362.73,1752348234725,1.131,0,3,0,0,0,0,0,0,0,0,0,0,0,0,0,0,1,0,0,0,0.0
291,918,2025-07-13 00:54:05.934257,2025-07-13 00:54:06.449162,0.515,0.0,963.02,1752348245934,11.209,0,1,0,0,0,0,0,0,0,0,0,0,0,0,0,0,0,1,0,0,0.0
282,986,2025-07-13 00:54:11.948329,2025-07-13 00:54:12.656937,0.709,2.0,1025.53,1752348251948,6.014,0,1,0,0,0,0,0,0,0,0,0,0,0,0,0,0,0,0,1,0,1.0
403,974,2025-07-13 00:54:12.656937,2025-07-13 00:54:13.136703,0.48,0.0,1054.08,1752348252656,0.709,1,2,0,0,0,0,0,0,0,0,0,0,0,0,0,0,0,0,1,0,1.0
1242,972,2025-07-13 00:54:16.097251,2025-07-13 00:54:17.145258,1.048,25.0,1577.13,1752348256097,3.44,1,3,0,0,0,0,0,0,0,0,0,0,0,0,0,0,0,0,1,0,1.0
1578,977,2025-07-13 00:54:21.035957,2025-07-13 00:54:21.821661,0.786,1.0,1855.97,1752348261035,4.939,0,4,0,0,0,0,0,0,0,0,0,0,0,0,0,0,0,0,1,0,1.0
1281,955,2025-07-13 00:54:22.590814,2025-07-13 00:54:25.318481,2.728,16.16,1597.81,1752348262590,1.555,1,5,0,0,0,0,0,0,0,0,0,0,0,0,0,0,0,0,1,0,1.0
545,27,2025-07-13 00:54:27.613834,2025-07-13 00:54:28.282547,0.669,2.55,545.67,1752348267613,5.023,1,2,0,0,0,0,0,0,0,0,0,0,0,0,0,0,0,0,0,1,0.0
